trajectory_id,base_seed,family,class,sigma,stride,degree,metric,split,cache_path
A_jump_3000_sigma0,3000,A,jump,0.0,1,0,bottleneck_linf,test,/home/hugo_souto/Stuff/Research/Topological_Kinematics/research_review/results/cache/A/jump/3000/sigma0/stride1
A_jump_3000_sigma50,3000,A,jump,0.05,1,0,bottleneck_linf,test,/home/hugo_souto/Stuff/Research/Topological_Kinematics/research_review/results/cache/A/jump/3000/sigma50/stride1
A_jump_3001_sigma0,3001,A,jump,0.0,1,0,bottleneck_linf,test,/home/hugo_souto/Stuff/Research/Topological_Kinematics/research_review/results/cache/A/jump/3001/sigma0/stride1
A_jump_3001_sigma50,3001,A,jump,0.05,1,0,bottleneck_linf,test,/home/hugo_souto/Stuff/Research/Topological_Kinematics/research_review/results/cache/A/jump/3001/sigma50/stride1
A_jump_3002_sigma0,3002,A,jump,0.0,1,0,bottleneck_linf,test,/home/hugo_souto/Stuff/Research/Topological_Kinematics/research_review/results/cache/A/jump/3002/sigma0/stride1
A_jump_3002_sigma50,3002,A,jump,0.05,1,0,bottleneck_linf,test,/home/hugo_souto/Stuff/Research/Topological_Kinematics/research_review/results/cache/A/jump/3002/sigma50/stride1
A_jump_3003_sigma0,3003,A,jump,0.0,1,0,bottleneck_linf,test,/home/hugo_souto/Stuff/Research/Topological_Kinematics/research_review/results/cache/A/jump/3003/sigma0/stride1
A_jump_3003_sigma50,3003,A,jump,0.05,1,0,bottleneck_linf,test,/home/hugo_souto/Stuff/Research/Topological_Kinematics/research_review/results/cache/A/jump/3003/sigma50/stride1
A_jump_3004_sigma0,3004,A,jump,0.0,1,0,bottleneck_linf,test,/home/hugo_souto/Stuff/Research/Topological_Kinematics/research_review/results/cache/A/jump/3004/sigma0/stride1
A_jump_3004_sigma50,3004,A,jump,0.05,1,0,bottleneck_linf,test,/home/hugo_souto/Stuff/Research/Topological_Kinematics/research_review/results/cache/A/jump/3004/sigma50/stride1
A_jump_3005_sigma0,3005,A,jump,0.0,1,0,bottleneck_linf,test,/home/hugo_souto/Stuff/Research/Topological_Kinematics/research_review/results/cache/A/jump/3005/sigma0/stride1
A_jump_3005_sigma50,3005,A,jump,0.05,1,0,bottleneck_linf,test,/home/hugo_souto/Stuff/Research/Topological_Kinematics/research_review/results/cache/A/jump/3005/sigma50/stride1
A_jump_3006_sigma0,3006,A,jump,0.0,1,0,bottleneck_linf,test,/home/hugo_souto/Stuff/Research/Topological_Kinematics/research_review/results/cache/A/jump/3006/sigma0/stride1
A_jump_3006_sigma50,3006,A,jump,0.05,1,0,bottleneck_linf,test,/home/hugo_souto/Stuff/Research/Topological_Kinematics/research_review/results/cache/A/jump/3006/sigma50/stride1
A_jump_3007_sigma0,3007,A,jump,0.0,1,0,bottleneck_linf,test,/home/hugo_souto/Stuff/Research/Topological_Kinematics/research_review/results/cache/A/jump/3007/sigma0/stride1
A_jump_3007_sigma50,3007,A,jump,0.05,1,0,bottleneck_linf,test,/home/hugo_souto/Stuff/Research/Topological_Kinematics/research_review/results/cache/A/jump/3007/sigma50/stride1
A_jump_3008_sigma0,3008,A,jump,0.0,1,0,bottleneck_linf,test,/home/hugo_souto/Stuff/Research/Topological_Kinematics/research_review/results/cache/A/jump/3008/sigma0/stride1
A_jump_3008_sigma50,3008,A,jump,0.05,1,0,bottleneck_linf,test,/home/hugo_souto/Stuff/Research/Topological_Kinematics/research_review/results/cache/A/jump/3008/sigma50/stride1
A_jump_3009_sigma0,3009,A,jump,0.0,1,0,bottleneck_linf,test,/home/hugo_souto/Stuff/Research/Topological_Kinematics/research_review/results/cache/A/jump/3009/sigma0/stride1
A_jump_3009_sigma50,3009,A,jump,0.05,1,0,bottleneck_linf,test,/home/hugo_souto/Stuff/Research/Topological_Kinematics/research_review/results/cache/A/jump/3009/sigma50/stride1
A_jump_3010_sigma0,3010,A,jump,0.0,1,0,bottleneck_linf,test,/home/hugo_souto/Stuff/Research/Topological_Kinematics/research_review/results/cache/A/jump/3010/sigma0/stride1
A_jump_3010_sigma50,3010,A,jump,0.05,1,0,bottleneck_linf,test,/home/hugo_souto/Stuff/Research/Topological_Kinematics/research_review/results/cache/A/jump/3010/sigma50/stride1
A_jump_3011_sigma0,3011,A,jump,0.0,1,0,bottleneck_linf,test,/home/hugo_souto/Stuff/Research/Topological_Kinematics/research_review/results/cache/A/jump/3011/sigma0/stride1
A_jump_3011_sigma50,3011,A,jump,0.05,1,0,bottleneck_linf,test,/home/hugo_souto/Stuff/Research/Topological_Kinematics/research_review/results/cache/A/jump/3011/sigma50/stride1
A_jump_3012_sigma0,3012,A,jump,0.0,1,0,bottleneck_linf,test,/home/hugo_souto/Stuff/Research/Topological_Kinematics/research_review/results/cache/A/jump/3012/sigma0/stride1
A_jump_3012_sigma50,3012,A,jump,0.05,1,0,bottleneck_linf,test,/home/hugo_souto/Stuff/Research/Topological_Kinematics/research_review/results/cache/A/jump/3012/sigma50/stride1
A_jump_3013_sigma0,3013,A,jump,0.0,1,0,bottleneck_linf,test,/home/hugo_souto/Stuff/Research/Topological_Kinematics/research_review/results/cache/A/jump/3013/sigma0/stride1
A_jump_3013_sigma50,3013,A,jump,0.05,1,0,bottleneck_linf,test,/home/hugo_souto/Stuff/Research/Topological_Kinematics/research_review/results/cache/A/jump/3013/sigma50/stride1
A_jump_3014_sigma0,3014,A,jump,0.0,1,0,bottleneck_linf,test,/home/hugo_souto/Stuff/Research/Topological_Kinematics/research_review/results/cache/A/jump/3014/sigma0/stride1
A_jump_3014_sigma50,3014,A,jump,0.05,1,0,bottleneck_linf,test,/home/hugo_souto/Stuff/Research/Topological_Kinematics/research_review/results/cache/A/jump/3014/sigma50/stride1
A_jump_3015_sigma0,3015,A,jump,0.0,1,0,bottleneck_linf,test,/home/hugo_souto/Stuff/Research/Topological_Kinematics/research_review/results/cache/A/jump/3015/sigma0/stride1
A_jump_3015_sigma50,3015,A,jump,0.05,1,0,bottleneck_linf,test,/home/hugo_souto/Stuff/Research/Topological_Kinematics/research_review/results/cache/A/jump/3015/sigma50/stride1
A_jump_3016_sigma0,3016,A,jump,0.0,1,0,bottleneck_linf,test,/home/hugo_souto/Stuff/Research/Topological_Kinematics/research_review/results/cache/A/jump/3016/sigma0/stride1
A_jump_3016_sigma50,3016,A,jump,0.05,1,0,bottleneck_linf,test,/home/hugo_souto/Stuff/Research/Topological_Kinematics/research_review/results/cache/A/jump/3016/sigma50/stride1
A_jump_3017_sigma0,3017,A,jump,0.0,1,0,bottleneck_linf,test,/home/hugo_souto/Stuff/Research/Topological_Kinematics/research_review/results/cache/A/jump/3017/sigma0/stride1
A_jump_3017_sigma50,3017,A,jump,0.05,1,0,bottleneck_linf,test,/home/hugo_souto/Stuff/Research/Topological_Kinematics/research_review/results/cache/A/jump/3017/sigma50/stride1
A_jump_3018_sigma0,3018,A,jump,0.0,1,0,bottleneck_linf,test,/home/hugo_souto/Stuff/Research/Topological_Kinematics/research_review/results/cache/A/jump/3018/sigma0/stride1
A_jump_3018_sigma50,3018,A,jump,0.05,1,0,bottleneck_linf,test,/home/hugo_souto/Stuff/Research/Topological_Kinematics/research_review/results/cache/A/jump/3018/sigma50/stride1
A_jump_3019_sigma0,3019,A,jump,0.0,1,0,bottleneck_linf,test,/home/hugo_souto/Stuff/Research/Topological_Kinematics/research_review/results/cache/A/jump/3019/sigma0/stride1
A_jump_3019_sigma50,3019,A,jump,0.05,1,0,bottleneck_linf,test,/home/hugo_souto/Stuff/Research/Topological_Kinematics/research_review/results/cache/A/jump/3019/sigma50/stride1
A_ramp_3000_sigma0,3000,A,ramp,0.0,1,0,bottleneck_linf,test,/home/hugo_souto/Stuff/Research/Topological_Kinematics/research_review/results/cache/A/ramp/3000/sigma0/stride1
A_ramp_3000_sigma50,3000,A,ramp,0.05,1,0,bottleneck_linf,test,/home/hugo_souto/Stuff/Research/Topological_Kinematics/research_review/results/cache/A/ramp/3000/sigma50/stride1
A_ramp_3001_sigma0,3001,A,ramp,0.0,1,0,bottleneck_linf,test,/home/hugo_souto/Stuff/Research/Topological_Kinematics/research_review/results/cache/A/ramp/3001/sigma0/stride1
A_ramp_3001_sigma50,3001,A,ramp,0.05,1,0,bottleneck_linf,test,/home/hugo_souto/Stuff/Research/Topological_Kinematics/research_review/results/cache/A/ramp/3001/sigma50/stride1
A_ramp_3002_sigma0,3002,A,ramp,0.0,1,0,bottleneck_linf,test,/home/hugo_souto/Stuff/Research/Topological_Kinematics/research_review/results/cache/A/ramp/3002/sigma0/stride1
A_ramp_3002_sigma50,3002,A,ramp,0.05,1,0,bottleneck_linf,test,/home/hugo_souto/Stuff/Research/Topological_Kinematics/research_review/results/cache/A/ramp/3002/sigma50/stride1
A_ramp_3003_sigma0,3003,A,ramp,0.0,1,0,bottleneck_linf,test,/home/hugo_souto/Stuff/Research/Topological_Kinematics/research_review/results/cache/A/ramp/3003/sigma0/stride1
A_ramp_3003_sigma50,3003,A,ramp,0.05,1,0,bottleneck_linf,test,/home/hugo_souto/Stuff/Research/Topological_Kinematics/research_review/results/cache/A/ramp/3003/sigma50/stride1
A_ramp_3004_sigma0,3004,A,ramp,0.0,1,0,bottleneck_linf,test,/home/hugo_souto/Stuff/Research/Topological_Kinematics/research_review/results/cache/A/ramp/3004/sigma0/stride1
A_ramp_3004_sigma50,3004,A,ramp,0.05,1,0,bottleneck_linf,test,/home/hugo_souto/Stuff/Research/Topological_Kinematics/research_review/results/cache/A/ramp/3004/sigma50/stride1
A_ramp_3005_sigma0,3005,A,ramp,0.0,1,0,bottleneck_linf,test,/home/hugo_souto/Stuff/Research/Topological_Kinematics/research_review/results/cache/A/ramp/3005/sigma0/stride1
A_ramp_3005_sigma50,3005,A,ramp,0.05,1,0,bottleneck_linf,test,/home/hugo_souto/Stuff/Research/Topological_Kinematics/research_review/results/cache/A/ramp/3005/sigma50/stride1
A_ramp_3006_sigma0,3006,A,ramp,0.0,1,0,bottleneck_linf,test,/home/hugo_souto/Stuff/Research/Topological_Kinematics/research_review/results/cache/A/ramp/3006/sigma0/stride1
A_ramp_3006_sigma50,3006,A,ramp,0.05,1,0,bottleneck_linf,test,/home/hugo_souto/Stuff/Research/Topological_Kinematics/research_review/results/cache/A/ramp/3006/sigma50/stride1
A_ramp_3007_sigma0,3007,A,ramp,0.0,1,0,bottleneck_linf,test,/home/hugo_souto/Stuff/Research/Topological_Kinematics/research_review/results/cache/A/ramp/3007/sigma0/stride1
A_ramp_3007_sigma50,3007,A,ramp,0.05,1,0,bottleneck_linf,test,/home/hugo_souto/Stuff/Research/Topological_Kinematics/research_review/results/cache/A/ramp/3007/sigma50/stride1
A_ramp_3008_sigma0,3008,A,ramp,0.0,1,0,bottleneck_linf,test,/home/hugo_souto/Stuff/Research/Topological_Kinematics/research_review/results/cache/A/ramp/3008/sigma0/stride1
A_ramp_3008_sigma50,3008,A,ramp,0.05,1,0,bottleneck_linf,test,/home/hugo_souto/Stuff/Research/Topological_Kinematics/research_review/results/cache/A/ramp/3008/sigma50/stride1
A_ramp_3009_sigma0,3009,A,ramp,0.0,1,0,bottleneck_linf,test,/home/hugo_souto/Stuff/Research/Topological_Kinematics/research_review/results/cache/A/ramp/3009/sigma0/stride1
A_ramp_3009_sigma50,3009,A,ramp,0.05,1,0,bottleneck_linf,test,/home/hugo_souto/Stuff/Research/Topological_Kinematics/research_review/results/cache/A/ramp/3009/sigma50/stride1
A_ramp_3010_sigma0,3010,A,ramp,0.0,1,0,bottleneck_linf,test,/home/hugo_souto/Stuff/Research/Topological_Kinematics/research_review/results/cache/A/ramp/3010/sigma0/stride1
A_ramp_3010_sigma50,3010,A,ramp,0.05,1,0,bottleneck_linf,test,/home/hugo_souto/Stuff/Research/Topological_Kinematics/research_review/results/cache/A/ramp/3010/sigma50/stride1
A_ramp_3011_sigma0,3011,A,ramp,0.0,1,0,bottleneck_linf,test,/home/hugo_souto/Stuff/Research/Topological_Kinematics/research_review/results/cache/A/ramp/3011/sigma0/stride1
A_ramp_3011_sigma50,3011,A,ramp,0.05,1,0,bottleneck_linf,test,/home/hugo_souto/Stuff/Research/Topological_Kinematics/research_review/results/cache/A/ramp/3011/sigma50/stride1
A_ramp_3012_sigma0,3012,A,ramp,0.0,1,0,bottleneck_linf,test,/home/hugo_souto/Stuff/Research/Topological_Kinematics/research_review/results/cache/A/ramp/3012/sigma0/stride1
A_ramp_3012_sigma50,3012,A,ramp,0.05,1,0,bottleneck_linf,test,/home/hugo_souto/Stuff/Research/Topological_Kinematics/research_review/results/cache/A/ramp/3012/sigma50/stride1
A_ramp_3013_sigma0,3013,A,ramp,0.0,1,0,bottleneck_linf,test,/home/hugo_souto/Stuff/Research/Topological_Kinematics/research_review/results/cache/A/ramp/3013/sigma0/stride1
A_ramp_3013_sigma50,3013,A,ramp,0.05,1,0,bottleneck_linf,test,/home/hugo_souto/Stuff/Research/Topological_Kinematics/research_review/results/cache/A/ramp/3013/sigma50/stride1
A_ramp_3014_sigma0,3014,A,ramp,0.0,1,0,bottleneck_linf,test,/home/hugo_souto/Stuff/Research/Topological_Kinematics/research_review/results/cache/A/ramp/3014/sigma0/stride1
A_ramp_3014_sigma50,3014,A,ramp,0.05,1,0,bottleneck_linf,test,/home/hugo_souto/Stuff/Research/Topological_Kinematics/research_review/results/cache/A/ramp/3014/sigma50/stride1
A_ramp_3015_sigma0,3015,A,ramp,0.0,1,0,bottleneck_linf,test,/home/hugo_souto/Stuff/Research/Topological_Kinematics/research_review/results/cache/A/ramp/3015/sigma0/stride1
A_ramp_3015_sigma50,3015,A,ramp,0.05,1,0,bottleneck_linf,test,/home/hugo_souto/Stuff/Research/Topological_Kinematics/research_review/results/cache/A/ramp/3015/sigma50/stride1
A_ramp_3016_sigma0,3016,A,ramp,0.0,1,0,bottleneck_linf,test,/home/hugo_souto/Stuff/Research/Topological_Kinematics/research_review/results/cache/A/ramp/3016/sigma0/stride1
A_ramp_3016_sigma50,3016,A,ramp,0.05,1,0,bottleneck_linf,test,/home/hugo_souto/Stuff/Research/Topological_Kinematics/research_review/results/cache/A/ramp/3016/sigma50/stride1
A_ramp_3017_sigma0,3017,A,ramp,0.0,1,0,bottleneck_linf,test,/home/hugo_souto/Stuff/Research/Topological_Kinematics/research_review/results/cache/A/ramp/3017/sigma0/stride1
A_ramp_3017_sigma50,3017,A,ramp,0.05,1,0,bottleneck_linf,test,/home/hugo_souto/Stuff/Research/Topological_Kinematics/research_review/results/cache/A/ramp/3017/sigma50/stride1
A_ramp_3018_sigma0,3018,A,ramp,0.0,1,0,bottleneck_linf,test,/home/hugo_souto/Stuff/Research/Topological_Kinematics/research_review/results/cache/A/ramp/3018/sigma0/stride1
A_ramp_3018_sigma50,3018,A,ramp,0.05,1,0,bottleneck_linf,test,/home/hugo_souto/Stuff/Research/Topological_Kinematics/research_review/results/cache/A/ramp/3018/sigma50/stride1
A_ramp_3019_sigma0,3019,A,ramp,0.0,1,0,bottleneck_linf,test,/home/hugo_souto/Stuff/Research/Topological_Kinematics/research_review/results/cache/A/ramp/3019/sigma0/stride1
A_ramp_3019_sigma50,3019,A,ramp,0.05,1,0,bottleneck_linf,test,/home/hugo_souto/Stuff/Research/Topological_Kinematics/research_review/results/cache/A/ramp/3019/sigma50/stride1
A_return_3000_sigma0,3000,A,return,0.0,1,0,bottleneck_linf,test,/home/hugo_souto/Stuff/Research/Topological_Kinematics/research_review/results/cache/A/return/3000/sigma0/stride1
A_return_3000_sigma50,3000,A,return,0.05,1,0,bottleneck_linf,test,/home/hugo_souto/Stuff/Research/Topological_Kinematics/research_review/results/cache/A/return/3000/sigma50/stride1
A_return_3001_sigma0,3001,A,return,0.0,1,0,bottleneck_linf,test,/home/hugo_souto/Stuff/Research/Topological_Kinematics/research_review/results/cache/A/return/3001/sigma0/stride1
A_return_3001_sigma50,3001,A,return,0.05,1,0,bottleneck_linf,test,/home/hugo_souto/Stuff/Research/Topological_Kinematics/research_review/results/cache/A/return/3001/sigma50/stride1
A_return_3002_sigma0,3002,A,return,0.0,1,0,bottleneck_linf,test,/home/hugo_souto/Stuff/Research/Topological_Kinematics/research_review/results/cache/A/return/3002/sigma0/stride1
A_return_3002_sigma50,3002,A,return,0.05,1,0,bottleneck_linf,test,/home/hugo_souto/Stuff/Research/Topological_Kinematics/research_review/results/cache/A/return/3002/sigma50/stride1
A_return_3003_sigma0,3003,A,return,0.0,1,0,bottleneck_linf,test,/home/hugo_souto/Stuff/Research/Topological_Kinematics/research_review/results/cache/A/return/3003/sigma0/stride1
A_return_3003_sigma50,3003,A,return,0.05,1,0,bottleneck_linf,test,/home/hugo_souto/Stuff/Research/Topological_Kinematics/research_review/results/cache/A/return/3003/sigma50/stride1
A_return_3004_sigma0,3004,A,return,0.0,1,0,bottleneck_linf,test,/home/hugo_souto/Stuff/Research/Topological_Kinematics/research_review/results/cache/A/return/3004/sigma0/stride1
A_return_3004_sigma50,3004,A,return,0.05,1,0,bottleneck_linf,test,/home/hugo_souto/Stuff/Research/Topological_Kinematics/research_review/results/cache/A/return/3004/sigma50/stride1
A_return_3005_sigma0,3005,A,return,0.0,1,0,bottleneck_linf,test,/home/hugo_souto/Stuff/Research/Topological_Kinematics/research_review/results/cache/A/return/3005/sigma0/stride1
A_return_3005_sigma50,3005,A,return,0.05,1,0,bottleneck_linf,test,/home/hugo_souto/Stuff/Research/Topological_Kinematics/research_review/results/cache/A/return/3005/sigma50/stride1
A_return_3006_sigma0,3006,A,return,0.0,1,0,bottleneck_linf,test,/home/hugo_souto/Stuff/Research/Topological_Kinematics/research_review/results/cache/A/return/3006/sigma0/stride1
A_return_3006_sigma50,3006,A,return,0.05,1,0,bottleneck_linf,test,/home/hugo_souto/Stuff/Research/Topological_Kinematics/research_review/results/cache/A/return/3006/sigma50/stride1
A_return_3007_sigma0,3007,A,return,0.0,1,0,bottleneck_linf,test,/home/hugo_souto/Stuff/Research/Topological_Kinematics/research_review/results/cache/A/return/3007/sigma0/stride1
A_return_3007_sigma50,3007,A,return,0.05,1,0,bottleneck_linf,test,/home/hugo_souto/Stuff/Research/Topological_Kinematics/research_review/results/cache/A/return/3007/sigma50/stride1
A_return_3008_sigma0,3008,A,return,0.0,1,0,bottleneck_linf,test,/home/hugo_souto/Stuff/Research/Topological_Kinematics/research_review/results/cache/A/return/3008/sigma0/stride1
A_return_3008_sigma50,3008,A,return,0.05,1,0,bottleneck_linf,test,/home/hugo_souto/Stuff/Research/Topological_Kinematics/research_review/results/cache/A/return/3008/sigma50/stride1
A_return_3009_sigma0,3009,A,return,0.0,1,0,bottleneck_linf,test,/home/hugo_souto/Stuff/Research/Topological_Kinematics/research_review/results/cache/A/return/3009/sigma0/stride1
A_return_3009_sigma50,3009,A,return,0.05,1,0,bottleneck_linf,test,/home/hugo_souto/Stuff/Research/Topological_Kinematics/research_review/results/cache/A/return/3009/sigma50/stride1
A_return_3010_sigma0,3010,A,return,0.0,1,0,bottleneck_linf,test,/home/hugo_souto/Stuff/Research/Topological_Kinematics/research_review/results/cache/A/return/3010/sigma0/stride1
A_return_3010_sigma50,3010,A,return,0.05,1,0,bottleneck_linf,test,/home/hugo_souto/Stuff/Research/Topological_Kinematics/research_review/results/cache/A/return/3010/sigma50/stride1
A_return_3011_sigma0,3011,A,return,0.0,1,0,bottleneck_linf,test,/home/hugo_souto/Stuff/Research/Topological_Kinematics/research_review/results/cache/A/return/3011/sigma0/stride1
A_return_3011_sigma50,3011,A,return,0.05,1,0,bottleneck_linf,test,/home/hugo_souto/Stuff/Research/Topological_Kinematics/research_review/results/cache/A/return/3011/sigma50/stride1
A_return_3012_sigma0,3012,A,return,0.0,1,0,bottleneck_linf,test,/home/hugo_souto/Stuff/Research/Topological_Kinematics/research_review/results/cache/A/return/3012/sigma0/stride1
A_return_3012_sigma50,3012,A,return,0.05,1,0,bottleneck_linf,test,/home/hugo_souto/Stuff/Research/Topological_Kinematics/research_review/results/cache/A/return/3012/sigma50/stride1
A_return_3013_sigma0,3013,A,return,0.0,1,0,bottleneck_linf,test,/home/hugo_souto/Stuff/Research/Topological_Kinematics/research_review/results/cache/A/return/3013/sigma0/stride1
A_return_3013_sigma50,3013,A,return,0.05,1,0,bottleneck_linf,test,/home/hugo_souto/Stuff/Research/Topological_Kinematics/research_review/results/cache/A/return/3013/sigma50/stride1
A_return_3014_sigma0,3014,A,return,0.0,1,0,bottleneck_linf,test,/home/hugo_souto/Stuff/Research/Topological_Kinematics/research_review/results/cache/A/return/3014/sigma0/stride1
A_return_3014_sigma50,3014,A,return,0.05,1,0,bottleneck_linf,test,/home/hugo_souto/Stuff/Research/Topological_Kinematics/research_review/results/cache/A/return/3014/sigma50/stride1
A_return_3015_sigma0,3015,A,return,0.0,1,0,bottleneck_linf,test,/home/hugo_souto/Stuff/Research/Topological_Kinematics/research_review/results/cache/A/return/3015/sigma0/stride1
A_return_3015_sigma50,3015,A,return,0.05,1,0,bottleneck_linf,test,/home/hugo_souto/Stuff/Research/Topological_Kinematics/research_review/results/cache/A/return/3015/sigma50/stride1
A_return_3016_sigma0,3016,A,return,0.0,1,0,bottleneck_linf,test,/home/hugo_souto/Stuff/Research/Topological_Kinematics/research_review/results/cache/A/return/3016/sigma0/stride1
A_return_3016_sigma50,3016,A,return,0.05,1,0,bottleneck_linf,test,/home/hugo_souto/Stuff/Research/Topological_Kinematics/research_review/results/cache/A/return/3016/sigma50/stride1
A_return_3017_sigma0,3017,A,return,0.0,1,0,bottleneck_linf,test,/home/hugo_souto/Stuff/Research/Topological_Kinematics/research_review/results/cache/A/return/3017/sigma0/stride1
A_return_3017_sigma50,3017,A,return,0.05,1,0,bottleneck_linf,test,/home/hugo_souto/Stuff/Research/Topological_Kinematics/research_review/results/cache/A/return/3017/sigma50/stride1
A_return_3018_sigma0,3018,A,return,0.0,1,0,bottleneck_linf,test,/home/hugo_souto/Stuff/Research/Topological_Kinematics/research_review/results/cache/A/return/3018/sigma0/stride1
A_return_3018_sigma50,3018,A,return,0.05,1,0,bottleneck_linf,test,/home/hugo_souto/Stuff/Research/Topological_Kinematics/research_review/results/cache/A/return/3018/sigma50/stride1
A_return_3019_sigma0,3019,A,return,0.0,1,0,bottleneck_linf,test,/home/hugo_souto/Stuff/Research/Topological_Kinematics/research_review/results/cache/A/return/3019/sigma0/stride1
A_return_3019_sigma50,3019,A,return,0.05,1,0,bottleneck_linf,test,/home/hugo_souto/Stuff/Research/Topological_Kinematics/research_review/results/cache/A/return/3019/sigma50/stride1
B_jump_3000_sigma0,3000,B,jump,0.0,1,0,bottleneck_linf,test,/home/hugo_souto/Stuff/Research/Topological_Kinematics/research_review/results/cache/B/jump/3000/sigma0/stride1
B_jump_3000_sigma50,3000,B,jump,0.05,1,0,bottleneck_linf,test,/home/hugo_souto/Stuff/Research/Topological_Kinematics/research_review/results/cache/B/jump/3000/sigma50/stride1
B_jump_3001_sigma0,3001,B,jump,0.0,1,0,bottleneck_linf,test,/home/hugo_souto/Stuff/Research/Topological_Kinematics/research_review/results/cache/B/jump/3001/sigma0/stride1
B_jump_3001_sigma50,3001,B,jump,0.05,1,0,bottleneck_linf,test,/home/hugo_souto/Stuff/Research/Topological_Kinematics/research_review/results/cache/B/jump/3001/sigma50/stride1
B_jump_3002_sigma0,3002,B,jump,0.0,1,0,bottleneck_linf,test,/home/hugo_souto/Stuff/Research/Topological_Kinematics/research_review/results/cache/B/jump/3002/sigma0/stride1
B_jump_3002_sigma50,3002,B,jump,0.05,1,0,bottleneck_linf,test,/home/hugo_souto/Stuff/Research/Topological_Kinematics/research_review/results/cache/B/jump/3002/sigma50/stride1
B_jump_3003_sigma0,3003,B,jump,0.0,1,0,bottleneck_linf,test,/home/hugo_souto/Stuff/Research/Topological_Kinematics/research_review/results/cache/B/jump/3003/sigma0/stride1
B_jump_3003_sigma50,3003,B,jump,0.05,1,0,bottleneck_linf,test,/home/hugo_souto/Stuff/Research/Topological_Kinematics/research_review/results/cache/B/jump/3003/sigma50/stride1
B_jump_3004_sigma0,3004,B,jump,0.0,1,0,bottleneck_linf,test,/home/hugo_souto/Stuff/Research/Topological_Kinematics/research_review/results/cache/B/jump/3004/sigma0/stride1
B_jump_3004_sigma50,3004,B,jump,0.05,1,0,bottleneck_linf,test,/home/hugo_souto/Stuff/Research/Topological_Kinematics/research_review/results/cache/B/jump/3004/sigma50/stride1
B_jump_3005_sigma0,3005,B,jump,0.0,1,0,bottleneck_linf,test,/home/hugo_souto/Stuff/Research/Topological_Kinematics/research_review/results/cache/B/jump/3005/sigma0/stride1
B_jump_3005_sigma50,3005,B,jump,0.05,1,0,bottleneck_linf,test,/home/hugo_souto/Stuff/Research/Topological_Kinematics/research_review/results/cache/B/jump/3005/sigma50/stride1
B_jump_3006_sigma0,3006,B,jump,0.0,1,0,bottleneck_linf,test,/home/hugo_souto/Stuff/Research/Topological_Kinematics/research_review/results/cache/B/jump/3006/sigma0/stride1
B_jump_3006_sigma50,3006,B,jump,0.05,1,0,bottleneck_linf,test,/home/hugo_souto/Stuff/Research/Topological_Kinematics/research_review/results/cache/B/jump/3006/sigma50/stride1
B_jump_3007_sigma0,3007,B,jump,0.0,1,0,bottleneck_linf,test,/home/hugo_souto/Stuff/Research/Topological_Kinematics/research_review/results/cache/B/jump/3007/sigma0/stride1
B_jump_3007_sigma50,3007,B,jump,0.05,1,0,bottleneck_linf,test,/home/hugo_souto/Stuff/Research/Topological_Kinematics/research_review/results/cache/B/jump/3007/sigma50/stride1
B_jump_3008_sigma0,3008,B,jump,0.0,1,0,bottleneck_linf,test,/home/hugo_souto/Stuff/Research/Topological_Kinematics/research_review/results/cache/B/jump/3008/sigma0/stride1
B_jump_3008_sigma50,3008,B,jump,0.05,1,0,bottleneck_linf,test,/home/hugo_souto/Stuff/Research/Topological_Kinematics/research_review/results/cache/B/jump/3008/sigma50/stride1
B_jump_3009_sigma0,3009,B,jump,0.0,1,0,bottleneck_linf,test,/home/hugo_souto/Stuff/Research/Topological_Kinematics/research_review/results/cache/B/jump/3009/sigma0/stride1
B_jump_3009_sigma50,3009,B,jump,0.05,1,0,bottleneck_linf,test,/home/hugo_souto/Stuff/Research/Topological_Kinematics/research_review/results/cache/B/jump/3009/sigma50/stride1
B_jump_3010_sigma0,3010,B,jump,0.0,1,0,bottleneck_linf,test,/home/hugo_souto/Stuff/Research/Topological_Kinematics/research_review/results/cache/B/jump/3010/sigma0/stride1
B_jump_3010_sigma50,3010,B,jump,0.05,1,0,bottleneck_linf,test,/home/hugo_souto/Stuff/Research/Topological_Kinematics/research_review/results/cache/B/jump/3010/sigma50/stride1
B_jump_3011_sigma0,3011,B,jump,0.0,1,0,bottleneck_linf,test,/home/hugo_souto/Stuff/Research/Topological_Kinematics/research_review/results/cache/B/jump/3011/sigma0/stride1
B_jump_3011_sigma50,3011,B,jump,0.05,1,0,bottleneck_linf,test,/home/hugo_souto/Stuff/Research/Topological_Kinematics/research_review/results/cache/B/jump/3011/sigma50/stride1
B_jump_3012_sigma0,3012,B,jump,0.0,1,0,bottleneck_linf,test,/home/hugo_souto/Stuff/Research/Topological_Kinematics/research_review/results/cache/B/jump/3012/sigma0/stride1
B_jump_3012_sigma50,3012,B,jump,0.05,1,0,bottleneck_linf,test,/home/hugo_souto/Stuff/Research/Topological_Kinematics/research_review/results/cache/B/jump/3012/sigma50/stride1
B_jump_3013_sigma0,3013,B,jump,0.0,1,0,bottleneck_linf,test,/home/hugo_souto/Stuff/Research/Topological_Kinematics/research_review/results/cache/B/jump/3013/sigma0/stride1
B_jump_3013_sigma50,3013,B,jump,0.05,1,0,bottleneck_linf,test,/home/hugo_souto/Stuff/Research/Topological_Kinematics/research_review/results/cache/B/jump/3013/sigma50/stride1
B_jump_3014_sigma0,3014,B,jump,0.0,1,0,bottleneck_linf,test,/home/hugo_souto/Stuff/Research/Topological_Kinematics/research_review/results/cache/B/jump/3014/sigma0/stride1
B_jump_3014_sigma50,3014,B,jump,0.05,1,0,bottleneck_linf,test,/home/hugo_souto/Stuff/Research/Topological_Kinematics/research_review/results/cache/B/jump/3014/sigma50/stride1
B_jump_3015_sigma0,3015,B,jump,0.0,1,0,bottleneck_linf,test,/home/hugo_souto/Stuff/Research/Topological_Kinematics/research_review/results/cache/B/jump/3015/sigma0/stride1
B_jump_3015_sigma50,3015,B,jump,0.05,1,0,bottleneck_linf,test,/home/hugo_souto/Stuff/Research/Topological_Kinematics/research_review/results/cache/B/jump/3015/sigma50/stride1
B_jump_3016_sigma0,3016,B,jump,0.0,1,0,bottleneck_linf,test,/home/hugo_souto/Stuff/Research/Topological_Kinematics/research_review/results/cache/B/jump/3016/sigma0/stride1
B_jump_3016_sigma50,3016,B,jump,0.05,1,0,bottleneck_linf,test,/home/hugo_souto/Stuff/Research/Topological_Kinematics/research_review/results/cache/B/jump/3016/sigma50/stride1
B_jump_3017_sigma0,3017,B,jump,0.0,1,0,bottleneck_linf,test,/home/hugo_souto/Stuff/Research/Topological_Kinematics/research_review/results/cache/B/jump/3017/sigma0/stride1
B_jump_3017_sigma50,3017,B,jump,0.05,1,0,bottleneck_linf,test,/home/hugo_souto/Stuff/Research/Topological_Kinematics/research_review/results/cache/B/jump/3017/sigma50/stride1
B_jump_3018_sigma0,3018,B,jump,0.0,1,0,bottleneck_linf,test,/home/hugo_souto/Stuff/Research/Topological_Kinematics/research_review/results/cache/B/jump/3018/sigma0/stride1
B_jump_3018_sigma50,3018,B,jump,0.05,1,0,bottleneck_linf,test,/home/hugo_souto/Stuff/Research/Topological_Kinematics/research_review/results/cache/B/jump/3018/sigma50/stride1
B_jump_3019_sigma0,3019,B,jump,0.0,1,0,bottleneck_linf,test,/home/hugo_souto/Stuff/Research/Topological_Kinematics/research_review/results/cache/B/jump/3019/sigma0/stride1
B_jump_3019_sigma50,3019,B,jump,0.05,1,0,bottleneck_linf,test,/home/hugo_souto/Stuff/Research/Topological_Kinematics/research_review/results/cache/B/jump/3019/sigma50/stride1
B_ramp_3000_sigma0,3000,B,ramp,0.0,1,0,bottleneck_linf,test,/home/hugo_souto/Stuff/Research/Topological_Kinematics/research_review/results/cache/B/ramp/3000/sigma0/stride1
B_ramp_3000_sigma50,3000,B,ramp,0.05,1,0,bottleneck_linf,test,/home/hugo_souto/Stuff/Research/Topological_Kinematics/research_review/results/cache/B/ramp/3000/sigma50/stride1
B_ramp_3001_sigma0,3001,B,ramp,0.0,1,0,bottleneck_linf,test,/home/hugo_souto/Stuff/Research/Topological_Kinematics/research_review/results/cache/B/ramp/3001/sigma0/stride1
B_ramp_3001_sigma50,3001,B,ramp,0.05,1,0,bottleneck_linf,test,/home/hugo_souto/Stuff/Research/Topological_Kinematics/research_review/results/cache/B/ramp/3001/sigma50/stride1
B_ramp_3002_sigma0,3002,B,ramp,0.0,1,0,bottleneck_linf,test,/home/hugo_souto/Stuff/Research/Topological_Kinematics/research_review/results/cache/B/ramp/3002/sigma0/stride1
B_ramp_3002_sigma50,3002,B,ramp,0.05,1,0,bottleneck_linf,test,/home/hugo_souto/Stuff/Research/Topological_Kinematics/research_review/results/cache/B/ramp/3002/sigma50/stride1
B_ramp_3003_sigma0,3003,B,ramp,0.0,1,0,bottleneck_linf,test,/home/hugo_souto/Stuff/Research/Topological_Kinematics/research_review/results/cache/B/ramp/3003/sigma0/stride1
B_ramp_3003_sigma50,3003,B,ramp,0.05,1,0,bottleneck_linf,test,/home/hugo_souto/Stuff/Research/Topological_Kinematics/research_review/results/cache/B/ramp/3003/sigma50/stride1
B_ramp_3004_sigma0,3004,B,ramp,0.0,1,0,bottleneck_linf,test,/home/hugo_souto/Stuff/Research/Topological_Kinematics/research_review/results/cache/B/ramp/3004/sigma0/stride1
B_ramp_3004_sigma50,3004,B,ramp,0.05,1,0,bottleneck_linf,test,/home/hugo_souto/Stuff/Research/Topological_Kinematics/research_review/results/cache/B/ramp/3004/sigma50/stride1
B_ramp_3005_sigma0,3005,B,ramp,0.0,1,0,bottleneck_linf,test,/home/hugo_souto/Stuff/Research/Topological_Kinematics/research_review/results/cache/B/ramp/3005/sigma0/stride1
B_ramp_3005_sigma50,3005,B,ramp,0.05,1,0,bottleneck_linf,test,/home/hugo_souto/Stuff/Research/Topological_Kinematics/research_review/results/cache/B/ramp/3005/sigma50/stride1
B_ramp_3006_sigma0,3006,B,ramp,0.0,1,0,bottleneck_linf,test,/home/hugo_souto/Stuff/Research/Topological_Kinematics/research_review/results/cache/B/ramp/3006/sigma0/stride1
B_ramp_3006_sigma50,3006,B,ramp,0.05,1,0,bottleneck_linf,test,/home/hugo_souto/Stuff/Research/Topological_Kinematics/research_review/results/cache/B/ramp/3006/sigma50/stride1
B_ramp_3007_sigma0,3007,B,ramp,0.0,1,0,bottleneck_linf,test,/home/hugo_souto/Stuff/Research/Topological_Kinematics/research_review/results/cache/B/ramp/3007/sigma0/stride1
B_ramp_3007_sigma50,3007,B,ramp,0.05,1,0,bottleneck_linf,test,/home/hugo_souto/Stuff/Research/Topological_Kinematics/research_review/results/cache/B/ramp/3007/sigma50/stride1
B_ramp_3008_sigma0,3008,B,ramp,0.0,1,0,bottleneck_linf,test,/home/hugo_souto/Stuff/Research/Topological_Kinematics/research_review/results/cache/B/ramp/3008/sigma0/stride1
B_ramp_3008_sigma50,3008,B,ramp,0.05,1,0,bottleneck_linf,test,/home/hugo_souto/Stuff/Research/Topological_Kinematics/research_review/results/cache/B/ramp/3008/sigma50/stride1
B_ramp_3009_sigma0,3009,B,ramp,0.0,1,0,bottleneck_linf,test,/home/hugo_souto/Stuff/Research/Topological_Kinematics/research_review/results/cache/B/ramp/3009/sigma0/stride1
B_ramp_3009_sigma50,3009,B,ramp,0.05,1,0,bottleneck_linf,test,/home/hugo_souto/Stuff/Research/Topological_Kinematics/research_review/results/cache/B/ramp/3009/sigma50/stride1
B_ramp_3010_sigma0,3010,B,ramp,0.0,1,0,bottleneck_linf,test,/home/hugo_souto/Stuff/Research/Topological_Kinematics/research_review/results/cache/B/ramp/3010/sigma0/stride1
B_ramp_3010_sigma50,3010,B,ramp,0.05,1,0,bottleneck_linf,test,/home/hugo_souto/Stuff/Research/Topological_Kinematics/research_review/results/cache/B/ramp/3010/sigma50/stride1
B_ramp_3011_sigma0,3011,B,ramp,0.0,1,0,bottleneck_linf,test,/home/hugo_souto/Stuff/Research/Topological_Kinematics/research_review/results/cache/B/ramp/3011/sigma0/stride1
B_ramp_3011_sigma50,3011,B,ramp,0.05,1,0,bottleneck_linf,test,/home/hugo_souto/Stuff/Research/Topological_Kinematics/research_review/results/cache/B/ramp/3011/sigma50/stride1
B_ramp_3012_sigma0,3012,B,ramp,0.0,1,0,bottleneck_linf,test,/home/hugo_souto/Stuff/Research/Topological_Kinematics/research_review/results/cache/B/ramp/3012/sigma0/stride1
B_ramp_3012_sigma50,3012,B,ramp,0.05,1,0,bottleneck_linf,test,/home/hugo_souto/Stuff/Research/Topological_Kinematics/research_review/results/cache/B/ramp/3012/sigma50/stride1
B_ramp_3013_sigma0,3013,B,ramp,0.0,1,0,bottleneck_linf,test,/home/hugo_souto/Stuff/Research/Topological_Kinematics/research_review/results/cache/B/ramp/3013/sigma0/stride1
B_ramp_3013_sigma50,3013,B,ramp,0.05,1,0,bottleneck_linf,test,/home/hugo_souto/Stuff/Research/Topological_Kinematics/research_review/results/cache/B/ramp/3013/sigma50/stride1
B_ramp_3014_sigma0,3014,B,ramp,0.0,1,0,bottleneck_linf,test,/home/hugo_souto/Stuff/Research/Topological_Kinematics/research_review/results/cache/B/ramp/3014/sigma0/stride1
B_ramp_3014_sigma50,3014,B,ramp,0.05,1,0,bottleneck_linf,test,/home/hugo_souto/Stuff/Research/Topological_Kinematics/research_review/results/cache/B/ramp/3014/sigma50/stride1
B_ramp_3015_sigma0,3015,B,ramp,0.0,1,0,bottleneck_linf,test,/home/hugo_souto/Stuff/Research/Topological_Kinematics/research_review/results/cache/B/ramp/3015/sigma0/stride1
B_ramp_3015_sigma50,3015,B,ramp,0.05,1,0,bottleneck_linf,test,/home/hugo_souto/Stuff/Research/Topological_Kinematics/research_review/results/cache/B/ramp/3015/sigma50/stride1
B_ramp_3016_sigma0,3016,B,ramp,0.0,1,0,bottleneck_linf,test,/home/hugo_souto/Stuff/Research/Topological_Kinematics/research_review/results/cache/B/ramp/3016/sigma0/stride1
B_ramp_3016_sigma50,3016,B,ramp,0.05,1,0,bottleneck_linf,test,/home/hugo_souto/Stuff/Research/Topological_Kinematics/research_review/results/cache/B/ramp/3016/sigma50/stride1
B_ramp_3017_sigma0,3017,B,ramp,0.0,1,0,bottleneck_linf,test,/home/hugo_souto/Stuff/Research/Topological_Kinematics/research_review/results/cache/B/ramp/3017/sigma0/stride1
B_ramp_3017_sigma50,3017,B,ramp,0.05,1,0,bottleneck_linf,test,/home/hugo_souto/Stuff/Research/Topological_Kinematics/research_review/results/cache/B/ramp/3017/sigma50/stride1
B_ramp_3018_sigma0,3018,B,ramp,0.0,1,0,bottleneck_linf,test,/home/hugo_souto/Stuff/Research/Topological_Kinematics/research_review/results/cache/B/ramp/3018/sigma0/stride1
B_ramp_3018_sigma50,3018,B,ramp,0.05,1,0,bottleneck_linf,test,/home/hugo_souto/Stuff/Research/Topological_Kinematics/research_review/results/cache/B/ramp/3018/sigma50/stride1
B_ramp_3019_sigma0,3019,B,ramp,0.0,1,0,bottleneck_linf,test,/home/hugo_souto/Stuff/Research/Topological_Kinematics/research_review/results/cache/B/ramp/3019/sigma0/stride1
B_ramp_3019_sigma50,3019,B,ramp,0.05,1,0,bottleneck_linf,test,/home/hugo_souto/Stuff/Research/Topological_Kinematics/research_review/results/cache/B/ramp/3019/sigma50/stride1
B_return_3000_sigma0,3000,B,return,0.0,1,0,bottleneck_linf,test,/home/hugo_souto/Stuff/Research/Topological_Kinematics/research_review/results/cache/B/return/3000/sigma0/stride1
B_return_3000_sigma50,3000,B,return,0.05,1,0,bottleneck_linf,test,/home/hugo_souto/Stuff/Research/Topological_Kinematics/research_review/results/cache/B/return/3000/sigma50/stride1
B_return_3001_sigma0,3001,B,return,0.0,1,0,bottleneck_linf,test,/home/hugo_souto/Stuff/Research/Topological_Kinematics/research_review/results/cache/B/return/3001/sigma0/stride1
B_return_3001_sigma50,3001,B,return,0.05,1,0,bottleneck_linf,test,/home/hugo_souto/Stuff/Research/Topological_Kinematics/research_review/results/cache/B/return/3001/sigma50/stride1
B_return_3002_sigma0,3002,B,return,0.0,1,0,bottleneck_linf,test,/home/hugo_souto/Stuff/Research/Topological_Kinematics/research_review/results/cache/B/return/3002/sigma0/stride1
B_return_3002_sigma50,3002,B,return,0.05,1,0,bottleneck_linf,test,/home/hugo_souto/Stuff/Research/Topological_Kinematics/research_review/results/cache/B/return/3002/sigma50/stride1
B_return_3003_sigma0,3003,B,return,0.0,1,0,bottleneck_linf,test,/home/hugo_souto/Stuff/Research/Topological_Kinematics/research_review/results/cache/B/return/3003/sigma0/stride1
B_return_3003_sigma50,3003,B,return,0.05,1,0,bottleneck_linf,test,/home/hugo_souto/Stuff/Research/Topological_Kinematics/research_review/results/cache/B/return/3003/sigma50/stride1
B_return_3004_sigma0,3004,B,return,0.0,1,0,bottleneck_linf,test,/home/hugo_souto/Stuff/Research/Topological_Kinematics/research_review/results/cache/B/return/3004/sigma0/stride1
B_return_3004_sigma50,3004,B,return,0.05,1,0,bottleneck_linf,test,/home/hugo_souto/Stuff/Research/Topological_Kinematics/research_review/results/cache/B/return/3004/sigma50/stride1
B_return_3005_sigma0,3005,B,return,0.0,1,0,bottleneck_linf,test,/home/hugo_souto/Stuff/Research/Topological_Kinematics/research_review/results/cache/B/return/3005/sigma0/stride1
B_return_3005_sigma50,3005,B,return,0.05,1,0,bottleneck_linf,test,/home/hugo_souto/Stuff/Research/Topological_Kinematics/research_review/results/cache/B/return/3005/sigma50/stride1
B_return_3006_sigma0,3006,B,return,0.0,1,0,bottleneck_linf,test,/home/hugo_souto/Stuff/Research/Topological_Kinematics/research_review/results/cache/B/return/3006/sigma0/stride1
B_return_3006_sigma50,3006,B,return,0.05,1,0,bottleneck_linf,test,/home/hugo_souto/Stuff/Research/Topological_Kinematics/research_review/results/cache/B/return/3006/sigma50/stride1
B_return_3007_sigma0,3007,B,return,0.0,1,0,bottleneck_linf,test,/home/hugo_souto/Stuff/Research/Topological_Kinematics/research_review/results/cache/B/return/3007/sigma0/stride1
B_return_3007_sigma50,3007,B,return,0.05,1,0,bottleneck_linf,test,/home/hugo_souto/Stuff/Research/Topological_Kinematics/research_review/results/cache/B/return/3007/sigma50/stride1
B_return_3008_sigma0,3008,B,return,0.0,1,0,bottleneck_linf,test,/home/hugo_souto/Stuff/Research/Topological_Kinematics/research_review/results/cache/B/return/3008/sigma0/stride1
B_return_3008_sigma50,3008,B,return,0.05,1,0,bottleneck_linf,test,/home/hugo_souto/Stuff/Research/Topological_Kinematics/research_review/results/cache/B/return/3008/sigma50/stride1
B_return_3009_sigma0,3009,B,return,0.0,1,0,bottleneck_linf,test,/home/hugo_souto/Stuff/Research/Topological_Kinematics/research_review/results/cache/B/return/3009/sigma0/stride1
B_return_3009_sigma50,3009,B,return,0.05,1,0,bottleneck_linf,test,/home/hugo_souto/Stuff/Research/Topological_Kinematics/research_review/results/cache/B/return/3009/sigma50/stride1
B_return_3010_sigma0,3010,B,return,0.0,1,0,bottleneck_linf,test,/home/hugo_souto/Stuff/Research/Topological_Kinematics/research_review/results/cache/B/return/3010/sigma0/stride1
B_return_3010_sigma50,3010,B,return,0.05,1,0,bottleneck_linf,test,/home/hugo_souto/Stuff/Research/Topological_Kinematics/research_review/results/cache/B/return/3010/sigma50/stride1
B_return_3011_sigma0,3011,B,return,0.0,1,0,bottleneck_linf,test,/home/hugo_souto/Stuff/Research/Topological_Kinematics/research_review/results/cache/B/return/3011/sigma0/stride1
B_return_3011_sigma50,3011,B,return,0.05,1,0,bottleneck_linf,test,/home/hugo_souto/Stuff/Research/Topological_Kinematics/research_review/results/cache/B/return/3011/sigma50/stride1
B_return_3012_sigma0,3012,B,return,0.0,1,0,bottleneck_linf,test,/home/hugo_souto/Stuff/Research/Topological_Kinematics/research_review/results/cache/B/return/3012/sigma0/stride1
B_return_3012_sigma50,3012,B,return,0.05,1,0,bottleneck_linf,test,/home/hugo_souto/Stuff/Research/Topological_Kinematics/research_review/results/cache/B/return/3012/sigma50/stride1
B_return_3013_sigma0,3013,B,return,0.0,1,0,bottleneck_linf,test,/home/hugo_souto/Stuff/Research/Topological_Kinematics/research_review/results/cache/B/return/3013/sigma0/stride1
B_return_3013_sigma50,3013,B,return,0.05,1,0,bottleneck_linf,test,/home/hugo_souto/Stuff/Research/Topological_Kinematics/research_review/results/cache/B/return/3013/sigma50/stride1
B_return_3014_sigma0,3014,B,return,0.0,1,0,bottleneck_linf,test,/home/hugo_souto/Stuff/Research/Topological_Kinematics/research_review/results/cache/B/return/3014/sigma0/stride1
B_return_3014_sigma50,3014,B,return,0.05,1,0,bottleneck_linf,test,/home/hugo_souto/Stuff/Research/Topological_Kinematics/research_review/results/cache/B/return/3014/sigma50/stride1
B_return_3015_sigma0,3015,B,return,0.0,1,0,bottleneck_linf,test,/home/hugo_souto/Stuff/Research/Topological_Kinematics/research_review/results/cache/B/return/3015/sigma0/stride1
B_return_3015_sigma50,3015,B,return,0.05,1,0,bottleneck_linf,test,/home/hugo_souto/Stuff/Research/Topological_Kinematics/research_review/results/cache/B/return/3015/sigma50/stride1
B_return_3016_sigma0,3016,B,return,0.0,1,0,bottleneck_linf,test,/home/hugo_souto/Stuff/Research/Topological_Kinematics/research_review/results/cache/B/return/3016/sigma0/stride1
B_return_3016_sigma50,3016,B,return,0.05,1,0,bottleneck_linf,test,/home/hugo_souto/Stuff/Research/Topological_Kinematics/research_review/results/cache/B/return/3016/sigma50/stride1
B_return_3017_sigma0,3017,B,return,0.0,1,0,bottleneck_linf,test,/home/hugo_souto/Stuff/Research/Topological_Kinematics/research_review/results/cache/B/return/3017/sigma0/stride1
B_return_3017_sigma50,3017,B,return,0.05,1,0,bottleneck_linf,test,/home/hugo_souto/Stuff/Research/Topological_Kinematics/research_review/results/cache/B/return/3017/sigma50/stride1
B_return_3018_sigma0,3018,B,return,0.0,1,0,bottleneck_linf,test,/home/hugo_souto/Stuff/Research/Topological_Kinematics/research_review/results/cache/B/return/3018/sigma0/stride1
B_return_3018_sigma50,3018,B,return,0.05,1,0,bottleneck_linf,test,/home/hugo_souto/Stuff/Research/Topological_Kinematics/research_review/results/cache/B/return/3018/sigma50/stride1
B_return_3019_sigma0,3019,B,return,0.0,1,0,bottleneck_linf,test,/home/hugo_souto/Stuff/Research/Topological_Kinematics/research_review/results/cache/B/return/3019/sigma0/stride1
B_return_3019_sigma50,3019,B,return,0.05,1,0,bottleneck_linf,test,/home/hugo_souto/Stuff/Research/Topological_Kinematics/research_review/results/cache/B/return/3019/sigma50/stride1
A_jump_1000_sigma0,1000,A,jump,0.0,1,0,bottleneck_linf,train,/home/hugo_souto/Stuff/Research/Topological_Kinematics/research_review/results/cache/A/jump/1000/sigma0/stride1
A_jump_1000_sigma50,1000,A,jump,0.05,1,0,bottleneck_linf,train,/home/hugo_souto/Stuff/Research/Topological_Kinematics/research_review/results/cache/A/jump/1000/sigma50/stride1
A_jump_1001_sigma0,1001,A,jump,0.0,1,0,bottleneck_linf,train,/home/hugo_souto/Stuff/Research/Topological_Kinematics/research_review/results/cache/A/jump/1001/sigma0/stride1
A_jump_1001_sigma50,1001,A,jump,0.05,1,0,bottleneck_linf,train,/home/hugo_souto/Stuff/Research/Topological_Kinematics/research_review/results/cache/A/jump/1001/sigma50/stride1
A_jump_1002_sigma0,1002,A,jump,0.0,1,0,bottleneck_linf,train,/home/hugo_souto/Stuff/Research/Topological_Kinematics/research_review/results/cache/A/jump/1002/sigma0/stride1
A_jump_1002_sigma50,1002,A,jump,0.05,1,0,bottleneck_linf,train,/home/hugo_souto/Stuff/Research/Topological_Kinematics/research_review/results/cache/A/jump/1002/sigma50/stride1
A_jump_1003_sigma0,1003,A,jump,0.0,1,0,bottleneck_linf,train,/home/hugo_souto/Stuff/Research/Topological_Kinematics/research_review/results/cache/A/jump/1003/sigma0/stride1
A_jump_1003_sigma50,1003,A,jump,0.05,1,0,bottleneck_linf,train,/home/hugo_souto/Stuff/Research/Topological_Kinematics/research_review/results/cache/A/jump/1003/sigma50/stride1
A_jump_1004_sigma0,1004,A,jump,0.0,1,0,bottleneck_linf,train,/home/hugo_souto/Stuff/Research/Topological_Kinematics/research_review/results/cache/A/jump/1004/sigma0/stride1
A_jump_1004_sigma50,1004,A,jump,0.05,1,0,bottleneck_linf,train,/home/hugo_souto/Stuff/Research/Topological_Kinematics/research_review/results/cache/A/jump/1004/sigma50/stride1
A_jump_1005_sigma0,1005,A,jump,0.0,1,0,bottleneck_linf,train,/home/hugo_souto/Stuff/Research/Topological_Kinematics/research_review/results/cache/A/jump/1005/sigma0/stride1
A_jump_1005_sigma50,1005,A,jump,0.05,1,0,bottleneck_linf,train,/home/hugo_souto/Stuff/Research/Topological_Kinematics/research_review/results/cache/A/jump/1005/sigma50/stride1
A_jump_1006_sigma0,1006,A,jump,0.0,1,0,bottleneck_linf,train,/home/hugo_souto/Stuff/Research/Topological_Kinematics/research_review/results/cache/A/jump/1006/sigma0/stride1
A_jump_1006_sigma50,1006,A,jump,0.05,1,0,bottleneck_linf,train,/home/hugo_souto/Stuff/Research/Topological_Kinematics/research_review/results/cache/A/jump/1006/sigma50/stride1
A_jump_1007_sigma0,1007,A,jump,0.0,1,0,bottleneck_linf,train,/home/hugo_souto/Stuff/Research/Topological_Kinematics/research_review/results/cache/A/jump/1007/sigma0/stride1
A_jump_1007_sigma50,1007,A,jump,0.05,1,0,bottleneck_linf,train,/home/hugo_souto/Stuff/Research/Topological_Kinematics/research_review/results/cache/A/jump/1007/sigma50/stride1
A_jump_1008_sigma0,1008,A,jump,0.0,1,0,bottleneck_linf,train,/home/hugo_souto/Stuff/Research/Topological_Kinematics/research_review/results/cache/A/jump/1008/sigma0/stride1
A_jump_1008_sigma50,1008,A,jump,0.05,1,0,bottleneck_linf,train,/home/hugo_souto/Stuff/Research/Topological_Kinematics/research_review/results/cache/A/jump/1008/sigma50/stride1
A_jump_1009_sigma0,1009,A,jump,0.0,1,0,bottleneck_linf,train,/home/hugo_souto/Stuff/Research/Topological_Kinematics/research_review/results/cache/A/jump/1009/sigma0/stride1
A_jump_1009_sigma50,1009,A,jump,0.05,1,0,bottleneck_linf,train,/home/hugo_souto/Stuff/Research/Topological_Kinematics/research_review/results/cache/A/jump/1009/sigma50/stride1
A_jump_1010_sigma0,1010,A,jump,0.0,1,0,bottleneck_linf,train,/home/hugo_souto/Stuff/Research/Topological_Kinematics/research_review/results/cache/A/jump/1010/sigma0/stride1
A_jump_1010_sigma50,1010,A,jump,0.05,1,0,bottleneck_linf,train,/home/hugo_souto/Stuff/Research/Topological_Kinematics/research_review/results/cache/A/jump/1010/sigma50/stride1
A_jump_1011_sigma0,1011,A,jump,0.0,1,0,bottleneck_linf,train,/home/hugo_souto/Stuff/Research/Topological_Kinematics/research_review/results/cache/A/jump/1011/sigma0/stride1
A_jump_1011_sigma50,1011,A,jump,0.05,1,0,bottleneck_linf,train,/home/hugo_souto/Stuff/Research/Topological_Kinematics/research_review/results/cache/A/jump/1011/sigma50/stride1
A_jump_1012_sigma0,1012,A,jump,0.0,1,0,bottleneck_linf,train,/home/hugo_souto/Stuff/Research/Topological_Kinematics/research_review/results/cache/A/jump/1012/sigma0/stride1
A_jump_1012_sigma50,1012,A,jump,0.05,1,0,bottleneck_linf,train,/home/hugo_souto/Stuff/Research/Topological_Kinematics/research_review/results/cache/A/jump/1012/sigma50/stride1
A_jump_1013_sigma0,1013,A,jump,0.0,1,0,bottleneck_linf,train,/home/hugo_souto/Stuff/Research/Topological_Kinematics/research_review/results/cache/A/jump/1013/sigma0/stride1
A_jump_1013_sigma50,1013,A,jump,0.05,1,0,bottleneck_linf,train,/home/hugo_souto/Stuff/Research/Topological_Kinematics/research_review/results/cache/A/jump/1013/sigma50/stride1
A_jump_1014_sigma0,1014,A,jump,0.0,1,0,bottleneck_linf,train,/home/hugo_souto/Stuff/Research/Topological_Kinematics/research_review/results/cache/A/jump/1014/sigma0/stride1
A_jump_1014_sigma50,1014,A,jump,0.05,1,0,bottleneck_linf,train,/home/hugo_souto/Stuff/Research/Topological_Kinematics/research_review/results/cache/A/jump/1014/sigma50/stride1
A_jump_1015_sigma0,1015,A,jump,0.0,1,0,bottleneck_linf,train,/home/hugo_souto/Stuff/Research/Topological_Kinematics/research_review/results/cache/A/jump/1015/sigma0/stride1
A_jump_1015_sigma50,1015,A,jump,0.05,1,0,bottleneck_linf,train,/home/hugo_souto/Stuff/Research/Topological_Kinematics/research_review/results/cache/A/jump/1015/sigma50/stride1
A_jump_1016_sigma0,1016,A,jump,0.0,1,0,bottleneck_linf,train,/home/hugo_souto/Stuff/Research/Topological_Kinematics/research_review/results/cache/A/jump/1016/sigma0/stride1
A_jump_1016_sigma50,1016,A,jump,0.05,1,0,bottleneck_linf,train,/home/hugo_souto/Stuff/Research/Topological_Kinematics/research_review/results/cache/A/jump/1016/sigma50/stride1
A_jump_1017_sigma0,1017,A,jump,0.0,1,0,bottleneck_linf,train,/home/hugo_souto/Stuff/Research/Topological_Kinematics/research_review/results/cache/A/jump/1017/sigma0/stride1
A_jump_1017_sigma50,1017,A,jump,0.05,1,0,bottleneck_linf,train,/home/hugo_souto/Stuff/Research/Topological_Kinematics/research_review/results/cache/A/jump/1017/sigma50/stride1
A_jump_1018_sigma0,1018,A,jump,0.0,1,0,bottleneck_linf,train,/home/hugo_souto/Stuff/Research/Topological_Kinematics/research_review/results/cache/A/jump/1018/sigma0/stride1
A_jump_1018_sigma50,1018,A,jump,0.05,1,0,bottleneck_linf,train,/home/hugo_souto/Stuff/Research/Topological_Kinematics/research_review/results/cache/A/jump/1018/sigma50/stride1
A_jump_1019_sigma0,1019,A,jump,0.0,1,0,bottleneck_linf,train,/home/hugo_souto/Stuff/Research/Topological_Kinematics/research_review/results/cache/A/jump/1019/sigma0/stride1
A_jump_1019_sigma50,1019,A,jump,0.05,1,0,bottleneck_linf,train,/home/hugo_souto/Stuff/Research/Topological_Kinematics/research_review/results/cache/A/jump/1019/sigma50/stride1
A_ramp_1000_sigma0,1000,A,ramp,0.0,1,0,bottleneck_linf,train,/home/hugo_souto/Stuff/Research/Topological_Kinematics/research_review/results/cache/A/ramp/1000/sigma0/stride1
A_ramp_1000_sigma50,1000,A,ramp,0.05,1,0,bottleneck_linf,train,/home/hugo_souto/Stuff/Research/Topological_Kinematics/research_review/results/cache/A/ramp/1000/sigma50/stride1
A_ramp_1001_sigma0,1001,A,ramp,0.0,1,0,bottleneck_linf,train,/home/hugo_souto/Stuff/Research/Topological_Kinematics/research_review/results/cache/A/ramp/1001/sigma0/stride1
A_ramp_1001_sigma50,1001,A,ramp,0.05,1,0,bottleneck_linf,train,/home/hugo_souto/Stuff/Research/Topological_Kinematics/research_review/results/cache/A/ramp/1001/sigma50/stride1
A_ramp_1002_sigma0,1002,A,ramp,0.0,1,0,bottleneck_linf,train,/home/hugo_souto/Stuff/Research/Topological_Kinematics/research_review/results/cache/A/ramp/1002/sigma0/stride1
A_ramp_1002_sigma50,1002,A,ramp,0.05,1,0,bottleneck_linf,train,/home/hugo_souto/Stuff/Research/Topological_Kinematics/research_review/results/cache/A/ramp/1002/sigma50/stride1
A_ramp_1003_sigma0,1003,A,ramp,0.0,1,0,bottleneck_linf,train,/home/hugo_souto/Stuff/Research/Topological_Kinematics/research_review/results/cache/A/ramp/1003/sigma0/stride1
A_ramp_1003_sigma50,1003,A,ramp,0.05,1,0,bottleneck_linf,train,/home/hugo_souto/Stuff/Research/Topological_Kinematics/research_review/results/cache/A/ramp/1003/sigma50/stride1
A_ramp_1004_sigma0,1004,A,ramp,0.0,1,0,bottleneck_linf,train,/home/hugo_souto/Stuff/Research/Topological_Kinematics/research_review/results/cache/A/ramp/1004/sigma0/stride1
A_ramp_1004_sigma50,1004,A,ramp,0.05,1,0,bottleneck_linf,train,/home/hugo_souto/Stuff/Research/Topological_Kinematics/research_review/results/cache/A/ramp/1004/sigma50/stride1
A_ramp_1005_sigma0,1005,A,ramp,0.0,1,0,bottleneck_linf,train,/home/hugo_souto/Stuff/Research/Topological_Kinematics/research_review/results/cache/A/ramp/1005/sigma0/stride1
A_ramp_1005_sigma50,1005,A,ramp,0.05,1,0,bottleneck_linf,train,/home/hugo_souto/Stuff/Research/Topological_Kinematics/research_review/results/cache/A/ramp/1005/sigma50/stride1
A_ramp_1006_sigma0,1006,A,ramp,0.0,1,0,bottleneck_linf,train,/home/hugo_souto/Stuff/Research/Topological_Kinematics/research_review/results/cache/A/ramp/1006/sigma0/stride1
A_ramp_1006_sigma50,1006,A,ramp,0.05,1,0,bottleneck_linf,train,/home/hugo_souto/Stuff/Research/Topological_Kinematics/research_review/results/cache/A/ramp/1006/sigma50/stride1
A_ramp_1007_sigma0,1007,A,ramp,0.0,1,0,bottleneck_linf,train,/home/hugo_souto/Stuff/Research/Topological_Kinematics/research_review/results/cache/A/ramp/1007/sigma0/stride1
A_ramp_1007_sigma50,1007,A,ramp,0.05,1,0,bottleneck_linf,train,/home/hugo_souto/Stuff/Research/Topological_Kinematics/research_review/results/cache/A/ramp/1007/sigma50/stride1
A_ramp_1008_sigma0,1008,A,ramp,0.0,1,0,bottleneck_linf,train,/home/hugo_souto/Stuff/Research/Topological_Kinematics/research_review/results/cache/A/ramp/1008/sigma0/stride1
A_ramp_1008_sigma50,1008,A,ramp,0.05,1,0,bottleneck_linf,train,/home/hugo_souto/Stuff/Research/Topological_Kinematics/research_review/results/cache/A/ramp/1008/sigma50/stride1
A_ramp_1009_sigma0,1009,A,ramp,0.0,1,0,bottleneck_linf,train,/home/hugo_souto/Stuff/Research/Topological_Kinematics/research_review/results/cache/A/ramp/1009/sigma0/stride1
A_ramp_1009_sigma50,1009,A,ramp,0.05,1,0,bottleneck_linf,train,/home/hugo_souto/Stuff/Research/Topological_Kinematics/research_review/results/cache/A/ramp/1009/sigma50/stride1
A_ramp_1010_sigma0,1010,A,ramp,0.0,1,0,bottleneck_linf,train,/home/hugo_souto/Stuff/Research/Topological_Kinematics/research_review/results/cache/A/ramp/1010/sigma0/stride1
A_ramp_1010_sigma50,1010,A,ramp,0.05,1,0,bottleneck_linf,train,/home/hugo_souto/Stuff/Research/Topological_Kinematics/research_review/results/cache/A/ramp/1010/sigma50/stride1
A_ramp_1011_sigma0,1011,A,ramp,0.0,1,0,bottleneck_linf,train,/home/hugo_souto/Stuff/Research/Topological_Kinematics/research_review/results/cache/A/ramp/1011/sigma0/stride1
A_ramp_1011_sigma50,1011,A,ramp,0.05,1,0,bottleneck_linf,train,/home/hugo_souto/Stuff/Research/Topological_Kinematics/research_review/results/cache/A/ramp/1011/sigma50/stride1
A_ramp_1012_sigma0,1012,A,ramp,0.0,1,0,bottleneck_linf,train,/home/hugo_souto/Stuff/Research/Topological_Kinematics/research_review/results/cache/A/ramp/1012/sigma0/stride1
A_ramp_1012_sigma50,1012,A,ramp,0.05,1,0,bottleneck_linf,train,/home/hugo_souto/Stuff/Research/Topological_Kinematics/research_review/results/cache/A/ramp/1012/sigma50/stride1
A_ramp_1013_sigma0,1013,A,ramp,0.0,1,0,bottleneck_linf,train,/home/hugo_souto/Stuff/Research/Topological_Kinematics/research_review/results/cache/A/ramp/1013/sigma0/stride1
A_ramp_1013_sigma50,1013,A,ramp,0.05,1,0,bottleneck_linf,train,/home/hugo_souto/Stuff/Research/Topological_Kinematics/research_review/results/cache/A/ramp/1013/sigma50/stride1
A_ramp_1014_sigma0,1014,A,ramp,0.0,1,0,bottleneck_linf,train,/home/hugo_souto/Stuff/Research/Topological_Kinematics/research_review/results/cache/A/ramp/1014/sigma0/stride1
A_ramp_1014_sigma50,1014,A,ramp,0.05,1,0,bottleneck_linf,train,/home/hugo_souto/Stuff/Research/Topological_Kinematics/research_review/results/cache/A/ramp/1014/sigma50/stride1
A_ramp_1015_sigma0,1015,A,ramp,0.0,1,0,bottleneck_linf,train,/home/hugo_souto/Stuff/Research/Topological_Kinematics/research_review/results/cache/A/ramp/1015/sigma0/stride1
A_ramp_1015_sigma50,1015,A,ramp,0.05,1,0,bottleneck_linf,train,/home/hugo_souto/Stuff/Research/Topological_Kinematics/research_review/results/cache/A/ramp/1015/sigma50/stride1
A_ramp_1016_sigma0,1016,A,ramp,0.0,1,0,bottleneck_linf,train,/home/hugo_souto/Stuff/Research/Topological_Kinematics/research_review/results/cache/A/ramp/1016/sigma0/stride1
A_ramp_1016_sigma50,1016,A,ramp,0.05,1,0,bottleneck_linf,train,/home/hugo_souto/Stuff/Research/Topological_Kinematics/research_review/results/cache/A/ramp/1016/sigma50/stride1
A_ramp_1017_sigma0,1017,A,ramp,0.0,1,0,bottleneck_linf,train,/home/hugo_souto/Stuff/Research/Topological_Kinematics/research_review/results/cache/A/ramp/1017/sigma0/stride1
A_ramp_1017_sigma50,1017,A,ramp,0.05,1,0,bottleneck_linf,train,/home/hugo_souto/Stuff/Research/Topological_Kinematics/research_review/results/cache/A/ramp/1017/sigma50/stride1
A_ramp_1018_sigma0,1018,A,ramp,0.0,1,0,bottleneck_linf,train,/home/hugo_souto/Stuff/Research/Topological_Kinematics/research_review/results/cache/A/ramp/1018/sigma0/stride1
A_ramp_1018_sigma50,1018,A,ramp,0.05,1,0,bottleneck_linf,train,/home/hugo_souto/Stuff/Research/Topological_Kinematics/research_review/results/cache/A/ramp/1018/sigma50/stride1
A_ramp_1019_sigma0,1019,A,ramp,0.0,1,0,bottleneck_linf,train,/home/hugo_souto/Stuff/Research/Topological_Kinematics/research_review/results/cache/A/ramp/1019/sigma0/stride1
A_ramp_1019_sigma50,1019,A,ramp,0.05,1,0,bottleneck_linf,train,/home/hugo_souto/Stuff/Research/Topological_Kinematics/research_review/results/cache/A/ramp/1019/sigma50/stride1
A_return_1000_sigma0,1000,A,return,0.0,1,0,bottleneck_linf,train,/home/hugo_souto/Stuff/Research/Topological_Kinematics/research_review/results/cache/A/return/1000/sigma0/stride1
A_return_1000_sigma50,1000,A,return,0.05,1,0,bottleneck_linf,train,/home/hugo_souto/Stuff/Research/Topological_Kinematics/research_review/results/cache/A/return/1000/sigma50/stride1
A_return_1001_sigma0,1001,A,return,0.0,1,0,bottleneck_linf,train,/home/hugo_souto/Stuff/Research/Topological_Kinematics/research_review/results/cache/A/return/1001/sigma0/stride1
A_return_1001_sigma50,1001,A,return,0.05,1,0,bottleneck_linf,train,/home/hugo_souto/Stuff/Research/Topological_Kinematics/research_review/results/cache/A/return/1001/sigma50/stride1
A_return_1002_sigma0,1002,A,return,0.0,1,0,bottleneck_linf,train,/home/hugo_souto/Stuff/Research/Topological_Kinematics/research_review/results/cache/A/return/1002/sigma0/stride1
A_return_1002_sigma50,1002,A,return,0.05,1,0,bottleneck_linf,train,/home/hugo_souto/Stuff/Research/Topological_Kinematics/research_review/results/cache/A/return/1002/sigma50/stride1
A_return_1003_sigma0,1003,A,return,0.0,1,0,bottleneck_linf,train,/home/hugo_souto/Stuff/Research/Topological_Kinematics/research_review/results/cache/A/return/1003/sigma0/stride1
A_return_1003_sigma50,1003,A,return,0.05,1,0,bottleneck_linf,train,/home/hugo_souto/Stuff/Research/Topological_Kinematics/research_review/results/cache/A/return/1003/sigma50/stride1
A_return_1004_sigma0,1004,A,return,0.0,1,0,bottleneck_linf,train,/home/hugo_souto/Stuff/Research/Topological_Kinematics/research_review/results/cache/A/return/1004/sigma0/stride1
A_return_1004_sigma50,1004,A,return,0.05,1,0,bottleneck_linf,train,/home/hugo_souto/Stuff/Research/Topological_Kinematics/research_review/results/cache/A/return/1004/sigma50/stride1
A_return_1005_sigma0,1005,A,return,0.0,1,0,bottleneck_linf,train,/home/hugo_souto/Stuff/Research/Topological_Kinematics/research_review/results/cache/A/return/1005/sigma0/stride1
A_return_1005_sigma50,1005,A,return,0.05,1,0,bottleneck_linf,train,/home/hugo_souto/Stuff/Research/Topological_Kinematics/research_review/results/cache/A/return/1005/sigma50/stride1
A_return_1006_sigma0,1006,A,return,0.0,1,0,bottleneck_linf,train,/home/hugo_souto/Stuff/Research/Topological_Kinematics/research_review/results/cache/A/return/1006/sigma0/stride1
A_return_1006_sigma50,1006,A,return,0.05,1,0,bottleneck_linf,train,/home/hugo_souto/Stuff/Research/Topological_Kinematics/research_review/results/cache/A/return/1006/sigma50/stride1
A_return_1007_sigma0,1007,A,return,0.0,1,0,bottleneck_linf,train,/home/hugo_souto/Stuff/Research/Topological_Kinematics/research_review/results/cache/A/return/1007/sigma0/stride1
A_return_1007_sigma50,1007,A,return,0.05,1,0,bottleneck_linf,train,/home/hugo_souto/Stuff/Research/Topological_Kinematics/research_review/results/cache/A/return/1007/sigma50/stride1
A_return_1008_sigma0,1008,A,return,0.0,1,0,bottleneck_linf,train,/home/hugo_souto/Stuff/Research/Topological_Kinematics/research_review/results/cache/A/return/1008/sigma0/stride1
A_return_1008_sigma50,1008,A,return,0.05,1,0,bottleneck_linf,train,/home/hugo_souto/Stuff/Research/Topological_Kinematics/research_review/results/cache/A/return/1008/sigma50/stride1
A_return_1009_sigma0,1009,A,return,0.0,1,0,bottleneck_linf,train,/home/hugo_souto/Stuff/Research/Topological_Kinematics/research_review/results/cache/A/return/1009/sigma0/stride1
A_return_1009_sigma50,1009,A,return,0.05,1,0,bottleneck_linf,train,/home/hugo_souto/Stuff/Research/Topological_Kinematics/research_review/results/cache/A/return/1009/sigma50/stride1
A_return_1010_sigma0,1010,A,return,0.0,1,0,bottleneck_linf,train,/home/hugo_souto/Stuff/Research/Topological_Kinematics/research_review/results/cache/A/return/1010/sigma0/stride1
A_return_1010_sigma50,1010,A,return,0.05,1,0,bottleneck_linf,train,/home/hugo_souto/Stuff/Research/Topological_Kinematics/research_review/results/cache/A/return/1010/sigma50/stride1
A_return_1011_sigma0,1011,A,return,0.0,1,0,bottleneck_linf,train,/home/hugo_souto/Stuff/Research/Topological_Kinematics/research_review/results/cache/A/return/1011/sigma0/stride1
A_return_1011_sigma50,1011,A,return,0.05,1,0,bottleneck_linf,train,/home/hugo_souto/Stuff/Research/Topological_Kinematics/research_review/results/cache/A/return/1011/sigma50/stride1
A_return_1012_sigma0,1012,A,return,0.0,1,0,bottleneck_linf,train,/home/hugo_souto/Stuff/Research/Topological_Kinematics/research_review/results/cache/A/return/1012/sigma0/stride1
A_return_1012_sigma50,1012,A,return,0.05,1,0,bottleneck_linf,train,/home/hugo_souto/Stuff/Research/Topological_Kinematics/research_review/results/cache/A/return/1012/sigma50/stride1
A_return_1013_sigma0,1013,A,return,0.0,1,0,bottleneck_linf,train,/home/hugo_souto/Stuff/Research/Topological_Kinematics/research_review/results/cache/A/return/1013/sigma0/stride1
A_return_1013_sigma50,1013,A,return,0.05,1,0,bottleneck_linf,train,/home/hugo_souto/Stuff/Research/Topological_Kinematics/research_review/results/cache/A/return/1013/sigma50/stride1
A_return_1014_sigma0,1014,A,return,0.0,1,0,bottleneck_linf,train,/home/hugo_souto/Stuff/Research/Topological_Kinematics/research_review/results/cache/A/return/1014/sigma0/stride1
A_return_1014_sigma50,1014,A,return,0.05,1,0,bottleneck_linf,train,/home/hugo_souto/Stuff/Research/Topological_Kinematics/research_review/results/cache/A/return/1014/sigma50/stride1
A_return_1015_sigma0,1015,A,return,0.0,1,0,bottleneck_linf,train,/home/hugo_souto/Stuff/Research/Topological_Kinematics/research_review/results/cache/A/return/1015/sigma0/stride1
A_return_1015_sigma50,1015,A,return,0.05,1,0,bottleneck_linf,train,/home/hugo_souto/Stuff/Research/Topological_Kinematics/research_review/results/cache/A/return/1015/sigma50/stride1
A_return_1016_sigma0,1016,A,return,0.0,1,0,bottleneck_linf,train,/home/hugo_souto/Stuff/Research/Topological_Kinematics/research_review/results/cache/A/return/1016/sigma0/stride1
A_return_1016_sigma50,1016,A,return,0.05,1,0,bottleneck_linf,train,/home/hugo_souto/Stuff/Research/Topological_Kinematics/research_review/results/cache/A/return/1016/sigma50/stride1
A_return_1017_sigma0,1017,A,return,0.0,1,0,bottleneck_linf,train,/home/hugo_souto/Stuff/Research/Topological_Kinematics/research_review/results/cache/A/return/1017/sigma0/stride1
A_return_1017_sigma50,1017,A,return,0.05,1,0,bottleneck_linf,train,/home/hugo_souto/Stuff/Research/Topological_Kinematics/research_review/results/cache/A/return/1017/sigma50/stride1
A_return_1018_sigma0,1018,A,return,0.0,1,0,bottleneck_linf,train,/home/hugo_souto/Stuff/Research/Topological_Kinematics/research_review/results/cache/A/return/1018/sigma0/stride1
A_return_1018_sigma50,1018,A,return,0.05,1,0,bottleneck_linf,train,/home/hugo_souto/Stuff/Research/Topological_Kinematics/research_review/results/cache/A/return/1018/sigma50/stride1
A_return_1019_sigma0,1019,A,return,0.0,1,0,bottleneck_linf,train,/home/hugo_souto/Stuff/Research/Topological_Kinematics/research_review/results/cache/A/return/1019/sigma0/stride1
A_return_1019_sigma50,1019,A,return,0.05,1,0,bottleneck_linf,train,/home/hugo_souto/Stuff/Research/Topological_Kinematics/research_review/results/cache/A/return/1019/sigma50/stride1
B_jump_1000_sigma0,1000,B,jump,0.0,1,0,bottleneck_linf,train,/home/hugo_souto/Stuff/Research/Topological_Kinematics/research_review/results/cache/B/jump/1000/sigma0/stride1
B_jump_1000_sigma50,1000,B,jump,0.05,1,0,bottleneck_linf,train,/home/hugo_souto/Stuff/Research/Topological_Kinematics/research_review/results/cache/B/jump/1000/sigma50/stride1
B_jump_1001_sigma0,1001,B,jump,0.0,1,0,bottleneck_linf,train,/home/hugo_souto/Stuff/Research/Topological_Kinematics/research_review/results/cache/B/jump/1001/sigma0/stride1
B_jump_1001_sigma50,1001,B,jump,0.05,1,0,bottleneck_linf,train,/home/hugo_souto/Stuff/Research/Topological_Kinematics/research_review/results/cache/B/jump/1001/sigma50/stride1
B_jump_1002_sigma0,1002,B,jump,0.0,1,0,bottleneck_linf,train,/home/hugo_souto/Stuff/Research/Topological_Kinematics/research_review/results/cache/B/jump/1002/sigma0/stride1
B_jump_1002_sigma50,1002,B,jump,0.05,1,0,bottleneck_linf,train,/home/hugo_souto/Stuff/Research/Topological_Kinematics/research_review/results/cache/B/jump/1002/sigma50/stride1
B_jump_1003_sigma0,1003,B,jump,0.0,1,0,bottleneck_linf,train,/home/hugo_souto/Stuff/Research/Topological_Kinematics/research_review/results/cache/B/jump/1003/sigma0/stride1
B_jump_1003_sigma50,1003,B,jump,0.05,1,0,bottleneck_linf,train,/home/hugo_souto/Stuff/Research/Topological_Kinematics/research_review/results/cache/B/jump/1003/sigma50/stride1
B_jump_1004_sigma0,1004,B,jump,0.0,1,0,bottleneck_linf,train,/home/hugo_souto/Stuff/Research/Topological_Kinematics/research_review/results/cache/B/jump/1004/sigma0/stride1
B_jump_1004_sigma50,1004,B,jump,0.05,1,0,bottleneck_linf,train,/home/hugo_souto/Stuff/Research/Topological_Kinematics/research_review/results/cache/B/jump/1004/sigma50/stride1
B_jump_1005_sigma0,1005,B,jump,0.0,1,0,bottleneck_linf,train,/home/hugo_souto/Stuff/Research/Topological_Kinematics/research_review/results/cache/B/jump/1005/sigma0/stride1
B_jump_1005_sigma50,1005,B,jump,0.05,1,0,bottleneck_linf,train,/home/hugo_souto/Stuff/Research/Topological_Kinematics/research_review/results/cache/B/jump/1005/sigma50/stride1
B_jump_1006_sigma0,1006,B,jump,0.0,1,0,bottleneck_linf,train,/home/hugo_souto/Stuff/Research/Topological_Kinematics/research_review/results/cache/B/jump/1006/sigma0/stride1
B_jump_1006_sigma50,1006,B,jump,0.05,1,0,bottleneck_linf,train,/home/hugo_souto/Stuff/Research/Topological_Kinematics/research_review/results/cache/B/jump/1006/sigma50/stride1
B_jump_1007_sigma0,1007,B,jump,0.0,1,0,bottleneck_linf,train,/home/hugo_souto/Stuff/Research/Topological_Kinematics/research_review/results/cache/B/jump/1007/sigma0/stride1
B_jump_1007_sigma50,1007,B,jump,0.05,1,0,bottleneck_linf,train,/home/hugo_souto/Stuff/Research/Topological_Kinematics/research_review/results/cache/B/jump/1007/sigma50/stride1
B_jump_1008_sigma0,1008,B,jump,0.0,1,0,bottleneck_linf,train,/home/hugo_souto/Stuff/Research/Topological_Kinematics/research_review/results/cache/B/jump/1008/sigma0/stride1
B_jump_1008_sigma50,1008,B,jump,0.05,1,0,bottleneck_linf,train,/home/hugo_souto/Stuff/Research/Topological_Kinematics/research_review/results/cache/B/jump/1008/sigma50/stride1
B_jump_1009_sigma0,1009,B,jump,0.0,1,0,bottleneck_linf,train,/home/hugo_souto/Stuff/Research/Topological_Kinematics/research_review/results/cache/B/jump/1009/sigma0/stride1
B_jump_1009_sigma50,1009,B,jump,0.05,1,0,bottleneck_linf,train,/home/hugo_souto/Stuff/Research/Topological_Kinematics/research_review/results/cache/B/jump/1009/sigma50/stride1
B_jump_1010_sigma0,1010,B,jump,0.0,1,0,bottleneck_linf,train,/home/hugo_souto/Stuff/Research/Topological_Kinematics/research_review/results/cache/B/jump/1010/sigma0/stride1
B_jump_1010_sigma50,1010,B,jump,0.05,1,0,bottleneck_linf,train,/home/hugo_souto/Stuff/Research/Topological_Kinematics/research_review/results/cache/B/jump/1010/sigma50/stride1
B_jump_1011_sigma0,1011,B,jump,0.0,1,0,bottleneck_linf,train,/home/hugo_souto/Stuff/Research/Topological_Kinematics/research_review/results/cache/B/jump/1011/sigma0/stride1
B_jump_1011_sigma50,1011,B,jump,0.05,1,0,bottleneck_linf,train,/home/hugo_souto/Stuff/Research/Topological_Kinematics/research_review/results/cache/B/jump/1011/sigma50/stride1
B_jump_1012_sigma0,1012,B,jump,0.0,1,0,bottleneck_linf,train,/home/hugo_souto/Stuff/Research/Topological_Kinematics/research_review/results/cache/B/jump/1012/sigma0/stride1
B_jump_1012_sigma50,1012,B,jump,0.05,1,0,bottleneck_linf,train,/home/hugo_souto/Stuff/Research/Topological_Kinematics/research_review/results/cache/B/jump/1012/sigma50/stride1
B_jump_1013_sigma0,1013,B,jump,0.0,1,0,bottleneck_linf,train,/home/hugo_souto/Stuff/Research/Topological_Kinematics/research_review/results/cache/B/jump/1013/sigma0/stride1
B_jump_1013_sigma50,1013,B,jump,0.05,1,0,bottleneck_linf,train,/home/hugo_souto/Stuff/Research/Topological_Kinematics/research_review/results/cache/B/jump/1013/sigma50/stride1
B_jump_1014_sigma0,1014,B,jump,0.0,1,0,bottleneck_linf,train,/home/hugo_souto/Stuff/Research/Topological_Kinematics/research_review/results/cache/B/jump/1014/sigma0/stride1
B_jump_1014_sigma50,1014,B,jump,0.05,1,0,bottleneck_linf,train,/home/hugo_souto/Stuff/Research/Topological_Kinematics/research_review/results/cache/B/jump/1014/sigma50/stride1
B_jump_1015_sigma0,1015,B,jump,0.0,1,0,bottleneck_linf,train,/home/hugo_souto/Stuff/Research/Topological_Kinematics/research_review/results/cache/B/jump/1015/sigma0/stride1
B_jump_1015_sigma50,1015,B,jump,0.05,1,0,bottleneck_linf,train,/home/hugo_souto/Stuff/Research/Topological_Kinematics/research_review/results/cache/B/jump/1015/sigma50/stride1
B_jump_1016_sigma0,1016,B,jump,0.0,1,0,bottleneck_linf,train,/home/hugo_souto/Stuff/Research/Topological_Kinematics/research_review/results/cache/B/jump/1016/sigma0/stride1
B_jump_1016_sigma50,1016,B,jump,0.05,1,0,bottleneck_linf,train,/home/hugo_souto/Stuff/Research/Topological_Kinematics/research_review/results/cache/B/jump/1016/sigma50/stride1
B_jump_1017_sigma0,1017,B,jump,0.0,1,0,bottleneck_linf,train,/home/hugo_souto/Stuff/Research/Topological_Kinematics/research_review/results/cache/B/jump/1017/sigma0/stride1
B_jump_1017_sigma50,1017,B,jump,0.05,1,0,bottleneck_linf,train,/home/hugo_souto/Stuff/Research/Topological_Kinematics/research_review/results/cache/B/jump/1017/sigma50/stride1
B_jump_1018_sigma0,1018,B,jump,0.0,1,0,bottleneck_linf,train,/home/hugo_souto/Stuff/Research/Topological_Kinematics/research_review/results/cache/B/jump/1018/sigma0/stride1
B_jump_1018_sigma50,1018,B,jump,0.05,1,0,bottleneck_linf,train,/home/hugo_souto/Stuff/Research/Topological_Kinematics/research_review/results/cache/B/jump/1018/sigma50/stride1
B_jump_1019_sigma0,1019,B,jump,0.0,1,0,bottleneck_linf,train,/home/hugo_souto/Stuff/Research/Topological_Kinematics/research_review/results/cache/B/jump/1019/sigma0/stride1
B_jump_1019_sigma50,1019,B,jump,0.05,1,0,bottleneck_linf,train,/home/hugo_souto/Stuff/Research/Topological_Kinematics/research_review/results/cache/B/jump/1019/sigma50/stride1
B_ramp_1000_sigma0,1000,B,ramp,0.0,1,0,bottleneck_linf,train,/home/hugo_souto/Stuff/Research/Topological_Kinematics/research_review/results/cache/B/ramp/1000/sigma0/stride1
B_ramp_1000_sigma50,1000,B,ramp,0.05,1,0,bottleneck_linf,train,/home/hugo_souto/Stuff/Research/Topological_Kinematics/research_review/results/cache/B/ramp/1000/sigma50/stride1
B_ramp_1001_sigma0,1001,B,ramp,0.0,1,0,bottleneck_linf,train,/home/hugo_souto/Stuff/Research/Topological_Kinematics/research_review/results/cache/B/ramp/1001/sigma0/stride1
B_ramp_1001_sigma50,1001,B,ramp,0.05,1,0,bottleneck_linf,train,/home/hugo_souto/Stuff/Research/Topological_Kinematics/research_review/results/cache/B/ramp/1001/sigma50/stride1
B_ramp_1002_sigma0,1002,B,ramp,0.0,1,0,bottleneck_linf,train,/home/hugo_souto/Stuff/Research/Topological_Kinematics/research_review/results/cache/B/ramp/1002/sigma0/stride1
B_ramp_1002_sigma50,1002,B,ramp,0.05,1,0,bottleneck_linf,train,/home/hugo_souto/Stuff/Research/Topological_Kinematics/research_review/results/cache/B/ramp/1002/sigma50/stride1
B_ramp_1003_sigma0,1003,B,ramp,0.0,1,0,bottleneck_linf,train,/home/hugo_souto/Stuff/Research/Topological_Kinematics/research_review/results/cache/B/ramp/1003/sigma0/stride1
B_ramp_1003_sigma50,1003,B,ramp,0.05,1,0,bottleneck_linf,train,/home/hugo_souto/Stuff/Research/Topological_Kinematics/research_review/results/cache/B/ramp/1003/sigma50/stride1
B_ramp_1004_sigma0,1004,B,ramp,0.0,1,0,bottleneck_linf,train,/home/hugo_souto/Stuff/Research/Topological_Kinematics/research_review/results/cache/B/ramp/1004/sigma0/stride1
B_ramp_1004_sigma50,1004,B,ramp,0.05,1,0,bottleneck_linf,train,/home/hugo_souto/Stuff/Research/Topological_Kinematics/research_review/results/cache/B/ramp/1004/sigma50/stride1
B_ramp_1005_sigma0,1005,B,ramp,0.0,1,0,bottleneck_linf,train,/home/hugo_souto/Stuff/Research/Topological_Kinematics/research_review/results/cache/B/ramp/1005/sigma0/stride1
B_ramp_1005_sigma50,1005,B,ramp,0.05,1,0,bottleneck_linf,train,/home/hugo_souto/Stuff/Research/Topological_Kinematics/research_review/results/cache/B/ramp/1005/sigma50/stride1
B_ramp_1006_sigma0,1006,B,ramp,0.0,1,0,bottleneck_linf,train,/home/hugo_souto/Stuff/Research/Topological_Kinematics/research_review/results/cache/B/ramp/1006/sigma0/stride1
B_ramp_1006_sigma50,1006,B,ramp,0.05,1,0,bottleneck_linf,train,/home/hugo_souto/Stuff/Research/Topological_Kinematics/research_review/results/cache/B/ramp/1006/sigma50/stride1
B_ramp_1007_sigma0,1007,B,ramp,0.0,1,0,bottleneck_linf,train,/home/hugo_souto/Stuff/Research/Topological_Kinematics/research_review/results/cache/B/ramp/1007/sigma0/stride1
B_ramp_1007_sigma50,1007,B,ramp,0.05,1,0,bottleneck_linf,train,/home/hugo_souto/Stuff/Research/Topological_Kinematics/research_review/results/cache/B/ramp/1007/sigma50/stride1
B_ramp_1008_sigma0,1008,B,ramp,0.0,1,0,bottleneck_linf,train,/home/hugo_souto/Stuff/Research/Topological_Kinematics/research_review/results/cache/B/ramp/1008/sigma0/stride1
B_ramp_1008_sigma50,1008,B,ramp,0.05,1,0,bottleneck_linf,train,/home/hugo_souto/Stuff/Research/Topological_Kinematics/research_review/results/cache/B/ramp/1008/sigma50/stride1
B_ramp_1009_sigma0,1009,B,ramp,0.0,1,0,bottleneck_linf,train,/home/hugo_souto/Stuff/Research/Topological_Kinematics/research_review/results/cache/B/ramp/1009/sigma0/stride1
B_ramp_1009_sigma50,1009,B,ramp,0.05,1,0,bottleneck_linf,train,/home/hugo_souto/Stuff/Research/Topological_Kinematics/research_review/results/cache/B/ramp/1009/sigma50/stride1
B_ramp_1010_sigma0,1010,B,ramp,0.0,1,0,bottleneck_linf,train,/home/hugo_souto/Stuff/Research/Topological_Kinematics/research_review/results/cache/B/ramp/1010/sigma0/stride1
B_ramp_1010_sigma50,1010,B,ramp,0.05,1,0,bottleneck_linf,train,/home/hugo_souto/Stuff/Research/Topological_Kinematics/research_review/results/cache/B/ramp/1010/sigma50/stride1
B_ramp_1011_sigma0,1011,B,ramp,0.0,1,0,bottleneck_linf,train,/home/hugo_souto/Stuff/Research/Topological_Kinematics/research_review/results/cache/B/ramp/1011/sigma0/stride1
B_ramp_1011_sigma50,1011,B,ramp,0.05,1,0,bottleneck_linf,train,/home/hugo_souto/Stuff/Research/Topological_Kinematics/research_review/results/cache/B/ramp/1011/sigma50/stride1
B_ramp_1012_sigma0,1012,B,ramp,0.0,1,0,bottleneck_linf,train,/home/hugo_souto/Stuff/Research/Topological_Kinematics/research_review/results/cache/B/ramp/1012/sigma0/stride1
B_ramp_1012_sigma50,1012,B,ramp,0.05,1,0,bottleneck_linf,train,/home/hugo_souto/Stuff/Research/Topological_Kinematics/research_review/results/cache/B/ramp/1012/sigma50/stride1
B_ramp_1013_sigma0,1013,B,ramp,0.0,1,0,bottleneck_linf,train,/home/hugo_souto/Stuff/Research/Topological_Kinematics/research_review/results/cache/B/ramp/1013/sigma0/stride1
B_ramp_1013_sigma50,1013,B,ramp,0.05,1,0,bottleneck_linf,train,/home/hugo_souto/Stuff/Research/Topological_Kinematics/research_review/results/cache/B/ramp/1013/sigma50/stride1
B_ramp_1014_sigma0,1014,B,ramp,0.0,1,0,bottleneck_linf,train,/home/hugo_souto/Stuff/Research/Topological_Kinematics/research_review/results/cache/B/ramp/1014/sigma0/stride1
B_ramp_1014_sigma50,1014,B,ramp,0.05,1,0,bottleneck_linf,train,/home/hugo_souto/Stuff/Research/Topological_Kinematics/research_review/results/cache/B/ramp/1014/sigma50/stride1
B_ramp_1015_sigma0,1015,B,ramp,0.0,1,0,bottleneck_linf,train,/home/hugo_souto/Stuff/Research/Topological_Kinematics/research_review/results/cache/B/ramp/1015/sigma0/stride1
B_ramp_1015_sigma50,1015,B,ramp,0.05,1,0,bottleneck_linf,train,/home/hugo_souto/Stuff/Research/Topological_Kinematics/research_review/results/cache/B/ramp/1015/sigma50/stride1
B_ramp_1016_sigma0,1016,B,ramp,0.0,1,0,bottleneck_linf,train,/home/hugo_souto/Stuff/Research/Topological_Kinematics/research_review/results/cache/B/ramp/1016/sigma0/stride1
B_ramp_1016_sigma50,1016,B,ramp,0.05,1,0,bottleneck_linf,train,/home/hugo_souto/Stuff/Research/Topological_Kinematics/research_review/results/cache/B/ramp/1016/sigma50/stride1
B_ramp_1017_sigma0,1017,B,ramp,0.0,1,0,bottleneck_linf,train,/home/hugo_souto/Stuff/Research/Topological_Kinematics/research_review/results/cache/B/ramp/1017/sigma0/stride1
B_ramp_1017_sigma50,1017,B,ramp,0.05,1,0,bottleneck_linf,train,/home/hugo_souto/Stuff/Research/Topological_Kinematics/research_review/results/cache/B/ramp/1017/sigma50/stride1
B_ramp_1018_sigma0,1018,B,ramp,0.0,1,0,bottleneck_linf,train,/home/hugo_souto/Stuff/Research/Topological_Kinematics/research_review/results/cache/B/ramp/1018/sigma0/stride1
B_ramp_1018_sigma50,1018,B,ramp,0.05,1,0,bottleneck_linf,train,/home/hugo_souto/Stuff/Research/Topological_Kinematics/research_review/results/cache/B/ramp/1018/sigma50/stride1
B_ramp_1019_sigma0,1019,B,ramp,0.0,1,0,bottleneck_linf,train,/home/hugo_souto/Stuff/Research/Topological_Kinematics/research_review/results/cache/B/ramp/1019/sigma0/stride1
B_ramp_1019_sigma50,1019,B,ramp,0.05,1,0,bottleneck_linf,train,/home/hugo_souto/Stuff/Research/Topological_Kinematics/research_review/results/cache/B/ramp/1019/sigma50/stride1
B_return_1000_sigma0,1000,B,return,0.0,1,0,bottleneck_linf,train,/home/hugo_souto/Stuff/Research/Topological_Kinematics/research_review/results/cache/B/return/1000/sigma0/stride1
B_return_1000_sigma50,1000,B,return,0.05,1,0,bottleneck_linf,train,/home/hugo_souto/Stuff/Research/Topological_Kinematics/research_review/results/cache/B/return/1000/sigma50/stride1
B_return_1001_sigma0,1001,B,return,0.0,1,0,bottleneck_linf,train,/home/hugo_souto/Stuff/Research/Topological_Kinematics/research_review/results/cache/B/return/1001/sigma0/stride1
B_return_1001_sigma50,1001,B,return,0.05,1,0,bottleneck_linf,train,/home/hugo_souto/Stuff/Research/Topological_Kinematics/research_review/results/cache/B/return/1001/sigma50/stride1
B_return_1002_sigma0,1002,B,return,0.0,1,0,bottleneck_linf,train,/home/hugo_souto/Stuff/Research/Topological_Kinematics/research_review/results/cache/B/return/1002/sigma0/stride1
B_return_1002_sigma50,1002,B,return,0.05,1,0,bottleneck_linf,train,/home/hugo_souto/Stuff/Research/Topological_Kinematics/research_review/results/cache/B/return/1002/sigma50/stride1
B_return_1003_sigma0,1003,B,return,0.0,1,0,bottleneck_linf,train,/home/hugo_souto/Stuff/Research/Topological_Kinematics/research_review/results/cache/B/return/1003/sigma0/stride1
B_return_1003_sigma50,1003,B,return,0.05,1,0,bottleneck_linf,train,/home/hugo_souto/Stuff/Research/Topological_Kinematics/research_review/results/cache/B/return/1003/sigma50/stride1
B_return_1004_sigma0,1004,B,return,0.0,1,0,bottleneck_linf,train,/home/hugo_souto/Stuff/Research/Topological_Kinematics/research_review/results/cache/B/return/1004/sigma0/stride1
B_return_1004_sigma50,1004,B,return,0.05,1,0,bottleneck_linf,train,/home/hugo_souto/Stuff/Research/Topological_Kinematics/research_review/results/cache/B/return/1004/sigma50/stride1
B_return_1005_sigma0,1005,B,return,0.0,1,0,bottleneck_linf,train,/home/hugo_souto/Stuff/Research/Topological_Kinematics/research_review/results/cache/B/return/1005/sigma0/stride1
B_return_1005_sigma50,1005,B,return,0.05,1,0,bottleneck_linf,train,/home/hugo_souto/Stuff/Research/Topological_Kinematics/research_review/results/cache/B/return/1005/sigma50/stride1
B_return_1006_sigma0,1006,B,return,0.0,1,0,bottleneck_linf,train,/home/hugo_souto/Stuff/Research/Topological_Kinematics/research_review/results/cache/B/return/1006/sigma0/stride1
B_return_1006_sigma50,1006,B,return,0.05,1,0,bottleneck_linf,train,/home/hugo_souto/Stuff/Research/Topological_Kinematics/research_review/results/cache/B/return/1006/sigma50/stride1
B_return_1007_sigma0,1007,B,return,0.0,1,0,bottleneck_linf,train,/home/hugo_souto/Stuff/Research/Topological_Kinematics/research_review/results/cache/B/return/1007/sigma0/stride1
B_return_1007_sigma50,1007,B,return,0.05,1,0,bottleneck_linf,train,/home/hugo_souto/Stuff/Research/Topological_Kinematics/research_review/results/cache/B/return/1007/sigma50/stride1
B_return_1008_sigma0,1008,B,return,0.0,1,0,bottleneck_linf,train,/home/hugo_souto/Stuff/Research/Topological_Kinematics/research_review/results/cache/B/return/1008/sigma0/stride1
B_return_1008_sigma50,1008,B,return,0.05,1,0,bottleneck_linf,train,/home/hugo_souto/Stuff/Research/Topological_Kinematics/research_review/results/cache/B/return/1008/sigma50/stride1
B_return_1009_sigma0,1009,B,return,0.0,1,0,bottleneck_linf,train,/home/hugo_souto/Stuff/Research/Topological_Kinematics/research_review/results/cache/B/return/1009/sigma0/stride1
B_return_1009_sigma50,1009,B,return,0.05,1,0,bottleneck_linf,train,/home/hugo_souto/Stuff/Research/Topological_Kinematics/research_review/results/cache/B/return/1009/sigma50/stride1
B_return_1010_sigma0,1010,B,return,0.0,1,0,bottleneck_linf,train,/home/hugo_souto/Stuff/Research/Topological_Kinematics/research_review/results/cache/B/return/1010/sigma0/stride1
B_return_1010_sigma50,1010,B,return,0.05,1,0,bottleneck_linf,train,/home/hugo_souto/Stuff/Research/Topological_Kinematics/research_review/results/cache/B/return/1010/sigma50/stride1
B_return_1011_sigma0,1011,B,return,0.0,1,0,bottleneck_linf,train,/home/hugo_souto/Stuff/Research/Topological_Kinematics/research_review/results/cache/B/return/1011/sigma0/stride1
B_return_1011_sigma50,1011,B,return,0.05,1,0,bottleneck_linf,train,/home/hugo_souto/Stuff/Research/Topological_Kinematics/research_review/results/cache/B/return/1011/sigma50/stride1
B_return_1012_sigma0,1012,B,return,0.0,1,0,bottleneck_linf,train,/home/hugo_souto/Stuff/Research/Topological_Kinematics/research_review/results/cache/B/return/1012/sigma0/stride1
B_return_1012_sigma50,1012,B,return,0.05,1,0,bottleneck_linf,train,/home/hugo_souto/Stuff/Research/Topological_Kinematics/research_review/results/cache/B/return/1012/sigma50/stride1
B_return_1013_sigma0,1013,B,return,0.0,1,0,bottleneck_linf,train,/home/hugo_souto/Stuff/Research/Topological_Kinematics/research_review/results/cache/B/return/1013/sigma0/stride1
B_return_1013_sigma50,1013,B,return,0.05,1,0,bottleneck_linf,train,/home/hugo_souto/Stuff/Research/Topological_Kinematics/research_review/results/cache/B/return/1013/sigma50/stride1
B_return_1014_sigma0,1014,B,return,0.0,1,0,bottleneck_linf,train,/home/hugo_souto/Stuff/Research/Topological_Kinematics/research_review/results/cache/B/return/1014/sigma0/stride1
B_return_1014_sigma50,1014,B,return,0.05,1,0,bottleneck_linf,train,/home/hugo_souto/Stuff/Research/Topological_Kinematics/research_review/results/cache/B/return/1014/sigma50/stride1
B_return_1015_sigma0,1015,B,return,0.0,1,0,bottleneck_linf,train,/home/hugo_souto/Stuff/Research/Topological_Kinematics/research_review/results/cache/B/return/1015/sigma0/stride1
B_return_1015_sigma50,1015,B,return,0.05,1,0,bottleneck_linf,train,/home/hugo_souto/Stuff/Research/Topological_Kinematics/research_review/results/cache/B/return/1015/sigma50/stride1
B_return_1016_sigma0,1016,B,return,0.0,1,0,bottleneck_linf,train,/home/hugo_souto/Stuff/Research/Topological_Kinematics/research_review/results/cache/B/return/1016/sigma0/stride1
B_return_1016_sigma50,1016,B,return,0.05,1,0,bottleneck_linf,train,/home/hugo_souto/Stuff/Research/Topological_Kinematics/research_review/results/cache/B/return/1016/sigma50/stride1
B_return_1017_sigma0,1017,B,return,0.0,1,0,bottleneck_linf,train,/home/hugo_souto/Stuff/Research/Topological_Kinematics/research_review/results/cache/B/return/1017/sigma0/stride1
B_return_1017_sigma50,1017,B,return,0.05,1,0,bottleneck_linf,train,/home/hugo_souto/Stuff/Research/Topological_Kinematics/research_review/results/cache/B/return/1017/sigma50/stride1
B_return_1018_sigma0,1018,B,return,0.0,1,0,bottleneck_linf,train,/home/hugo_souto/Stuff/Research/Topological_Kinematics/research_review/results/cache/B/return/1018/sigma0/stride1
B_return_1018_sigma50,1018,B,return,0.05,1,0,bottleneck_linf,train,/home/hugo_souto/Stuff/Research/Topological_Kinematics/research_review/results/cache/B/return/1018/sigma50/stride1
B_return_1019_sigma0,1019,B,return,0.0,1,0,bottleneck_linf,train,/home/hugo_souto/Stuff/Research/Topological_Kinematics/research_review/results/cache/B/return/1019/sigma0/stride1
B_return_1019_sigma50,1019,B,return,0.05,1,0,bottleneck_linf,train,/home/hugo_souto/Stuff/Research/Topological_Kinematics/research_review/results/cache/B/return/1019/sigma50/stride1
A_jump_2000_sigma0,2000,A,jump,0.0,1,0,bottleneck_linf,validation,/home/hugo_souto/Stuff/Research/Topological_Kinematics/research_review/results/cache/A/jump/2000/sigma0/stride1
A_jump_2000_sigma50,2000,A,jump,0.05,1,0,bottleneck_linf,validation,/home/hugo_souto/Stuff/Research/Topological_Kinematics/research_review/results/cache/A/jump/2000/sigma50/stride1
A_jump_2001_sigma0,2001,A,jump,0.0,1,0,bottleneck_linf,validation,/home/hugo_souto/Stuff/Research/Topological_Kinematics/research_review/results/cache/A/jump/2001/sigma0/stride1
A_jump_2001_sigma50,2001,A,jump,0.05,1,0,bottleneck_linf,validation,/home/hugo_souto/Stuff/Research/Topological_Kinematics/research_review/results/cache/A/jump/2001/sigma50/stride1
A_jump_2002_sigma0,2002,A,jump,0.0,1,0,bottleneck_linf,validation,/home/hugo_souto/Stuff/Research/Topological_Kinematics/research_review/results/cache/A/jump/2002/sigma0/stride1
A_jump_2002_sigma50,2002,A,jump,0.05,1,0,bottleneck_linf,validation,/home/hugo_souto/Stuff/Research/Topological_Kinematics/research_review/results/cache/A/jump/2002/sigma50/stride1
A_jump_2003_sigma0,2003,A,jump,0.0,1,0,bottleneck_linf,validation,/home/hugo_souto/Stuff/Research/Topological_Kinematics/research_review/results/cache/A/jump/2003/sigma0/stride1
A_jump_2003_sigma50,2003,A,jump,0.05,1,0,bottleneck_linf,validation,/home/hugo_souto/Stuff/Research/Topological_Kinematics/research_review/results/cache/A/jump/2003/sigma50/stride1
A_jump_2004_sigma0,2004,A,jump,0.0,1,0,bottleneck_linf,validation,/home/hugo_souto/Stuff/Research/Topological_Kinematics/research_review/results/cache/A/jump/2004/sigma0/stride1
A_jump_2004_sigma50,2004,A,jump,0.05,1,0,bottleneck_linf,validation,/home/hugo_souto/Stuff/Research/Topological_Kinematics/research_review/results/cache/A/jump/2004/sigma50/stride1
A_jump_2005_sigma0,2005,A,jump,0.0,1,0,bottleneck_linf,validation,/home/hugo_souto/Stuff/Research/Topological_Kinematics/research_review/results/cache/A/jump/2005/sigma0/stride1
A_jump_2005_sigma50,2005,A,jump,0.05,1,0,bottleneck_linf,validation,/home/hugo_souto/Stuff/Research/Topological_Kinematics/research_review/results/cache/A/jump/2005/sigma50/stride1
A_jump_2006_sigma0,2006,A,jump,0.0,1,0,bottleneck_linf,validation,/home/hugo_souto/Stuff/Research/Topological_Kinematics/research_review/results/cache/A/jump/2006/sigma0/stride1
A_jump_2006_sigma50,2006,A,jump,0.05,1,0,bottleneck_linf,validation,/home/hugo_souto/Stuff/Research/Topological_Kinematics/research_review/results/cache/A/jump/2006/sigma50/stride1
A_jump_2007_sigma0,2007,A,jump,0.0,1,0,bottleneck_linf,validation,/home/hugo_souto/Stuff/Research/Topological_Kinematics/research_review/results/cache/A/jump/2007/sigma0/stride1
A_jump_2007_sigma50,2007,A,jump,0.05,1,0,bottleneck_linf,validation,/home/hugo_souto/Stuff/Research/Topological_Kinematics/research_review/results/cache/A/jump/2007/sigma50/stride1
A_jump_2008_sigma0,2008,A,jump,0.0,1,0,bottleneck_linf,validation,/home/hugo_souto/Stuff/Research/Topological_Kinematics/research_review/results/cache/A/jump/2008/sigma0/stride1
A_jump_2008_sigma50,2008,A,jump,0.05,1,0,bottleneck_linf,validation,/home/hugo_souto/Stuff/Research/Topological_Kinematics/research_review/results/cache/A/jump/2008/sigma50/stride1
A_jump_2009_sigma0,2009,A,jump,0.0,1,0,bottleneck_linf,validation,/home/hugo_souto/Stuff/Research/Topological_Kinematics/research_review/results/cache/A/jump/2009/sigma0/stride1
A_jump_2009_sigma50,2009,A,jump,0.05,1,0,bottleneck_linf,validation,/home/hugo_souto/Stuff/Research/Topological_Kinematics/research_review/results/cache/A/jump/2009/sigma50/stride1
A_ramp_2000_sigma0,2000,A,ramp,0.0,1,0,bottleneck_linf,validation,/home/hugo_souto/Stuff/Research/Topological_Kinematics/research_review/results/cache/A/ramp/2000/sigma0/stride1
A_ramp_2000_sigma50,2000,A,ramp,0.05,1,0,bottleneck_linf,validation,/home/hugo_souto/Stuff/Research/Topological_Kinematics/research_review/results/cache/A/ramp/2000/sigma50/stride1
A_ramp_2001_sigma0,2001,A,ramp,0.0,1,0,bottleneck_linf,validation,/home/hugo_souto/Stuff/Research/Topological_Kinematics/research_review/results/cache/A/ramp/2001/sigma0/stride1
A_ramp_2001_sigma50,2001,A,ramp,0.05,1,0,bottleneck_linf,validation,/home/hugo_souto/Stuff/Research/Topological_Kinematics/research_review/results/cache/A/ramp/2001/sigma50/stride1
A_ramp_2002_sigma0,2002,A,ramp,0.0,1,0,bottleneck_linf,validation,/home/hugo_souto/Stuff/Research/Topological_Kinematics/research_review/results/cache/A/ramp/2002/sigma0/stride1
A_ramp_2002_sigma50,2002,A,ramp,0.05,1,0,bottleneck_linf,validation,/home/hugo_souto/Stuff/Research/Topological_Kinematics/research_review/results/cache/A/ramp/2002/sigma50/stride1
A_ramp_2003_sigma0,2003,A,ramp,0.0,1,0,bottleneck_linf,validation,/home/hugo_souto/Stuff/Research/Topological_Kinematics/research_review/results/cache/A/ramp/2003/sigma0/stride1
A_ramp_2003_sigma50,2003,A,ramp,0.05,1,0,bottleneck_linf,validation,/home/hugo_souto/Stuff/Research/Topological_Kinematics/research_review/results/cache/A/ramp/2003/sigma50/stride1
A_ramp_2004_sigma0,2004,A,ramp,0.0,1,0,bottleneck_linf,validation,/home/hugo_souto/Stuff/Research/Topological_Kinematics/research_review/results/cache/A/ramp/2004/sigma0/stride1
A_ramp_2004_sigma50,2004,A,ramp,0.05,1,0,bottleneck_linf,validation,/home/hugo_souto/Stuff/Research/Topological_Kinematics/research_review/results/cache/A/ramp/2004/sigma50/stride1
A_ramp_2005_sigma0,2005,A,ramp,0.0,1,0,bottleneck_linf,validation,/home/hugo_souto/Stuff/Research/Topological_Kinematics/research_review/results/cache/A/ramp/2005/sigma0/stride1
A_ramp_2005_sigma50,2005,A,ramp,0.05,1,0,bottleneck_linf,validation,/home/hugo_souto/Stuff/Research/Topological_Kinematics/research_review/results/cache/A/ramp/2005/sigma50/stride1
A_ramp_2006_sigma0,2006,A,ramp,0.0,1,0,bottleneck_linf,validation,/home/hugo_souto/Stuff/Research/Topological_Kinematics/research_review/results/cache/A/ramp/2006/sigma0/stride1
A_ramp_2006_sigma50,2006,A,ramp,0.05,1,0,bottleneck_linf,validation,/home/hugo_souto/Stuff/Research/Topological_Kinematics/research_review/results/cache/A/ramp/2006/sigma50/stride1
A_ramp_2007_sigma0,2007,A,ramp,0.0,1,0,bottleneck_linf,validation,/home/hugo_souto/Stuff/Research/Topological_Kinematics/research_review/results/cache/A/ramp/2007/sigma0/stride1
A_ramp_2007_sigma50,2007,A,ramp,0.05,1,0,bottleneck_linf,validation,/home/hugo_souto/Stuff/Research/Topological_Kinematics/research_review/results/cache/A/ramp/2007/sigma50/stride1
A_ramp_2008_sigma0,2008,A,ramp,0.0,1,0,bottleneck_linf,validation,/home/hugo_souto/Stuff/Research/Topological_Kinematics/research_review/results/cache/A/ramp/2008/sigma0/stride1
A_ramp_2008_sigma50,2008,A,ramp,0.05,1,0,bottleneck_linf,validation,/home/hugo_souto/Stuff/Research/Topological_Kinematics/research_review/results/cache/A/ramp/2008/sigma50/stride1
A_ramp_2009_sigma0,2009,A,ramp,0.0,1,0,bottleneck_linf,validation,/home/hugo_souto/Stuff/Research/Topological_Kinematics/research_review/results/cache/A/ramp/2009/sigma0/stride1
A_ramp_2009_sigma50,2009,A,ramp,0.05,1,0,bottleneck_linf,validation,/home/hugo_souto/Stuff/Research/Topological_Kinematics/research_review/results/cache/A/ramp/2009/sigma50/stride1
A_return_2000_sigma0,2000,A,return,0.0,1,0,bottleneck_linf,validation,/home/hugo_souto/Stuff/Research/Topological_Kinematics/research_review/results/cache/A/return/2000/sigma0/stride1
A_return_2000_sigma50,2000,A,return,0.05,1,0,bottleneck_linf,validation,/home/hugo_souto/Stuff/Research/Topological_Kinematics/research_review/results/cache/A/return/2000/sigma50/stride1
A_return_2001_sigma0,2001,A,return,0.0,1,0,bottleneck_linf,validation,/home/hugo_souto/Stuff/Research/Topological_Kinematics/research_review/results/cache/A/return/2001/sigma0/stride1
A_return_2001_sigma50,2001,A,return,0.05,1,0,bottleneck_linf,validation,/home/hugo_souto/Stuff/Research/Topological_Kinematics/research_review/results/cache/A/return/2001/sigma50/stride1
A_return_2002_sigma0,2002,A,return,0.0,1,0,bottleneck_linf,validation,/home/hugo_souto/Stuff/Research/Topological_Kinematics/research_review/results/cache/A/return/2002/sigma0/stride1
A_return_2002_sigma50,2002,A,return,0.05,1,0,bottleneck_linf,validation,/home/hugo_souto/Stuff/Research/Topological_Kinematics/research_review/results/cache/A/return/2002/sigma50/stride1
A_return_2003_sigma0,2003,A,return,0.0,1,0,bottleneck_linf,validation,/home/hugo_souto/Stuff/Research/Topological_Kinematics/research_review/results/cache/A/return/2003/sigma0/stride1
A_return_2003_sigma50,2003,A,return,0.05,1,0,bottleneck_linf,validation,/home/hugo_souto/Stuff/Research/Topological_Kinematics/research_review/results/cache/A/return/2003/sigma50/stride1
A_return_2004_sigma0,2004,A,return,0.0,1,0,bottleneck_linf,validation,/home/hugo_souto/Stuff/Research/Topological_Kinematics/research_review/results/cache/A/return/2004/sigma0/stride1
A_return_2004_sigma50,2004,A,return,0.05,1,0,bottleneck_linf,validation,/home/hugo_souto/Stuff/Research/Topological_Kinematics/research_review/results/cache/A/return/2004/sigma50/stride1
A_return_2005_sigma0,2005,A,return,0.0,1,0,bottleneck_linf,validation,/home/hugo_souto/Stuff/Research/Topological_Kinematics/research_review/results/cache/A/return/2005/sigma0/stride1
A_return_2005_sigma50,2005,A,return,0.05,1,0,bottleneck_linf,validation,/home/hugo_souto/Stuff/Research/Topological_Kinematics/research_review/results/cache/A/return/2005/sigma50/stride1
A_return_2006_sigma0,2006,A,return,0.0,1,0,bottleneck_linf,validation,/home/hugo_souto/Stuff/Research/Topological_Kinematics/research_review/results/cache/A/return/2006/sigma0/stride1
A_return_2006_sigma50,2006,A,return,0.05,1,0,bottleneck_linf,validation,/home/hugo_souto/Stuff/Research/Topological_Kinematics/research_review/results/cache/A/return/2006/sigma50/stride1
A_return_2007_sigma0,2007,A,return,0.0,1,0,bottleneck_linf,validation,/home/hugo_souto/Stuff/Research/Topological_Kinematics/research_review/results/cache/A/return/2007/sigma0/stride1
A_return_2007_sigma50,2007,A,return,0.05,1,0,bottleneck_linf,validation,/home/hugo_souto/Stuff/Research/Topological_Kinematics/research_review/results/cache/A/return/2007/sigma50/stride1
A_return_2008_sigma0,2008,A,return,0.0,1,0,bottleneck_linf,validation,/home/hugo_souto/Stuff/Research/Topological_Kinematics/research_review/results/cache/A/return/2008/sigma0/stride1
A_return_2008_sigma50,2008,A,return,0.05,1,0,bottleneck_linf,validation,/home/hugo_souto/Stuff/Research/Topological_Kinematics/research_review/results/cache/A/return/2008/sigma50/stride1
A_return_2009_sigma0,2009,A,return,0.0,1,0,bottleneck_linf,validation,/home/hugo_souto/Stuff/Research/Topological_Kinematics/research_review/results/cache/A/return/2009/sigma0/stride1
A_return_2009_sigma50,2009,A,return,0.05,1,0,bottleneck_linf,validation,/home/hugo_souto/Stuff/Research/Topological_Kinematics/research_review/results/cache/A/return/2009/sigma50/stride1
B_jump_2000_sigma0,2000,B,jump,0.0,1,0,bottleneck_linf,validation,/home/hugo_souto/Stuff/Research/Topological_Kinematics/research_review/results/cache/B/jump/2000/sigma0/stride1
B_jump_2000_sigma50,2000,B,jump,0.05,1,0,bottleneck_linf,validation,/home/hugo_souto/Stuff/Research/Topological_Kinematics/research_review/results/cache/B/jump/2000/sigma50/stride1
B_jump_2001_sigma0,2001,B,jump,0.0,1,0,bottleneck_linf,validation,/home/hugo_souto/Stuff/Research/Topological_Kinematics/research_review/results/cache/B/jump/2001/sigma0/stride1
B_jump_2001_sigma50,2001,B,jump,0.05,1,0,bottleneck_linf,validation,/home/hugo_souto/Stuff/Research/Topological_Kinematics/research_review/results/cache/B/jump/2001/sigma50/stride1
B_jump_2002_sigma0,2002,B,jump,0.0,1,0,bottleneck_linf,validation,/home/hugo_souto/Stuff/Research/Topological_Kinematics/research_review/results/cache/B/jump/2002/sigma0/stride1
B_jump_2002_sigma50,2002,B,jump,0.05,1,0,bottleneck_linf,validation,/home/hugo_souto/Stuff/Research/Topological_Kinematics/research_review/results/cache/B/jump/2002/sigma50/stride1
B_jump_2003_sigma0,2003,B,jump,0.0,1,0,bottleneck_linf,validation,/home/hugo_souto/Stuff/Research/Topological_Kinematics/research_review/results/cache/B/jump/2003/sigma0/stride1
B_jump_2003_sigma50,2003,B,jump,0.05,1,0,bottleneck_linf,validation,/home/hugo_souto/Stuff/Research/Topological_Kinematics/research_review/results/cache/B/jump/2003/sigma50/stride1
B_jump_2004_sigma0,2004,B,jump,0.0,1,0,bottleneck_linf,validation,/home/hugo_souto/Stuff/Research/Topological_Kinematics/research_review/results/cache/B/jump/2004/sigma0/stride1
B_jump_2004_sigma50,2004,B,jump,0.05,1,0,bottleneck_linf,validation,/home/hugo_souto/Stuff/Research/Topological_Kinematics/research_review/results/cache/B/jump/2004/sigma50/stride1
B_jump_2005_sigma0,2005,B,jump,0.0,1,0,bottleneck_linf,validation,/home/hugo_souto/Stuff/Research/Topological_Kinematics/research_review/results/cache/B/jump/2005/sigma0/stride1
B_jump_2005_sigma50,2005,B,jump,0.05,1,0,bottleneck_linf,validation,/home/hugo_souto/Stuff/Research/Topological_Kinematics/research_review/results/cache/B/jump/2005/sigma50/stride1
B_jump_2006_sigma0,2006,B,jump,0.0,1,0,bottleneck_linf,validation,/home/hugo_souto/Stuff/Research/Topological_Kinematics/research_review/results/cache/B/jump/2006/sigma0/stride1
B_jump_2006_sigma50,2006,B,jump,0.05,1,0,bottleneck_linf,validation,/home/hugo_souto/Stuff/Research/Topological_Kinematics/research_review/results/cache/B/jump/2006/sigma50/stride1
B_jump_2007_sigma0,2007,B,jump,0.0,1,0,bottleneck_linf,validation,/home/hugo_souto/Stuff/Research/Topological_Kinematics/research_review/results/cache/B/jump/2007/sigma0/stride1
B_jump_2007_sigma50,2007,B,jump,0.05,1,0,bottleneck_linf,validation,/home/hugo_souto/Stuff/Research/Topological_Kinematics/research_review/results/cache/B/jump/2007/sigma50/stride1
B_jump_2008_sigma0,2008,B,jump,0.0,1,0,bottleneck_linf,validation,/home/hugo_souto/Stuff/Research/Topological_Kinematics/research_review/results/cache/B/jump/2008/sigma0/stride1
B_jump_2008_sigma50,2008,B,jump,0.05,1,0,bottleneck_linf,validation,/home/hugo_souto/Stuff/Research/Topological_Kinematics/research_review/results/cache/B/jump/2008/sigma50/stride1
B_jump_2009_sigma0,2009,B,jump,0.0,1,0,bottleneck_linf,validation,/home/hugo_souto/Stuff/Research/Topological_Kinematics/research_review/results/cache/B/jump/2009/sigma0/stride1
B_jump_2009_sigma50,2009,B,jump,0.05,1,0,bottleneck_linf,validation,/home/hugo_souto/Stuff/Research/Topological_Kinematics/research_review/results/cache/B/jump/2009/sigma50/stride1
B_ramp_2000_sigma0,2000,B,ramp,0.0,1,0,bottleneck_linf,validation,/home/hugo_souto/Stuff/Research/Topological_Kinematics/research_review/results/cache/B/ramp/2000/sigma0/stride1
B_ramp_2000_sigma50,2000,B,ramp,0.05,1,0,bottleneck_linf,validation,/home/hugo_souto/Stuff/Research/Topological_Kinematics/research_review/results/cache/B/ramp/2000/sigma50/stride1
B_ramp_2001_sigma0,2001,B,ramp,0.0,1,0,bottleneck_linf,validation,/home/hugo_souto/Stuff/Research/Topological_Kinematics/research_review/results/cache/B/ramp/2001/sigma0/stride1
B_ramp_2001_sigma50,2001,B,ramp,0.05,1,0,bottleneck_linf,validation,/home/hugo_souto/Stuff/Research/Topological_Kinematics/research_review/results/cache/B/ramp/2001/sigma50/stride1
B_ramp_2002_sigma0,2002,B,ramp,0.0,1,0,bottleneck_linf,validation,/home/hugo_souto/Stuff/Research/Topological_Kinematics/research_review/results/cache/B/ramp/2002/sigma0/stride1
B_ramp_2002_sigma50,2002,B,ramp,0.05,1,0,bottleneck_linf,validation,/home/hugo_souto/Stuff/Research/Topological_Kinematics/research_review/results/cache/B/ramp/2002/sigma50/stride1
B_ramp_2003_sigma0,2003,B,ramp,0.0,1,0,bottleneck_linf,validation,/home/hugo_souto/Stuff/Research/Topological_Kinematics/research_review/results/cache/B/ramp/2003/sigma0/stride1
B_ramp_2003_sigma50,2003,B,ramp,0.05,1,0,bottleneck_linf,validation,/home/hugo_souto/Stuff/Research/Topological_Kinematics/research_review/results/cache/B/ramp/2003/sigma50/stride1
B_ramp_2004_sigma0,2004,B,ramp,0.0,1,0,bottleneck_linf,validation,/home/hugo_souto/Stuff/Research/Topological_Kinematics/research_review/results/cache/B/ramp/2004/sigma0/stride1
B_ramp_2004_sigma50,2004,B,ramp,0.05,1,0,bottleneck_linf,validation,/home/hugo_souto/Stuff/Research/Topological_Kinematics/research_review/results/cache/B/ramp/2004/sigma50/stride1
B_ramp_2005_sigma0,2005,B,ramp,0.0,1,0,bottleneck_linf,validation,/home/hugo_souto/Stuff/Research/Topological_Kinematics/research_review/results/cache/B/ramp/2005/sigma0/stride1
B_ramp_2005_sigma50,2005,B,ramp,0.05,1,0,bottleneck_linf,validation,/home/hugo_souto/Stuff/Research/Topological_Kinematics/research_review/results/cache/B/ramp/2005/sigma50/stride1
B_ramp_2006_sigma0,2006,B,ramp,0.0,1,0,bottleneck_linf,validation,/home/hugo_souto/Stuff/Research/Topological_Kinematics/research_review/results/cache/B/ramp/2006/sigma0/stride1
B_ramp_2006_sigma50,2006,B,ramp,0.05,1,0,bottleneck_linf,validation,/home/hugo_souto/Stuff/Research/Topological_Kinematics/research_review/results/cache/B/ramp/2006/sigma50/stride1
B_ramp_2007_sigma0,2007,B,ramp,0.0,1,0,bottleneck_linf,validation,/home/hugo_souto/Stuff/Research/Topological_Kinematics/research_review/results/cache/B/ramp/2007/sigma0/stride1
B_ramp_2007_sigma50,2007,B,ramp,0.05,1,0,bottleneck_linf,validation,/home/hugo_souto/Stuff/Research/Topological_Kinematics/research_review/results/cache/B/ramp/2007/sigma50/stride1
B_ramp_2008_sigma0,2008,B,ramp,0.0,1,0,bottleneck_linf,validation,/home/hugo_souto/Stuff/Research/Topological_Kinematics/research_review/results/cache/B/ramp/2008/sigma0/stride1
B_ramp_2008_sigma50,2008,B,ramp,0.05,1,0,bottleneck_linf,validation,/home/hugo_souto/Stuff/Research/Topological_Kinematics/research_review/results/cache/B/ramp/2008/sigma50/stride1
B_ramp_2009_sigma0,2009,B,ramp,0.0,1,0,bottleneck_linf,validation,/home/hugo_souto/Stuff/Research/Topological_Kinematics/research_review/results/cache/B/ramp/2009/sigma0/stride1
B_ramp_2009_sigma50,2009,B,ramp,0.05,1,0,bottleneck_linf,validation,/home/hugo_souto/Stuff/Research/Topological_Kinematics/research_review/results/cache/B/ramp/2009/sigma50/stride1
B_return_2000_sigma0,2000,B,return,0.0,1,0,bottleneck_linf,validation,/home/hugo_souto/Stuff/Research/Topological_Kinematics/research_review/results/cache/B/return/2000/sigma0/stride1
B_return_2000_sigma50,2000,B,return,0.05,1,0,bottleneck_linf,validation,/home/hugo_souto/Stuff/Research/Topological_Kinematics/research_review/results/cache/B/return/2000/sigma50/stride1
B_return_2001_sigma0,2001,B,return,0.0,1,0,bottleneck_linf,validation,/home/hugo_souto/Stuff/Research/Topological_Kinematics/research_review/results/cache/B/return/2001/sigma0/stride1
B_return_2001_sigma50,2001,B,return,0.05,1,0,bottleneck_linf,validation,/home/hugo_souto/Stuff/Research/Topological_Kinematics/research_review/results/cache/B/return/2001/sigma50/stride1
B_return_2002_sigma0,2002,B,return,0.0,1,0,bottleneck_linf,validation,/home/hugo_souto/Stuff/Research/Topological_Kinematics/research_review/results/cache/B/return/2002/sigma0/stride1
B_return_2002_sigma50,2002,B,return,0.05,1,0,bottleneck_linf,validation,/home/hugo_souto/Stuff/Research/Topological_Kinematics/research_review/results/cache/B/return/2002/sigma50/stride1
B_return_2003_sigma0,2003,B,return,0.0,1,0,bottleneck_linf,validation,/home/hugo_souto/Stuff/Research/Topological_Kinematics/research_review/results/cache/B/return/2003/sigma0/stride1
B_return_2003_sigma50,2003,B,return,0.05,1,0,bottleneck_linf,validation,/home/hugo_souto/Stuff/Research/Topological_Kinematics/research_review/results/cache/B/return/2003/sigma50/stride1
B_return_2004_sigma0,2004,B,return,0.0,1,0,bottleneck_linf,validation,/home/hugo_souto/Stuff/Research/Topological_Kinematics/research_review/results/cache/B/return/2004/sigma0/stride1
B_return_2004_sigma50,2004,B,return,0.05,1,0,bottleneck_linf,validation,/home/hugo_souto/Stuff/Research/Topological_Kinematics/research_review/results/cache/B/return/2004/sigma50/stride1
B_return_2005_sigma0,2005,B,return,0.0,1,0,bottleneck_linf,validation,/home/hugo_souto/Stuff/Research/Topological_Kinematics/research_review/results/cache/B/return/2005/sigma0/stride1
B_return_2005_sigma50,2005,B,return,0.05,1,0,bottleneck_linf,validation,/home/hugo_souto/Stuff/Research/Topological_Kinematics/research_review/results/cache/B/return/2005/sigma50/stride1
B_return_2006_sigma0,2006,B,return,0.0,1,0,bottleneck_linf,validation,/home/hugo_souto/Stuff/Research/Topological_Kinematics/research_review/results/cache/B/return/2006/sigma0/stride1
B_return_2006_sigma50,2006,B,return,0.05,1,0,bottleneck_linf,validation,/home/hugo_souto/Stuff/Research/Topological_Kinematics/research_review/results/cache/B/return/2006/sigma50/stride1
B_return_2007_sigma0,2007,B,return,0.0,1,0,bottleneck_linf,validation,/home/hugo_souto/Stuff/Research/Topological_Kinematics/research_review/results/cache/B/return/2007/sigma0/stride1
B_return_2007_sigma50,2007,B,return,0.05,1,0,bottleneck_linf,validation,/home/hugo_souto/Stuff/Research/Topological_Kinematics/research_review/results/cache/B/return/2007/sigma50/stride1
B_return_2008_sigma0,2008,B,return,0.0,1,0,bottleneck_linf,validation,/home/hugo_souto/Stuff/Research/Topological_Kinematics/research_review/results/cache/B/return/2008/sigma0/stride1
B_return_2008_sigma50,2008,B,return,0.05,1,0,bottleneck_linf,validation,/home/hugo_souto/Stuff/Research/Topological_Kinematics/research_review/results/cache/B/return/2008/sigma50/stride1
B_return_2009_sigma0,2009,B,return,0.0,1,0,bottleneck_linf,validation,/home/hugo_souto/Stuff/Research/Topological_Kinematics/research_review/results/cache/B/return/2009/sigma0/stride1
B_return_2009_sigma50,2009,B,return,0.05,1,0,bottleneck_linf,validation,/home/hugo_souto/Stuff/Research/Topological_Kinematics/research_review/results/cache/B/return/2009/sigma50/stride1
