run_id,family,seed,class,frame,u,z,card0,card1,dmax0,persistence0
A_return_11_sigma0_stride1,A,11,return,0,0,0.5,63,13,0.177724761246397,0.177724761246397
A_return_11_sigma0_stride1,A,11,return,1,0.0078125,0.5,63,13,0.177724761246397,0.177724761246397
A_return_11_sigma0_stride1,A,11,return,2,0.015625,0.5,63,13,0.177724761246397,0.177724761246397
A_return_11_sigma0_stride1,A,11,return,3,0.0234375,0.5,63,13,0.177724761246397,0.177724761246397
A_return_11_sigma0_stride1,A,11,return,4,0.03125,0.5,63,13,0.177724761246397,0.177724761246397
A_return_11_sigma0_stride1,A,11,return,5,0.0390625,0.5,63,13,0.177724761246397,0.177724761246397
A_return_11_sigma0_stride1,A,11,return,6,0.046875,0.5,63,13,0.177724761246397,0.177724761246397
A_return_11_sigma0_stride1,A,11,return,7,0.0546875,0.5,63,13,0.177724761246397,0.177724761246397
A_return_11_sigma0_stride1,A,11,return,8,0.0625,0.5,63,13,0.177724761246397,0.177724761246397
A_return_11_sigma0_stride1,A,11,return,9,0.0703125,0.5,63,13,0.177724761246397,0.177724761246397
A_return_11_sigma0_stride1,A,11,return,10,0.078125,0.5,63,13,0.177724761246397,0.177724761246397
A_return_11_sigma0_stride1,A,11,return,11,0.0859375,0.5,63,13,0.177724761246397,0.177724761246397
A_return_11_sigma0_stride1,A,11,return,12,0.09375,0.5,63,13,0.177724761246397,0.177724761246397
A_return_11_sigma0_stride1,A,11,return,13,0.1015625,0.5,63,13,0.177724761246397,0.177724761246397
A_return_11_sigma0_stride1,A,11,return,14,0.109375,0.5,63,13,0.177724761246397,0.177724761246397
A_return_11_sigma0_stride1,A,11,return,15,0.1171875,0.5,63,13,0.177724761246397,0.177724761246397
A_return_11_sigma0_stride1,A,11,return,16,0.125,0.5,63,13,0.177724761246397,0.177724761246397
A_return_11_sigma0_stride1,A,11,return,17,0.1328125,0.5,63,13,0.177724761246397,0.177724761246397
A_return_11_sigma0_stride1,A,11,return,18,0.140625,0.5,63,13,0.177724761246397,0.177724761246397
A_return_11_sigma0_stride1,A,11,return,19,0.1484375,0.5,63,13,0.177724761246397,0.177724761246397
A_return_11_sigma0_stride1,A,11,return,20,0.15625,0.5,63,13,0.177724761246397,0.177724761246397
A_return_11_sigma0_stride1,A,11,return,21,0.1640625,0.5,63,13,0.177724761246397,0.177724761246397
A_return_11_sigma0_stride1,A,11,return,22,0.171875,0.5,63,13,0.177724761246397,0.177724761246397
A_return_11_sigma0_stride1,A,11,return,23,0.1796875,0.5,63,13,0.177724761246397,0.177724761246397
A_return_11_sigma0_stride1,A,11,return,24,0.1875,0.5,63,13,0.177724761246397,0.177724761246397
A_return_11_sigma0_stride1,A,11,return,25,0.1953125,0.5,63,13,0.177724761246397,0.177724761246397
A_return_11_sigma0_stride1,A,11,return,26,0.203125,0.5,63,13,0.177724761246397,0.177724761246397
A_return_11_sigma0_stride1,A,11,return,27,0.2109375,0.5,63,13,0.177724761246397,0.177724761246397
A_return_11_sigma0_stride1,A,11,return,28,0.21875,0.5,63,13,0.177724761246397,0.177724761246397
A_return_11_sigma0_stride1,A,11,return,29,0.2265625,0.5,63,13,0.177724761246397,0.177724761246397
A_return_11_sigma0_stride1,A,11,return,30,0.234375,0.521397965163661,63,9,0.177724761246397,0.177724761246397
A_return_11_sigma0_stride1,A,11,return,31,0.2421875,0.586227058919378,63,7,0.177724761246397,0.177724761246397
A_return_11_sigma0_stride1,A,11,return,32,0.25,0.651056152675095,63,5,0.177724761246397,0.177724761246397
A_return_11_sigma0_stride1,A,11,return,33,0.2578125,0.715885246430812,63,6,0.177724761246397,0.177724761246397
A_return_11_sigma0_stride1,A,11,return,34,0.265625,0.780714340186529,63,3,0.177724761246397,0.177724761246397
A_return_11_sigma0_stride1,A,11,return,35,0.2734375,0.845543433942246,63,3,0.177724761246397,0.177724761246397
A_return_11_sigma0_stride1,A,11,return,36,0.28125,0.910372527697963,63,3,0.177724761246397,0.177724761246397
A_return_11_sigma0_stride1,A,11,return,37,0.2890625,0.97520162145368,63,4,0.177724761246397,0.177724761246397
A_return_11_sigma0_stride1,A,11,return,38,0.296875,1.0400307152094,63,4,0.177724761246397,0.177724761246397
A_return_11_sigma0_stride1,A,11,return,39,0.3046875,1.10485980896511,63,3,0.177724761246397,0.177724761246397
A_return_11_sigma0_stride1,A,11,return,40,0.3125,1.16968890272083,63,3,0.177724761246397,0.177724761246397
A_return_11_sigma0_stride1,A,11,return,41,0.3203125,1.23451799647655,63,4,0.177724761246397,0.177724761246397
A_return_11_sigma0_stride1,A,11,return,42,0.328125,1.29934709023226,63,5,0.177724761246397,0.177724761246397
A_return_11_sigma0_stride1,A,11,return,43,0.3359375,1.36417618398798,63,3,0.177724761246397,0.177724761246397
A_return_11_sigma0_stride1,A,11,return,44,0.34375,1.4290052777437,63,6,0.177724761246397,0.177724761246397
A_return_11_sigma0_stride1,A,11,return,45,0.3515625,1.49383437149941,63,7,0.177724761246397,0.177724761246397
A_return_11_sigma0_stride1,A,11,return,46,0.359375,1.55866346525513,63,9,0.177724761246397,0.177724761246397
A_return_11_sigma0_stride1,A,11,return,47,0.3671875,1.62349255901085,63,6,0.177724761246397,0.177724761246397
A_return_11_sigma0_stride1,A,11,return,48,0.375,1.68832165276657,63,7,0.177724761246397,0.177724761246397
A_return_11_sigma0_stride1,A,11,return,49,0.3828125,1.75315074652228,63,3,0.177724761246397,0.177724761246397
A_return_11_sigma0_stride1,A,11,return,50,0.390625,1.817979840278,63,3,0.177724761246397,0.177724761246397
A_return_11_sigma0_stride1,A,11,return,51,0.3984375,1.88280893403372,63,5,0.177724761246397,0.177724761246397
A_return_11_sigma0_stride1,A,11,return,52,0.40625,1.94763802778943,63,5,0.177724761246397,0.177724761246397
A_return_11_sigma0_stride1,A,11,return,53,0.4140625,2.01246712154515,63,5,0.205930925866913,0.205930925866913
A_return_11_sigma0_stride1,A,11,return,54,0.421875,2.07729621530087,63,5,0.270669848230978,0.270669848230978
A_return_11_sigma0_stride1,A,11,return,55,0.4296875,2.14212530905658,63,4,0.335443601889696,0.335443601889696
A_return_11_sigma0_stride1,A,11,return,56,0.4375,2.2069544028123,63,3,0.400235275994582,0.400235275994582
A_return_11_sigma0_stride1,A,11,return,57,0.4453125,2.27178349656802,63,3,0.46503738026804,0.46503738026804
A_return_11_sigma0_stride1,A,11,return,58,0.453125,2.33661259032373,63,3,0.529846087781196,0.529846087781196
A_return_11_sigma0_stride1,A,11,return,59,0.4609375,2.40144168407945,63,3,0.594659239583386,0.594659239583386
A_return_11_sigma0_stride1,A,11,return,60,0.46875,2.46627077783517,63,3,0.659475525323812,0.659475525323812
A_return_11_sigma0_stride1,A,11,return,61,0.4765625,2.53109987159089,63,3,0.724294103644866,0.724294103644866
A_return_11_sigma0_stride1,A,11,return,62,0.484375,2.5959289653466,63,3,0.789114409602751,0.789114409602751
A_return_11_sigma0_stride1,A,11,return,63,0.4921875,2.66075805910232,63,3,0.853936049774835,0.853936049774835
A_return_11_sigma0_stride1,A,11,return,64,0.5,2.72558715285804,63,3,0.91875874176074,0.91875874176074
A_return_11_sigma0_stride1,A,11,return,65,0.5078125,2.79041624661375,63,3,0.983582277602072,0.983582277602072
A_return_11_sigma0_stride1,A,11,return,66,0.515625,2.85524534036947,63,3,1.04840650077074,1.04840650077074
A_return_11_sigma0_stride1,A,11,return,67,0.5234375,2.92007443412519,63,3,1.11323129119613,1.11323129119613
A_return_11_sigma0_stride1,A,11,return,68,0.53125,2.9849035278809,63,3,1.17805655523512,1.17805655523512
A_return_11_sigma0_stride1,A,11,return,69,0.5390625,2.95026737836338,63,3,1.14342239778784,1.14342239778784
A_return_11_sigma0_stride1,A,11,return,70,0.546875,2.88543828460766,63,3,1.07859737645587,1.07859737645587
A_return_11_sigma0_stride1,A,11,return,71,0.5546875,2.82060919085195,63,3,1.01377287595716,1.01377287595716
A_return_11_sigma0_stride1,A,11,return,72,0.5625,2.75578009709623,63,3,0.948949003029029,0.948949003029029
A_return_11_sigma0_stride1,A,11,return,73,0.5703125,2.69095100334051,63,3,0.88412589571141,0.88412589571141
A_return_11_sigma0_stride1,A,11,return,74,0.578125,2.62612190958479,63,3,0.81930373572906,0.81930373572906
A_return_11_sigma0_stride1,A,11,return,75,0.5859375,2.56129281582908,63,3,0.754482767255858,0.754482767255858
A_return_11_sigma0_stride1,A,11,return,76,0.59375,2.49646372207336,63,3,0.689663326259196,0.689663326259196
A_return_11_sigma0_stride1,A,11,return,77,0.6015625,2.43163462831764,63,3,0.624845888105309,0.624845888105309
A_return_11_sigma0_stride1,A,11,return,78,0.609375,2.36680553456193,63,3,0.560031148215617,0.560031148215617
A_return_11_sigma0_stride1,A,11,return,79,0.6171875,2.30197644080621,63,3,0.495220166043011,0.495220166043011
A_return_11_sigma0_stride1,A,11,return,80,0.625,2.23714734705049,63,3,0.430414639079583,0.430414639079583
A_return_11_sigma0_stride1,A,11,return,81,0.6328125,2.17231825329478,63,3,0.365617468136744,0.365617468136744
A_return_11_sigma0_stride1,A,11,return,82,0.640625,2.10748915953906,63,4,0.300834052716466,0.300834052716466
A_return_11_sigma0_stride1,A,11,return,83,0.6484375,2.04266006578334,63,5,0.236075717377452,0.236075717377452
A_return_11_sigma0_stride1,A,11,return,84,0.65625,1.97783097202763,63,5,0.177724761246397,0.177724761246397
A_return_11_sigma0_stride1,A,11,return,85,0.6640625,1.91300187827191,63,5,0.177724761246397,0.177724761246397
A_return_11_sigma0_stride1,A,11,return,86,0.671875,1.84817278451619,63,4,0.177724761246397,0.177724761246397
A_return_11_sigma0_stride1,A,11,return,87,0.6796875,1.78334369076048,63,3,0.177724761246397,0.177724761246397
A_return_11_sigma0_stride1,A,11,return,88,0.6875,1.71851459700476,63,3,0.177724761246397,0.177724761246397
A_return_11_sigma0_stride1,A,11,return,89,0.6953125,1.65368550324904,63,6,0.177724761246397,0.177724761246397
A_return_11_sigma0_stride1,A,11,return,90,0.703125,1.58885640949332,63,7,0.177724761246397,0.177724761246397
A_return_11_sigma0_stride1,A,11,return,91,0.7109375,1.52402731573761,63,7,0.177724761246397,0.177724761246397
A_return_11_sigma0_stride1,A,11,return,92,0.71875,1.45919822198189,63,7,0.177724761246397,0.177724761246397
A_return_11_sigma0_stride1,A,11,return,93,0.7265625,1.39436912822617,63,4,0.177724761246397,0.177724761246397
A_return_11_sigma0_stride1,A,11,return,94,0.734375,1.32954003447046,63,4,0.177724761246397,0.177724761246397
A_return_11_sigma0_stride1,A,11,return,95,0.7421875,1.26471094071474,63,5,0.177724761246397,0.177724761246397
A_return_11_sigma0_stride1,A,11,return,96,0.75,1.19988184695902,63,3,0.177724761246397,0.177724761246397
A_return_11_sigma0_stride1,A,11,return,97,0.7578125,1.13505275320331,63,3,0.177724761246397,0.177724761246397
A_return_11_sigma0_stride1,A,11,return,98,0.765625,1.07022365944759,63,3,0.177724761246397,0.177724761246397
A_return_11_sigma0_stride1,A,11,return,99,0.7734375,1.00539456569187,63,5,0.177724761246397,0.177724761246397
A_return_11_sigma0_stride1,A,11,return,100,0.78125,0.940565471936156,63,3,0.177724761246397,0.177724761246397
A_return_11_sigma0_stride1,A,11,return,101,0.7890625,0.875736378180439,63,4,0.177724761246397,0.177724761246397
A_return_11_sigma0_stride1,A,11,return,102,0.796875,0.810907284424722,63,3,0.177724761246397,0.177724761246397
A_return_11_sigma0_stride1,A,11,return,103,0.8046875,0.746078190669005,63,3,0.177724761246397,0.177724761246397
A_return_11_sigma0_stride1,A,11,return,104,0.8125,0.681249096913288,63,7,0.177724761246397,0.177724761246397
A_return_11_sigma0_stride1,A,11,return,105,0.8203125,0.616420003157571,63,5,0.177724761246397,0.177724761246397
A_return_11_sigma0_stride1,A,11,return,106,0.828125,0.551590909401855,63,11,0.177724761246397,0.177724761246397
A_return_11_sigma0_stride1,A,11,return,107,0.8359375,0.5,63,13,0.177724761246397,0.177724761246397
A_return_11_sigma0_stride1,A,11,return,108,0.84375,0.5,63,13,0.177724761246397,0.177724761246397
A_return_11_sigma0_stride1,A,11,return,109,0.8515625,0.5,63,13,0.177724761246397,0.177724761246397
A_return_11_sigma0_stride1,A,11,return,110,0.859375,0.5,63,13,0.177724761246397,0.177724761246397
A_return_11_sigma0_stride1,A,11,return,111,0.8671875,0.5,63,13,0.177724761246397,0.177724761246397
A_return_11_sigma0_stride1,A,11,return,112,0.875,0.5,63,13,0.177724761246397,0.177724761246397
A_return_11_sigma0_stride1,A,11,return,113,0.8828125,0.5,63,13,0.177724761246397,0.177724761246397
A_return_11_sigma0_stride1,A,11,return,114,0.890625,0.5,63,13,0.177724761246397,0.177724761246397
A_return_11_sigma0_stride1,A,11,return,115,0.8984375,0.5,63,13,0.177724761246397,0.177724761246397
A_return_11_sigma0_stride1,A,11,return,116,0.90625,0.5,63,13,0.177724761246397,0.177724761246397
A_return_11_sigma0_stride1,A,11,return,117,0.9140625,0.5,63,13,0.177724761246397,0.177724761246397
A_return_11_sigma0_stride1,A,11,return,118,0.921875,0.5,63,13,0.177724761246397,0.177724761246397
A_return_11_sigma0_stride1,A,11,return,119,0.9296875,0.5,63,13,0.177724761246397,0.177724761246397
A_return_11_sigma0_stride1,A,11,return,120,0.9375,0.5,63,13,0.177724761246397,0.177724761246397
A_return_11_sigma0_stride1,A,11,return,121,0.9453125,0.5,63,13,0.177724761246397,0.177724761246397
A_return_11_sigma0_stride1,A,11,return,122,0.953125,0.5,63,13,0.177724761246397,0.177724761246397
A_return_11_sigma0_stride1,A,11,return,123,0.9609375,0.5,63,13,0.177724761246397,0.177724761246397
A_return_11_sigma0_stride1,A,11,return,124,0.96875,0.5,63,13,0.177724761246397,0.177724761246397
A_return_11_sigma0_stride1,A,11,return,125,0.9765625,0.5,63,13,0.177724761246397,0.177724761246397
A_return_11_sigma0_stride1,A,11,return,126,0.984375,0.5,63,13,0.177724761246397,0.177724761246397
A_return_11_sigma0_stride1,A,11,return,127,0.9921875,0.5,63,13,0.177724761246397,0.177724761246397
A_return_11_sigma0_stride1,A,11,return,128,1,0.5,63,13,0.177724761246397,0.177724761246397
A_ramp_11_sigma0_stride1,A,11,ramp,0,0,0.5,63,16,0.180843365997991,0.180843365997991
A_ramp_11_sigma0_stride1,A,11,ramp,1,0.0078125,0.5,63,16,0.180843365997991,0.180843365997991
A_ramp_11_sigma0_stride1,A,11,ramp,2,0.015625,0.5,63,16,0.180843365997991,0.180843365997991
A_ramp_11_sigma0_stride1,A,11,ramp,3,0.0234375,0.5,63,16,0.180843365997991,0.180843365997991
A_ramp_11_sigma0_stride1,A,11,ramp,4,0.03125,0.5,63,16,0.180843365997991,0.180843365997991
A_ramp_11_sigma0_stride1,A,11,ramp,5,0.0390625,0.5,63,16,0.180843365997991,0.180843365997991
A_ramp_11_sigma0_stride1,A,11,ramp,6,0.046875,0.5,63,16,0.180843365997991,0.180843365997991
A_ramp_11_sigma0_stride1,A,11,ramp,7,0.0546875,0.5,63,16,0.180843365997991,0.180843365997991
A_ramp_11_sigma0_stride1,A,11,ramp,8,0.0625,0.5,63,16,0.180843365997991,0.180843365997991
A_ramp_11_sigma0_stride1,A,11,ramp,9,0.0703125,0.5,63,16,0.180843365997991,0.180843365997991
A_ramp_11_sigma0_stride1,A,11,ramp,10,0.078125,0.5,63,16,0.180843365997991,0.180843365997991
A_ramp_11_sigma0_stride1,A,11,ramp,11,0.0859375,0.5,63,16,0.180843365997991,0.180843365997991
A_ramp_11_sigma0_stride1,A,11,ramp,12,0.09375,0.5,63,16,0.180843365997991,0.180843365997991
A_ramp_11_sigma0_stride1,A,11,ramp,13,0.1015625,0.5,63,16,0.180843365997991,0.180843365997991
A_ramp_11_sigma0_stride1,A,11,ramp,14,0.109375,0.5,63,16,0.180843365997991,0.180843365997991
A_ramp_11_sigma0_stride1,A,11,ramp,15,0.1171875,0.5,63,16,0.180843365997991,0.180843365997991
A_ramp_11_sigma0_stride1,A,11,ramp,16,0.125,0.5,63,16,0.180843365997991,0.180843365997991
A_ramp_11_sigma0_stride1,A,11,ramp,17,0.1328125,0.5,63,16,0.180843365997991,0.180843365997991
A_ramp_11_sigma0_stride1,A,11,ramp,18,0.140625,0.5,63,16,0.180843365997991,0.180843365997991
A_ramp_11_sigma0_stride1,A,11,ramp,19,0.1484375,0.5,63,16,0.180843365997991,0.180843365997991
A_ramp_11_sigma0_stride1,A,11,ramp,20,0.15625,0.5,63,16,0.180843365997991,0.180843365997991
A_ramp_11_sigma0_stride1,A,11,ramp,21,0.1640625,0.5,63,16,0.180843365997991,0.180843365997991
A_ramp_11_sigma0_stride1,A,11,ramp,22,0.171875,0.5,63,16,0.180843365997991,0.180843365997991
A_ramp_11_sigma0_stride1,A,11,ramp,23,0.1796875,0.5,63,16,0.180843365997991,0.180843365997991
A_ramp_11_sigma0_stride1,A,11,ramp,24,0.1875,0.5,63,16,0.180843365997991,0.180843365997991
A_ramp_11_sigma0_stride1,A,11,ramp,25,0.1953125,0.5,63,16,0.180843365997991,0.180843365997991
A_ramp_11_sigma0_stride1,A,11,ramp,26,0.203125,0.5,63,16,0.180843365997991,0.180843365997991
A_ramp_11_sigma0_stride1,A,11,ramp,27,0.2109375,0.5,63,16,0.180843365997991,0.180843365997991
A_ramp_11_sigma0_stride1,A,11,ramp,28,0.21875,0.5,63,16,0.180843365997991,0.180843365997991
A_ramp_11_sigma0_stride1,A,11,ramp,29,0.2265625,0.512575859570828,63,17,0.180843365997991,0.180843365997991
A_ramp_11_sigma0_stride1,A,11,ramp,30,0.234375,0.546694678659407,63,8,0.180843365997991,0.180843365997991
A_ramp_11_sigma0_stride1,A,11,ramp,31,0.2421875,0.580813497747986,63,6,0.180843365997991,0.180843365997991
A_ramp_11_sigma0_stride1,A,11,ramp,32,0.25,0.614932316836565,63,10,0.180843365997991,0.180843365997991
A_ramp_11_sigma0_stride1,A,11,ramp,33,0.2578125,0.649051135925144,63,8,0.180843365997991,0.180843365997991
A_ramp_11_sigma0_stride1,A,11,ramp,34,0.265625,0.683169955013723,63,5,0.180843365997991,0.180843365997991
A_ramp_11_sigma0_stride1,A,11,ramp,35,0.2734375,0.717288774102302,63,4,0.180843365997991,0.180843365997991
A_ramp_11_sigma0_stride1,A,11,ramp,36,0.28125,0.751407593190881,63,4,0.180843365997991,0.180843365997991
A_ramp_11_sigma0_stride1,A,11,ramp,37,0.2890625,0.78552641227946,63,4,0.180843365997991,0.180843365997991
A_ramp_11_sigma0_stride1,A,11,ramp,38,0.296875,0.819645231368039,63,3,0.180843365997991,0.180843365997991
A_ramp_11_sigma0_stride1,A,11,ramp,39,0.3046875,0.853764050456618,63,3,0.180843365997991,0.180843365997991
A_ramp_11_sigma0_stride1,A,11,ramp,40,0.3125,0.887882869545197,63,3,0.180843365997991,0.180843365997991
A_ramp_11_sigma0_stride1,A,11,ramp,41,0.3203125,0.922001688633776,63,3,0.180843365997991,0.180843365997991
A_ramp_11_sigma0_stride1,A,11,ramp,42,0.328125,0.956120507722355,63,4,0.180843365997991,0.180843365997991
A_ramp_11_sigma0_stride1,A,11,ramp,43,0.3359375,0.990239326810935,63,3,0.180843365997991,0.180843365997991
A_ramp_11_sigma0_stride1,A,11,ramp,44,0.34375,1.02435814589951,63,3,0.180843365997991,0.180843365997991
A_ramp_11_sigma0_stride1,A,11,ramp,45,0.3515625,1.05847696498809,63,4,0.180843365997991,0.180843365997991
A_ramp_11_sigma0_stride1,A,11,ramp,46,0.359375,1.09259578407667,63,4,0.180843365997991,0.180843365997991
A_ramp_11_sigma0_stride1,A,11,ramp,47,0.3671875,1.12671460316525,63,3,0.180843365997991,0.180843365997991
A_ramp_11_sigma0_stride1,A,11,ramp,48,0.375,1.16083342225383,63,3,0.180843365997991,0.180843365997991
A_ramp_11_sigma0_stride1,A,11,ramp,49,0.3828125,1.19495224134241,63,4,0.180843365997991,0.180843365997991
A_ramp_11_sigma0_stride1,A,11,ramp,50,0.390625,1.22907106043099,63,4,0.180843365997991,0.180843365997991
A_ramp_11_sigma0_stride1,A,11,ramp,51,0.3984375,1.26318987951957,63,4,0.180843365997991,0.180843365997991
A_ramp_11_sigma0_stride1,A,11,ramp,52,0.40625,1.29730869860815,63,3,0.180843365997991,0.180843365997991
A_ramp_11_sigma0_stride1,A,11,ramp,53,0.4140625,1.33142751769672,63,4,0.180843365997991,0.180843365997991
A_ramp_11_sigma0_stride1,A,11,ramp,54,0.421875,1.3655463367853,63,5,0.180843365997991,0.180843365997991
A_ramp_11_sigma0_stride1,A,11,ramp,55,0.4296875,1.39966515587388,63,5,0.180843365997991,0.180843365997991
A_ramp_11_sigma0_stride1,A,11,ramp,56,0.4375,1.43378397496246,63,5,0.180843365997991,0.180843365997991
A_ramp_11_sigma0_stride1,A,11,ramp,57,0.4453125,1.46790279405104,63,5,0.180843365997991,0.180843365997991
A_ramp_11_sigma0_stride1,A,11,ramp,58,0.453125,1.50202161313962,63,5,0.180843365997991,0.180843365997991
A_ramp_11_sigma0_stride1,A,11,ramp,59,0.4609375,1.5361404322282,63,7,0.180843365997991,0.180843365997991
A_ramp_11_sigma0_stride1,A,11,ramp,60,0.46875,1.57025925131678,63,6,0.180843365997991,0.180843365997991
A_ramp_11_sigma0_stride1,A,11,ramp,61,0.4765625,1.60437807040536,63,7,0.180843365997991,0.180843365997991
A_ramp_11_sigma0_stride1,A,11,ramp,62,0.484375,1.63849688949394,63,5,0.180843365997991,0.180843365997991
A_ramp_11_sigma0_stride1,A,11,ramp,63,0.4921875,1.67261570858252,63,5,0.180843365997991,0.180843365997991
A_ramp_11_sigma0_stride1,A,11,ramp,64,0.5,1.70673452767109,63,4,0.180843365997991,0.180843365997991
A_ramp_11_sigma0_stride1,A,11,ramp,65,0.5078125,1.74085334675967,63,3,0.180843365997991,0.180843365997991
A_ramp_11_sigma0_stride1,A,11,ramp,66,0.515625,1.77497216584825,63,2,0.180843365997991,0.180843365997991
A_ramp_11_sigma0_stride1,A,11,ramp,67,0.5234375,1.80909098493683,63,2,0.180843365997991,0.180843365997991
A_ramp_11_sigma0_stride1,A,11,ramp,68,0.53125,1.84320980402541,63,3,0.180843365997991,0.180843365997991
A_ramp_11_sigma0_stride1,A,11,ramp,69,0.5390625,1.87732862311399,63,2,0.180843365997991,0.180843365997991
A_ramp_11_sigma0_stride1,A,11,ramp,70,0.546875,1.91144744220257,63,4,0.180843365997991,0.180843365997991
A_ramp_11_sigma0_stride1,A,11,ramp,71,0.5546875,1.94556626129115,63,5,0.180843365997991,0.180843365997991
A_ramp_11_sigma0_stride1,A,11,ramp,72,0.5625,1.97968508037973,63,5,0.180843365997991,0.180843365997991
A_ramp_11_sigma0_stride1,A,11,ramp,73,0.5703125,2.01380389946831,63,5,0.180843365997991,0.180843365997991
A_ramp_11_sigma0_stride1,A,11,ramp,74,0.578125,2.04792271855688,63,4,0.20682242215049,0.20682242215049
A_ramp_11_sigma0_stride1,A,11,ramp,75,0.5859375,2.08204153764546,63,4,0.24076153166623,0.24076153166623
A_ramp_11_sigma0_stride1,A,11,ramp,76,0.59375,2.11616035673404,63,4,0.274745161173661,0.274745161173661
A_ramp_11_sigma0_stride1,A,11,ramp,77,0.6015625,2.15027917582262,63,4,0.308758610695169,0.308758610695169
A_ramp_11_sigma0_stride1,A,11,ramp,78,0.609375,2.1843979949112,63,4,0.342793003721604,0.342793003721604
A_ramp_11_sigma0_stride1,A,11,ramp,79,0.6171875,2.21851681399978,63,3,0.376842665783144,0.376842665783144
A_ramp_11_sigma0_stride1,A,11,ramp,80,0.625,2.25263563308836,63,3,0.410903801078321,0.410903801078321
A_ramp_11_sigma0_stride1,A,11,ramp,81,0.6328125,2.28675445217694,63,3,0.444973774911147,0.444973774911147
A_ramp_11_sigma0_stride1,A,11,ramp,82,0.640625,2.32087327126552,63,3,0.479050701501144,0.479050701501144
A_ramp_11_sigma0_stride1,A,11,ramp,83,0.6484375,2.3549920903541,63,3,0.513133195662489,0.513133195662489
A_ramp_11_sigma0_stride1,A,11,ramp,84,0.65625,2.38911090944268,63,3,0.547220217101724,0.547220217101724
A_ramp_11_sigma0_stride1,A,11,ramp,85,0.6640625,2.42322972853125,63,3,0.581310969405287,0.581310969405287
A_ramp_11_sigma0_stride1,A,11,ramp,86,0.671875,2.45734854761983,63,3,0.6154048325525,0.6154048325525
A_ramp_11_sigma0_stride1,A,11,ramp,87,0.6796875,2.49146736670841,63,3,0.649501316656883,0.649501316656883
A_ramp_11_sigma0_stride1,A,11,ramp,88,0.6875,2.52558618579699,63,3,0.683600029535603,0.683600029535603
A_ramp_11_sigma0_stride1,A,11,ramp,89,0.6953125,2.55970500488557,63,3,0.717700653514491,0.717700653514491
A_ramp_11_sigma0_stride1,A,11,ramp,90,0.703125,2.59382382397415,63,3,0.751802928539904,0.751802928539904
A_ramp_11_sigma0_stride1,A,11,ramp,91,0.7109375,2.62794264306273,63,3,0.78590663968389,0.78590663968389
A_ramp_11_sigma0_stride1,A,11,ramp,92,0.71875,2.66206146215131,63,3,0.820011607764957,0.820011607764957
A_ramp_11_sigma0_stride1,A,11,ramp,93,0.7265625,2.69618028123989,63,3,0.854117682214409,0.854117682214409
A_ramp_11_sigma0_stride1,A,11,ramp,94,0.734375,2.73029910032847,63,3,0.888224735585177,0.888224735585177
A_ramp_11_sigma0_stride1,A,11,ramp,95,0.7421875,2.76441791941705,63,3,0.922332659278309,0.922332659278309
A_ramp_11_sigma0_stride1,A,11,ramp,96,0.75,2.79853673850562,63,3,0.956441360183382,0.956441360183382
A_ramp_11_sigma0_stride1,A,11,ramp,97,0.7578125,2.8326555575942,63,3,0.990550758012669,0.990550758012669
A_ramp_11_sigma0_stride1,A,11,ramp,98,0.765625,2.86677437668278,63,3,1.02466078316754,1.02466078316754
A_ramp_11_sigma0_stride1,A,11,ramp,99,0.7734375,2.90089319577136,63,3,1.05877137501707,1.05877137501707
A_ramp_11_sigma0_stride1,A,11,ramp,100,0.78125,2.93501201485994,63,3,1.09288248049897,1.09288248049897
A_ramp_11_sigma0_stride1,A,11,ramp,101,0.7890625,2.96913083394852,63,3,1.12699405297437,1.12699405297437
A_ramp_11_sigma0_stride1,A,11,ramp,102,0.796875,3,63,2,1.1578570305755,1.1578570305755
A_ramp_11_sigma0_stride1,A,11,ramp,103,0.8046875,3,63,2,1.1578570305755,1.1578570305755
A_ramp_11_sigma0_stride1,A,11,ramp,104,0.8125,3,63,2,1.1578570305755,1.1578570305755
A_ramp_11_sigma0_stride1,A,11,ramp,105,0.8203125,3,63,2,1.1578570305755,1.1578570305755
A_ramp_11_sigma0_stride1,A,11,ramp,106,0.828125,3,63,2,1.1578570305755,1.1578570305755
A_ramp_11_sigma0_stride1,A,11,ramp,107,0.8359375,3,63,2,1.1578570305755,1.1578570305755
A_ramp_11_sigma0_stride1,A,11,ramp,108,0.84375,3,63,2,1.1578570305755,1.1578570305755
A_ramp_11_sigma0_stride1,A,11,ramp,109,0.8515625,3,63,2,1.1578570305755,1.1578570305755
A_ramp_11_sigma0_stride1,A,11,ramp,110,0.859375,3,63,2,1.1578570305755,1.1578570305755
A_ramp_11_sigma0_stride1,A,11,ramp,111,0.8671875,3,63,2,1.1578570305755,1.1578570305755
A_ramp_11_sigma0_stride1,A,11,ramp,112,0.875,3,63,2,1.1578570305755,1.1578570305755
A_ramp_11_sigma0_stride1,A,11,ramp,113,0.8828125,3,63,2,1.1578570305755,1.1578570305755
A_ramp_11_sigma0_stride1,A,11,ramp,114,0.890625,3,63,2,1.1578570305755,1.1578570305755
A_ramp_11_sigma0_stride1,A,11,ramp,115,0.8984375,3,63,2,1.1578570305755,1.1578570305755
A_ramp_11_sigma0_stride1,A,11,ramp,116,0.90625,3,63,2,1.1578570305755,1.1578570305755
A_ramp_11_sigma0_stride1,A,11,ramp,117,0.9140625,3,63,2,1.1578570305755,1.1578570305755
A_ramp_11_sigma0_stride1,A,11,ramp,118,0.921875,3,63,2,1.1578570305755,1.1578570305755
A_ramp_11_sigma0_stride1,A,11,ramp,119,0.9296875,3,63,2,1.1578570305755,1.1578570305755
A_ramp_11_sigma0_stride1,A,11,ramp,120,0.9375,3,63,2,1.1578570305755,1.1578570305755
A_ramp_11_sigma0_stride1,A,11,ramp,121,0.9453125,3,63,2,1.1578570305755,1.1578570305755
A_ramp_11_sigma0_stride1,A,11,ramp,122,0.953125,3,63,2,1.1578570305755,1.1578570305755
A_ramp_11_sigma0_stride1,A,11,ramp,123,0.9609375,3,63,2,1.1578570305755,1.1578570305755
A_ramp_11_sigma0_stride1,A,11,ramp,124,0.96875,3,63,2,1.1578570305755,1.1578570305755
A_ramp_11_sigma0_stride1,A,11,ramp,125,0.9765625,3,63,2,1.1578570305755,1.1578570305755
A_ramp_11_sigma0_stride1,A,11,ramp,126,0.984375,3,63,2,1.1578570305755,1.1578570305755
A_ramp_11_sigma0_stride1,A,11,ramp,127,0.9921875,3,63,2,1.1578570305755,1.1578570305755
A_ramp_11_sigma0_stride1,A,11,ramp,128,1,3,63,2,1.1578570305755,1.1578570305755
A_jump_11_sigma0_stride1,A,11,jump,0,0,0.5,63,13,0.192529608670914,0.192529608670914
A_jump_11_sigma0_stride1,A,11,jump,1,0.0078125,0.5,63,13,0.192529608670914,0.192529608670914
A_jump_11_sigma0_stride1,A,11,jump,2,0.015625,0.5,63,13,0.192529608670914,0.192529608670914
A_jump_11_sigma0_stride1,A,11,jump,3,0.0234375,0.5,63,13,0.192529608670914,0.192529608670914
A_jump_11_sigma0_stride1,A,11,jump,4,0.03125,0.5,63,13,0.192529608670914,0.192529608670914
A_jump_11_sigma0_stride1,A,11,jump,5,0.0390625,0.5,63,13,0.192529608670914,0.192529608670914
A_jump_11_sigma0_stride1,A,11,jump,6,0.046875,0.5,63,13,0.192529608670914,0.192529608670914
A_jump_11_sigma0_stride1,A,11,jump,7,0.0546875,0.5,63,13,0.192529608670914,0.192529608670914
A_jump_11_sigma0_stride1,A,11,jump,8,0.0625,0.5,63,13,0.192529608670914,0.192529608670914
A_jump_11_sigma0_stride1,A,11,jump,9,0.0703125,0.5,63,13,0.192529608670914,0.192529608670914
A_jump_11_sigma0_stride1,A,11,jump,10,0.078125,0.5,63,13,0.192529608670914,0.192529608670914
A_jump_11_sigma0_stride1,A,11,jump,11,0.0859375,0.5,63,13,0.192529608670914,0.192529608670914
A_jump_11_sigma0_stride1,A,11,jump,12,0.09375,0.5,63,13,0.192529608670914,0.192529608670914
A_jump_11_sigma0_stride1,A,11,jump,13,0.1015625,0.5,63,13,0.192529608670914,0.192529608670914
A_jump_11_sigma0_stride1,A,11,jump,14,0.109375,0.5,63,13,0.192529608670914,0.192529608670914
A_jump_11_sigma0_stride1,A,11,jump,15,0.1171875,0.5,63,13,0.192529608670914,0.192529608670914
A_jump_11_sigma0_stride1,A,11,jump,16,0.125,0.5,63,13,0.192529608670914,0.192529608670914
A_jump_11_sigma0_stride1,A,11,jump,17,0.1328125,0.5,63,13,0.192529608670914,0.192529608670914
A_jump_11_sigma0_stride1,A,11,jump,18,0.140625,0.5,63,13,0.192529608670914,0.192529608670914
A_jump_11_sigma0_stride1,A,11,jump,19,0.1484375,0.5,63,13,0.192529608670914,0.192529608670914
A_jump_11_sigma0_stride1,A,11,jump,20,0.15625,0.5,63,13,0.192529608670914,0.192529608670914
A_jump_11_sigma0_stride1,A,11,jump,21,0.1640625,0.5,63,13,0.192529608670914,0.192529608670914
A_jump_11_sigma0_stride1,A,11,jump,22,0.171875,0.5,63,13,0.192529608670914,0.192529608670914
A_jump_11_sigma0_stride1,A,11,jump,23,0.1796875,0.5,63,13,0.192529608670914,0.192529608670914
A_jump_11_sigma0_stride1,A,11,jump,24,0.1875,0.5,63,13,0.192529608670914,0.192529608670914
A_jump_11_sigma0_stride1,A,11,jump,25,0.1953125,0.5,63,13,0.192529608670914,0.192529608670914
A_jump_11_sigma0_stride1,A,11,jump,26,0.203125,0.5,63,13,0.192529608670914,0.192529608670914
A_jump_11_sigma0_stride1,A,11,jump,27,0.2109375,0.5,63,13,0.192529608670914,0.192529608670914
A_jump_11_sigma0_stride1,A,11,jump,28,0.21875,0.5,63,13,0.192529608670914,0.192529608670914
A_jump_11_sigma0_stride1,A,11,jump,29,0.2265625,0.5,63,13,0.192529608670914,0.192529608670914
A_jump_11_sigma0_stride1,A,11,jump,30,0.234375,0.5,63,13,0.192529608670914,0.192529608670914
A_jump_11_sigma0_stride1,A,11,jump,31,0.2421875,0.5,63,13,0.192529608670914,0.192529608670914
A_jump_11_sigma0_stride1,A,11,jump,32,0.25,0.5,63,13,0.192529608670914,0.192529608670914
A_jump_11_sigma0_stride1,A,11,jump,33,0.2578125,0.5,63,13,0.192529608670914,0.192529608670914
A_jump_11_sigma0_stride1,A,11,jump,34,0.265625,0.5,63,13,0.192529608670914,0.192529608670914
A_jump_11_sigma0_stride1,A,11,jump,35,0.2734375,0.5,63,13,0.192529608670914,0.192529608670914
A_jump_11_sigma0_stride1,A,11,jump,36,0.28125,0.5,63,13,0.192529608670914,0.192529608670914
A_jump_11_sigma0_stride1,A,11,jump,37,0.2890625,0.5,63,13,0.192529608670914,0.192529608670914
A_jump_11_sigma0_stride1,A,11,jump,38,0.296875,0.5,63,13,0.192529608670914,0.192529608670914
A_jump_11_sigma0_stride1,A,11,jump,39,0.3046875,0.5,63,13,0.192529608670914,0.192529608670914
A_jump_11_sigma0_stride1,A,11,jump,40,0.3125,0.5,63,13,0.192529608670914,0.192529608670914
A_jump_11_sigma0_stride1,A,11,jump,41,0.3203125,0.5,63,13,0.192529608670914,0.192529608670914
A_jump_11_sigma0_stride1,A,11,jump,42,0.328125,0.5,63,13,0.192529608670914,0.192529608670914
A_jump_11_sigma0_stride1,A,11,jump,43,0.3359375,0.5,63,13,0.192529608670914,0.192529608670914
A_jump_11_sigma0_stride1,A,11,jump,44,0.34375,0.5,63,13,0.192529608670914,0.192529608670914
A_jump_11_sigma0_stride1,A,11,jump,45,0.3515625,0.5,63,13,0.192529608670914,0.192529608670914
A_jump_11_sigma0_stride1,A,11,jump,46,0.359375,0.5,63,13,0.192529608670914,0.192529608670914
A_jump_11_sigma0_stride1,A,11,jump,47,0.3671875,0.5,63,13,0.192529608670914,0.192529608670914
A_jump_11_sigma0_stride1,A,11,jump,48,0.375,0.5,63,13,0.192529608670914,0.192529608670914
A_jump_11_sigma0_stride1,A,11,jump,49,0.3828125,0.5,63,13,0.192529608670914,0.192529608670914
A_jump_11_sigma0_stride1,A,11,jump,50,0.390625,0.5,63,13,0.192529608670914,0.192529608670914
A_jump_11_sigma0_stride1,A,11,jump,51,0.3984375,0.5,63,13,0.192529608670914,0.192529608670914
A_jump_11_sigma0_stride1,A,11,jump,52,0.40625,0.5,63,13,0.192529608670914,0.192529608670914
A_jump_11_sigma0_stride1,A,11,jump,53,0.4140625,0.5,63,13,0.192529608670914,0.192529608670914
A_jump_11_sigma0_stride1,A,11,jump,54,0.421875,0.5,63,13,0.192529608670914,0.192529608670914
A_jump_11_sigma0_stride1,A,11,jump,55,0.4296875,0.5,63,13,0.192529608670914,0.192529608670914
A_jump_11_sigma0_stride1,A,11,jump,56,0.4375,0.5,63,13,0.192529608670914,0.192529608670914
A_jump_11_sigma0_stride1,A,11,jump,57,0.4453125,0.5,63,13,0.192529608670914,0.192529608670914
A_jump_11_sigma0_stride1,A,11,jump,58,0.453125,0.5,63,13,0.192529608670914,0.192529608670914
A_jump_11_sigma0_stride1,A,11,jump,59,0.4609375,0.5,63,13,0.192529608670914,0.192529608670914
A_jump_11_sigma0_stride1,A,11,jump,60,0.46875,0.5,63,13,0.192529608670914,0.192529608670914
A_jump_11_sigma0_stride1,A,11,jump,61,0.4765625,3,63,2,1.0434412544419,1.0434412544419
A_jump_11_sigma0_stride1,A,11,jump,62,0.484375,3,63,2,1.0434412544419,1.0434412544419
A_jump_11_sigma0_stride1,A,11,jump,63,0.4921875,3,63,2,1.0434412544419,1.0434412544419
A_jump_11_sigma0_stride1,A,11,jump,64,0.5,3,63,2,1.0434412544419,1.0434412544419
A_jump_11_sigma0_stride1,A,11,jump,65,0.5078125,3,63,2,1.0434412544419,1.0434412544419
A_jump_11_sigma0_stride1,A,11,jump,66,0.515625,3,63,2,1.0434412544419,1.0434412544419
A_jump_11_sigma0_stride1,A,11,jump,67,0.5234375,3,63,2,1.0434412544419,1.0434412544419
A_jump_11_sigma0_stride1,A,11,jump,68,0.53125,3,63,2,1.0434412544419,1.0434412544419
A_jump_11_sigma0_stride1,A,11,jump,69,0.5390625,3,63,2,1.0434412544419,1.0434412544419
A_jump_11_sigma0_stride1,A,11,jump,70,0.546875,3,63,2,1.0434412544419,1.0434412544419
A_jump_11_sigma0_stride1,A,11,jump,71,0.5546875,3,63,2,1.0434412544419,1.0434412544419
A_jump_11_sigma0_stride1,A,11,jump,72,0.5625,3,63,2,1.0434412544419,1.0434412544419
A_jump_11_sigma0_stride1,A,11,jump,73,0.5703125,3,63,2,1.0434412544419,1.0434412544419
A_jump_11_sigma0_stride1,A,11,jump,74,0.578125,3,63,2,1.0434412544419,1.0434412544419
A_jump_11_sigma0_stride1,A,11,jump,75,0.5859375,3,63,2,1.0434412544419,1.0434412544419
A_jump_11_sigma0_stride1,A,11,jump,76,0.59375,3,63,2,1.0434412544419,1.0434412544419
A_jump_11_sigma0_stride1,A,11,jump,77,0.6015625,3,63,2,1.0434412544419,1.0434412544419
A_jump_11_sigma0_stride1,A,11,jump,78,0.609375,3,63,2,1.0434412544419,1.0434412544419
A_jump_11_sigma0_stride1,A,11,jump,79,0.6171875,3,63,2,1.0434412544419,1.0434412544419
A_jump_11_sigma0_stride1,A,11,jump,80,0.625,3,63,2,1.0434412544419,1.0434412544419
A_jump_11_sigma0_stride1,A,11,jump,81,0.6328125,3,63,2,1.0434412544419,1.0434412544419
A_jump_11_sigma0_stride1,A,11,jump,82,0.640625,3,63,2,1.0434412544419,1.0434412544419
A_jump_11_sigma0_stride1,A,11,jump,83,0.6484375,3,63,2,1.0434412544419,1.0434412544419
A_jump_11_sigma0_stride1,A,11,jump,84,0.65625,3,63,2,1.0434412544419,1.0434412544419
A_jump_11_sigma0_stride1,A,11,jump,85,0.6640625,3,63,2,1.0434412544419,1.0434412544419
A_jump_11_sigma0_stride1,A,11,jump,86,0.671875,3,63,2,1.0434412544419,1.0434412544419
A_jump_11_sigma0_stride1,A,11,jump,87,0.6796875,3,63,2,1.0434412544419,1.0434412544419
A_jump_11_sigma0_stride1,A,11,jump,88,0.6875,3,63,2,1.0434412544419,1.0434412544419
A_jump_11_sigma0_stride1,A,11,jump,89,0.6953125,3,63,2,1.0434412544419,1.0434412544419
A_jump_11_sigma0_stride1,A,11,jump,90,0.703125,3,63,2,1.0434412544419,1.0434412544419
A_jump_11_sigma0_stride1,A,11,jump,91,0.7109375,3,63,2,1.0434412544419,1.0434412544419
A_jump_11_sigma0_stride1,A,11,jump,92,0.71875,3,63,2,1.0434412544419,1.0434412544419
A_jump_11_sigma0_stride1,A,11,jump,93,0.7265625,3,63,2,1.0434412544419,1.0434412544419
A_jump_11_sigma0_stride1,A,11,jump,94,0.734375,3,63,2,1.0434412544419,1.0434412544419
A_jump_11_sigma0_stride1,A,11,jump,95,0.7421875,3,63,2,1.0434412544419,1.0434412544419
A_jump_11_sigma0_stride1,A,11,jump,96,0.75,3,63,2,1.0434412544419,1.0434412544419
A_jump_11_sigma0_stride1,A,11,jump,97,0.7578125,3,63,2,1.0434412544419,1.0434412544419
A_jump_11_sigma0_stride1,A,11,jump,98,0.765625,3,63,2,1.0434412544419,1.0434412544419
A_jump_11_sigma0_stride1,A,11,jump,99,0.7734375,3,63,2,1.0434412544419,1.0434412544419
A_jump_11_sigma0_stride1,A,11,jump,100,0.78125,3,63,2,1.0434412544419,1.0434412544419
A_jump_11_sigma0_stride1,A,11,jump,101,0.7890625,3,63,2,1.0434412544419,1.0434412544419
A_jump_11_sigma0_stride1,A,11,jump,102,0.796875,3,63,2,1.0434412544419,1.0434412544419
A_jump_11_sigma0_stride1,A,11,jump,103,0.8046875,3,63,2,1.0434412544419,1.0434412544419
A_jump_11_sigma0_stride1,A,11,jump,104,0.8125,3,63,2,1.0434412544419,1.0434412544419
A_jump_11_sigma0_stride1,A,11,jump,105,0.8203125,3,63,2,1.0434412544419,1.0434412544419
A_jump_11_sigma0_stride1,A,11,jump,106,0.828125,3,63,2,1.0434412544419,1.0434412544419
A_jump_11_sigma0_stride1,A,11,jump,107,0.8359375,3,63,2,1.0434412544419,1.0434412544419
A_jump_11_sigma0_stride1,A,11,jump,108,0.84375,3,63,2,1.0434412544419,1.0434412544419
A_jump_11_sigma0_stride1,A,11,jump,109,0.8515625,3,63,2,1.0434412544419,1.0434412544419
A_jump_11_sigma0_stride1,A,11,jump,110,0.859375,3,63,2,1.0434412544419,1.0434412544419
A_jump_11_sigma0_stride1,A,11,jump,111,0.8671875,3,63,2,1.0434412544419,1.0434412544419
A_jump_11_sigma0_stride1,A,11,jump,112,0.875,3,63,2,1.0434412544419,1.0434412544419
A_jump_11_sigma0_stride1,A,11,jump,113,0.8828125,3,63,2,1.0434412544419,1.0434412544419
A_jump_11_sigma0_stride1,A,11,jump,114,0.890625,3,63,2,1.0434412544419,1.0434412544419
A_jump_11_sigma0_stride1,A,11,jump,115,0.8984375,3,63,2,1.0434412544419,1.0434412544419
A_jump_11_sigma0_stride1,A,11,jump,116,0.90625,3,63,2,1.0434412544419,1.0434412544419
A_jump_11_sigma0_stride1,A,11,jump,117,0.9140625,3,63,2,1.0434412544419,1.0434412544419
A_jump_11_sigma0_stride1,A,11,jump,118,0.921875,3,63,2,1.0434412544419,1.0434412544419
A_jump_11_sigma0_stride1,A,11,jump,119,0.9296875,3,63,2,1.0434412544419,1.0434412544419
A_jump_11_sigma0_stride1,A,11,jump,120,0.9375,3,63,2,1.0434412544419,1.0434412544419
A_jump_11_sigma0_stride1,A,11,jump,121,0.9453125,3,63,2,1.0434412544419,1.0434412544419
A_jump_11_sigma0_stride1,A,11,jump,122,0.953125,3,63,2,1.0434412544419,1.0434412544419
A_jump_11_sigma0_stride1,A,11,jump,123,0.9609375,3,63,2,1.0434412544419,1.0434412544419
A_jump_11_sigma0_stride1,A,11,jump,124,0.96875,3,63,2,1.0434412544419,1.0434412544419
A_jump_11_sigma0_stride1,A,11,jump,125,0.9765625,3,63,2,1.0434412544419,1.0434412544419
A_jump_11_sigma0_stride1,A,11,jump,126,0.984375,3,63,2,1.0434412544419,1.0434412544419
A_jump_11_sigma0_stride1,A,11,jump,127,0.9921875,3,63,2,1.0434412544419,1.0434412544419
A_jump_11_sigma0_stride1,A,11,jump,128,1,3,63,2,1.0434412544419,1.0434412544419
A_return_12_sigma0_stride1,A,12,return,0,0,0.5,63,16,0.21233592060806,0.21233592060806
A_return_12_sigma0_stride1,A,12,return,1,0.0078125,0.5,63,16,0.21233592060806,0.21233592060806
A_return_12_sigma0_stride1,A,12,return,2,0.015625,0.5,63,16,0.21233592060806,0.21233592060806
A_return_12_sigma0_stride1,A,12,return,3,0.0234375,0.5,63,16,0.21233592060806,0.21233592060806
A_return_12_sigma0_stride1,A,12,return,4,0.03125,0.5,63,16,0.21233592060806,0.21233592060806
A_return_12_sigma0_stride1,A,12,return,5,0.0390625,0.5,63,16,0.21233592060806,0.21233592060806
A_return_12_sigma0_stride1,A,12,return,6,0.046875,0.5,63,16,0.21233592060806,0.21233592060806
A_return_12_sigma0_stride1,A,12,return,7,0.0546875,0.5,63,16,0.21233592060806,0.21233592060806
A_return_12_sigma0_stride1,A,12,return,8,0.0625,0.5,63,16,0.21233592060806,0.21233592060806
A_return_12_sigma0_stride1,A,12,return,9,0.0703125,0.5,63,16,0.21233592060806,0.21233592060806
A_return_12_sigma0_stride1,A,12,return,10,0.078125,0.5,63,16,0.21233592060806,0.21233592060806
A_return_12_sigma0_stride1,A,12,return,11,0.0859375,0.5,63,16,0.21233592060806,0.21233592060806
A_return_12_sigma0_stride1,A,12,return,12,0.09375,0.5,63,16,0.21233592060806,0.21233592060806
A_return_12_sigma0_stride1,A,12,return,13,0.1015625,0.5,63,16,0.21233592060806,0.21233592060806
A_return_12_sigma0_stride1,A,12,return,14,0.109375,0.5,63,16,0.21233592060806,0.21233592060806
A_return_12_sigma0_stride1,A,12,return,15,0.1171875,0.5,63,16,0.21233592060806,0.21233592060806
A_return_12_sigma0_stride1,A,12,return,16,0.125,0.5,63,16,0.21233592060806,0.21233592060806
A_return_12_sigma0_stride1,A,12,return,17,0.1328125,0.5,63,16,0.21233592060806,0.21233592060806
A_return_12_sigma0_stride1,A,12,return,18,0.140625,0.5,63,16,0.21233592060806,0.21233592060806
A_return_12_sigma0_stride1,A,12,return,19,0.1484375,0.5,63,16,0.21233592060806,0.21233592060806
A_return_12_sigma0_stride1,A,12,return,20,0.15625,0.5,63,16,0.21233592060806,0.21233592060806
A_return_12_sigma0_stride1,A,12,return,21,0.1640625,0.5,63,16,0.21233592060806,0.21233592060806
A_return_12_sigma0_stride1,A,12,return,22,0.171875,0.5,63,16,0.21233592060806,0.21233592060806
A_return_12_sigma0_stride1,A,12,return,23,0.1796875,0.5,63,16,0.21233592060806,0.21233592060806
A_return_12_sigma0_stride1,A,12,return,24,0.1875,0.5,63,16,0.21233592060806,0.21233592060806
A_return_12_sigma0_stride1,A,12,return,25,0.1953125,0.5,63,16,0.21233592060806,0.21233592060806
A_return_12_sigma0_stride1,A,12,return,26,0.203125,0.5,63,16,0.21233592060806,0.21233592060806
A_return_12_sigma0_stride1,A,12,return,27,0.2109375,0.503156911778926,63,16,0.21233592060806,0.21233592060806
A_return_12_sigma0_stride1,A,12,return,28,0.21875,0.569294512275007,63,16,0.21233592060806,0.21233592060806
A_return_12_sigma0_stride1,A,12,return,29,0.2265625,0.635432112771087,63,8,0.21233592060806,0.21233592060806
A_return_12_sigma0_stride1,A,12,return,30,0.234375,0.701569713267168,63,8,0.21233592060806,0.21233592060806
A_return_12_sigma0_stride1,A,12,return,31,0.2421875,0.767707313763248,63,8,0.21233592060806,0.21233592060806
A_return_12_sigma0_stride1,A,12,return,32,0.25,0.833844914259329,63,5,0.21233592060806,0.21233592060806
A_return_12_sigma0_stride1,A,12,return,33,0.2578125,0.899982514755409,63,5,0.21233592060806,0.21233592060806
A_return_12_sigma0_stride1,A,12,return,34,0.265625,0.96612011525149,63,5,0.21233592060806,0.21233592060806
A_return_12_sigma0_stride1,A,12,return,35,0.2734375,1.03225771574757,63,4,0.21233592060806,0.21233592060806
A_return_12_sigma0_stride1,A,12,return,36,0.28125,1.09839531624365,63,4,0.21233592060806,0.21233592060806
A_return_12_sigma0_stride1,A,12,return,37,0.2890625,1.16453291673973,63,3,0.21233592060806,0.21233592060806
A_return_12_sigma0_stride1,A,12,return,38,0.296875,1.23067051723581,63,4,0.21233592060806,0.21233592060806
A_return_12_sigma0_stride1,A,12,return,39,0.3046875,1.29680811773189,63,4,0.21233592060806,0.21233592060806
A_return_12_sigma0_stride1,A,12,return,40,0.3125,1.36294571822797,63,3,0.21233592060806,0.21233592060806
A_return_12_sigma0_stride1,A,12,return,41,0.3203125,1.42908331872405,63,4,0.21233592060806,0.21233592060806
A_return_12_sigma0_stride1,A,12,return,42,0.328125,1.49522091922013,63,3,0.21233592060806,0.21233592060806
A_return_12_sigma0_stride1,A,12,return,43,0.3359375,1.56135851971621,63,3,0.212335920608059,0.212335920608059
A_return_12_sigma0_stride1,A,12,return,44,0.34375,1.6274961202123,63,3,0.21233592060806,0.21233592060806
A_return_12_sigma0_stride1,A,12,return,45,0.3515625,1.69363372070838,63,3,0.21233592060806,0.21233592060806
A_return_12_sigma0_stride1,A,12,return,46,0.359375,1.75977132120446,63,3,0.21233592060806,0.21233592060806
A_return_12_sigma0_stride1,A,12,return,47,0.3671875,1.82590892170054,63,4,0.21233592060806,0.21233592060806
A_return_12_sigma0_stride1,A,12,return,48,0.375,1.89204652219662,63,4,0.21233592060806,0.21233592060806
A_return_12_sigma0_stride1,A,12,return,49,0.3828125,1.9581841226927,63,4,0.21233592060806,0.21233592060806
A_return_12_sigma0_stride1,A,12,return,50,0.390625,2.02432172318878,63,2,0.21233592060806,0.21233592060806
A_return_12_sigma0_stride1,A,12,return,51,0.3984375,2.09045932368486,63,2,0.212335920608059,0.212335920608059
A_return_12_sigma0_stride1,A,12,return,52,0.40625,2.15659692418094,63,2,0.21233592060806,0.21233592060806
A_return_12_sigma0_stride1,A,12,return,53,0.4140625,2.22273452467702,63,2,0.21233592060806,0.21233592060806
A_return_12_sigma0_stride1,A,12,return,54,0.421875,2.2888721251731,63,2,0.21233592060806,0.21233592060806
A_return_12_sigma0_stride1,A,12,return,55,0.4296875,2.35500972566918,63,3,0.21233592060806,0.21233592060806
A_return_12_sigma0_stride1,A,12,return,56,0.4375,2.42114732616526,63,3,0.267549263053432,0.267549263053432
A_return_12_sigma0_stride1,A,12,return,57,0.4453125,2.48728492666134,63,2,0.331612746828988,0.331612746828988
A_return_12_sigma0_stride1,A,12,return,58,0.453125,2.55342252715742,63,2,0.396358151117468,0.396358151117468
A_return_12_sigma0_stride1,A,12,return,59,0.4609375,2.6195601276535,63,2,0.46149855736915,0.46149855736915
A_return_12_sigma0_stride1,A,12,return,60,0.46875,2.68569772814958,63,2,0.526887480729153,0.526887480729153
A_return_12_sigma0_stride1,A,12,return,61,0.4765625,2.75183532864566,63,2,0.592442639116379,0.592442639116379
A_return_12_sigma0_stride1,A,12,return,62,0.484375,2.81797292914174,63,2,0.658114358098958,0.658114358098958
A_return_12_sigma0_stride1,A,12,return,63,0.4921875,2.88411052963782,63,2,0.723870914201963,0.723870914201963
A_return_12_sigma0_stride1,A,12,return,64,0.5,2.95024813013391,63,2,0.789691114878423,0.789691114878423
A_return_12_sigma0_stride1,A,12,return,65,0.5078125,2.98361426937001,63,2,0.8229164429124,0.8229164429124
A_return_12_sigma0_stride1,A,12,return,66,0.515625,2.91747666887393,63,2,0.757070011789839,0.757070011789839
A_return_12_sigma0_stride1,A,12,return,67,0.5234375,2.85133906837785,63,2,0.69127917507046,0.69127917507046
A_return_12_sigma0_stride1,A,12,return,68,0.53125,2.78520146788177,63,2,0.625561473733385,0.625561473733385
A_return_12_sigma0_stride1,A,12,return,69,0.5390625,2.71906386738569,63,2,0.559942658985391,0.559942658985391
A_return_12_sigma0_stride1,A,12,return,70,0.546875,2.65292626688961,63,2,0.4944621013612,0.4944621013612
A_return_12_sigma0_stride1,A,12,return,71,0.5546875,2.58678866639353,63,2,0.429183087285829,0.429183087285829
A_return_12_sigma0_stride1,A,12,return,72,0.5625,2.52065106589745,63,2,0.364214002395043,0.364214002395043
A_return_12_sigma0_stride1,A,12,return,73,0.5703125,2.45451346540137,63,3,0.299756436240817,0.299756436240817
A_return_12_sigma0_stride1,A,12,return,74,0.578125,2.38837586490529,63,3,0.236229479518819,0.236229479518819
A_return_12_sigma0_stride1,A,12,return,75,0.5859375,2.32223826440921,63,4,0.21233592060806,0.21233592060806
A_return_12_sigma0_stride1,A,12,return,76,0.59375,2.25610066391313,63,2,0.21233592060806,0.21233592060806
A_return_12_sigma0_stride1,A,12,return,77,0.6015625,2.18996306341705,63,2,0.21233592060806,0.21233592060806
A_return_12_sigma0_stride1,A,12,return,78,0.609375,2.12382546292097,63,2,0.21233592060806,0.21233592060806
A_return_12_sigma0_stride1,A,12,return,79,0.6171875,2.05768786242489,63,2,0.212335920608059,0.212335920608059
A_return_12_sigma0_stride1,A,12,return,80,0.625,1.99155026192881,63,3,0.21233592060806,0.21233592060806
A_return_12_sigma0_stride1,A,12,return,81,0.6328125,1.92541266143273,63,4,0.21233592060806,0.21233592060806
A_return_12_sigma0_stride1,A,12,return,82,0.640625,1.85927506093665,63,4,0.21233592060806,0.21233592060806
A_return_12_sigma0_stride1,A,12,return,83,0.6484375,1.79313746044057,63,3,0.21233592060806,0.21233592060806
A_return_12_sigma0_stride1,A,12,return,84,0.65625,1.72699985994448,63,3,0.21233592060806,0.21233592060806
A_return_12_sigma0_stride1,A,12,return,85,0.6640625,1.6608622594484,63,3,0.21233592060806,0.21233592060806
A_return_12_sigma0_stride1,A,12,return,86,0.671875,1.59472465895232,63,3,0.21233592060806,0.21233592060806
A_return_12_sigma0_stride1,A,12,return,87,0.6796875,1.52858705845624,63,3,0.21233592060806,0.21233592060806
A_return_12_sigma0_stride1,A,12,return,88,0.6875,1.46244945796016,63,4,0.21233592060806,0.21233592060806
A_return_12_sigma0_stride1,A,12,return,89,0.6953125,1.39631185746408,63,4,0.21233592060806,0.21233592060806
A_return_12_sigma0_stride1,A,12,return,90,0.703125,1.330174256968,63,4,0.21233592060806,0.21233592060806
A_return_12_sigma0_stride1,A,12,return,91,0.7109375,1.26403665647192,63,4,0.21233592060806,0.21233592060806
A_return_12_sigma0_stride1,A,12,return,92,0.71875,1.19789905597584,63,3,0.21233592060806,0.21233592060806
A_return_12_sigma0_stride1,A,12,return,93,0.7265625,1.13176145547976,63,4,0.21233592060806,0.21233592060806
A_return_12_sigma0_stride1,A,12,return,94,0.734375,1.06562385498368,63,4,0.21233592060806,0.21233592060806
A_return_12_sigma0_stride1,A,12,return,95,0.7421875,0.999486254487599,63,4,0.21233592060806,0.21233592060806
A_return_12_sigma0_stride1,A,12,return,96,0.75,0.933348653991519,63,4,0.21233592060806,0.21233592060806
A_return_12_sigma0_stride1,A,12,return,97,0.7578125,0.867211053495438,63,4,0.21233592060806,0.21233592060806
A_return_12_sigma0_stride1,A,12,return,98,0.765625,0.801073452999358,63,6,0.21233592060806,0.21233592060806
A_return_12_sigma0_stride1,A,12,return,99,0.7734375,0.734935852503277,63,7,0.21233592060806,0.21233592060806
A_return_12_sigma0_stride1,A,12,return,100,0.78125,0.668798252007197,63,6,0.21233592060806,0.21233592060806
A_return_12_sigma0_stride1,A,12,return,101,0.7890625,0.602660651511116,63,12,0.21233592060806,0.21233592060806
A_return_12_sigma0_stride1,A,12,return,102,0.796875,0.536523051015036,63,15,0.21233592060806,0.21233592060806
A_return_12_sigma0_stride1,A,12,return,103,0.8046875,0.5,63,16,0.21233592060806,0.21233592060806
A_return_12_sigma0_stride1,A,12,return,104,0.8125,0.5,63,16,0.21233592060806,0.21233592060806
A_return_12_sigma0_stride1,A,12,return,105,0.8203125,0.5,63,16,0.21233592060806,0.21233592060806
A_return_12_sigma0_stride1,A,12,return,106,0.828125,0.5,63,16,0.21233592060806,0.21233592060806
A_return_12_sigma0_stride1,A,12,return,107,0.8359375,0.5,63,16,0.21233592060806,0.21233592060806
A_return_12_sigma0_stride1,A,12,return,108,0.84375,0.5,63,16,0.21233592060806,0.21233592060806
A_return_12_sigma0_stride1,A,12,return,109,0.8515625,0.5,63,16,0.21233592060806,0.21233592060806
A_return_12_sigma0_stride1,A,12,return,110,0.859375,0.5,63,16,0.21233592060806,0.21233592060806
A_return_12_sigma0_stride1,A,12,return,111,0.8671875,0.5,63,16,0.21233592060806,0.21233592060806
A_return_12_sigma0_stride1,A,12,return,112,0.875,0.5,63,16,0.21233592060806,0.21233592060806
A_return_12_sigma0_stride1,A,12,return,113,0.8828125,0.5,63,16,0.21233592060806,0.21233592060806
A_return_12_sigma0_stride1,A,12,return,114,0.890625,0.5,63,16,0.21233592060806,0.21233592060806
A_return_12_sigma0_stride1,A,12,return,115,0.8984375,0.5,63,16,0.21233592060806,0.21233592060806
A_return_12_sigma0_stride1,A,12,return,116,0.90625,0.5,63,16,0.21233592060806,0.21233592060806
A_return_12_sigma0_stride1,A,12,return,117,0.9140625,0.5,63,16,0.21233592060806,0.21233592060806
A_return_12_sigma0_stride1,A,12,return,118,0.921875,0.5,63,16,0.21233592060806,0.21233592060806
A_return_12_sigma0_stride1,A,12,return,119,0.9296875,0.5,63,16,0.21233592060806,0.21233592060806
A_return_12_sigma0_stride1,A,12,return,120,0.9375,0.5,63,16,0.21233592060806,0.21233592060806
A_return_12_sigma0_stride1,A,12,return,121,0.9453125,0.5,63,16,0.21233592060806,0.21233592060806
A_return_12_sigma0_stride1,A,12,return,122,0.953125,0.5,63,16,0.21233592060806,0.21233592060806
A_return_12_sigma0_stride1,A,12,return,123,0.9609375,0.5,63,16,0.21233592060806,0.21233592060806
A_return_12_sigma0_stride1,A,12,return,124,0.96875,0.5,63,16,0.21233592060806,0.21233592060806
A_return_12_sigma0_stride1,A,12,return,125,0.9765625,0.5,63,16,0.21233592060806,0.21233592060806
A_return_12_sigma0_stride1,A,12,return,126,0.984375,0.5,63,16,0.21233592060806,0.21233592060806
A_return_12_sigma0_stride1,A,12,return,127,0.9921875,0.5,63,16,0.21233592060806,0.21233592060806
A_return_12_sigma0_stride1,A,12,return,128,1,0.5,63,16,0.21233592060806,0.21233592060806
A_ramp_12_sigma0_stride1,A,12,ramp,0,0,0.5,63,11,0.184225969984344,0.184225969984344
A_ramp_12_sigma0_stride1,A,12,ramp,1,0.0078125,0.5,63,11,0.184225969984344,0.184225969984344
A_ramp_12_sigma0_stride1,A,12,ramp,2,0.015625,0.5,63,11,0.184225969984344,0.184225969984344
A_ramp_12_sigma0_stride1,A,12,ramp,3,0.0234375,0.5,63,11,0.184225969984344,0.184225969984344
A_ramp_12_sigma0_stride1,A,12,ramp,4,0.03125,0.5,63,11,0.184225969984344,0.184225969984344
A_ramp_12_sigma0_stride1,A,12,ramp,5,0.0390625,0.5,63,11,0.184225969984344,0.184225969984344
A_ramp_12_sigma0_stride1,A,12,ramp,6,0.046875,0.5,63,11,0.184225969984344,0.184225969984344
A_ramp_12_sigma0_stride1,A,12,ramp,7,0.0546875,0.5,63,11,0.184225969984344,0.184225969984344
A_ramp_12_sigma0_stride1,A,12,ramp,8,0.0625,0.5,63,11,0.184225969984344,0.184225969984344
A_ramp_12_sigma0_stride1,A,12,ramp,9,0.0703125,0.5,63,11,0.184225969984344,0.184225969984344
A_ramp_12_sigma0_stride1,A,12,ramp,10,0.078125,0.5,63,11,0.184225969984344,0.184225969984344
A_ramp_12_sigma0_stride1,A,12,ramp,11,0.0859375,0.5,63,11,0.184225969984344,0.184225969984344
A_ramp_12_sigma0_stride1,A,12,ramp,12,0.09375,0.5,63,11,0.184225969984344,0.184225969984344
A_ramp_12_sigma0_stride1,A,12,ramp,13,0.1015625,0.5,63,11,0.184225969984344,0.184225969984344
A_ramp_12_sigma0_stride1,A,12,ramp,14,0.109375,0.5,63,11,0.184225969984344,0.184225969984344
A_ramp_12_sigma0_stride1,A,12,ramp,15,0.1171875,0.5,63,11,0.184225969984344,0.184225969984344
A_ramp_12_sigma0_stride1,A,12,ramp,16,0.125,0.5,63,11,0.184225969984344,0.184225969984344
A_ramp_12_sigma0_stride1,A,12,ramp,17,0.1328125,0.5,63,11,0.184225969984344,0.184225969984344
A_ramp_12_sigma0_stride1,A,12,ramp,18,0.140625,0.5,63,11,0.184225969984344,0.184225969984344
A_ramp_12_sigma0_stride1,A,12,ramp,19,0.1484375,0.5,63,11,0.184225969984344,0.184225969984344
A_ramp_12_sigma0_stride1,A,12,ramp,20,0.15625,0.5,63,11,0.184225969984344,0.184225969984344
A_ramp_12_sigma0_stride1,A,12,ramp,21,0.1640625,0.5,63,11,0.184225969984344,0.184225969984344
A_ramp_12_sigma0_stride1,A,12,ramp,22,0.171875,0.508051699228509,63,10,0.184225969984344,0.184225969984344
A_ramp_12_sigma0_stride1,A,12,ramp,23,0.1796875,0.539044338519769,63,13,0.184225969984344,0.184225969984344
A_ramp_12_sigma0_stride1,A,12,ramp,24,0.1875,0.570036977811028,63,12,0.184225969984344,0.184225969984344
A_ramp_12_sigma0_stride1,A,12,ramp,25,0.1953125,0.601029617102288,63,9,0.184225969984344,0.184225969984344
A_ramp_12_sigma0_stride1,A,12,ramp,26,0.203125,0.632022256393548,63,6,0.184225969984344,0.184225969984344
A_ramp_12_sigma0_stride1,A,12,ramp,27,0.2109375,0.663014895684807,63,5,0.184225969984344,0.184225969984344
A_ramp_12_sigma0_stride1,A,12,ramp,28,0.21875,0.694007534976067,63,5,0.184225969984344,0.184225969984344
A_ramp_12_sigma0_stride1,A,12,ramp,29,0.2265625,0.725000174267326,63,7,0.184225969984344,0.184225969984344
A_ramp_12_sigma0_stride1,A,12,ramp,30,0.234375,0.755992813558586,63,5,0.184225969984344,0.184225969984344
A_ramp_12_sigma0_stride1,A,12,ramp,31,0.2421875,0.786985452849846,63,5,0.184225969984344,0.184225969984344
A_ramp_12_sigma0_stride1,A,12,ramp,32,0.25,0.817978092141105,63,4,0.184225969984344,0.184225969984344
A_ramp_12_sigma0_stride1,A,12,ramp,33,0.2578125,0.848970731432365,63,3,0.184225969984344,0.184225969984344
A_ramp_12_sigma0_stride1,A,12,ramp,34,0.265625,0.879963370723625,63,5,0.184225969984344,0.184225969984344
A_ramp_12_sigma0_stride1,A,12,ramp,35,0.2734375,0.910956010014884,63,3,0.184225969984344,0.184225969984344
A_ramp_12_sigma0_stride1,A,12,ramp,36,0.28125,0.941948649306144,63,3,0.184225969984344,0.184225969984344
A_ramp_12_sigma0_stride1,A,12,ramp,37,0.2890625,0.972941288597403,63,3,0.184225969984344,0.184225969984344
A_ramp_12_sigma0_stride1,A,12,ramp,38,0.296875,1.00393392788866,63,3,0.184225969984344,0.184225969984344
A_ramp_12_sigma0_stride1,A,12,ramp,39,0.3046875,1.03492656717992,63,5,0.184225969984344,0.184225969984344
A_ramp_12_sigma0_stride1,A,12,ramp,40,0.3125,1.06591920647118,63,4,0.184225969984344,0.184225969984344
A_ramp_12_sigma0_stride1,A,12,ramp,41,0.3203125,1.09691184576244,63,3,0.184225969984344,0.184225969984344
A_ramp_12_sigma0_stride1,A,12,ramp,42,0.328125,1.1279044850537,63,3,0.184225969984344,0.184225969984344
A_ramp_12_sigma0_stride1,A,12,ramp,43,0.3359375,1.15889712434496,63,5,0.184225969984344,0.184225969984344
A_ramp_12_sigma0_stride1,A,12,ramp,44,0.34375,1.18988976363622,63,5,0.184225969984344,0.184225969984344
A_ramp_12_sigma0_stride1,A,12,ramp,45,0.3515625,1.22088240292748,63,4,0.184225969984344,0.184225969984344
A_ramp_12_sigma0_stride1,A,12,ramp,46,0.359375,1.25187504221874,63,3,0.184225969984344,0.184225969984344
A_ramp_12_sigma0_stride1,A,12,ramp,47,0.3671875,1.28286768151,63,3,0.184225969984344,0.184225969984344
A_ramp_12_sigma0_stride1,A,12,ramp,48,0.375,1.31386032080126,63,3,0.184225969984344,0.184225969984344
A_ramp_12_sigma0_stride1,A,12,ramp,49,0.3828125,1.34485296009252,63,3,0.184225969984344,0.184225969984344
A_ramp_12_sigma0_stride1,A,12,ramp,50,0.390625,1.37584559938378,63,3,0.184225969984344,0.184225969984344
A_ramp_12_sigma0_stride1,A,12,ramp,51,0.3984375,1.40683823867504,63,3,0.184225969984344,0.184225969984344
A_ramp_12_sigma0_stride1,A,12,ramp,52,0.40625,1.4378308779663,63,3,0.184225969984344,0.184225969984344
A_ramp_12_sigma0_stride1,A,12,ramp,53,0.4140625,1.46882351725756,63,3,0.184225969984344,0.184225969984344
A_ramp_12_sigma0_stride1,A,12,ramp,54,0.421875,1.49981615654882,63,3,0.184225969984344,0.184225969984344
A_ramp_12_sigma0_stride1,A,12,ramp,55,0.4296875,1.53080879584008,63,3,0.184225969984344,0.184225969984344
A_ramp_12_sigma0_stride1,A,12,ramp,56,0.4375,1.56180143513134,63,3,0.184225969984344,0.184225969984344
A_ramp_12_sigma0_stride1,A,12,ramp,57,0.4453125,1.5927940744226,63,3,0.184225969984344,0.184225969984344
A_ramp_12_sigma0_stride1,A,12,ramp,58,0.453125,1.62378671371386,63,4,0.184225969984344,0.184225969984344
A_ramp_12_sigma0_stride1,A,12,ramp,59,0.4609375,1.65477935300511,63,4,0.184225969984344,0.184225969984344
A_ramp_12_sigma0_stride1,A,12,ramp,60,0.46875,1.68577199229637,63,4,0.184225969984344,0.184225969984344
A_ramp_12_sigma0_stride1,A,12,ramp,61,0.4765625,1.71676463158763,63,4,0.184225969984344,0.184225969984344
A_ramp_12_sigma0_stride1,A,12,ramp,62,0.484375,1.74775727087889,63,2,0.184225969984344,0.184225969984344
A_ramp_12_sigma0_stride1,A,12,ramp,63,0.4921875,1.77874991017015,63,2,0.184225969984344,0.184225969984344
A_ramp_12_sigma0_stride1,A,12,ramp,64,0.5,1.80974254946141,63,2,0.184225969984344,0.184225969984344
A_ramp_12_sigma0_stride1,A,12,ramp,65,0.5078125,1.84073518875267,63,2,0.184225969984344,0.184225969984344
A_ramp_12_sigma0_stride1,A,12,ramp,66,0.515625,1.87172782804393,63,2,0.184225969984344,0.184225969984344
A_ramp_12_sigma0_stride1,A,12,ramp,67,0.5234375,1.90272046733519,63,2,0.184225969984344,0.184225969984344
A_ramp_12_sigma0_stride1,A,12,ramp,68,0.53125,1.93371310662645,63,2,0.184225969984344,0.184225969984344
A_ramp_12_sigma0_stride1,A,12,ramp,69,0.5390625,1.96470574591771,63,2,0.184225969984344,0.184225969984344
A_ramp_12_sigma0_stride1,A,12,ramp,70,0.546875,1.99569838520897,63,2,0.184225969984344,0.184225969984344
A_ramp_12_sigma0_stride1,A,12,ramp,71,0.5546875,2.02669102450023,63,2,0.184225969984344,0.184225969984344
A_ramp_12_sigma0_stride1,A,12,ramp,72,0.5625,2.05768366379149,63,2,0.194962172317953,0.194962172317953
A_ramp_12_sigma0_stride1,A,12,ramp,73,0.5703125,2.08867630308275,63,2,0.223851001880498,0.223851001880498
A_ramp_12_sigma0_stride1,A,12,ramp,74,0.578125,2.11966894237401,63,2,0.253237795029389,0.253237795029389
A_ramp_12_sigma0_stride1,A,12,ramp,75,0.5859375,2.15066158166527,63,2,0.282967450425428,0.282967450425428
A_ramp_12_sigma0_stride1,A,12,ramp,76,0.59375,2.18165422095653,63,2,0.312942267119134,0.312942267119134
A_ramp_12_sigma0_stride1,A,12,ramp,77,0.6015625,2.21264686024779,63,2,0.343097995446689,0.343097995446689
A_ramp_12_sigma0_stride1,A,12,ramp,78,0.609375,2.24363949953905,63,2,0.373390805711502,0.373390805711502
A_ramp_12_sigma0_stride1,A,12,ramp,79,0.6171875,2.27463213883031,63,2,0.403789846926233,0.403789846926233
A_ramp_12_sigma0_stride1,A,12,ramp,80,0.625,2.30562477812157,63,2,0.434272811205136,0.434272811205136
A_ramp_12_sigma0_stride1,A,12,ramp,81,0.6328125,2.33661741741283,63,2,0.464823187893837,0.464823187893837
A_ramp_12_sigma0_stride1,A,12,ramp,82,0.640625,2.36761005670409,63,2,0.495428506281222,0.495428506281222
A_ramp_12_sigma0_stride1,A,12,ramp,83,0.6484375,2.39860269599535,63,2,0.526079177547234,0.526079177547234
A_ramp_12_sigma0_stride1,A,12,ramp,84,0.65625,2.42959533528661,63,2,0.556767711565586,0.556767711565586
A_ramp_12_sigma0_stride1,A,12,ramp,85,0.6640625,2.46058797457786,63,2,0.587488174873046,0.587488174873046
A_ramp_12_sigma0_stride1,A,12,ramp,86,0.671875,2.49158061386912,63,2,0.618235807738295,0.618235807738295
A_ramp_12_sigma0_stride1,A,12,ramp,87,0.6796875,2.52257325316038,63,2,0.649006748581598,0.649006748581598
A_ramp_12_sigma0_stride1,A,12,ramp,88,0.6875,2.55356589245164,63,2,0.679797832314556,0.679797832314556
A_ramp_12_sigma0_stride1,A,12,ramp,89,0.6953125,2.5845585317429,63,2,0.710606440524681,0.710606440524681
A_ramp_12_sigma0_stride1,A,12,ramp,90,0.703125,2.61555117103416,63,2,0.741430388634848,0.741430388634848
A_ramp_12_sigma0_stride1,A,12,ramp,91,0.7109375,2.64654381032542,63,2,0.772267839837812,0.772267839837812
A_ramp_12_sigma0_stride1,A,12,ramp,92,0.71875,2.67753644961668,63,2,0.803117238692321,0.803117238692321
A_ramp_12_sigma0_stride1,A,12,ramp,93,0.7265625,2.70852908890794,63,2,0.833977259343605,0.833977259343605
A_ramp_12_sigma0_stride1,A,12,ramp,94,0.734375,2.7395217281992,63,2,0.864846764750982,0.864846764750982
A_ramp_12_sigma0_stride1,A,12,ramp,95,0.7421875,2.77051436749046,63,2,0.895724774291012,0.895724774291012
A_ramp_12_sigma0_stride1,A,12,ramp,96,0.75,2.80150700678172,63,2,0.926610437798759,0.926610437798759
A_ramp_12_sigma0_stride1,A,12,ramp,97,0.7578125,2.83249964607298,63,2,0.957503014604656,0.957503014604656
A_ramp_12_sigma0_stride1,A,12,ramp,98,0.765625,2.86349228536424,63,2,0.988401856481906,0.988401856481906
A_ramp_12_sigma0_stride1,A,12,ramp,99,0.7734375,2.8944849246555,63,2,1.01930639368015,1.01930639368015
A_ramp_12_sigma0_stride1,A,12,ramp,100,0.78125,2.92547756394676,63,2,1.05021612341368,1.05021612341368
A_ramp_12_sigma0_stride1,A,12,ramp,101,0.7890625,2.95647020323802,63,2,1.08113060031587,1.08113060031587
A_ramp_12_sigma0_stride1,A,12,ramp,102,0.796875,2.98746284252928,63,2,1.1120494284793,1.1120494284793
A_ramp_12_sigma0_stride1,A,12,ramp,103,0.8046875,3,63,2,1.12455788221988,1.12455788221988
A_ramp_12_sigma0_stride1,A,12,ramp,104,0.8125,3,63,2,1.12455788221988,1.12455788221988
A_ramp_12_sigma0_stride1,A,12,ramp,105,0.8203125,3,63,2,1.12455788221988,1.12455788221988
A_ramp_12_sigma0_stride1,A,12,ramp,106,0.828125,3,63,2,1.12455788221988,1.12455788221988
A_ramp_12_sigma0_stride1,A,12,ramp,107,0.8359375,3,63,2,1.12455788221988,1.12455788221988
A_ramp_12_sigma0_stride1,A,12,ramp,108,0.84375,3,63,2,1.12455788221988,1.12455788221988
A_ramp_12_sigma0_stride1,A,12,ramp,109,0.8515625,3,63,2,1.12455788221988,1.12455788221988
A_ramp_12_sigma0_stride1,A,12,ramp,110,0.859375,3,63,2,1.12455788221988,1.12455788221988
A_ramp_12_sigma0_stride1,A,12,ramp,111,0.8671875,3,63,2,1.12455788221988,1.12455788221988
A_ramp_12_sigma0_stride1,A,12,ramp,112,0.875,3,63,2,1.12455788221988,1.12455788221988
A_ramp_12_sigma0_stride1,A,12,ramp,113,0.8828125,3,63,2,1.12455788221988,1.12455788221988
A_ramp_12_sigma0_stride1,A,12,ramp,114,0.890625,3,63,2,1.12455788221988,1.12455788221988
A_ramp_12_sigma0_stride1,A,12,ramp,115,0.8984375,3,63,2,1.12455788221988,1.12455788221988
A_ramp_12_sigma0_stride1,A,12,ramp,116,0.90625,3,63,2,1.12455788221988,1.12455788221988
A_ramp_12_sigma0_stride1,A,12,ramp,117,0.9140625,3,63,2,1.12455788221988,1.12455788221988
A_ramp_12_sigma0_stride1,A,12,ramp,118,0.921875,3,63,2,1.12455788221988,1.12455788221988
A_ramp_12_sigma0_stride1,A,12,ramp,119,0.9296875,3,63,2,1.12455788221988,1.12455788221988
A_ramp_12_sigma0_stride1,A,12,ramp,120,0.9375,3,63,2,1.12455788221988,1.12455788221988
A_ramp_12_sigma0_stride1,A,12,ramp,121,0.9453125,3,63,2,1.12455788221988,1.12455788221988
A_ramp_12_sigma0_stride1,A,12,ramp,122,0.953125,3,63,2,1.12455788221988,1.12455788221988
A_ramp_12_sigma0_stride1,A,12,ramp,123,0.9609375,3,63,2,1.12455788221988,1.12455788221988
A_ramp_12_sigma0_stride1,A,12,ramp,124,0.96875,3,63,2,1.12455788221988,1.12455788221988
A_ramp_12_sigma0_stride1,A,12,ramp,125,0.9765625,3,63,2,1.12455788221988,1.12455788221988
A_ramp_12_sigma0_stride1,A,12,ramp,126,0.984375,3,63,2,1.12455788221988,1.12455788221988
A_ramp_12_sigma0_stride1,A,12,ramp,127,0.9921875,3,63,2,1.12455788221988,1.12455788221988
A_ramp_12_sigma0_stride1,A,12,ramp,128,1,3,63,2,1.12455788221988,1.12455788221988
A_jump_12_sigma0_stride1,A,12,jump,0,0,0.5,63,15,0.196860011655695,0.196860011655695
A_jump_12_sigma0_stride1,A,12,jump,1,0.0078125,0.5,63,15,0.196860011655695,0.196860011655695
A_jump_12_sigma0_stride1,A,12,jump,2,0.015625,0.5,63,15,0.196860011655695,0.196860011655695
A_jump_12_sigma0_stride1,A,12,jump,3,0.0234375,0.5,63,15,0.196860011655695,0.196860011655695
A_jump_12_sigma0_stride1,A,12,jump,4,0.03125,0.5,63,15,0.196860011655695,0.196860011655695
A_jump_12_sigma0_stride1,A,12,jump,5,0.0390625,0.5,63,15,0.196860011655695,0.196860011655695
A_jump_12_sigma0_stride1,A,12,jump,6,0.046875,0.5,63,15,0.196860011655695,0.196860011655695
A_jump_12_sigma0_stride1,A,12,jump,7,0.0546875,0.5,63,15,0.196860011655695,0.196860011655695
A_jump_12_sigma0_stride1,A,12,jump,8,0.0625,0.5,63,15,0.196860011655695,0.196860011655695
A_jump_12_sigma0_stride1,A,12,jump,9,0.0703125,0.5,63,15,0.196860011655695,0.196860011655695
A_jump_12_sigma0_stride1,A,12,jump,10,0.078125,0.5,63,15,0.196860011655695,0.196860011655695
A_jump_12_sigma0_stride1,A,12,jump,11,0.0859375,0.5,63,15,0.196860011655695,0.196860011655695
A_jump_12_sigma0_stride1,A,12,jump,12,0.09375,0.5,63,15,0.196860011655695,0.196860011655695
A_jump_12_sigma0_stride1,A,12,jump,13,0.1015625,0.5,63,15,0.196860011655695,0.196860011655695
A_jump_12_sigma0_stride1,A,12,jump,14,0.109375,0.5,63,15,0.196860011655695,0.196860011655695
A_jump_12_sigma0_stride1,A,12,jump,15,0.1171875,0.5,63,15,0.196860011655695,0.196860011655695
A_jump_12_sigma0_stride1,A,12,jump,16,0.125,0.5,63,15,0.196860011655695,0.196860011655695
A_jump_12_sigma0_stride1,A,12,jump,17,0.1328125,0.5,63,15,0.196860011655695,0.196860011655695
A_jump_12_sigma0_stride1,A,12,jump,18,0.140625,0.5,63,15,0.196860011655695,0.196860011655695
A_jump_12_sigma0_stride1,A,12,jump,19,0.1484375,0.5,63,15,0.196860011655695,0.196860011655695
A_jump_12_sigma0_stride1,A,12,jump,20,0.15625,0.5,63,15,0.196860011655695,0.196860011655695
A_jump_12_sigma0_stride1,A,12,jump,21,0.1640625,0.5,63,15,0.196860011655695,0.196860011655695
A_jump_12_sigma0_stride1,A,12,jump,22,0.171875,0.5,63,15,0.196860011655695,0.196860011655695
A_jump_12_sigma0_stride1,A,12,jump,23,0.1796875,0.5,63,15,0.196860011655695,0.196860011655695
A_jump_12_sigma0_stride1,A,12,jump,24,0.1875,0.5,63,15,0.196860011655695,0.196860011655695
A_jump_12_sigma0_stride1,A,12,jump,25,0.1953125,0.5,63,15,0.196860011655695,0.196860011655695
A_jump_12_sigma0_stride1,A,12,jump,26,0.203125,0.5,63,15,0.196860011655695,0.196860011655695
A_jump_12_sigma0_stride1,A,12,jump,27,0.2109375,0.5,63,15,0.196860011655695,0.196860011655695
A_jump_12_sigma0_stride1,A,12,jump,28,0.21875,0.5,63,15,0.196860011655695,0.196860011655695
A_jump_12_sigma0_stride1,A,12,jump,29,0.2265625,0.5,63,15,0.196860011655695,0.196860011655695
A_jump_12_sigma0_stride1,A,12,jump,30,0.234375,0.5,63,15,0.196860011655695,0.196860011655695
A_jump_12_sigma0_stride1,A,12,jump,31,0.2421875,0.5,63,15,0.196860011655695,0.196860011655695
A_jump_12_sigma0_stride1,A,12,jump,32,0.25,0.5,63,15,0.196860011655695,0.196860011655695
A_jump_12_sigma0_stride1,A,12,jump,33,0.2578125,0.5,63,15,0.196860011655695,0.196860011655695
A_jump_12_sigma0_stride1,A,12,jump,34,0.265625,0.5,63,15,0.196860011655695,0.196860011655695
A_jump_12_sigma0_stride1,A,12,jump,35,0.2734375,0.5,63,15,0.196860011655695,0.196860011655695
A_jump_12_sigma0_stride1,A,12,jump,36,0.28125,0.5,63,15,0.196860011655695,0.196860011655695
A_jump_12_sigma0_stride1,A,12,jump,37,0.2890625,0.5,63,15,0.196860011655695,0.196860011655695
A_jump_12_sigma0_stride1,A,12,jump,38,0.296875,0.5,63,15,0.196860011655695,0.196860011655695
A_jump_12_sigma0_stride1,A,12,jump,39,0.3046875,0.5,63,15,0.196860011655695,0.196860011655695
A_jump_12_sigma0_stride1,A,12,jump,40,0.3125,0.5,63,15,0.196860011655695,0.196860011655695
A_jump_12_sigma0_stride1,A,12,jump,41,0.3203125,0.5,63,15,0.196860011655695,0.196860011655695
A_jump_12_sigma0_stride1,A,12,jump,42,0.328125,0.5,63,15,0.196860011655695,0.196860011655695
A_jump_12_sigma0_stride1,A,12,jump,43,0.3359375,0.5,63,15,0.196860011655695,0.196860011655695
A_jump_12_sigma0_stride1,A,12,jump,44,0.34375,0.5,63,15,0.196860011655695,0.196860011655695
A_jump_12_sigma0_stride1,A,12,jump,45,0.3515625,0.5,63,15,0.196860011655695,0.196860011655695
A_jump_12_sigma0_stride1,A,12,jump,46,0.359375,0.5,63,15,0.196860011655695,0.196860011655695
A_jump_12_sigma0_stride1,A,12,jump,47,0.3671875,0.5,63,15,0.196860011655695,0.196860011655695
A_jump_12_sigma0_stride1,A,12,jump,48,0.375,0.5,63,15,0.196860011655695,0.196860011655695
A_jump_12_sigma0_stride1,A,12,jump,49,0.3828125,0.5,63,15,0.196860011655695,0.196860011655695
A_jump_12_sigma0_stride1,A,12,jump,50,0.390625,0.5,63,15,0.196860011655695,0.196860011655695
A_jump_12_sigma0_stride1,A,12,jump,51,0.3984375,0.5,63,15,0.196860011655695,0.196860011655695
A_jump_12_sigma0_stride1,A,12,jump,52,0.40625,0.5,63,15,0.196860011655695,0.196860011655695
A_jump_12_sigma0_stride1,A,12,jump,53,0.4140625,0.5,63,15,0.196860011655695,0.196860011655695
A_jump_12_sigma0_stride1,A,12,jump,54,0.421875,0.5,63,15,0.196860011655695,0.196860011655695
A_jump_12_sigma0_stride1,A,12,jump,55,0.4296875,0.5,63,15,0.196860011655695,0.196860011655695
A_jump_12_sigma0_stride1,A,12,jump,56,0.4375,0.5,63,15,0.196860011655695,0.196860011655695
A_jump_12_sigma0_stride1,A,12,jump,57,0.4453125,0.5,63,15,0.196860011655695,0.196860011655695
A_jump_12_sigma0_stride1,A,12,jump,58,0.453125,0.5,63,15,0.196860011655695,0.196860011655695
A_jump_12_sigma0_stride1,A,12,jump,59,0.4609375,0.5,63,15,0.196860011655695,0.196860011655695
A_jump_12_sigma0_stride1,A,12,jump,60,0.46875,0.5,63,15,0.196860011655695,0.196860011655695
A_jump_12_sigma0_stride1,A,12,jump,61,0.4765625,0.5,63,15,0.196860011655695,0.196860011655695
A_jump_12_sigma0_stride1,A,12,jump,62,0.484375,0.5,63,15,0.196860011655695,0.196860011655695
A_jump_12_sigma0_stride1,A,12,jump,63,0.4921875,0.5,63,15,0.196860011655695,0.196860011655695
A_jump_12_sigma0_stride1,A,12,jump,64,0.5,3,63,2,0.999716335421954,0.999716335421954
A_jump_12_sigma0_stride1,A,12,jump,65,0.5078125,3,63,2,0.999716335421954,0.999716335421954
A_jump_12_sigma0_stride1,A,12,jump,66,0.515625,3,63,2,0.999716335421954,0.999716335421954
A_jump_12_sigma0_stride1,A,12,jump,67,0.5234375,3,63,2,0.999716335421954,0.999716335421954
A_jump_12_sigma0_stride1,A,12,jump,68,0.53125,3,63,2,0.999716335421954,0.999716335421954
A_jump_12_sigma0_stride1,A,12,jump,69,0.5390625,3,63,2,0.999716335421954,0.999716335421954
A_jump_12_sigma0_stride1,A,12,jump,70,0.546875,3,63,2,0.999716335421954,0.999716335421954
A_jump_12_sigma0_stride1,A,12,jump,71,0.5546875,3,63,2,0.999716335421954,0.999716335421954
A_jump_12_sigma0_stride1,A,12,jump,72,0.5625,3,63,2,0.999716335421954,0.999716335421954
A_jump_12_sigma0_stride1,A,12,jump,73,0.5703125,3,63,2,0.999716335421954,0.999716335421954
A_jump_12_sigma0_stride1,A,12,jump,74,0.578125,3,63,2,0.999716335421954,0.999716335421954
A_jump_12_sigma0_stride1,A,12,jump,75,0.5859375,3,63,2,0.999716335421954,0.999716335421954
A_jump_12_sigma0_stride1,A,12,jump,76,0.59375,3,63,2,0.999716335421954,0.999716335421954
A_jump_12_sigma0_stride1,A,12,jump,77,0.6015625,3,63,2,0.999716335421954,0.999716335421954
A_jump_12_sigma0_stride1,A,12,jump,78,0.609375,3,63,2,0.999716335421954,0.999716335421954
A_jump_12_sigma0_stride1,A,12,jump,79,0.6171875,3,63,2,0.999716335421954,0.999716335421954
A_jump_12_sigma0_stride1,A,12,jump,80,0.625,3,63,2,0.999716335421954,0.999716335421954
A_jump_12_sigma0_stride1,A,12,jump,81,0.6328125,3,63,2,0.999716335421954,0.999716335421954
A_jump_12_sigma0_stride1,A,12,jump,82,0.640625,3,63,2,0.999716335421954,0.999716335421954
A_jump_12_sigma0_stride1,A,12,jump,83,0.6484375,3,63,2,0.999716335421954,0.999716335421954
A_jump_12_sigma0_stride1,A,12,jump,84,0.65625,3,63,2,0.999716335421954,0.999716335421954
A_jump_12_sigma0_stride1,A,12,jump,85,0.6640625,3,63,2,0.999716335421954,0.999716335421954
A_jump_12_sigma0_stride1,A,12,jump,86,0.671875,3,63,2,0.999716335421954,0.999716335421954
A_jump_12_sigma0_stride1,A,12,jump,87,0.6796875,3,63,2,0.999716335421954,0.999716335421954
A_jump_12_sigma0_stride1,A,12,jump,88,0.6875,3,63,2,0.999716335421954,0.999716335421954
A_jump_12_sigma0_stride1,A,12,jump,89,0.6953125,3,63,2,0.999716335421954,0.999716335421954
A_jump_12_sigma0_stride1,A,12,jump,90,0.703125,3,63,2,0.999716335421954,0.999716335421954
A_jump_12_sigma0_stride1,A,12,jump,91,0.7109375,3,63,2,0.999716335421954,0.999716335421954
A_jump_12_sigma0_stride1,A,12,jump,92,0.71875,3,63,2,0.999716335421954,0.999716335421954
A_jump_12_sigma0_stride1,A,12,jump,93,0.7265625,3,63,2,0.999716335421954,0.999716335421954
A_jump_12_sigma0_stride1,A,12,jump,94,0.734375,3,63,2,0.999716335421954,0.999716335421954
A_jump_12_sigma0_stride1,A,12,jump,95,0.7421875,3,63,2,0.999716335421954,0.999716335421954
A_jump_12_sigma0_stride1,A,12,jump,96,0.75,3,63,2,0.999716335421954,0.999716335421954
A_jump_12_sigma0_stride1,A,12,jump,97,0.7578125,3,63,2,0.999716335421954,0.999716335421954
A_jump_12_sigma0_stride1,A,12,jump,98,0.765625,3,63,2,0.999716335421954,0.999716335421954
A_jump_12_sigma0_stride1,A,12,jump,99,0.7734375,3,63,2,0.999716335421954,0.999716335421954
A_jump_12_sigma0_stride1,A,12,jump,100,0.78125,3,63,2,0.999716335421954,0.999716335421954
A_jump_12_sigma0_stride1,A,12,jump,101,0.7890625,3,63,2,0.999716335421954,0.999716335421954
A_jump_12_sigma0_stride1,A,12,jump,102,0.796875,3,63,2,0.999716335421954,0.999716335421954
A_jump_12_sigma0_stride1,A,12,jump,103,0.8046875,3,63,2,0.999716335421954,0.999716335421954
A_jump_12_sigma0_stride1,A,12,jump,104,0.8125,3,63,2,0.999716335421954,0.999716335421954
A_jump_12_sigma0_stride1,A,12,jump,105,0.8203125,3,63,2,0.999716335421954,0.999716335421954
A_jump_12_sigma0_stride1,A,12,jump,106,0.828125,3,63,2,0.999716335421954,0.999716335421954
A_jump_12_sigma0_stride1,A,12,jump,107,0.8359375,3,63,2,0.999716335421954,0.999716335421954
A_jump_12_sigma0_stride1,A,12,jump,108,0.84375,3,63,2,0.999716335421954,0.999716335421954
A_jump_12_sigma0_stride1,A,12,jump,109,0.8515625,3,63,2,0.999716335421954,0.999716335421954
A_jump_12_sigma0_stride1,A,12,jump,110,0.859375,3,63,2,0.999716335421954,0.999716335421954
A_jump_12_sigma0_stride1,A,12,jump,111,0.8671875,3,63,2,0.999716335421954,0.999716335421954
A_jump_12_sigma0_stride1,A,12,jump,112,0.875,3,63,2,0.999716335421954,0.999716335421954
A_jump_12_sigma0_stride1,A,12,jump,113,0.8828125,3,63,2,0.999716335421954,0.999716335421954
A_jump_12_sigma0_stride1,A,12,jump,114,0.890625,3,63,2,0.999716335421954,0.999716335421954
A_jump_12_sigma0_stride1,A,12,jump,115,0.8984375,3,63,2,0.999716335421954,0.999716335421954
A_jump_12_sigma0_stride1,A,12,jump,116,0.90625,3,63,2,0.999716335421954,0.999716335421954
A_jump_12_sigma0_stride1,A,12,jump,117,0.9140625,3,63,2,0.999716335421954,0.999716335421954
A_jump_12_sigma0_stride1,A,12,jump,118,0.921875,3,63,2,0.999716335421954,0.999716335421954
A_jump_12_sigma0_stride1,A,12,jump,119,0.9296875,3,63,2,0.999716335421954,0.999716335421954
A_jump_12_sigma0_stride1,A,12,jump,120,0.9375,3,63,2,0.999716335421954,0.999716335421954
A_jump_12_sigma0_stride1,A,12,jump,121,0.9453125,3,63,2,0.999716335421954,0.999716335421954
A_jump_12_sigma0_stride1,A,12,jump,122,0.953125,3,63,2,0.999716335421954,0.999716335421954
A_jump_12_sigma0_stride1,A,12,jump,123,0.9609375,3,63,2,0.999716335421954,0.999716335421954
A_jump_12_sigma0_stride1,A,12,jump,124,0.96875,3,63,2,0.999716335421954,0.999716335421954
A_jump_12_sigma0_stride1,A,12,jump,125,0.9765625,3,63,2,0.999716335421954,0.999716335421954
A_jump_12_sigma0_stride1,A,12,jump,126,0.984375,3,63,2,0.999716335421954,0.999716335421954
A_jump_12_sigma0_stride1,A,12,jump,127,0.9921875,3,63,2,0.999716335421954,0.999716335421954
A_jump_12_sigma0_stride1,A,12,jump,128,1,3,63,2,0.999716335421954,0.999716335421954
B_return_11_sigma0_stride1,B,11,return,0,0,0.5,0,0,,
B_return_11_sigma0_stride1,B,11,return,1,0.0078125,0.5,0,0,,
B_return_11_sigma0_stride1,B,11,return,2,0.015625,0.5,0,0,,
B_return_11_sigma0_stride1,B,11,return,3,0.0234375,0.5,0,0,,
B_return_11_sigma0_stride1,B,11,return,4,0.03125,0.5,0,0,,
B_return_11_sigma0_stride1,B,11,return,5,0.0390625,0.5,0,0,,
B_return_11_sigma0_stride1,B,11,return,6,0.046875,0.5,0,0,,
B_return_11_sigma0_stride1,B,11,return,7,0.0546875,0.5,0,0,,
B_return_11_sigma0_stride1,B,11,return,8,0.0625,0.5,0,0,,
B_return_11_sigma0_stride1,B,11,return,9,0.0703125,0.5,0,0,,
B_return_11_sigma0_stride1,B,11,return,10,0.078125,0.5,0,0,,
B_return_11_sigma0_stride1,B,11,return,11,0.0859375,0.5,0,0,,
B_return_11_sigma0_stride1,B,11,return,12,0.09375,0.5,0,0,,
B_return_11_sigma0_stride1,B,11,return,13,0.1015625,0.5,0,0,,
B_return_11_sigma0_stride1,B,11,return,14,0.109375,0.5,0,0,,
B_return_11_sigma0_stride1,B,11,return,15,0.1171875,0.5,0,0,,
B_return_11_sigma0_stride1,B,11,return,16,0.125,0.5,0,0,,
B_return_11_sigma0_stride1,B,11,return,17,0.1328125,0.5,0,0,,
B_return_11_sigma0_stride1,B,11,return,18,0.140625,0.5,0,0,,
B_return_11_sigma0_stride1,B,11,return,19,0.1484375,0.5,0,0,,
B_return_11_sigma0_stride1,B,11,return,20,0.15625,0.5,0,0,,
B_return_11_sigma0_stride1,B,11,return,21,0.1640625,0.5,0,0,,
B_return_11_sigma0_stride1,B,11,return,22,0.171875,0.5,0,0,,
B_return_11_sigma0_stride1,B,11,return,23,0.1796875,0.5,0,0,,
B_return_11_sigma0_stride1,B,11,return,24,0.1875,0.5,0,0,,
B_return_11_sigma0_stride1,B,11,return,25,0.1953125,0.5,0,0,,
B_return_11_sigma0_stride1,B,11,return,26,0.203125,0.5,0,0,,
B_return_11_sigma0_stride1,B,11,return,27,0.2109375,0.5,0,0,,
B_return_11_sigma0_stride1,B,11,return,28,0.21875,0.5,0,0,,
B_return_11_sigma0_stride1,B,11,return,29,0.2265625,0.528713616171737,0,0,,
B_return_11_sigma0_stride1,B,11,return,30,0.234375,0.595166609356711,0,0,,
B_return_11_sigma0_stride1,B,11,return,31,0.2421875,0.661619602541684,0,0,,
B_return_11_sigma0_stride1,B,11,return,32,0.25,0.728072595726657,0,0,,
B_return_11_sigma0_stride1,B,11,return,33,0.2578125,0.79452558891163,0,0,,
B_return_11_sigma0_stride1,B,11,return,34,0.265625,0.860978582096604,1,0,-0.884192579517034,0.0630571376047
B_return_11_sigma0_stride1,B,11,return,35,0.2734375,0.927431575281577,1,0,-0.798398805470001,0.122505268345244
B_return_11_sigma0_stride1,B,11,return,36,0.28125,0.99388456846655,1,0,-0.715380203496844,0.17414633299066
B_return_11_sigma0_stride1,B,11,return,37,0.2890625,1.06033756165152,1,0,-0.636042634690301,0.217336363625864
B_return_11_sigma0_stride1,B,11,return,38,0.296875,1.1267905548365,1,0,-0.561119993895164,0.307558278268845
B_return_11_sigma0_stride1,B,11,return,39,0.3046875,1.19324354802147,1,0,-0.491171505225865,0.391496155761529
B_return_11_sigma0_stride1,B,11,return,40,0.3125,1.25969654120644,1,0,-0.426585429525814,0.462826109100233
B_return_11_sigma0_stride1,B,11,return,41,0.3203125,1.32614953439142,1,0,-0.367588344669875,0.521084291600677
B_return_11_sigma0_stride1,B,11,return,42,0.328125,1.39260252757639,1,0,-0.314258978740667,0.566161521060548
B_return_11_sigma0_stride1,B,11,return,43,0.3359375,1.45905552076136,1,0,-0.266545470921038,0.598283901905464
B_return_11_sigma0_stride1,B,11,return,44,0.34375,1.52550851394634,1,0,-0.224284903942872,0.617982992686994
B_return_11_sigma0_stride1,B,11,return,45,0.3515625,1.59196150713131,1,0,-0.187223988668309,0.662372040523295
B_return_11_sigma0_stride1,B,11,return,46,0.359375,1.65841450031628,1,0,-0.15503987545176,0.714808962724658
B_return_11_sigma0_stride1,B,11,return,47,0.3671875,1.72486749350126,1,0,-0.127360205210084,0.755565620486858
B_return_11_sigma0_stride1,B,11,return,48,0.375,1.79132048668623,1,0,-0.103781681078894,0.784710221066095
B_return_11_sigma0_stride1,B,11,return,49,0.3828125,1.8577734798712,1,0,-0.0838866245000507,0.802516673180119
B_return_11_sigma0_stride1,B,11,return,50,0.390625,1.92422647305618,1,0,-0.0672571639319323,0.809456492247104
B_return_11_sigma0_stride1,B,11,return,51,0.3984375,1.99067946624115,1,0,-0.0534868783825516,0.806184813796791
B_return_11_sigma0_stride1,B,11,return,52,0.40625,2.05713245942612,1,0,-0.042189872453935,0.793520672555698
B_return_11_sigma0_stride1,B,11,return,53,0.4140625,2.1235854526111,1,0,-0.0330073882187669,0.821918308502487
B_return_11_sigma0_stride1,B,11,return,54,0.421875,2.19003844579607,1,0,-0.0256121585620376,0.847936334791291
B_return_11_sigma0_stride1,B,11,return,55,0.4296875,2.25649143898104,1,0,-0.0197107757950331,0.865188811741551
B_return_11_sigma0_stride1,B,11,return,56,0.4375,2.32294443216602,1,0,-0.0150443898123009,0.873643560876435
B_return_11_sigma0_stride1,B,11,return,57,0.4453125,2.38939742535099,1,0,-0.0113880649593025,0.873427831152208
B_return_11_sigma0_stride1,B,11,return,58,0.453125,2.45585041853596,1,0,-0.00854911840308725,0.864834146739041
B_return_11_sigma0_stride1,B,11,return,59,0.4609375,2.52230341172094,1,0,-0.00636474003602138,0.848318408672905
B_return_11_sigma0_stride1,B,11,return,60,0.46875,2.58875640490591,1,0,-0.00469915977543896,0.831308770934438
B_return_11_sigma0_stride1,B,11,return,61,0.4765625,2.65520939809088,1,0,-0.00344058722802152,0.856455433197586
B_return_11_sigma0_stride1,B,11,return,62,0.484375,2.72166239127586,1,0,-0.00249810515138309,0.874360979893166
B_return_11_sigma0_stride1,B,11,return,63,0.4921875,2.78811538446083,1,0,-0.00179865528228258,0.884667171549057
B_return_11_sigma0_stride1,B,11,return,64,0.5,2.8545683776458,1,0,-0.00128421538612088,0.887185268488994
B_return_11_sigma0_stride1,B,11,return,65,0.5078125,2.92102137083078,1,0,-0.000909231465532732,0.881909132397801
B_return_11_sigma0_stride1,B,11,return,66,0.515625,2.98747436401575,1,0,-0.000638339851099381,0.869019720540961
B_return_11_sigma0_stride1,B,11,return,67,0.5234375,2.94607264279928,1,0,-0.000796511872675533,0.877928459161992
B_return_11_sigma0_stride1,B,11,return,68,0.53125,2.8796196496143,1,0,-0.00112858532902419,0.886105916054887
B_return_11_sigma0_stride1,B,11,return,69,0.5390625,2.81316665642933,1,0,-0.00158569991454272,0.886535425229381
B_return_11_sigma0_stride1,B,11,return,70,0.546875,2.74671366324436,1,0,-0.00220931680261826,0.879152647917812
B_return_11_sigma0_stride1,B,11,return,71,0.5546875,2.68026067005938,1,0,-0.00305247157650994,0.864078571043047
B_return_11_sigma0_stride1,B,11,return,72,0.5625,2.61380767687441,1,0,-0.0041822354365332,0.841609600032425
B_return_11_sigma0_stride1,B,11,return,73,0.5703125,2.54735468368944,1,0,-0.0056824477649043,0.840156991215805
B_return_11_sigma0_stride1,B,11,return,74,0.578125,2.48090169050446,1,0,-0.00765666782067971,0.859508754499323
B_return_11_sigma0_stride1,B,11,return,75,0.5859375,2.41444869731949,1,0,-0.0102312605003392,0.871150986866173
B_return_11_sigma0_stride1,B,11,return,76,0.59375,2.34799570413452,1,0,-0.0135584930422486,0.874568296925887
B_return_11_sigma0_stride1,B,11,return,77,0.6015625,2.28154271094955,1,0,-0.0178194776319699,0.869405924726373
B_return_11_sigma0_stride1,B,11,return,78,0.609375,2.21508971776457,1,0,-0.0232267512382466,0.855474591963561
B_return_11_sigma0_stride1,B,11,return,79,0.6171875,2.1486367245796,1,0,-0.0300262416784473,0.832747538592415
B_return_11_sigma0_stride1,B,11,return,80,0.625,2.08218373139463,1,0,-0.0384983316867062,0.801350093782222
B_return_11_sigma0_stride1,B,11,return,81,0.6328125,2.01573073820965,1,0,-0.0489577051200083,0.802464817363555
B_return_11_sigma0_stride1,B,11,return,82,0.640625,1.94927774502468,1,0,-0.061751646295709,0.809381508360599
B_return_11_sigma0_stride1,B,11,return,83,0.6484375,1.88282475183971,1,0,-0.0772564697839693,0.806377449650332
B_return_11_sigma0_stride1,B,11,return,84,0.65625,1.81637175865473,1,0,-0.0958717883601601,0.792733107481741
B_return_11_sigma0_stride1,B,11,return,85,0.6640625,1.74991876546976,1,0,-0.118012384901035,0.76790578698102
B_return_11_sigma0_stride1,B,11,return,86,0.671875,1.68346577228479,1,0,-0.144097541923772,0.731545818764242
B_return_11_sigma0_stride1,B,11,return,87,0.6796875,1.61701277909981,1,0,-0.174537800303349,0.683506870190488
B_return_11_sigma0_stride1,B,11,return,88,0.6875,1.55055978591484,1,0,-0.209719264032037,0.623850447051379
B_return_11_sigma0_stride1,B,11,return,89,0.6953125,1.48410679272987,1,0,-0.249985735463165,0.607131269367569
B_return_11_sigma0_stride1,B,11,return,90,0.703125,1.41765379954489,1,0,-0.295619147180276,0.579769916690327
B_return_11_sigma0_stride1,B,11,return,91,0.7109375,1.35120080635992,1,0,-0.346818941634808,0.53962014011697
B_return_11_sigma0_stride1,B,11,return,92,0.71875,1.28474781317495,1,0,-0.403681224995724,0.486336667761025
B_return_11_sigma0_stride1,B,11,return,93,0.7265625,1.21829481998997,1,0,-0.466178672859494,0.4198994159675
B_return_11_sigma0_stride1,B,11,return,94,0.734375,1.151841826805,1,0,-0.534142277852713,0.340636975290364
B_return_11_sigma0_stride1,B,11,return,95,0.7421875,1.08538883362003,1,0,-0.607246088907101,0.249238835561739
B_return_11_sigma0_stride1,B,11,return,96,0.75,1.01893584043505,1,0,-0.684996087515224,0.191444205178956
B_return_11_sigma0_stride1,B,11,return,97,0.7578125,0.952482847250079,1,0,-0.766724269514385,0.14293178790925
B_return_11_sigma0_stride1,B,11,return,98,0.765625,0.886029854065106,1,0,-0.851588848435388,0.0863293371172984
B_return_11_sigma0_stride1,B,11,return,99,0.7734375,0.819576860880133,1,0,-0.938581270134547,0.022494154063011
B_return_11_sigma0_stride1,B,11,return,100,0.78125,0.75312386769516,0,0,,
B_return_11_sigma0_stride1,B,11,return,101,0.7890625,0.686670874510186,0,0,,
B_return_11_sigma0_stride1,B,11,return,102,0.796875,0.620217881325213,0,0,,
B_return_11_sigma0_stride1,B,11,return,103,0.8046875,0.55376488814024,0,0,,
B_return_11_sigma0_stride1,B,11,return,104,0.8125,0.5,0,0,,
B_return_11_sigma0_stride1,B,11,return,105,0.8203125,0.5,0,0,,
B_return_11_sigma0_stride1,B,11,return,106,0.828125,0.5,0,0,,
B_return_11_sigma0_stride1,B,11,return,107,0.8359375,0.5,0,0,,
B_return_11_sigma0_stride1,B,11,return,108,0.84375,0.5,0,0,,
B_return_11_sigma0_stride1,B,11,return,109,0.8515625,0.5,0,0,,
B_return_11_sigma0_stride1,B,11,return,110,0.859375,0.5,0,0,,
B_return_11_sigma0_stride1,B,11,return,111,0.8671875,0.5,0,0,,
B_return_11_sigma0_stride1,B,11,return,112,0.875,0.5,0,0,,
B_return_11_sigma0_stride1,B,11,return,113,0.8828125,0.5,0,0,,
B_return_11_sigma0_stride1,B,11,return,114,0.890625,0.5,0,0,,
B_return_11_sigma0_stride1,B,11,return,115,0.8984375,0.5,0,0,,
B_return_11_sigma0_stride1,B,11,return,116,0.90625,0.5,0,0,,
B_return_11_sigma0_stride1,B,11,return,117,0.9140625,0.5,0,0,,
B_return_11_sigma0_stride1,B,11,return,118,0.921875,0.5,0,0,,
B_return_11_sigma0_stride1,B,11,return,119,0.9296875,0.5,0,0,,
B_return_11_sigma0_stride1,B,11,return,120,0.9375,0.5,0,0,,
B_return_11_sigma0_stride1,B,11,return,121,0.9453125,0.5,0,0,,
B_return_11_sigma0_stride1,B,11,return,122,0.953125,0.5,0,0,,
B_return_11_sigma0_stride1,B,11,return,123,0.9609375,0.5,0,0,,
B_return_11_sigma0_stride1,B,11,return,124,0.96875,0.5,0,0,,
B_return_11_sigma0_stride1,B,11,return,125,0.9765625,0.5,0,0,,
B_return_11_sigma0_stride1,B,11,return,126,0.984375,0.5,0,0,,
B_return_11_sigma0_stride1,B,11,return,127,0.9921875,0.5,0,0,,
B_return_11_sigma0_stride1,B,11,return,128,1,0.5,0,0,,
B_ramp_11_sigma0_stride1,B,11,ramp,0,0,0.5,0,0,,
B_ramp_11_sigma0_stride1,B,11,ramp,1,0.0078125,0.5,0,0,,
B_ramp_11_sigma0_stride1,B,11,ramp,2,0.015625,0.5,0,0,,
B_ramp_11_sigma0_stride1,B,11,ramp,3,0.0234375,0.5,0,0,,
B_ramp_11_sigma0_stride1,B,11,ramp,4,0.03125,0.5,0,0,,
B_ramp_11_sigma0_stride1,B,11,ramp,5,0.0390625,0.5,0,0,,
B_ramp_11_sigma0_stride1,B,11,ramp,6,0.046875,0.5,0,0,,
B_ramp_11_sigma0_stride1,B,11,ramp,7,0.0546875,0.5,0,0,,
B_ramp_11_sigma0_stride1,B,11,ramp,8,0.0625,0.5,0,0,,
B_ramp_11_sigma0_stride1,B,11,ramp,9,0.0703125,0.5,0,0,,
B_ramp_11_sigma0_stride1,B,11,ramp,10,0.078125,0.5,0,0,,
B_ramp_11_sigma0_stride1,B,11,ramp,11,0.0859375,0.5,0,0,,
B_ramp_11_sigma0_stride1,B,11,ramp,12,0.09375,0.5,0,0,,
B_ramp_11_sigma0_stride1,B,11,ramp,13,0.1015625,0.5,0,0,,
B_ramp_11_sigma0_stride1,B,11,ramp,14,0.109375,0.5,0,0,,
B_ramp_11_sigma0_stride1,B,11,ramp,15,0.1171875,0.5,0,0,,
B_ramp_11_sigma0_stride1,B,11,ramp,16,0.125,0.5,0,0,,
B_ramp_11_sigma0_stride1,B,11,ramp,17,0.1328125,0.5,0,0,,
B_ramp_11_sigma0_stride1,B,11,ramp,18,0.140625,0.5,0,0,,
B_ramp_11_sigma0_stride1,B,11,ramp,19,0.1484375,0.5,0,0,,
B_ramp_11_sigma0_stride1,B,11,ramp,20,0.15625,0.5,0,0,,
B_ramp_11_sigma0_stride1,B,11,ramp,21,0.1640625,0.5,0,0,,
B_ramp_11_sigma0_stride1,B,11,ramp,22,0.171875,0.525186096942332,0,0,,
B_ramp_11_sigma0_stride1,B,11,ramp,23,0.1796875,0.558209045443068,0,0,,
B_ramp_11_sigma0_stride1,B,11,ramp,24,0.1875,0.591231993943803,0,0,,
B_ramp_11_sigma0_stride1,B,11,ramp,25,0.1953125,0.624254942444539,0,0,,
B_ramp_11_sigma0_stride1,B,11,ramp,26,0.203125,0.657277890945275,0,0,,
B_ramp_11_sigma0_stride1,B,11,ramp,27,0.2109375,0.690300839446011,0,0,,
B_ramp_11_sigma0_stride1,B,11,ramp,28,0.21875,0.723323787946746,0,0,,
B_ramp_11_sigma0_stride1,B,11,ramp,29,0.2265625,0.756346736447482,0,0,,
B_ramp_11_sigma0_stride1,B,11,ramp,30,0.234375,0.789369684948218,0,0,,
B_ramp_11_sigma0_stride1,B,11,ramp,31,0.2421875,0.822392633448954,0,0,,
B_ramp_11_sigma0_stride1,B,11,ramp,32,0.25,0.855415581949689,0,0,,
B_ramp_11_sigma0_stride1,B,11,ramp,33,0.2578125,0.888438530450425,0,0,,
B_ramp_11_sigma0_stride1,B,11,ramp,34,0.265625,0.921461478951161,0,0,,
B_ramp_11_sigma0_stride1,B,11,ramp,35,0.2734375,0.954484427451897,1,0,-0.996463912831125,0.0115435195044343
B_ramp_11_sigma0_stride1,B,11,ramp,36,0.28125,0.987507375952632,1,0,-0.956173927154651,0.03442022232183
B_ramp_11_sigma0_stride1,B,11,ramp,37,0.2890625,1.02053032445337,1,0,-0.916231602432596,0.0562635504445597
B_ramp_11_sigma0_stride1,B,11,ramp,38,0.296875,1.0535532729541,1,0,-0.876730810554159,0.0770019287386218
B_ramp_11_sigma0_stride1,B,11,ramp,39,0.3046875,1.08657622145484,1,0,-0.837759719586784,0.0965736460365219
B_ramp_11_sigma0_stride1,B,11,ramp,40,0.3125,1.11959916995558,1,0,-0.79940055925001,0.114926935834114
B_ramp_11_sigma0_stride1,B,11,ramp,41,0.3203125,1.15262211845631,1,0,-0.761729436112122,0.148707970024725
B_ramp_11_sigma0_stride1,B,11,ramp,42,0.328125,1.18564506695705,1,0,-0.724816197870902,0.189034125969268
B_ramp_11_sigma0_stride1,B,11,ramp,43,0.3359375,1.21866801545778,1,0,-0.688724345650515,0.227341561016072
B_ramp_11_sigma0_stride1,B,11,ramp,44,0.34375,1.25169096395852,1,0,-0.653510992847025,0.263543699779907
B_ramp_11_sigma0_stride1,B,11,ramp,45,0.3515625,1.28471391245925,1,0,-0.619226868688679,0.297567344883204
B_ramp_11_sigma0_stride1,B,11,ramp,46,0.359375,1.31773686095999,1,0,-0.585916364346759,0.329352694557517
B_ramp_11_sigma0_stride1,B,11,ramp,47,0.3671875,1.35075980946073,1,0,-0.553617619140822,0.358853268621528
B_ramp_11_sigma0_stride1,B,11,ramp,48,0.375,1.38378275796146,1,0,-0.522362644130134,0.386035745775331
B_ramp_11_sigma0_stride1,B,11,ramp,49,0.3828125,1.4168057064622,1,0,-0.492177480172194,0.410879715842249
B_ramp_11_sigma0_stride1,B,11,ramp,50,0.390625,1.44982865496293,1,0,-0.463082387359854,0.433377351234652
B_ramp_11_sigma0_stride1,B,11,ramp,51,0.3984375,1.48285160346367,1,0,-0.435092062620634,0.453533002513043
B_ramp_11_sigma0_stride1,B,11,ramp,52,0.40625,1.5158745519644,1,0,-0.408215882174725,0.471362723442468
B_ramp_11_sigma0_stride1,B,11,ramp,53,0.4140625,1.54889750046514,1,0,-0.382458165500852,0.486893731422242
B_ramp_11_sigma0_stride1,B,11,ramp,54,0.421875,1.58192044896588,1,0,-0.357818457449812,0.518397706233289
B_ramp_11_sigma0_stride1,B,11,ramp,55,0.4296875,1.61494339746661,1,0,-0.334291825172442,0.550340360259711
B_ramp_11_sigma0_stride1,B,11,ramp,56,0.4375,1.64796634596735,1,0,-0.311869166589242,0.579905329371792
B_ramp_11_sigma0_stride1,B,11,ramp,57,0.4453125,1.68098929446808,1,0,-0.290537527220585,0.607072350125075
B_ramp_11_sigma0_stride1,B,11,ramp,58,0.453125,1.71401224296882,1,0,-0.27028042231612,0.631830576061704
B_ramp_11_sigma0_stride1,B,11,ramp,59,0.4609375,1.74703519146955,1,0,-0.251078161366777,0.654178443619738
B_ramp_11_sigma0_stride1,B,11,ramp,60,0.46875,1.78005813997029,1,0,-0.23290817224918,0.674123494736409
B_ramp_11_sigma0_stride1,B,11,ramp,61,0.4765625,1.81308108847103,1,0,-0.215745322437165,0.691682156993561
B_ramp_11_sigma0_stride1,B,11,ramp,62,0.484375,1.84610403697176,1,0,-0.199562234914895,0.706879482441401
B_ramp_11_sigma0_stride1,B,11,ramp,63,0.4921875,1.8791269854725,1,0,-0.184329596637507,0.719748846529543
B_ramp_11_sigma0_stride1,B,11,ramp,64,0.5,1.91214993397323,1,0,-0.170016457605051,0.730331608868498
B_ramp_11_sigma0_stride1,B,11,ramp,65,0.5078125,1.94517288247397,1,0,-0.156590518840363,0.738676737836306
B_ramp_11_sigma0_stride1,B,11,ramp,66,0.515625,1.9781958309747,1,0,-0.144018407788605,0.744840401329852
B_ramp_11_sigma0_stride1,B,11,ramp,67,0.5234375,2.01121877947544,1,0,-0.132265939882493,0.748885526234273
B_ramp_11_sigma0_stride1,B,11,ramp,68,0.53125,2.04424172797618,1,0,-0.121298365240169,0.750881329442678
B_ramp_11_sigma0_stride1,B,11,ramp,69,0.5390625,2.07726467647691,1,0,-0.111080599679847,0.758853551031287
B_ramp_11_sigma0_stride1,B,11,ramp,70,0.546875,2.11028762497765,1,0,-0.101577439444542,0.777605316222545
B_ramp_11_sigma0_stride1,B,11,ramp,71,0.5546875,2.14331057347838,1,0,-0.0927537592296552,0.79442080197016
B_ramp_11_sigma0_stride1,B,11,ramp,72,0.5625,2.17633352197912,1,0,-0.0845746932940874,0.809298952256397
B_ramp_11_sigma0_stride1,B,11,ramp,73,0.5703125,2.20935647047985,1,0,-0.0770057996108235,0.822243928756886
B_ramp_11_sigma0_stride1,B,11,ramp,74,0.578125,2.24237941898059,1,0,-0.070013207174255,0.833265191227525
B_ramp_11_sigma0_stride1,B,11,ramp,75,0.5859375,2.27540236748133,1,0,-0.06356374672828,0.842377551172341
B_ramp_11_sigma0_stride1,B,11,ramp,76,0.59375,2.30842531598206,1,0,-0.0576250653107938,0.849601196439593
B_ramp_11_sigma0_stride1,B,11,ramp,77,0.6015625,2.3414482644828,1,0,-0.0521657251263145,0.854961684751734
B_ramp_11_sigma0_stride1,B,11,ramp,78,0.609375,2.37447121298353,1,0,-0.0471552873590994,0.858489904568794
B_ramp_11_sigma0_stride1,B,11,ramp,79,0.6171875,2.40749416148427,1,0,-0.0425643816243452,0.8602220021075
B_ramp_11_sigma0_stride1,B,11,ramp,80,0.625,2.440517109985,1,0,-0.0383647618252772,0.86019927378273
B_ramp_11_sigma0_stride1,B,11,ramp,81,0.6328125,2.47354005848574,1,0,-0.0345293492396101,0.858468023796108
B_ramp_11_sigma0_stride1,B,11,ramp,82,0.640625,2.50656300698648,1,0,-0.0310322637006794,0.855079387061118
B_ramp_11_sigma0_stride1,B,11,ramp,83,0.6484375,2.53958595548721,1,0,-0.0278488437672597,0.850089118117227
B_ramp_11_sigma0_stride1,B,11,ramp,84,0.65625,2.57260890398795,1,0,-0.0249556567925929,0.843557347139719
B_ramp_11_sigma0_stride1,B,11,ramp,85,0.6640625,2.60563185248868,1,0,-0.022330499808409,0.851174026419315
B_ramp_11_sigma0_stride1,B,11,ramp,86,0.671875,2.63865480098942,1,0,-0.0199523921347398,0.862339731038154
B_ramp_11_sigma0_stride1,B,11,ramp,87,0.6796875,2.67167774949016,1,0,-0.0178015606121737,0.872007366419231
B_ramp_11_sigma0_stride1,B,11,ramp,88,0.6875,2.70470069799089,1,0,-0.0158594183309394,0.880161666039772
B_ramp_11_sigma0_stride1,B,11,ramp,89,0.6953125,2.73772364649163,1,0,-0.0141085377019225,0.886791933607594
B_ramp_11_sigma0_stride1,B,11,ramp,90,0.703125,2.77074659499236,1,0,-0.0125326186794673,0.891892286926923
B_ramp_11_sigma0_stride1,B,11,ramp,91,0.7109375,2.8037695434931,1,0,-0.0111164529056364,0.895461861737584
B_ramp_11_sigma0_stride1,B,11,ramp,92,0.71875,2.83679249199383,1,0,-0.00984588450147893,0.897504973021937
B_ramp_11_sigma0_stride1,B,11,ramp,93,0.7265625,2.86981544049457,1,0,-0.00870776818373994,0.898031231803214
B_ramp_11_sigma0_stride1,B,11,ramp,94,0.734375,2.90283838899531,1,0,-0.00768992533621021,0.89705561600804
B_ramp_11_sigma0_stride1,B,11,ramp,95,0.7421875,2.93586133749604,1,0,-0.00678109861438378,0.894598494527234
B_ramp_11_sigma0_stride1,B,11,ramp,96,0.75,2.96888428599678,1,0,-0.00597090561100284,0.890685604174817
B_ramp_11_sigma0_stride1,B,11,ramp,97,0.7578125,3,1,0,-0.00528917408253344,0.885694405540585
B_ramp_11_sigma0_stride1,B,11,ramp,98,0.765625,3,1,0,-0.00528917408253344,0.885694405540585
B_ramp_11_sigma0_stride1,B,11,ramp,99,0.7734375,3,1,0,-0.00528917408253344,0.885694405540585
B_ramp_11_sigma0_stride1,B,11,ramp,100,0.78125,3,1,0,-0.00528917408253344,0.885694405540585
B_ramp_11_sigma0_stride1,B,11,ramp,101,0.7890625,3,1,0,-0.00528917408253344,0.885694405540585
B_ramp_11_sigma0_stride1,B,11,ramp,102,0.796875,3,1,0,-0.00528917408253344,0.885694405540585
B_ramp_11_sigma0_stride1,B,11,ramp,103,0.8046875,3,1,0,-0.00528917408253344,0.885694405540585
B_ramp_11_sigma0_stride1,B,11,ramp,104,0.8125,3,1,0,-0.00528917408253344,0.885694405540585
B_ramp_11_sigma0_stride1,B,11,ramp,105,0.8203125,3,1,0,-0.00528917408253344,0.885694405540585
B_ramp_11_sigma0_stride1,B,11,ramp,106,0.828125,3,1,0,-0.00528917408253344,0.885694405540585
B_ramp_11_sigma0_stride1,B,11,ramp,107,0.8359375,3,1,0,-0.00528917408253344,0.885694405540585
B_ramp_11_sigma0_stride1,B,11,ramp,108,0.84375,3,1,0,-0.00528917408253344,0.885694405540585
B_ramp_11_sigma0_stride1,B,11,ramp,109,0.8515625,3,1,0,-0.00528917408253344,0.885694405540585
B_ramp_11_sigma0_stride1,B,11,ramp,110,0.859375,3,1,0,-0.00528917408253344,0.885694405540585
B_ramp_11_sigma0_stride1,B,11,ramp,111,0.8671875,3,1,0,-0.00528917408253344,0.885694405540585
B_ramp_11_sigma0_stride1,B,11,ramp,112,0.875,3,1,0,-0.00528917408253344,0.885694405540585
B_ramp_11_sigma0_stride1,B,11,ramp,113,0.8828125,3,1,0,-0.00528917408253344,0.885694405540585
B_ramp_11_sigma0_stride1,B,11,ramp,114,0.890625,3,1,0,-0.00528917408253344,0.885694405540585
B_ramp_11_sigma0_stride1,B,11,ramp,115,0.8984375,3,1,0,-0.00528917408253344,0.885694405540585
B_ramp_11_sigma0_stride1,B,11,ramp,116,0.90625,3,1,0,-0.00528917408253344,0.885694405540585
B_ramp_11_sigma0_stride1,B,11,ramp,117,0.9140625,3,1,0,-0.00528917408253344,0.885694405540585
B_ramp_11_sigma0_stride1,B,11,ramp,118,0.921875,3,1,0,-0.00528917408253344,0.885694405540585
B_ramp_11_sigma0_stride1,B,11,ramp,119,0.9296875,3,1,0,-0.00528917408253344,0.885694405540585
B_ramp_11_sigma0_stride1,B,11,ramp,120,0.9375,3,1,0,-0.00528917408253344,0.885694405540585
B_ramp_11_sigma0_stride1,B,11,ramp,121,0.9453125,3,1,0,-0.00528917408253344,0.885694405540585
B_ramp_11_sigma0_stride1,B,11,ramp,122,0.953125,3,1,0,-0.00528917408253344,0.885694405540585
B_ramp_11_sigma0_stride1,B,11,ramp,123,0.9609375,3,1,0,-0.00528917408253344,0.885694405540585
B_ramp_11_sigma0_stride1,B,11,ramp,124,0.96875,3,1,0,-0.00528917408253344,0.885694405540585
B_ramp_11_sigma0_stride1,B,11,ramp,125,0.9765625,3,1,0,-0.00528917408253344,0.885694405540585
B_ramp_11_sigma0_stride1,B,11,ramp,126,0.984375,3,1,0,-0.00528917408253344,0.885694405540585
B_ramp_11_sigma0_stride1,B,11,ramp,127,0.9921875,3,1,0,-0.00528917408253344,0.885694405540585
B_ramp_11_sigma0_stride1,B,11,ramp,128,1,3,1,0,-0.00528917408253344,0.885694405540585
B_jump_11_sigma0_stride1,B,11,jump,0,0,0.5,0,0,,
B_jump_11_sigma0_stride1,B,11,jump,1,0.0078125,0.5,0,0,,
B_jump_11_sigma0_stride1,B,11,jump,2,0.015625,0.5,0,0,,
B_jump_11_sigma0_stride1,B,11,jump,3,0.0234375,0.5,0,0,,
B_jump_11_sigma0_stride1,B,11,jump,4,0.03125,0.5,0,0,,
B_jump_11_sigma0_stride1,B,11,jump,5,0.0390625,0.5,0,0,,
B_jump_11_sigma0_stride1,B,11,jump,6,0.046875,0.5,0,0,,
B_jump_11_sigma0_stride1,B,11,jump,7,0.0546875,0.5,0,0,,
B_jump_11_sigma0_stride1,B,11,jump,8,0.0625,0.5,0,0,,
B_jump_11_sigma0_stride1,B,11,jump,9,0.0703125,0.5,0,0,,
B_jump_11_sigma0_stride1,B,11,jump,10,0.078125,0.5,0,0,,
B_jump_11_sigma0_stride1,B,11,jump,11,0.0859375,0.5,0,0,,
B_jump_11_sigma0_stride1,B,11,jump,12,0.09375,0.5,0,0,,
B_jump_11_sigma0_stride1,B,11,jump,13,0.1015625,0.5,0,0,,
B_jump_11_sigma0_stride1,B,11,jump,14,0.109375,0.5,0,0,,
B_jump_11_sigma0_stride1,B,11,jump,15,0.1171875,0.5,0,0,,
B_jump_11_sigma0_stride1,B,11,jump,16,0.125,0.5,0,0,,
B_jump_11_sigma0_stride1,B,11,jump,17,0.1328125,0.5,0,0,,
B_jump_11_sigma0_stride1,B,11,jump,18,0.140625,0.5,0,0,,
B_jump_11_sigma0_stride1,B,11,jump,19,0.1484375,0.5,0,0,,
B_jump_11_sigma0_stride1,B,11,jump,20,0.15625,0.5,0,0,,
B_jump_11_sigma0_stride1,B,11,jump,21,0.1640625,0.5,0,0,,
B_jump_11_sigma0_stride1,B,11,jump,22,0.171875,0.5,0,0,,
B_jump_11_sigma0_stride1,B,11,jump,23,0.1796875,0.5,0,0,,
B_jump_11_sigma0_stride1,B,11,jump,24,0.1875,0.5,0,0,,
B_jump_11_sigma0_stride1,B,11,jump,25,0.1953125,0.5,0,0,,
B_jump_11_sigma0_stride1,B,11,jump,26,0.203125,0.5,0,0,,
B_jump_11_sigma0_stride1,B,11,jump,27,0.2109375,0.5,0,0,,
B_jump_11_sigma0_stride1,B,11,jump,28,0.21875,0.5,0,0,,
B_jump_11_sigma0_stride1,B,11,jump,29,0.2265625,0.5,0,0,,
B_jump_11_sigma0_stride1,B,11,jump,30,0.234375,0.5,0,0,,
B_jump_11_sigma0_stride1,B,11,jump,31,0.2421875,0.5,0,0,,
B_jump_11_sigma0_stride1,B,11,jump,32,0.25,0.5,0,0,,
B_jump_11_sigma0_stride1,B,11,jump,33,0.2578125,0.5,0,0,,
B_jump_11_sigma0_stride1,B,11,jump,34,0.265625,0.5,0,0,,
B_jump_11_sigma0_stride1,B,11,jump,35,0.2734375,0.5,0,0,,
B_jump_11_sigma0_stride1,B,11,jump,36,0.28125,0.5,0,0,,
B_jump_11_sigma0_stride1,B,11,jump,37,0.2890625,0.5,0,0,,
B_jump_11_sigma0_stride1,B,11,jump,38,0.296875,0.5,0,0,,
B_jump_11_sigma0_stride1,B,11,jump,39,0.3046875,0.5,0,0,,
B_jump_11_sigma0_stride1,B,11,jump,40,0.3125,0.5,0,0,,
B_jump_11_sigma0_stride1,B,11,jump,41,0.3203125,0.5,0,0,,
B_jump_11_sigma0_stride1,B,11,jump,42,0.328125,0.5,0,0,,
B_jump_11_sigma0_stride1,B,11,jump,43,0.3359375,0.5,0,0,,
B_jump_11_sigma0_stride1,B,11,jump,44,0.34375,0.5,0,0,,
B_jump_11_sigma0_stride1,B,11,jump,45,0.3515625,0.5,0,0,,
B_jump_11_sigma0_stride1,B,11,jump,46,0.359375,0.5,0,0,,
B_jump_11_sigma0_stride1,B,11,jump,47,0.3671875,0.5,0,0,,
B_jump_11_sigma0_stride1,B,11,jump,48,0.375,0.5,0,0,,
B_jump_11_sigma0_stride1,B,11,jump,49,0.3828125,0.5,0,0,,
B_jump_11_sigma0_stride1,B,11,jump,50,0.390625,0.5,0,0,,
B_jump_11_sigma0_stride1,B,11,jump,51,0.3984375,0.5,0,0,,
B_jump_11_sigma0_stride1,B,11,jump,52,0.40625,0.5,0,0,,
B_jump_11_sigma0_stride1,B,11,jump,53,0.4140625,0.5,0,0,,
B_jump_11_sigma0_stride1,B,11,jump,54,0.421875,0.5,0,0,,
B_jump_11_sigma0_stride1,B,11,jump,55,0.4296875,0.5,0,0,,
B_jump_11_sigma0_stride1,B,11,jump,56,0.4375,0.5,0,0,,
B_jump_11_sigma0_stride1,B,11,jump,57,0.4453125,0.5,0,0,,
B_jump_11_sigma0_stride1,B,11,jump,58,0.453125,0.5,0,0,,
B_jump_11_sigma0_stride1,B,11,jump,59,0.4609375,0.5,0,0,,
B_jump_11_sigma0_stride1,B,11,jump,60,0.46875,0.5,0,0,,
B_jump_11_sigma0_stride1,B,11,jump,61,0.4765625,3,1,0,-0.00462443003321062,0.852526798723173
B_jump_11_sigma0_stride1,B,11,jump,62,0.484375,3,1,0,-0.00462443003321062,0.852526798723173
B_jump_11_sigma0_stride1,B,11,jump,63,0.4921875,3,1,0,-0.00462443003321062,0.852526798723173
B_jump_11_sigma0_stride1,B,11,jump,64,0.5,3,1,0,-0.00462443003321062,0.852526798723173
B_jump_11_sigma0_stride1,B,11,jump,65,0.5078125,3,1,0,-0.00462443003321062,0.852526798723173
B_jump_11_sigma0_stride1,B,11,jump,66,0.515625,3,1,0,-0.00462443003321062,0.852526798723173
B_jump_11_sigma0_stride1,B,11,jump,67,0.5234375,3,1,0,-0.00462443003321062,0.852526798723173
B_jump_11_sigma0_stride1,B,11,jump,68,0.53125,3,1,0,-0.00462443003321062,0.852526798723173
B_jump_11_sigma0_stride1,B,11,jump,69,0.5390625,3,1,0,-0.00462443003321062,0.852526798723173
B_jump_11_sigma0_stride1,B,11,jump,70,0.546875,3,1,0,-0.00462443003321062,0.852526798723173
B_jump_11_sigma0_stride1,B,11,jump,71,0.5546875,3,1,0,-0.00462443003321062,0.852526798723173
B_jump_11_sigma0_stride1,B,11,jump,72,0.5625,3,1,0,-0.00462443003321062,0.852526798723173
B_jump_11_sigma0_stride1,B,11,jump,73,0.5703125,3,1,0,-0.00462443003321062,0.852526798723173
B_jump_11_sigma0_stride1,B,11,jump,74,0.578125,3,1,0,-0.00462443003321062,0.852526798723173
B_jump_11_sigma0_stride1,B,11,jump,75,0.5859375,3,1,0,-0.00462443003321062,0.852526798723173
B_jump_11_sigma0_stride1,B,11,jump,76,0.59375,3,1,0,-0.00462443003321062,0.852526798723173
B_jump_11_sigma0_stride1,B,11,jump,77,0.6015625,3,1,0,-0.00462443003321062,0.852526798723173
B_jump_11_sigma0_stride1,B,11,jump,78,0.609375,3,1,0,-0.00462443003321062,0.852526798723173
B_jump_11_sigma0_stride1,B,11,jump,79,0.6171875,3,1,0,-0.00462443003321062,0.852526798723173
B_jump_11_sigma0_stride1,B,11,jump,80,0.625,3,1,0,-0.00462443003321062,0.852526798723173
B_jump_11_sigma0_stride1,B,11,jump,81,0.6328125,3,1,0,-0.00462443003321062,0.852526798723173
B_jump_11_sigma0_stride1,B,11,jump,82,0.640625,3,1,0,-0.00462443003321062,0.852526798723173
B_jump_11_sigma0_stride1,B,11,jump,83,0.6484375,3,1,0,-0.00462443003321062,0.852526798723173
B_jump_11_sigma0_stride1,B,11,jump,84,0.65625,3,1,0,-0.00462443003321062,0.852526798723173
B_jump_11_sigma0_stride1,B,11,jump,85,0.6640625,3,1,0,-0.00462443003321062,0.852526798723173
B_jump_11_sigma0_stride1,B,11,jump,86,0.671875,3,1,0,-0.00462443003321062,0.852526798723173
B_jump_11_sigma0_stride1,B,11,jump,87,0.6796875,3,1,0,-0.00462443003321062,0.852526798723173
B_jump_11_sigma0_stride1,B,11,jump,88,0.6875,3,1,0,-0.00462443003321062,0.852526798723173
B_jump_11_sigma0_stride1,B,11,jump,89,0.6953125,3,1,0,-0.00462443003321062,0.852526798723173
B_jump_11_sigma0_stride1,B,11,jump,90,0.703125,3,1,0,-0.00462443003321062,0.852526798723173
B_jump_11_sigma0_stride1,B,11,jump,91,0.7109375,3,1,0,-0.00462443003321062,0.852526798723173
B_jump_11_sigma0_stride1,B,11,jump,92,0.71875,3,1,0,-0.00462443003321062,0.852526798723173
B_jump_11_sigma0_stride1,B,11,jump,93,0.7265625,3,1,0,-0.00462443003321062,0.852526798723173
B_jump_11_sigma0_stride1,B,11,jump,94,0.734375,3,1,0,-0.00462443003321062,0.852526798723173
B_jump_11_sigma0_stride1,B,11,jump,95,0.7421875,3,1,0,-0.00462443003321062,0.852526798723173
B_jump_11_sigma0_stride1,B,11,jump,96,0.75,3,1,0,-0.00462443003321062,0.852526798723173
B_jump_11_sigma0_stride1,B,11,jump,97,0.7578125,3,1,0,-0.00462443003321062,0.852526798723173
B_jump_11_sigma0_stride1,B,11,jump,98,0.765625,3,1,0,-0.00462443003321062,0.852526798723173
B_jump_11_sigma0_stride1,B,11,jump,99,0.7734375,3,1,0,-0.00462443003321062,0.852526798723173
B_jump_11_sigma0_stride1,B,11,jump,100,0.78125,3,1,0,-0.00462443003321062,0.852526798723173
B_jump_11_sigma0_stride1,B,11,jump,101,0.7890625,3,1,0,-0.00462443003321062,0.852526798723173
B_jump_11_sigma0_stride1,B,11,jump,102,0.796875,3,1,0,-0.00462443003321062,0.852526798723173
B_jump_11_sigma0_stride1,B,11,jump,103,0.8046875,3,1,0,-0.00462443003321062,0.852526798723173
B_jump_11_sigma0_stride1,B,11,jump,104,0.8125,3,1,0,-0.00462443003321062,0.852526798723173
B_jump_11_sigma0_stride1,B,11,jump,105,0.8203125,3,1,0,-0.00462443003321062,0.852526798723173
B_jump_11_sigma0_stride1,B,11,jump,106,0.828125,3,1,0,-0.00462443003321062,0.852526798723173
B_jump_11_sigma0_stride1,B,11,jump,107,0.8359375,3,1,0,-0.00462443003321062,0.852526798723173
B_jump_11_sigma0_stride1,B,11,jump,108,0.84375,3,1,0,-0.00462443003321062,0.852526798723173
B_jump_11_sigma0_stride1,B,11,jump,109,0.8515625,3,1,0,-0.00462443003321062,0.852526798723173
B_jump_11_sigma0_stride1,B,11,jump,110,0.859375,3,1,0,-0.00462443003321062,0.852526798723173
B_jump_11_sigma0_stride1,B,11,jump,111,0.8671875,3,1,0,-0.00462443003321062,0.852526798723173
B_jump_11_sigma0_stride1,B,11,jump,112,0.875,3,1,0,-0.00462443003321062,0.852526798723173
B_jump_11_sigma0_stride1,B,11,jump,113,0.8828125,3,1,0,-0.00462443003321062,0.852526798723173
B_jump_11_sigma0_stride1,B,11,jump,114,0.890625,3,1,0,-0.00462443003321062,0.852526798723173
B_jump_11_sigma0_stride1,B,11,jump,115,0.8984375,3,1,0,-0.00462443003321062,0.852526798723173
B_jump_11_sigma0_stride1,B,11,jump,116,0.90625,3,1,0,-0.00462443003321062,0.852526798723173
B_jump_11_sigma0_stride1,B,11,jump,117,0.9140625,3,1,0,-0.00462443003321062,0.852526798723173
B_jump_11_sigma0_stride1,B,11,jump,118,0.921875,3,1,0,-0.00462443003321062,0.852526798723173
B_jump_11_sigma0_stride1,B,11,jump,119,0.9296875,3,1,0,-0.00462443003321062,0.852526798723173
B_jump_11_sigma0_stride1,B,11,jump,120,0.9375,3,1,0,-0.00462443003321062,0.852526798723173
B_jump_11_sigma0_stride1,B,11,jump,121,0.9453125,3,1,0,-0.00462443003321062,0.852526798723173
B_jump_11_sigma0_stride1,B,11,jump,122,0.953125,3,1,0,-0.00462443003321062,0.852526798723173
B_jump_11_sigma0_stride1,B,11,jump,123,0.9609375,3,1,0,-0.00462443003321062,0.852526798723173
B_jump_11_sigma0_stride1,B,11,jump,124,0.96875,3,1,0,-0.00462443003321062,0.852526798723173
B_jump_11_sigma0_stride1,B,11,jump,125,0.9765625,3,1,0,-0.00462443003321062,0.852526798723173
B_jump_11_sigma0_stride1,B,11,jump,126,0.984375,3,1,0,-0.00462443003321062,0.852526798723173
B_jump_11_sigma0_stride1,B,11,jump,127,0.9921875,3,1,0,-0.00462443003321062,0.852526798723173
B_jump_11_sigma0_stride1,B,11,jump,128,1,3,1,0,-0.00462443003321062,0.852526798723173
B_return_12_sigma0_stride1,B,12,return,0,0,0.5,0,0,,
B_return_12_sigma0_stride1,B,12,return,1,0.0078125,0.5,0,0,,
B_return_12_sigma0_stride1,B,12,return,2,0.015625,0.5,0,0,,
B_return_12_sigma0_stride1,B,12,return,3,0.0234375,0.5,0,0,,
B_return_12_sigma0_stride1,B,12,return,4,0.03125,0.5,0,0,,
B_return_12_sigma0_stride1,B,12,return,5,0.0390625,0.5,0,0,,
B_return_12_sigma0_stride1,B,12,return,6,0.046875,0.5,0,0,,
B_return_12_sigma0_stride1,B,12,return,7,0.0546875,0.5,0,0,,
B_return_12_sigma0_stride1,B,12,return,8,0.0625,0.5,0,0,,
B_return_12_sigma0_stride1,B,12,return,9,0.0703125,0.5,0,0,,
B_return_12_sigma0_stride1,B,12,return,10,0.078125,0.5,0,0,,
B_return_12_sigma0_stride1,B,12,return,11,0.0859375,0.5,0,0,,
B_return_12_sigma0_stride1,B,12,return,12,0.09375,0.5,0,0,,
B_return_12_sigma0_stride1,B,12,return,13,0.1015625,0.5,0,0,,
B_return_12_sigma0_stride1,B,12,return,14,0.109375,0.5,0,0,,
B_return_12_sigma0_stride1,B,12,return,15,0.1171875,0.5,0,0,,
B_return_12_sigma0_stride1,B,12,return,16,0.125,0.5,0,0,,
B_return_12_sigma0_stride1,B,12,return,17,0.1328125,0.5,0,0,,
B_return_12_sigma0_stride1,B,12,return,18,0.140625,0.5,0,0,,
B_return_12_sigma0_stride1,B,12,return,19,0.1484375,0.5,0,0,,
B_return_12_sigma0_stride1,B,12,return,20,0.15625,0.5,0,0,,
B_return_12_sigma0_stride1,B,12,return,21,0.1640625,0.5,0,0,,
B_return_12_sigma0_stride1,B,12,return,22,0.171875,0.5,0,0,,
B_return_12_sigma0_stride1,B,12,return,23,0.1796875,0.5,0,0,,
B_return_12_sigma0_stride1,B,12,return,24,0.1875,0.5,0,0,,
B_return_12_sigma0_stride1,B,12,return,25,0.1953125,0.5,0,0,,
B_return_12_sigma0_stride1,B,12,return,26,0.203125,0.5,0,0,,
B_return_12_sigma0_stride1,B,12,return,27,0.2109375,0.5,0,0,,
B_return_12_sigma0_stride1,B,12,return,28,0.21875,0.5,0,0,,
B_return_12_sigma0_stride1,B,12,return,29,0.2265625,0.5,0,0,,
B_return_12_sigma0_stride1,B,12,return,30,0.234375,0.5,0,0,,
B_return_12_sigma0_stride1,B,12,return,31,0.2421875,0.5,0,0,,
B_return_12_sigma0_stride1,B,12,return,32,0.25,0.52441083427805,0,0,,
B_return_12_sigma0_stride1,B,12,return,33,0.2578125,0.594128010729239,0,0,,
B_return_12_sigma0_stride1,B,12,return,34,0.265625,0.663845187180427,0,0,,
B_return_12_sigma0_stride1,B,12,return,35,0.2734375,0.733562363631616,0,0,,
B_return_12_sigma0_stride1,B,12,return,36,0.28125,0.803279540082805,0,0,,
B_return_12_sigma0_stride1,B,12,return,37,0.2890625,0.872996716533993,0,0,,
B_return_12_sigma0_stride1,B,12,return,38,0.296875,0.942713892985182,0,0,,
B_return_12_sigma0_stride1,B,12,return,39,0.3046875,1.01243106943637,1,0,-0.962093748092528,0.00815995218995069
B_return_12_sigma0_stride1,B,12,return,40,0.3125,1.08214824588756,1,0,-0.879153657782501,0.0505251247365507
B_return_12_sigma0_stride1,B,12,return,41,0.3203125,1.15186542233875,1,0,-0.798644766499767,0.0883053799135503
B_return_12_sigma0_stride1,B,12,return,42,0.328125,1.22158259878994,1,0,-0.721241920016156,0.167260476441789
B_return_12_sigma0_stride1,B,12,return,43,0.3359375,1.29129977524113,1,0,-0.647505576302819,0.240314984645355
B_return_12_sigma0_stride1,B,12,return,44,0.34375,1.36101695169231,1,0,-0.577880347264577,0.304302155509603
B_return_12_sigma0_stride1,B,12,return,45,0.3515625,1.4307341281435,1,0,-0.512696856453319,0.358839907340958
B_return_12_sigma0_stride1,B,12,return,46,0.359375,1.50045130459469,1,0,-0.45217652308811,0.403774857847836
B_return_12_sigma0_stride1,B,12,return,47,0.3671875,1.57016848104588,1,0,-0.396438811001921,0.447413543771336
B_return_12_sigma0_stride1,B,12,return,48,0.375,1.63988565749707,1,0,-0.34551043669656,0.513959917908781
B_return_12_sigma0_stride1,B,12,return,49,0.3828125,1.70960283394826,1,0,-0.299336012820633,0.570492113257807
B_return_12_sigma0_stride1,B,12,return,50,0.390625,1.77932001039945,1,0,-0.257789610049275,0.616927287633371
B_return_12_sigma0_stride1,B,12,return,51,0.3984375,1.84903718685063,1,0,-0.220686748416936,0.653347366849636
B_return_12_sigma0_stride1,B,12,return,52,0.40625,1.91875436330182,1,0,-0.187796374735803,0.679989666228029
B_return_12_sigma0_stride1,B,12,return,53,0.4140625,1.98847153975301,1,0,-0.158852441461529,0.697234574332448
B_return_12_sigma0_stride1,B,12,return,54,0.421875,2.0581887162042,1,0,-0.133564769733376,0.705590623542831
B_return_12_sigma0_stride1,B,12,return,55,0.4296875,2.12790589265539,1,0,-0.111628950935929,0.741694132745874
B_return_12_sigma0_stride1,B,12,return,56,0.4375,2.19762306910658,1,0,-0.0927351129901121,0.773224726469493
B_return_12_sigma0_stride1,B,12,return,57,0.4453125,2.26734024555777,1,0,-0.0765754462183749,0.796590815013786
B_return_12_sigma0_stride1,B,12,return,58,0.453125,2.33705742200896,1,0,-0.0628504462515351,0.811954101781092
B_return_12_sigma0_stride1,B,12,return,59,0.4609375,2.40677459846014,1,0,-0.0512738859984829,0.819569339717879
B_return_12_sigma0_stride1,B,12,return,60,0.46875,2.47649177491133,1,0,-0.0415765738738154,0.819781567657947
B_return_12_sigma0_stride1,B,12,return,61,0.4765625,2.54620895136252,1,0,-0.0335089906653211,0.813021050431858
B_return_12_sigma0_stride1,B,12,return,62,0.484375,2.61592612781371,1,0,-0.0268429226409925,0.819897585201184
B_return_12_sigma0_stride1,B,12,return,63,0.4921875,2.6856433042649,1,0,-0.0213722242822939,0.840133029428018
B_return_12_sigma0_stride1,B,12,return,64,0.5,2.75536048071609,1,0,-0.0169128513255818,0.854011283482023
B_return_12_sigma0_stride1,B,12,return,65,0.5078125,2.82507765716728,1,0,-0.0133023048116573,0.861515318261368
B_return_12_sigma0_stride1,B,12,return,66,0.515625,2.89479483361846,1,0,-0.0103986209554561,0.8627125054454
B_return_12_sigma0_stride1,B,12,return,67,0.5234375,2.96451201006965,1,0,-0.00807903127339087,0.85775833400951
B_return_12_sigma0_stride1,B,12,return,68,0.53125,2.96577081347916,1,0,-0.00804184222603645,0.857613721771328
B_return_12_sigma0_stride1,B,12,return,69,0.5390625,2.89605363702797,1,0,-0.0103519023990641,0.862676981982962
B_return_12_sigma0_stride1,B,12,return,70,0.546875,2.82633646057678,1,0,-0.0132440070817927,0.861592509082095
B_return_12_sigma0_stride1,B,12,return,71,0.5546875,2.75661928412559,1,0,-0.0168405919922583,0.854203208517953
B_return_12_sigma0_stride1,B,12,return,72,0.5625,2.6869021076744,1,0,-0.0212832616352792,0.840440141117265
B_return_12_sigma0_stride1,B,12,return,73,0.5703125,2.61718493122321,1,0,-0.0267341340650446,0.820318862948314
B_return_12_sigma0_stride1,B,12,return,74,0.578125,2.54746775477203,1,0,-0.0333768580356037,0.812837928929314
B_return_12_sigma0_stride1,B,12,return,75,0.5859375,2.47775057832084,1,0,-0.0414171783216438,0.819719895896322
B_return_12_sigma0_stride1,B,12,return,76,0.59375,2.40803340186965,1,0,-0.0510829145493558,0.81963762768932
B_return_12_sigma0_stride1,B,12,return,77,0.6015625,2.33831622541846,1,0,-0.0626232128956205,0.812159381520564
B_return_12_sigma0_stride1,B,12,return,78,0.609375,2.26859904896727,1,0,-0.0763069299127443,0.796938527869671
B_return_12_sigma0_stride1,B,12,return,79,0.6171875,2.19888187251608,1,0,-0.0924200148883301,0.773718652325028
B_return_12_sigma0_stride1,B,12,return,80,0.625,2.12916469606489,1,0,-0.111261772774261,0.742336359849172
B_return_12_sigma0_stride1,B,12,return,81,0.6328125,2.05944751961371,1,0,-0.133139914760087,0.705663480981108
B_return_12_sigma0_stride1,B,12,return,82,0.640625,1.98973034316252,1,0,-0.158364338571048,0.697462539794838
B_return_12_sigma0_stride1,B,12,return,83,0.6484375,1.92001316671133,1,0,-0.187239625567916,0.680382996441135
B_return_12_sigma0_stride1,B,12,return,84,0.65625,1.85029599026014,1,0,-0.220056296119542,0.653914156348048
B_return_12_sigma0_stride1,B,12,return,85,0.6640625,1.78057881380895,1,0,-0.257080927211967,0.617673177563449
B_return_12_sigma0_stride1,B,12,return,86,0.671875,1.71086163735776,1,0,-0.29854530480898,0.571420043878172
B_return_12_sigma0_stride1,B,12,return,87,0.6796875,1.64114446090657,1,0,-0.344634855310307,0.515069931400207
B_return_12_sigma0_stride1,B,12,return,88,0.6875,1.57142728445538,1,0,-0.395476672112111,0.448702642478212
B_return_12_sigma0_stride1,B,12,return,89,0.6953125,1.5017101080042,1,0,-0.451127520754796,0.404498010298482
B_return_12_sigma0_stride1,B,12,return,90,0.703125,1.43199293155301,1,0,-0.511562265068204,0.359736499279651
B_return_12_sigma0_stride1,B,12,return,91,0.7109375,1.36227575510182,1,0,-0.57666320258246,0.305371445792789
B_return_12_sigma0_stride1,B,12,return,92,0.71875,1.29255857865063,1,0,-0.646210825897892,0.241552207810308
B_return_12_sigma0_stride1,B,12,return,93,0.7265625,1.22284140219944,1,0,-0.719876533788384,0.168656654265097
B_return_12_sigma0_stride1,B,12,return,94,0.734375,1.15312422574825,1,0,-0.797217798410454,0.0889426672153908
B_return_12_sigma0_stride1,B,12,return,95,0.7421875,1.08340704929706,1,0,-0.877676251042358,0.051249380013493
B_return_12_sigma0_stride1,B,12,return,96,0.75,1.01368987284587,1,0,-0.960579077559532,0.00896245451609767
B_return_12_sigma0_stride1,B,12,return,97,0.7578125,0.943972696394687,0,0,,
B_return_12_sigma0_stride1,B,12,return,98,0.765625,0.874255519943498,0,0,,
B_return_12_sigma0_stride1,B,12,return,99,0.7734375,0.804538343492309,0,0,,
B_return_12_sigma0_stride1,B,12,return,100,0.78125,0.73482116704112,0,0,,
B_return_12_sigma0_stride1,B,12,return,101,0.7890625,0.665103990589932,0,0,,
B_return_12_sigma0_stride1,B,12,return,102,0.796875,0.595386814138743,0,0,,
B_return_12_sigma0_stride1,B,12,return,103,0.8046875,0.525669637687554,0,0,,
B_return_12_sigma0_stride1,B,12,return,104,0.8125,0.5,0,0,,
B_return_12_sigma0_stride1,B,12,return,105,0.8203125,0.5,0,0,,
B_return_12_sigma0_stride1,B,12,return,106,0.828125,0.5,0,0,,
B_return_12_sigma0_stride1,B,12,return,107,0.8359375,0.5,0,0,,
B_return_12_sigma0_stride1,B,12,return,108,0.84375,0.5,0,0,,
B_return_12_sigma0_stride1,B,12,return,109,0.8515625,0.5,0,0,,
B_return_12_sigma0_stride1,B,12,return,110,0.859375,0.5,0,0,,
B_return_12_sigma0_stride1,B,12,return,111,0.8671875,0.5,0,0,,
B_return_12_sigma0_stride1,B,12,return,112,0.875,0.5,0,0,,
B_return_12_sigma0_stride1,B,12,return,113,0.8828125,0.5,0,0,,
B_return_12_sigma0_stride1,B,12,return,114,0.890625,0.5,0,0,,
B_return_12_sigma0_stride1,B,12,return,115,0.8984375,0.5,0,0,,
B_return_12_sigma0_stride1,B,12,return,116,0.90625,0.5,0,0,,
B_return_12_sigma0_stride1,B,12,return,117,0.9140625,0.5,0,0,,
B_return_12_sigma0_stride1,B,12,return,118,0.921875,0.5,0,0,,
B_return_12_sigma0_stride1,B,12,return,119,0.9296875,0.5,0,0,,
B_return_12_sigma0_stride1,B,12,return,120,0.9375,0.5,0,0,,
B_return_12_sigma0_stride1,B,12,return,121,0.9453125,0.5,0,0,,
B_return_12_sigma0_stride1,B,12,return,122,0.953125,0.5,0,0,,
B_return_12_sigma0_stride1,B,12,return,123,0.9609375,0.5,0,0,,
B_return_12_sigma0_stride1,B,12,return,124,0.96875,0.5,0,0,,
B_return_12_sigma0_stride1,B,12,return,125,0.9765625,0.5,0,0,,
B_return_12_sigma0_stride1,B,12,return,126,0.984375,0.5,0,0,,
B_return_12_sigma0_stride1,B,12,return,127,0.9921875,0.5,0,0,,
B_return_12_sigma0_stride1,B,12,return,128,1,0.5,0,0,,
B_ramp_12_sigma0_stride1,B,12,ramp,0,0,0.5,0,0,,
B_ramp_12_sigma0_stride1,B,12,ramp,1,0.0078125,0.5,0,0,,
B_ramp_12_sigma0_stride1,B,12,ramp,2,0.015625,0.5,0,0,,
B_ramp_12_sigma0_stride1,B,12,ramp,3,0.0234375,0.5,0,0,,
B_ramp_12_sigma0_stride1,B,12,ramp,4,0.03125,0.5,0,0,,
B_ramp_12_sigma0_stride1,B,12,ramp,5,0.0390625,0.5,0,0,,
B_ramp_12_sigma0_stride1,B,12,ramp,6,0.046875,0.5,0,0,,
B_ramp_12_sigma0_stride1,B,12,ramp,7,0.0546875,0.5,0,0,,
B_ramp_12_sigma0_stride1,B,12,ramp,8,0.0625,0.5,0,0,,
B_ramp_12_sigma0_stride1,B,12,ramp,9,0.0703125,0.5,0,0,,
B_ramp_12_sigma0_stride1,B,12,ramp,10,0.078125,0.5,0,0,,
B_ramp_12_sigma0_stride1,B,12,ramp,11,0.0859375,0.5,0,0,,
B_ramp_12_sigma0_stride1,B,12,ramp,12,0.09375,0.5,0,0,,
B_ramp_12_sigma0_stride1,B,12,ramp,13,0.1015625,0.5,0,0,,
B_ramp_12_sigma0_stride1,B,12,ramp,14,0.109375,0.5,0,0,,
B_ramp_12_sigma0_stride1,B,12,ramp,15,0.1171875,0.5,0,0,,
B_ramp_12_sigma0_stride1,B,12,ramp,16,0.125,0.5,0,0,,
B_ramp_12_sigma0_stride1,B,12,ramp,17,0.1328125,0.5,0,0,,
B_ramp_12_sigma0_stride1,B,12,ramp,18,0.140625,0.5,0,0,,
B_ramp_12_sigma0_stride1,B,12,ramp,19,0.1484375,0.5,0,0,,
B_ramp_12_sigma0_stride1,B,12,ramp,20,0.15625,0.5,0,0,,
B_ramp_12_sigma0_stride1,B,12,ramp,21,0.1640625,0.5,0,0,,
B_ramp_12_sigma0_stride1,B,12,ramp,22,0.171875,0.514727537958254,0,0,,
B_ramp_12_sigma0_stride1,B,12,ramp,23,0.1796875,0.543674099234078,0,0,,
B_ramp_12_sigma0_stride1,B,12,ramp,24,0.1875,0.572620660509901,0,0,,
B_ramp_12_sigma0_stride1,B,12,ramp,25,0.1953125,0.601567221785724,0,0,,
B_ramp_12_sigma0_stride1,B,12,ramp,26,0.203125,0.630513783061547,0,0,,
B_ramp_12_sigma0_stride1,B,12,ramp,27,0.2109375,0.65946034433737,0,0,,
B_ramp_12_sigma0_stride1,B,12,ramp,28,0.21875,0.688406905613193,0,0,,
B_ramp_12_sigma0_stride1,B,12,ramp,29,0.2265625,0.717353466889016,0,0,,
B_ramp_12_sigma0_stride1,B,12,ramp,30,0.234375,0.74630002816484,0,0,,
B_ramp_12_sigma0_stride1,B,12,ramp,31,0.2421875,0.775246589440663,0,0,,
B_ramp_12_sigma0_stride1,B,12,ramp,32,0.25,0.804193150716486,0,0,,
B_ramp_12_sigma0_stride1,B,12,ramp,33,0.2578125,0.833139711992309,0,0,,
B_ramp_12_sigma0_stride1,B,12,ramp,34,0.265625,0.862086273268132,0,0,,
B_ramp_12_sigma0_stride1,B,12,ramp,35,0.2734375,0.891032834543955,0,0,,
B_ramp_12_sigma0_stride1,B,12,ramp,36,0.28125,0.919979395819778,0,0,,
B_ramp_12_sigma0_stride1,B,12,ramp,37,0.2890625,0.948925957095601,0,0,,
B_ramp_12_sigma0_stride1,B,12,ramp,38,0.296875,0.977872518371425,0,0,,
B_ramp_12_sigma0_stride1,B,12,ramp,39,0.3046875,1.00681907964725,1,0,-0.953660096866087,0.0136893933939639
B_ramp_12_sigma0_stride1,B,12,ramp,40,0.3125,1.03576564092307,1,0,-0.921898507878551,0.0300479017526221
B_ramp_12_sigma0_stride1,B,12,ramp,41,0.3203125,1.06471220219889,1,0,-0.890341363093548,0.0457958765626947
B_ramp_12_sigma0_stride1,B,12,ramp,42,0.328125,1.09365876347472,1,0,-0.859040697838506,0.0608970475261126
B_ramp_12_sigma0_stride1,B,12,ramp,43,0.3359375,1.12260532475054,1,0,-0.828046050075367,0.0753191862146648
B_ramp_12_sigma0_stride1,B,12,ramp,44,0.34375,1.15155188602636,1,0,-0.797404362357883,0.0890341448707018
B_ramp_12_sigma0_stride1,B,12,ramp,45,0.3515625,1.18049844730219,1,0,-0.767159899215639,0.114417119204055
B_ramp_12_sigma0_stride1,B,12,ramp,46,0.359375,1.20944500857801,1,0,-0.737354179884136,0.145374883669112
B_ramp_12_sigma0_stride1,B,12,ramp,47,0.3671875,1.23839156985383,1,0,-0.708025926204139,0.175102192252083
B_ramp_12_sigma0_stride1,B,12,ramp,48,0.375,1.26733813112966,1,0,-0.679211025422135,0.203548531715157
B_ramp_12_sigma0_stride1,B,12,ramp,49,0.3828125,1.29628469240548,1,0,-0.650942507537611,0.230669352266077
B_ramp_12_sigma0_stride1,B,12,ramp,50,0.390625,1.3252312536813,1,0,-0.623250536762521,0.256426096452287
B_ramp_12_sigma0_stride1,B,12,ramp,51,0.3984375,1.35417781495713,1,0,-0.596162416584193,0.280786198210927
B_ramp_12_sigma0_stride1,B,12,ramp,52,0.40625,1.38312437623295,1,0,-0.569702607855451,0.303723052782861
B_ramp_12_sigma0_stride1,B,12,ramp,53,0.4140625,1.41207093750877,1,0,-0.54389275927509,0.325215958361273
B_ramp_12_sigma0_stride1,B,12,ramp,54,0.421875,1.44101749878459,1,0,-0.518751749568401,0.345250030498869
B_ramp_12_sigma0_stride1,B,12,ramp,55,0.4296875,1.46996406006042,1,0,-0.494295740631247,0.363816090441388
B_ramp_12_sigma0_stride1,B,12,ramp,56,0.4375,1.49891062133624,1,0,-0.47053824086234,0.380910528688076
B_ramp_12_sigma0_stride1,B,12,ramp,57,0.4453125,1.52785718261206,1,0,-0.447490177876919,0.396535145201219
B_ramp_12_sigma0_stride1,B,12,ramp,58,0.453125,1.55680374388789,1,0,-0.425159979770879,0.410696967795965
B_ramp_12_sigma0_stride1,B,12,ramp,59,0.4609375,1.58575030516371,1,0,-0.403553664087382,0.438465087173656
B_ramp_12_sigma0_stride1,B,12,ramp,60,0.46875,1.61469686643953,1,0,-0.38267493362805,0.465490184260743
B_ramp_12_sigma0_stride1,B,12,ramp,61,0.4765625,1.64364342771536,1,0,-0.362525278247587,0.490957583191468
B_ramp_12_sigma0_stride1,B,12,ramp,62,0.484375,1.67258998899118,1,0,-0.343104081773956,0.51485044444426
B_ramp_12_sigma0_stride1,B,12,ramp,63,0.4921875,1.701536550267,1,0,-0.324408733205587,0.537156570379677
B_ramp_12_sigma0_stride1,B,12,ramp,64,0.5,1.73048311154283,1,0,-0.30643474135229,0.557868355917271
B_ramp_12_sigma0_stride1,B,12,ramp,65,0.5078125,1.75942967281865,1,0,-0.289175852106995,0.57698272362242
B_ramp_12_sigma0_stride1,B,12,ramp,66,0.515625,1.78837623409447,1,0,-0.272624167560891,0.594501043561668
B_ramp_12_sigma0_stride1,B,12,ramp,67,0.5234375,1.8173227953703,1,0,-0.25677026620437,0.610429038352112
B_ramp_12_sigma0_stride1,B,12,ramp,68,0.53125,1.84626935664612,1,0,-0.241603323490035,0.624776673896445
B_ramp_12_sigma0_stride1,B,12,ramp,69,0.5390625,1.87521591792194,1,0,-0.227111232071348,0.637558036360335
B_ramp_12_sigma0_stride1,B,12,ramp,70,0.546875,1.90416247919777,1,0,-0.213280721070792,0.648791196012025
B_ramp_12_sigma0_stride1,B,12,ramp,71,0.5546875,1.93310904047359,1,0,-0.20009747377425,0.658498058605183
B_ramp_12_sigma0_stride1,B,12,ramp,72,0.5625,1.96205560174941,1,0,-0.187546243193083,0.666704205044438
B_ramp_12_sigma0_stride1,B,12,ramp,73,0.5703125,1.99100216302523,1,0,-0.175610964981729,0.673438720128278
B_ramp_12_sigma0_stride1,B,12,ramp,74,0.578125,2.01994872430106,1,0,-0.164274867246017,0.678734011215564
B_ramp_12_sigma0_stride1,B,12,ramp,75,0.5859375,2.04889528557688,1,0,-0.153520576825377,0.682625617709337
B_ramp_12_sigma0_stride1,B,12,ramp,76,0.59375,2.0778418468527,1,0,-0.143330221680255,0.692150471148017
B_ramp_12_sigma0_stride1,B,12,ramp,77,0.6015625,2.10678840812853,1,0,-0.133685529063956,0.70870766247883
B_ramp_12_sigma0_stride1,B,12,ramp,78,0.609375,2.13573496940435,1,0,-0.124567919205439,0.723915672254336
B_ramp_12_sigma0_stride1,B,12,ramp,79,0.6171875,2.16468153068017,1,0,-0.115958594275885,0.737774677766096
B_ramp_12_sigma0_stride1,B,12,ramp,80,0.625,2.193628091956,1,0,-0.107838622456916,0.750287487876003
B_ramp_12_sigma0_stride1,B,12,ramp,81,0.6328125,2.22257465323182,1,0,-0.100189016971763,0.761459546072066
B_ramp_12_sigma0_stride1,B,12,ramp,82,0.640625,2.25152121450764,1,0,-0.092990809982326,0.77129892577633
B_ramp_12_sigma0_stride1,B,12,ramp,83,0.6484375,2.28046777578347,1,0,-0.0862251212946212,0.77981631746083
B_ramp_12_sigma0_stride1,B,12,ramp,84,0.65625,2.30941433705929,1,0,-0.0798732218524043,0.787025007185477
B_ramp_12_sigma0_stride1,B,12,ramp,85,0.6640625,2.33836089833511,1,0,-0.0739165920337037,0.792940846235891
B_ramp_12_sigma0_stride1,B,12,ramp,86,0.671875,2.36730745961094,1,0,-0.0683369747973554,0.797582211608646
B_ramp_12_sigma0_stride1,B,12,ramp,87,0.6796875,2.39625402088676,1,0,-0.0631164237564157,0.800969957165332
B_ramp_12_sigma0_stride1,B,12,ramp,88,0.6875,2.42520058216258,1,0,-0.0582373462824048,0.803127355354351
B_ramp_12_sigma0_stride1,B,12,ramp,89,0.6953125,2.45414714343841,1,0,-0.0536825417687208,0.804080029479572
B_ramp_12_sigma0_stride1,B,12,ramp,90,0.703125,2.48309370471423,1,0,-0.0494352352032127,0.803855876576814
B_ramp_12_sigma0_stride1,B,12,ramp,91,0.7109375,2.51204026599005,1,0,-0.0454791062188635,0.802484981041699
B_ramp_12_sigma0_stride1,B,12,ramp,92,0.71875,2.54098682726587,1,0,-0.0417983138078381,0.799999519234746
B_ramp_12_sigma0_stride1,B,12,ramp,93,0.7265625,2.5699333885417,1,0,-0.0383775168978604,0.796433655370626
B_ramp_12_sigma0_stride1,B,12,ramp,94,0.734375,2.59887994981752,1,0,-0.0352018910010861,0.801502478267652
B_ramp_12_sigma0_stride1,B,12,ramp,95,0.7421875,2.62782651109334,1,0,-0.0322571411544311,0.811222546039472
B_ramp_12_sigma0_stride1,B,12,ramp,96,0.75,2.65677307236917,1,0,-0.0295295113768125,0.81989994888021
B_ramp_12_sigma0_stride1,B,12,ramp,97,0.7578125,2.68571963364499,1,0,-0.0270057908730851,0.827529710037808
B_ramp_12_sigma0_stride1,B,12,ramp,98,0.765625,2.71466619492081,1,0,-0.0246733172167561,0.834108814743442
B_ramp_12_sigma0_stride1,B,12,ramp,99,0.7734375,2.74361275619664,1,0,-0.0225199767439587,0.839636290007297
B_ramp_12_sigma0_stride1,B,12,ramp,100,0.78125,2.77255931747246,1,0,-0.0205342023898425,0.844113273970089
B_ramp_12_sigma0_stride1,B,12,ramp,101,0.7890625,2.80150587874828,1,0,-0.018704969195608,0.84754307409931
B_ramp_12_sigma0_stride1,B,12,ramp,102,0.796875,2.83045244002411,1,0,-0.0170217877100734,0.849931213619224
B_ramp_12_sigma0_stride1,B,12,ramp,103,0.8046875,2.85939900129993,1,0,-0.015474695504032,0.851285465668632
B_ramp_12_sigma0_stride1,B,12,ramp,104,0.8125,2.88834556257575,1,0,-0.0140542470089167,0.851615874789104
B_ramp_12_sigma0_stride1,B,12,ramp,105,0.8203125,2.91729212385157,1,0,-0.0127515018835765,0.850934765457851
B_ramp_12_sigma0_stride1,B,12,ramp,106,0.828125,2.9462386851274,1,0,-0.0115580121044344,0.849256737492392
B_ramp_12_sigma0_stride1,B,12,ramp,107,0.8359375,2.97518524640322,1,0,-0.0104658079650863,0.846598648267666
B_ramp_12_sigma0_stride1,B,12,ramp,108,0.84375,3,1,0,-0.00960443193836397,0.843554176898596
B_ramp_12_sigma0_stride1,B,12,ramp,109,0.8515625,3,1,0,-0.00960443193836397,0.843554176898596
B_ramp_12_sigma0_stride1,B,12,ramp,110,0.859375,3,1,0,-0.00960443193836397,0.843554176898596
B_ramp_12_sigma0_stride1,B,12,ramp,111,0.8671875,3,1,0,-0.00960443193836397,0.843554176898596
B_ramp_12_sigma0_stride1,B,12,ramp,112,0.875,3,1,0,-0.00960443193836397,0.843554176898596
B_ramp_12_sigma0_stride1,B,12,ramp,113,0.8828125,3,1,0,-0.00960443193836397,0.843554176898596
B_ramp_12_sigma0_stride1,B,12,ramp,114,0.890625,3,1,0,-0.00960443193836397,0.843554176898596
B_ramp_12_sigma0_stride1,B,12,ramp,115,0.8984375,3,1,0,-0.00960443193836397,0.843554176898596
B_ramp_12_sigma0_stride1,B,12,ramp,116,0.90625,3,1,0,-0.00960443193836397,0.843554176898596
B_ramp_12_sigma0_stride1,B,12,ramp,117,0.9140625,3,1,0,-0.00960443193836397,0.843554176898596
B_ramp_12_sigma0_stride1,B,12,ramp,118,0.921875,3,1,0,-0.00960443193836397,0.843554176898596
B_ramp_12_sigma0_stride1,B,12,ramp,119,0.9296875,3,1,0,-0.00960443193836397,0.843554176898596
B_ramp_12_sigma0_stride1,B,12,ramp,120,0.9375,3,1,0,-0.00960443193836397,0.843554176898596
B_ramp_12_sigma0_stride1,B,12,ramp,121,0.9453125,3,1,0,-0.00960443193836397,0.843554176898596
B_ramp_12_sigma0_stride1,B,12,ramp,122,0.953125,3,1,0,-0.00960443193836397,0.843554176898596
B_ramp_12_sigma0_stride1,B,12,ramp,123,0.9609375,3,1,0,-0.00960443193836397,0.843554176898596
B_ramp_12_sigma0_stride1,B,12,ramp,124,0.96875,3,1,0,-0.00960443193836397,0.843554176898596
B_ramp_12_sigma0_stride1,B,12,ramp,125,0.9765625,3,1,0,-0.00960443193836397,0.843554176898596
B_ramp_12_sigma0_stride1,B,12,ramp,126,0.984375,3,1,0,-0.00960443193836397,0.843554176898596
B_ramp_12_sigma0_stride1,B,12,ramp,127,0.9921875,3,1,0,-0.00960443193836397,0.843554176898596
B_ramp_12_sigma0_stride1,B,12,ramp,128,1,3,1,0,-0.00960443193836397,0.843554176898596
B_jump_12_sigma0_stride1,B,12,jump,0,0,0.5,0,0,,
B_jump_12_sigma0_stride1,B,12,jump,1,0.0078125,0.5,0,0,,
B_jump_12_sigma0_stride1,B,12,jump,2,0.015625,0.5,0,0,,
B_jump_12_sigma0_stride1,B,12,jump,3,0.0234375,0.5,0,0,,
B_jump_12_sigma0_stride1,B,12,jump,4,0.03125,0.5,0,0,,
B_jump_12_sigma0_stride1,B,12,jump,5,0.0390625,0.5,0,0,,
B_jump_12_sigma0_stride1,B,12,jump,6,0.046875,0.5,0,0,,
B_jump_12_sigma0_stride1,B,12,jump,7,0.0546875,0.5,0,0,,
B_jump_12_sigma0_stride1,B,12,jump,8,0.0625,0.5,0,0,,
B_jump_12_sigma0_stride1,B,12,jump,9,0.0703125,0.5,0,0,,
B_jump_12_sigma0_stride1,B,12,jump,10,0.078125,0.5,0,0,,
B_jump_12_sigma0_stride1,B,12,jump,11,0.0859375,0.5,0,0,,
B_jump_12_sigma0_stride1,B,12,jump,12,0.09375,0.5,0,0,,
B_jump_12_sigma0_stride1,B,12,jump,13,0.1015625,0.5,0,0,,
B_jump_12_sigma0_stride1,B,12,jump,14,0.109375,0.5,0,0,,
B_jump_12_sigma0_stride1,B,12,jump,15,0.1171875,0.5,0,0,,
B_jump_12_sigma0_stride1,B,12,jump,16,0.125,0.5,0,0,,
B_jump_12_sigma0_stride1,B,12,jump,17,0.1328125,0.5,0,0,,
B_jump_12_sigma0_stride1,B,12,jump,18,0.140625,0.5,0,0,,
B_jump_12_sigma0_stride1,B,12,jump,19,0.1484375,0.5,0,0,,
B_jump_12_sigma0_stride1,B,12,jump,20,0.15625,0.5,0,0,,
B_jump_12_sigma0_stride1,B,12,jump,21,0.1640625,0.5,0,0,,
B_jump_12_sigma0_stride1,B,12,jump,22,0.171875,0.5,0,0,,
B_jump_12_sigma0_stride1,B,12,jump,23,0.1796875,0.5,0,0,,
B_jump_12_sigma0_stride1,B,12,jump,24,0.1875,0.5,0,0,,
B_jump_12_sigma0_stride1,B,12,jump,25,0.1953125,0.5,0,0,,
B_jump_12_sigma0_stride1,B,12,jump,26,0.203125,0.5,0,0,,
B_jump_12_sigma0_stride1,B,12,jump,27,0.2109375,0.5,0,0,,
B_jump_12_sigma0_stride1,B,12,jump,28,0.21875,0.5,0,0,,
B_jump_12_sigma0_stride1,B,12,jump,29,0.2265625,0.5,0,0,,
B_jump_12_sigma0_stride1,B,12,jump,30,0.234375,0.5,0,0,,
B_jump_12_sigma0_stride1,B,12,jump,31,0.2421875,0.5,0,0,,
B_jump_12_sigma0_stride1,B,12,jump,32,0.25,0.5,0,0,,
B_jump_12_sigma0_stride1,B,12,jump,33,0.2578125,0.5,0,0,,
B_jump_12_sigma0_stride1,B,12,jump,34,0.265625,0.5,0,0,,
B_jump_12_sigma0_stride1,B,12,jump,35,0.2734375,0.5,0,0,,
B_jump_12_sigma0_stride1,B,12,jump,36,0.28125,0.5,0,0,,
B_jump_12_sigma0_stride1,B,12,jump,37,0.2890625,0.5,0,0,,
B_jump_12_sigma0_stride1,B,12,jump,38,0.296875,0.5,0,0,,
B_jump_12_sigma0_stride1,B,12,jump,39,0.3046875,0.5,0,0,,
B_jump_12_sigma0_stride1,B,12,jump,40,0.3125,0.5,0,0,,
B_jump_12_sigma0_stride1,B,12,jump,41,0.3203125,0.5,0,0,,
B_jump_12_sigma0_stride1,B,12,jump,42,0.328125,0.5,0,0,,
B_jump_12_sigma0_stride1,B,12,jump,43,0.3359375,0.5,0,0,,
B_jump_12_sigma0_stride1,B,12,jump,44,0.34375,0.5,0,0,,
B_jump_12_sigma0_stride1,B,12,jump,45,0.3515625,0.5,0,0,,
B_jump_12_sigma0_stride1,B,12,jump,46,0.359375,0.5,0,0,,
B_jump_12_sigma0_stride1,B,12,jump,47,0.3671875,0.5,0,0,,
B_jump_12_sigma0_stride1,B,12,jump,48,0.375,0.5,0,0,,
B_jump_12_sigma0_stride1,B,12,jump,49,0.3828125,0.5,0,0,,
B_jump_12_sigma0_stride1,B,12,jump,50,0.390625,0.5,0,0,,
B_jump_12_sigma0_stride1,B,12,jump,51,0.3984375,0.5,0,0,,
B_jump_12_sigma0_stride1,B,12,jump,52,0.40625,0.5,0,0,,
B_jump_12_sigma0_stride1,B,12,jump,53,0.4140625,0.5,0,0,,
B_jump_12_sigma0_stride1,B,12,jump,54,0.421875,0.5,0,0,,
B_jump_12_sigma0_stride1,B,12,jump,55,0.4296875,0.5,0,0,,
B_jump_12_sigma0_stride1,B,12,jump,56,0.4375,0.5,0,0,,
B_jump_12_sigma0_stride1,B,12,jump,57,0.4453125,0.5,0,0,,
B_jump_12_sigma0_stride1,B,12,jump,58,0.453125,0.5,0,0,,
B_jump_12_sigma0_stride1,B,12,jump,59,0.4609375,0.5,0,0,,
B_jump_12_sigma0_stride1,B,12,jump,60,0.46875,0.5,0,0,,
B_jump_12_sigma0_stride1,B,12,jump,61,0.4765625,3,1,0,-0.00171553606122997,0.843586458056402
B_jump_12_sigma0_stride1,B,12,jump,62,0.484375,3,1,0,-0.00171553606122997,0.843586458056402
B_jump_12_sigma0_stride1,B,12,jump,63,0.4921875,3,1,0,-0.00171553606122997,0.843586458056402
B_jump_12_sigma0_stride1,B,12,jump,64,0.5,3,1,0,-0.00171553606122997,0.843586458056402
B_jump_12_sigma0_stride1,B,12,jump,65,0.5078125,3,1,0,-0.00171553606122997,0.843586458056402
B_jump_12_sigma0_stride1,B,12,jump,66,0.515625,3,1,0,-0.00171553606122997,0.843586458056402
B_jump_12_sigma0_stride1,B,12,jump,67,0.5234375,3,1,0,-0.00171553606122997,0.843586458056402
B_jump_12_sigma0_stride1,B,12,jump,68,0.53125,3,1,0,-0.00171553606122997,0.843586458056402
B_jump_12_sigma0_stride1,B,12,jump,69,0.5390625,3,1,0,-0.00171553606122997,0.843586458056402
B_jump_12_sigma0_stride1,B,12,jump,70,0.546875,3,1,0,-0.00171553606122997,0.843586458056402
B_jump_12_sigma0_stride1,B,12,jump,71,0.5546875,3,1,0,-0.00171553606122997,0.843586458056402
B_jump_12_sigma0_stride1,B,12,jump,72,0.5625,3,1,0,-0.00171553606122997,0.843586458056402
B_jump_12_sigma0_stride1,B,12,jump,73,0.5703125,3,1,0,-0.00171553606122997,0.843586458056402
B_jump_12_sigma0_stride1,B,12,jump,74,0.578125,3,1,0,-0.00171553606122997,0.843586458056402
B_jump_12_sigma0_stride1,B,12,jump,75,0.5859375,3,1,0,-0.00171553606122997,0.843586458056402
B_jump_12_sigma0_stride1,B,12,jump,76,0.59375,3,1,0,-0.00171553606122997,0.843586458056402
B_jump_12_sigma0_stride1,B,12,jump,77,0.6015625,3,1,0,-0.00171553606122997,0.843586458056402
B_jump_12_sigma0_stride1,B,12,jump,78,0.609375,3,1,0,-0.00171553606122997,0.843586458056402
B_jump_12_sigma0_stride1,B,12,jump,79,0.6171875,3,1,0,-0.00171553606122997,0.843586458056402
B_jump_12_sigma0_stride1,B,12,jump,80,0.625,3,1,0,-0.00171553606122997,0.843586458056402
B_jump_12_sigma0_stride1,B,12,jump,81,0.6328125,3,1,0,-0.00171553606122997,0.843586458056402
B_jump_12_sigma0_stride1,B,12,jump,82,0.640625,3,1,0,-0.00171553606122997,0.843586458056402
B_jump_12_sigma0_stride1,B,12,jump,83,0.6484375,3,1,0,-0.00171553606122997,0.843586458056402
B_jump_12_sigma0_stride1,B,12,jump,84,0.65625,3,1,0,-0.00171553606122997,0.843586458056402
B_jump_12_sigma0_stride1,B,12,jump,85,0.6640625,3,1,0,-0.00171553606122997,0.843586458056402
B_jump_12_sigma0_stride1,B,12,jump,86,0.671875,3,1,0,-0.00171553606122997,0.843586458056402
B_jump_12_sigma0_stride1,B,12,jump,87,0.6796875,3,1,0,-0.00171553606122997,0.843586458056402
B_jump_12_sigma0_stride1,B,12,jump,88,0.6875,3,1,0,-0.00171553606122997,0.843586458056402
B_jump_12_sigma0_stride1,B,12,jump,89,0.6953125,3,1,0,-0.00171553606122997,0.843586458056402
B_jump_12_sigma0_stride1,B,12,jump,90,0.703125,3,1,0,-0.00171553606122997,0.843586458056402
B_jump_12_sigma0_stride1,B,12,jump,91,0.7109375,3,1,0,-0.00171553606122997,0.843586458056402
B_jump_12_sigma0_stride1,B,12,jump,92,0.71875,3,1,0,-0.00171553606122997,0.843586458056402
B_jump_12_sigma0_stride1,B,12,jump,93,0.7265625,3,1,0,-0.00171553606122997,0.843586458056402
B_jump_12_sigma0_stride1,B,12,jump,94,0.734375,3,1,0,-0.00171553606122997,0.843586458056402
B_jump_12_sigma0_stride1,B,12,jump,95,0.7421875,3,1,0,-0.00171553606122997,0.843586458056402
B_jump_12_sigma0_stride1,B,12,jump,96,0.75,3,1,0,-0.00171553606122997,0.843586458056402
B_jump_12_sigma0_stride1,B,12,jump,97,0.7578125,3,1,0,-0.00171553606122997,0.843586458056402
B_jump_12_sigma0_stride1,B,12,jump,98,0.765625,3,1,0,-0.00171553606122997,0.843586458056402
B_jump_12_sigma0_stride1,B,12,jump,99,0.7734375,3,1,0,-0.00171553606122997,0.843586458056402
B_jump_12_sigma0_stride1,B,12,jump,100,0.78125,3,1,0,-0.00171553606122997,0.843586458056402
B_jump_12_sigma0_stride1,B,12,jump,101,0.7890625,3,1,0,-0.00171553606122997,0.843586458056402
B_jump_12_sigma0_stride1,B,12,jump,102,0.796875,3,1,0,-0.00171553606122997,0.843586458056402
B_jump_12_sigma0_stride1,B,12,jump,103,0.8046875,3,1,0,-0.00171553606122997,0.843586458056402
B_jump_12_sigma0_stride1,B,12,jump,104,0.8125,3,1,0,-0.00171553606122997,0.843586458056402
B_jump_12_sigma0_stride1,B,12,jump,105,0.8203125,3,1,0,-0.00171553606122997,0.843586458056402
B_jump_12_sigma0_stride1,B,12,jump,106,0.828125,3,1,0,-0.00171553606122997,0.843586458056402
B_jump_12_sigma0_stride1,B,12,jump,107,0.8359375,3,1,0,-0.00171553606122997,0.843586458056402
B_jump_12_sigma0_stride1,B,12,jump,108,0.84375,3,1,0,-0.00171553606122997,0.843586458056402
B_jump_12_sigma0_stride1,B,12,jump,109,0.8515625,3,1,0,-0.00171553606122997,0.843586458056402
B_jump_12_sigma0_stride1,B,12,jump,110,0.859375,3,1,0,-0.00171553606122997,0.843586458056402
B_jump_12_sigma0_stride1,B,12,jump,111,0.8671875,3,1,0,-0.00171553606122997,0.843586458056402
B_jump_12_sigma0_stride1,B,12,jump,112,0.875,3,1,0,-0.00171553606122997,0.843586458056402
B_jump_12_sigma0_stride1,B,12,jump,113,0.8828125,3,1,0,-0.00171553606122997,0.843586458056402
B_jump_12_sigma0_stride1,B,12,jump,114,0.890625,3,1,0,-0.00171553606122997,0.843586458056402
B_jump_12_sigma0_stride1,B,12,jump,115,0.8984375,3,1,0,-0.00171553606122997,0.843586458056402
B_jump_12_sigma0_stride1,B,12,jump,116,0.90625,3,1,0,-0.00171553606122997,0.843586458056402
B_jump_12_sigma0_stride1,B,12,jump,117,0.9140625,3,1,0,-0.00171553606122997,0.843586458056402
B_jump_12_sigma0_stride1,B,12,jump,118,0.921875,3,1,0,-0.00171553606122997,0.843586458056402
B_jump_12_sigma0_stride1,B,12,jump,119,0.9296875,3,1,0,-0.00171553606122997,0.843586458056402
B_jump_12_sigma0_stride1,B,12,jump,120,0.9375,3,1,0,-0.00171553606122997,0.843586458056402
B_jump_12_sigma0_stride1,B,12,jump,121,0.9453125,3,1,0,-0.00171553606122997,0.843586458056402
B_jump_12_sigma0_stride1,B,12,jump,122,0.953125,3,1,0,-0.00171553606122997,0.843586458056402
B_jump_12_sigma0_stride1,B,12,jump,123,0.9609375,3,1,0,-0.00171553606122997,0.843586458056402
B_jump_12_sigma0_stride1,B,12,jump,124,0.96875,3,1,0,-0.00171553606122997,0.843586458056402
B_jump_12_sigma0_stride1,B,12,jump,125,0.9765625,3,1,0,-0.00171553606122997,0.843586458056402
B_jump_12_sigma0_stride1,B,12,jump,126,0.984375,3,1,0,-0.00171553606122997,0.843586458056402
B_jump_12_sigma0_stride1,B,12,jump,127,0.9921875,3,1,0,-0.00171553606122997,0.843586458056402
B_jump_12_sigma0_stride1,B,12,jump,128,1,3,1,0,-0.00171553606122997,0.843586458056402
