run_id,family,config,z_value,seed,sigma,interval,u_mid,distance,above_e_static_05,above_e_loo
A_static_13_sigma0_stride1,A,static_z0.5,0.5,13,0,0,0.00390625,0,,
A_static_13_sigma0_stride1,A,static_z0.5,0.5,13,0,1,0.01171875,0,,
A_static_13_sigma0_stride1,A,static_z0.5,0.5,13,0,2,0.01953125,0,,
A_static_13_sigma0_stride1,A,static_z0.5,0.5,13,0,3,0.02734375,0,,
A_static_13_sigma0_stride1,A,static_z0.5,0.5,13,0,4,0.03515625,0,,
A_static_13_sigma0_stride1,A,static_z0.5,0.5,13,0,5,0.04296875,0,,
A_static_13_sigma0_stride1,A,static_z0.5,0.5,13,0,6,0.05078125,0,,
A_static_13_sigma0_stride1,A,static_z0.5,0.5,13,0,7,0.05859375,0,,
A_static_13_sigma0_stride1,A,static_z0.5,0.5,13,0,8,0.06640625,0,,
A_static_13_sigma0_stride1,A,static_z0.5,0.5,13,0,9,0.07421875,0,,
A_static_13_sigma0_stride1,A,static_z0.5,0.5,13,0,10,0.08203125,0,,
A_static_13_sigma0_stride1,A,static_z0.5,0.5,13,0,11,0.08984375,0,,
A_static_13_sigma0_stride1,A,static_z0.5,0.5,13,0,12,0.09765625,0,,
A_static_13_sigma0_stride1,A,static_z0.5,0.5,13,0,13,0.10546875,0,,
A_static_13_sigma0_stride1,A,static_z0.5,0.5,13,0,14,0.11328125,0,,
A_static_13_sigma0_stride1,A,static_z0.5,0.5,13,0,15,0.12109375,0,,
A_static_13_sigma0_stride1,A,static_z0.5,0.5,13,0,16,0.12890625,0,,
A_static_13_sigma0_stride1,A,static_z0.5,0.5,13,0,17,0.13671875,0,,
A_static_13_sigma0_stride1,A,static_z0.5,0.5,13,0,18,0.14453125,0,,
A_static_13_sigma0_stride1,A,static_z0.5,0.5,13,0,19,0.15234375,0,,
A_static_13_sigma0_stride1,A,static_z0.5,0.5,13,0,20,0.16015625,0,,
A_static_13_sigma0_stride1,A,static_z0.5,0.5,13,0,21,0.16796875,0,,
A_static_13_sigma0_stride1,A,static_z0.5,0.5,13,0,22,0.17578125,0,,
A_static_13_sigma0_stride1,A,static_z0.5,0.5,13,0,23,0.18359375,0,,
A_static_13_sigma0_stride1,A,static_z0.5,0.5,13,0,24,0.19140625,0,,
A_static_13_sigma0_stride1,A,static_z0.5,0.5,13,0,25,0.19921875,0,,
A_static_13_sigma0_stride1,A,static_z0.5,0.5,13,0,26,0.20703125,0,,
A_static_13_sigma0_stride1,A,static_z0.5,0.5,13,0,27,0.21484375,0,,
A_static_13_sigma0_stride1,A,static_z0.5,0.5,13,0,28,0.22265625,0,,
A_static_13_sigma0_stride1,A,static_z0.5,0.5,13,0,29,0.23046875,0,,
A_static_13_sigma0_stride1,A,static_z0.5,0.5,13,0,30,0.23828125,0,,
A_static_13_sigma0_stride1,A,static_z0.5,0.5,13,0,31,0.24609375,0,,
A_static_13_sigma0_stride1,A,static_z0.5,0.5,13,0,32,0.25390625,0,,
A_static_13_sigma0_stride1,A,static_z0.5,0.5,13,0,33,0.26171875,0,,
A_static_13_sigma0_stride1,A,static_z0.5,0.5,13,0,34,0.26953125,0,,
A_static_13_sigma0_stride1,A,static_z0.5,0.5,13,0,35,0.27734375,0,,
A_static_13_sigma0_stride1,A,static_z0.5,0.5,13,0,36,0.28515625,0,,
A_static_13_sigma0_stride1,A,static_z0.5,0.5,13,0,37,0.29296875,0,,
A_static_13_sigma0_stride1,A,static_z0.5,0.5,13,0,38,0.30078125,0,,
A_static_13_sigma0_stride1,A,static_z0.5,0.5,13,0,39,0.30859375,0,,
A_static_13_sigma0_stride1,A,static_z0.5,0.5,13,0,40,0.31640625,0,,
A_static_13_sigma0_stride1,A,static_z0.5,0.5,13,0,41,0.32421875,0,,
A_static_13_sigma0_stride1,A,static_z0.5,0.5,13,0,42,0.33203125,0,,
A_static_13_sigma0_stride1,A,static_z0.5,0.5,13,0,43,0.33984375,0,,
A_static_13_sigma0_stride1,A,static_z0.5,0.5,13,0,44,0.34765625,0,,
A_static_13_sigma0_stride1,A,static_z0.5,0.5,13,0,45,0.35546875,0,,
A_static_13_sigma0_stride1,A,static_z0.5,0.5,13,0,46,0.36328125,0,,
A_static_13_sigma0_stride1,A,static_z0.5,0.5,13,0,47,0.37109375,0,,
A_static_13_sigma0_stride1,A,static_z0.5,0.5,13,0,48,0.37890625,0,,
A_static_13_sigma0_stride1,A,static_z0.5,0.5,13,0,49,0.38671875,0,,
A_static_13_sigma0_stride1,A,static_z0.5,0.5,13,0,50,0.39453125,0,,
A_static_13_sigma0_stride1,A,static_z0.5,0.5,13,0,51,0.40234375,0,,
A_static_13_sigma0_stride1,A,static_z0.5,0.5,13,0,52,0.41015625,0,,
A_static_13_sigma0_stride1,A,static_z0.5,0.5,13,0,53,0.41796875,0,,
A_static_13_sigma0_stride1,A,static_z0.5,0.5,13,0,54,0.42578125,0,,
A_static_13_sigma0_stride1,A,static_z0.5,0.5,13,0,55,0.43359375,0,,
A_static_13_sigma0_stride1,A,static_z0.5,0.5,13,0,56,0.44140625,0,,
A_static_13_sigma0_stride1,A,static_z0.5,0.5,13,0,57,0.44921875,0,,
A_static_13_sigma0_stride1,A,static_z0.5,0.5,13,0,58,0.45703125,0,,
A_static_13_sigma0_stride1,A,static_z0.5,0.5,13,0,59,0.46484375,0,,
A_static_13_sigma0_stride1,A,static_z0.5,0.5,13,0,60,0.47265625,0,,
A_static_13_sigma0_stride1,A,static_z0.5,0.5,13,0,61,0.48046875,0,,
A_static_13_sigma0_stride1,A,static_z0.5,0.5,13,0,62,0.48828125,0,,
A_static_13_sigma0_stride1,A,static_z0.5,0.5,13,0,63,0.49609375,0,,
A_static_13_sigma0_stride1,A,static_z0.5,0.5,13,0,64,0.50390625,0,,
A_static_13_sigma0_stride1,A,static_z0.5,0.5,13,0,65,0.51171875,0,,
A_static_13_sigma0_stride1,A,static_z0.5,0.5,13,0,66,0.51953125,0,,
A_static_13_sigma0_stride1,A,static_z0.5,0.5,13,0,67,0.52734375,0,,
A_static_13_sigma0_stride1,A,static_z0.5,0.5,13,0,68,0.53515625,0,,
A_static_13_sigma0_stride1,A,static_z0.5,0.5,13,0,69,0.54296875,0,,
A_static_13_sigma0_stride1,A,static_z0.5,0.5,13,0,70,0.55078125,0,,
A_static_13_sigma0_stride1,A,static_z0.5,0.5,13,0,71,0.55859375,0,,
A_static_13_sigma0_stride1,A,static_z0.5,0.5,13,0,72,0.56640625,0,,
A_static_13_sigma0_stride1,A,static_z0.5,0.5,13,0,73,0.57421875,0,,
A_static_13_sigma0_stride1,A,static_z0.5,0.5,13,0,74,0.58203125,0,,
A_static_13_sigma0_stride1,A,static_z0.5,0.5,13,0,75,0.58984375,0,,
A_static_13_sigma0_stride1,A,static_z0.5,0.5,13,0,76,0.59765625,0,,
A_static_13_sigma0_stride1,A,static_z0.5,0.5,13,0,77,0.60546875,0,,
A_static_13_sigma0_stride1,A,static_z0.5,0.5,13,0,78,0.61328125,0,,
A_static_13_sigma0_stride1,A,static_z0.5,0.5,13,0,79,0.62109375,0,,
A_static_13_sigma0_stride1,A,static_z0.5,0.5,13,0,80,0.62890625,0,,
A_static_13_sigma0_stride1,A,static_z0.5,0.5,13,0,81,0.63671875,0,,
A_static_13_sigma0_stride1,A,static_z0.5,0.5,13,0,82,0.64453125,0,,
A_static_13_sigma0_stride1,A,static_z0.5,0.5,13,0,83,0.65234375,0,,
A_static_13_sigma0_stride1,A,static_z0.5,0.5,13,0,84,0.66015625,0,,
A_static_13_sigma0_stride1,A,static_z0.5,0.5,13,0,85,0.66796875,0,,
A_static_13_sigma0_stride1,A,static_z0.5,0.5,13,0,86,0.67578125,0,,
A_static_13_sigma0_stride1,A,static_z0.5,0.5,13,0,87,0.68359375,0,,
A_static_13_sigma0_stride1,A,static_z0.5,0.5,13,0,88,0.69140625,0,,
A_static_13_sigma0_stride1,A,static_z0.5,0.5,13,0,89,0.69921875,0,,
A_static_13_sigma0_stride1,A,static_z0.5,0.5,13,0,90,0.70703125,0,,
A_static_13_sigma0_stride1,A,static_z0.5,0.5,13,0,91,0.71484375,0,,
A_static_13_sigma0_stride1,A,static_z0.5,0.5,13,0,92,0.72265625,0,,
A_static_13_sigma0_stride1,A,static_z0.5,0.5,13,0,93,0.73046875,0,,
A_static_13_sigma0_stride1,A,static_z0.5,0.5,13,0,94,0.73828125,0,,
A_static_13_sigma0_stride1,A,static_z0.5,0.5,13,0,95,0.74609375,0,,
A_static_13_sigma0_stride1,A,static_z0.5,0.5,13,0,96,0.75390625,0,,
A_static_13_sigma0_stride1,A,static_z0.5,0.5,13,0,97,0.76171875,0,,
A_static_13_sigma0_stride1,A,static_z0.5,0.5,13,0,98,0.76953125,0,,
A_static_13_sigma0_stride1,A,static_z0.5,0.5,13,0,99,0.77734375,0,,
A_static_13_sigma0_stride1,A,static_z0.5,0.5,13,0,100,0.78515625,0,,
A_static_13_sigma0_stride1,A,static_z0.5,0.5,13,0,101,0.79296875,0,,
A_static_13_sigma0_stride1,A,static_z0.5,0.5,13,0,102,0.80078125,0,,
A_static_13_sigma0_stride1,A,static_z0.5,0.5,13,0,103,0.80859375,0,,
A_static_13_sigma0_stride1,A,static_z0.5,0.5,13,0,104,0.81640625,0,,
A_static_13_sigma0_stride1,A,static_z0.5,0.5,13,0,105,0.82421875,0,,
A_static_13_sigma0_stride1,A,static_z0.5,0.5,13,0,106,0.83203125,0,,
A_static_13_sigma0_stride1,A,static_z0.5,0.5,13,0,107,0.83984375,0,,
A_static_13_sigma0_stride1,A,static_z0.5,0.5,13,0,108,0.84765625,0,,
A_static_13_sigma0_stride1,A,static_z0.5,0.5,13,0,109,0.85546875,0,,
A_static_13_sigma0_stride1,A,static_z0.5,0.5,13,0,110,0.86328125,0,,
A_static_13_sigma0_stride1,A,static_z0.5,0.5,13,0,111,0.87109375,0,,
A_static_13_sigma0_stride1,A,static_z0.5,0.5,13,0,112,0.87890625,0,,
A_static_13_sigma0_stride1,A,static_z0.5,0.5,13,0,113,0.88671875,0,,
A_static_13_sigma0_stride1,A,static_z0.5,0.5,13,0,114,0.89453125,0,,
A_static_13_sigma0_stride1,A,static_z0.5,0.5,13,0,115,0.90234375,0,,
A_static_13_sigma0_stride1,A,static_z0.5,0.5,13,0,116,0.91015625,0,,
A_static_13_sigma0_stride1,A,static_z0.5,0.5,13,0,117,0.91796875,0,,
A_static_13_sigma0_stride1,A,static_z0.5,0.5,13,0,118,0.92578125,0,,
A_static_13_sigma0_stride1,A,static_z0.5,0.5,13,0,119,0.93359375,0,,
A_static_13_sigma0_stride1,A,static_z0.5,0.5,13,0,120,0.94140625,0,,
A_static_13_sigma0_stride1,A,static_z0.5,0.5,13,0,121,0.94921875,0,,
A_static_13_sigma0_stride1,A,static_z0.5,0.5,13,0,122,0.95703125,0,,
A_static_13_sigma0_stride1,A,static_z0.5,0.5,13,0,123,0.96484375,0,,
A_static_13_sigma0_stride1,A,static_z0.5,0.5,13,0,124,0.97265625,0,,
A_static_13_sigma0_stride1,A,static_z0.5,0.5,13,0,125,0.98046875,0,,
A_static_13_sigma0_stride1,A,static_z0.5,0.5,13,0,126,0.98828125,0,,
A_static_13_sigma0_stride1,A,static_z0.5,0.5,13,0,127,0.99609375,0,,
A_static_13_sigma50_stride1,A,static_z0.5,0.5,13,0.05,0,0.00390625,0.0428212961996054,false,false
A_static_13_sigma50_stride1,A,static_z0.5,0.5,13,0.05,1,0.01171875,0.0375937281704239,false,false
A_static_13_sigma50_stride1,A,static_z0.5,0.5,13,0.05,2,0.01953125,0.0412201799992563,false,false
A_static_13_sigma50_stride1,A,static_z0.5,0.5,13,0.05,3,0.02734375,0.0476072105404983,false,false
A_static_13_sigma50_stride1,A,static_z0.5,0.5,13,0.05,4,0.03515625,0.0384757205698363,false,false
A_static_13_sigma50_stride1,A,static_z0.5,0.5,13,0.05,5,0.04296875,0.0204699996929441,false,false
A_static_13_sigma50_stride1,A,static_z0.5,0.5,13,0.05,6,0.05078125,0.0371014420019378,false,false
A_static_13_sigma50_stride1,A,static_z0.5,0.5,13,0.05,7,0.05859375,0.0386397871360337,false,false
A_static_13_sigma50_stride1,A,static_z0.5,0.5,13,0.05,8,0.06640625,0.029949267710058,false,false
A_static_13_sigma50_stride1,A,static_z0.5,0.5,13,0.05,9,0.07421875,0.0351550947416973,false,false
A_static_13_sigma50_stride1,A,static_z0.5,0.5,13,0.05,10,0.08203125,0.0334357226778482,false,false
A_static_13_sigma50_stride1,A,static_z0.5,0.5,13,0.05,11,0.08984375,0.0440689063747153,false,false
A_static_13_sigma50_stride1,A,static_z0.5,0.5,13,0.05,12,0.09765625,0.0286680399055182,false,false
A_static_13_sigma50_stride1,A,static_z0.5,0.5,13,0.05,13,0.10546875,0.0419015645142744,false,false
A_static_13_sigma50_stride1,A,static_z0.5,0.5,13,0.05,14,0.11328125,0.0829911316526556,true,true
A_static_13_sigma50_stride1,A,static_z0.5,0.5,13,0.05,15,0.12109375,0.058854292992131,true,true
A_static_13_sigma50_stride1,A,static_z0.5,0.5,13,0.05,16,0.12890625,0.0248362706180811,false,false
A_static_13_sigma50_stride1,A,static_z0.5,0.5,13,0.05,17,0.13671875,0.0466116251170825,false,false
A_static_13_sigma50_stride1,A,static_z0.5,0.5,13,0.05,18,0.14453125,0.0498448696046801,false,false
A_static_13_sigma50_stride1,A,static_z0.5,0.5,13,0.05,19,0.15234375,0.0497666749497509,false,false
A_static_13_sigma50_stride1,A,static_z0.5,0.5,13,0.05,20,0.16015625,0.0406665460224893,false,false
A_static_13_sigma50_stride1,A,static_z0.5,0.5,13,0.05,21,0.16796875,0.0434975689085333,false,false
A_static_13_sigma50_stride1,A,static_z0.5,0.5,13,0.05,22,0.17578125,0.0355703672106149,false,false
A_static_13_sigma50_stride1,A,static_z0.5,0.5,13,0.05,23,0.18359375,0.0284394806082801,false,false
A_static_13_sigma50_stride1,A,static_z0.5,0.5,13,0.05,24,0.19140625,0.0232378538989975,false,false
A_static_13_sigma50_stride1,A,static_z0.5,0.5,13,0.05,25,0.19921875,0.0234979424641036,false,false
A_static_13_sigma50_stride1,A,static_z0.5,0.5,13,0.05,26,0.20703125,0.0369973187812521,false,false
A_static_13_sigma50_stride1,A,static_z0.5,0.5,13,0.05,27,0.21484375,0.0421724817257623,false,false
A_static_13_sigma50_stride1,A,static_z0.5,0.5,13,0.05,28,0.22265625,0.0269292122262013,false,false
A_static_13_sigma50_stride1,A,static_z0.5,0.5,13,0.05,29,0.23046875,0.0297854831750824,false,false
A_static_13_sigma50_stride1,A,static_z0.5,0.5,13,0.05,30,0.23828125,0.0635951832013241,true,true
A_static_13_sigma50_stride1,A,static_z0.5,0.5,13,0.05,31,0.24609375,0.0351323764365342,false,false
A_static_13_sigma50_stride1,A,static_z0.5,0.5,13,0.05,32,0.25390625,0.0445707797873551,false,false
A_static_13_sigma50_stride1,A,static_z0.5,0.5,13,0.05,33,0.26171875,0.0250938943207576,false,false
A_static_13_sigma50_stride1,A,static_z0.5,0.5,13,0.05,34,0.26953125,0.0655498527038739,true,true
A_static_13_sigma50_stride1,A,static_z0.5,0.5,13,0.05,35,0.27734375,0.0533573257850353,false,false
A_static_13_sigma50_stride1,A,static_z0.5,0.5,13,0.05,36,0.28515625,0.0304022720757881,false,false
A_static_13_sigma50_stride1,A,static_z0.5,0.5,13,0.05,37,0.29296875,0.0342932130214729,false,false
A_static_13_sigma50_stride1,A,static_z0.5,0.5,13,0.05,38,0.30078125,0.0338051082163019,false,false
A_static_13_sigma50_stride1,A,static_z0.5,0.5,13,0.05,39,0.30859375,0.0334534063319116,false,false
A_static_13_sigma50_stride1,A,static_z0.5,0.5,13,0.05,40,0.31640625,0.0229253998962288,false,false
A_static_13_sigma50_stride1,A,static_z0.5,0.5,13,0.05,41,0.32421875,0.0269812180091583,false,false
A_static_13_sigma50_stride1,A,static_z0.5,0.5,13,0.05,42,0.33203125,0.0276334656278786,false,false
A_static_13_sigma50_stride1,A,static_z0.5,0.5,13,0.05,43,0.33984375,0.0494955944733391,false,false
A_static_13_sigma50_stride1,A,static_z0.5,0.5,13,0.05,44,0.34765625,0.0458995724608481,false,false
A_static_13_sigma50_stride1,A,static_z0.5,0.5,13,0.05,45,0.35546875,0.0387628593332882,false,false
A_static_13_sigma50_stride1,A,static_z0.5,0.5,13,0.05,46,0.36328125,0.0272488856246721,false,false
A_static_13_sigma50_stride1,A,static_z0.5,0.5,13,0.05,47,0.37109375,0.0406799676644711,false,false
A_static_13_sigma50_stride1,A,static_z0.5,0.5,13,0.05,48,0.37890625,0.0561975534901332,false,false
A_static_13_sigma50_stride1,A,static_z0.5,0.5,13,0.05,49,0.38671875,0.0450559597343265,false,false
A_static_13_sigma50_stride1,A,static_z0.5,0.5,13,0.05,50,0.39453125,0.0560232298991584,false,false
A_static_13_sigma50_stride1,A,static_z0.5,0.5,13,0.05,51,0.40234375,0.0230164747608472,false,false
A_static_13_sigma50_stride1,A,static_z0.5,0.5,13,0.05,52,0.41015625,0.0599936433006525,true,true
A_static_13_sigma50_stride1,A,static_z0.5,0.5,13,0.05,53,0.41796875,0.0475560539592169,false,false
A_static_13_sigma50_stride1,A,static_z0.5,0.5,13,0.05,54,0.42578125,0.0441699140324194,false,false
A_static_13_sigma50_stride1,A,static_z0.5,0.5,13,0.05,55,0.43359375,0.0615828005817846,true,true
A_static_13_sigma50_stride1,A,static_z0.5,0.5,13,0.05,56,0.44140625,0.0369387072171651,false,false
A_static_13_sigma50_stride1,A,static_z0.5,0.5,13,0.05,57,0.44921875,0.0405884650100871,false,false
A_static_13_sigma50_stride1,A,static_z0.5,0.5,13,0.05,58,0.45703125,0.0369788295564592,false,false
A_static_13_sigma50_stride1,A,static_z0.5,0.5,13,0.05,59,0.46484375,0.0441788635262849,false,false
A_static_13_sigma50_stride1,A,static_z0.5,0.5,13,0.05,60,0.47265625,0.0422566553882711,false,false
A_static_13_sigma50_stride1,A,static_z0.5,0.5,13,0.05,61,0.48046875,0.0416218956501268,false,false
A_static_13_sigma50_stride1,A,static_z0.5,0.5,13,0.05,62,0.48828125,0.0338767956077865,false,false
A_static_13_sigma50_stride1,A,static_z0.5,0.5,13,0.05,63,0.49609375,0.0504251673373475,false,false
A_static_13_sigma50_stride1,A,static_z0.5,0.5,13,0.05,64,0.50390625,0.0303604671482874,false,false
A_static_13_sigma50_stride1,A,static_z0.5,0.5,13,0.05,65,0.51171875,0.0435949498758902,false,false
A_static_13_sigma50_stride1,A,static_z0.5,0.5,13,0.05,66,0.51953125,0.025183005621151,false,false
A_static_13_sigma50_stride1,A,static_z0.5,0.5,13,0.05,67,0.52734375,0.0274758535648429,false,false
A_static_13_sigma50_stride1,A,static_z0.5,0.5,13,0.05,68,0.53515625,0.0354904263062952,false,false
A_static_13_sigma50_stride1,A,static_z0.5,0.5,13,0.05,69,0.54296875,0.0372856531407377,false,false
A_static_13_sigma50_stride1,A,static_z0.5,0.5,13,0.05,70,0.55078125,0.0241557414152256,false,false
A_static_13_sigma50_stride1,A,static_z0.5,0.5,13,0.05,71,0.55859375,0.0261014588422442,false,false
A_static_13_sigma50_stride1,A,static_z0.5,0.5,13,0.05,72,0.56640625,0.0340836222440624,false,false
A_static_13_sigma50_stride1,A,static_z0.5,0.5,13,0.05,73,0.57421875,0.0395366333162718,false,false
A_static_13_sigma50_stride1,A,static_z0.5,0.5,13,0.05,74,0.58203125,0.0259641724702035,false,false
A_static_13_sigma50_stride1,A,static_z0.5,0.5,13,0.05,75,0.58984375,0.0331014365064637,false,false
A_static_13_sigma50_stride1,A,static_z0.5,0.5,13,0.05,76,0.59765625,0.0512242804302972,false,false
A_static_13_sigma50_stride1,A,static_z0.5,0.5,13,0.05,77,0.60546875,0.042749277208149,false,false
A_static_13_sigma50_stride1,A,static_z0.5,0.5,13,0.05,78,0.61328125,0.028603829489843,false,false
A_static_13_sigma50_stride1,A,static_z0.5,0.5,13,0.05,79,0.62109375,0.0410046945064682,false,false
A_static_13_sigma50_stride1,A,static_z0.5,0.5,13,0.05,80,0.62890625,0.0333680514927589,false,false
A_static_13_sigma50_stride1,A,static_z0.5,0.5,13,0.05,81,0.63671875,0.0394736884719172,false,false
A_static_13_sigma50_stride1,A,static_z0.5,0.5,13,0.05,82,0.64453125,0.0207933100115812,false,false
A_static_13_sigma50_stride1,A,static_z0.5,0.5,13,0.05,83,0.65234375,0.0192377231546748,false,false
A_static_13_sigma50_stride1,A,static_z0.5,0.5,13,0.05,84,0.66015625,0.0410554103435942,false,false
A_static_13_sigma50_stride1,A,static_z0.5,0.5,13,0.05,85,0.66796875,0.0483950292265717,false,false
A_static_13_sigma50_stride1,A,static_z0.5,0.5,13,0.05,86,0.67578125,0.030644009243897,false,false
A_static_13_sigma50_stride1,A,static_z0.5,0.5,13,0.05,87,0.68359375,0.0469241232397562,false,false
A_static_13_sigma50_stride1,A,static_z0.5,0.5,13,0.05,88,0.69140625,0.0469241232397562,false,false
A_static_13_sigma50_stride1,A,static_z0.5,0.5,13,0.05,89,0.69921875,0.0286955673376388,false,false
A_static_13_sigma50_stride1,A,static_z0.5,0.5,13,0.05,90,0.70703125,0.0460867539535751,false,false
A_static_13_sigma50_stride1,A,static_z0.5,0.5,13,0.05,91,0.71484375,0.0453898420976168,false,false
A_static_13_sigma50_stride1,A,static_z0.5,0.5,13,0.05,92,0.72265625,0.02588468558594,false,false
A_static_13_sigma50_stride1,A,static_z0.5,0.5,13,0.05,93,0.73046875,0.0251780384791485,false,false
A_static_13_sigma50_stride1,A,static_z0.5,0.5,13,0.05,94,0.73828125,0.0425026977021658,false,false
A_static_13_sigma50_stride1,A,static_z0.5,0.5,13,0.05,95,0.74609375,0.0357025925446971,false,false
A_static_13_sigma50_stride1,A,static_z0.5,0.5,13,0.05,96,0.75390625,0.0158950907690621,false,false
A_static_13_sigma50_stride1,A,static_z0.5,0.5,13,0.05,97,0.76171875,0.0176445290770706,false,false
A_static_13_sigma50_stride1,A,static_z0.5,0.5,13,0.05,98,0.76953125,0.0241433340569704,false,false
A_static_13_sigma50_stride1,A,static_z0.5,0.5,13,0.05,99,0.77734375,0.0414401542579946,false,false
A_static_13_sigma50_stride1,A,static_z0.5,0.5,13,0.05,100,0.78515625,0.0331775196488187,false,false
A_static_13_sigma50_stride1,A,static_z0.5,0.5,13,0.05,101,0.79296875,0.029225177887895,false,false
A_static_13_sigma50_stride1,A,static_z0.5,0.5,13,0.05,102,0.80078125,0.049207651039563,false,false
A_static_13_sigma50_stride1,A,static_z0.5,0.5,13,0.05,103,0.80859375,0.0267980771482521,false,false
A_static_13_sigma50_stride1,A,static_z0.5,0.5,13,0.05,104,0.81640625,0.0335658850901405,false,false
A_static_13_sigma50_stride1,A,static_z0.5,0.5,13,0.05,105,0.82421875,0.0530078482669983,false,false
A_static_13_sigma50_stride1,A,static_z0.5,0.5,13,0.05,106,0.83203125,0.0530078482669983,false,false
A_static_13_sigma50_stride1,A,static_z0.5,0.5,13,0.05,107,0.83984375,0.0305534336182905,false,false
A_static_13_sigma50_stride1,A,static_z0.5,0.5,13,0.05,108,0.84765625,0.0267007953085114,false,false
A_static_13_sigma50_stride1,A,static_z0.5,0.5,13,0.05,109,0.85546875,0.032740646376523,false,false
A_static_13_sigma50_stride1,A,static_z0.5,0.5,13,0.05,110,0.86328125,0.0375741388988771,false,false
A_static_13_sigma50_stride1,A,static_z0.5,0.5,13,0.05,111,0.87109375,0.0539765751779666,false,false
A_static_13_sigma50_stride1,A,static_z0.5,0.5,13,0.05,112,0.87890625,0.0408300690919755,false,false
A_static_13_sigma50_stride1,A,static_z0.5,0.5,13,0.05,113,0.88671875,0.040198910424203,false,false
A_static_13_sigma50_stride1,A,static_z0.5,0.5,13,0.05,114,0.89453125,0.0351722662353015,false,false
A_static_13_sigma50_stride1,A,static_z0.5,0.5,13,0.05,115,0.90234375,0.0371610495300401,false,false
A_static_13_sigma50_stride1,A,static_z0.5,0.5,13,0.05,116,0.91015625,0.0391335534211356,false,false
A_static_13_sigma50_stride1,A,static_z0.5,0.5,13,0.05,117,0.91796875,0.0485469539829884,false,false
A_static_13_sigma50_stride1,A,static_z0.5,0.5,13,0.05,118,0.92578125,0.0406879970658343,false,false
A_static_13_sigma50_stride1,A,static_z0.5,0.5,13,0.05,119,0.93359375,0.0359528712075779,false,false
A_static_13_sigma50_stride1,A,static_z0.5,0.5,13,0.05,120,0.94140625,0.0379183483944681,false,false
A_static_13_sigma50_stride1,A,static_z0.5,0.5,13,0.05,121,0.94921875,0.0237796558316751,false,false
A_static_13_sigma50_stride1,A,static_z0.5,0.5,13,0.05,122,0.95703125,0.0139831709145388,false,false
A_static_13_sigma50_stride1,A,static_z0.5,0.5,13,0.05,123,0.96484375,0.0222560436810949,false,false
A_static_13_sigma50_stride1,A,static_z0.5,0.5,13,0.05,124,0.97265625,0.0269854394002261,false,false
A_static_13_sigma50_stride1,A,static_z0.5,0.5,13,0.05,125,0.98046875,0.0318393136689565,false,false
A_static_13_sigma50_stride1,A,static_z0.5,0.5,13,0.05,126,0.98828125,0.0432787240272436,false,false
A_static_13_sigma50_stride1,A,static_z0.5,0.5,13,0.05,127,0.99609375,0.0468332724295613,false,false
A_static_13_sigma100_stride1,A,static_z0.5,0.5,13,0.1,0,0.00390625,0.0326062138471443,,false
A_static_13_sigma100_stride1,A,static_z0.5,0.5,13,0.1,1,0.01171875,0.086841493659553,,false
A_static_13_sigma100_stride1,A,static_z0.5,0.5,13,0.1,2,0.01953125,0.0443754105334441,,false
A_static_13_sigma100_stride1,A,static_z0.5,0.5,13,0.1,3,0.02734375,0.0559009037834328,,false
A_static_13_sigma100_stride1,A,static_z0.5,0.5,13,0.1,4,0.03515625,0.0447510469394199,,false
A_static_13_sigma100_stride1,A,static_z0.5,0.5,13,0.1,5,0.04296875,0.0378618600095796,,false
A_static_13_sigma100_stride1,A,static_z0.5,0.5,13,0.1,6,0.05078125,0.0421901880201523,,false
A_static_13_sigma100_stride1,A,static_z0.5,0.5,13,0.1,7,0.05859375,0.0424653129709906,,false
A_static_13_sigma100_stride1,A,static_z0.5,0.5,13,0.1,8,0.06640625,0.0351364525811717,,false
A_static_13_sigma100_stride1,A,static_z0.5,0.5,13,0.1,9,0.07421875,0.0536819263651364,,false
A_static_13_sigma100_stride1,A,static_z0.5,0.5,13,0.1,10,0.08203125,0.0779725056115828,,false
A_static_13_sigma100_stride1,A,static_z0.5,0.5,13,0.1,11,0.08984375,0.0452391806268313,,false
A_static_13_sigma100_stride1,A,static_z0.5,0.5,13,0.1,12,0.09765625,0.0598779928396563,,false
A_static_13_sigma100_stride1,A,static_z0.5,0.5,13,0.1,13,0.10546875,0.0281524967961283,,false
A_static_13_sigma100_stride1,A,static_z0.5,0.5,13,0.1,14,0.11328125,0.0607421455359883,,false
A_static_13_sigma100_stride1,A,static_z0.5,0.5,13,0.1,15,0.12109375,0.0510603697310019,,false
A_static_13_sigma100_stride1,A,static_z0.5,0.5,13,0.1,16,0.12890625,0.0660839314930887,,false
A_static_13_sigma100_stride1,A,static_z0.5,0.5,13,0.1,17,0.13671875,0.0459941159057335,,false
A_static_13_sigma100_stride1,A,static_z0.5,0.5,13,0.1,18,0.14453125,0.0288246209789648,,false
A_static_13_sigma100_stride1,A,static_z0.5,0.5,13,0.1,19,0.15234375,0.0418059314524785,,false
A_static_13_sigma100_stride1,A,static_z0.5,0.5,13,0.1,20,0.16015625,0.0517580335669908,,false
A_static_13_sigma100_stride1,A,static_z0.5,0.5,13,0.1,21,0.16796875,0.0347794246470419,,false
A_static_13_sigma100_stride1,A,static_z0.5,0.5,13,0.1,22,0.17578125,0.0338350421362185,,false
A_static_13_sigma100_stride1,A,static_z0.5,0.5,13,0.1,23,0.18359375,0.0502641318567006,,false
A_static_13_sigma100_stride1,A,static_z0.5,0.5,13,0.1,24,0.19140625,0.0460084916372227,,false
A_static_13_sigma100_stride1,A,static_z0.5,0.5,13,0.1,25,0.19921875,0.0437510128949076,,false
A_static_13_sigma100_stride1,A,static_z0.5,0.5,13,0.1,26,0.20703125,0.0539748777684594,,false
A_static_13_sigma100_stride1,A,static_z0.5,0.5,13,0.1,27,0.21484375,0.0524834115369489,,false
A_static_13_sigma100_stride1,A,static_z0.5,0.5,13,0.1,28,0.22265625,0.062752051202306,,false
A_static_13_sigma100_stride1,A,static_z0.5,0.5,13,0.1,29,0.23046875,0.0618893723328963,,false
A_static_13_sigma100_stride1,A,static_z0.5,0.5,13,0.1,30,0.23828125,0.077860386564422,,false
A_static_13_sigma100_stride1,A,static_z0.5,0.5,13,0.1,31,0.24609375,0.0576203096115777,,false
A_static_13_sigma100_stride1,A,static_z0.5,0.5,13,0.1,32,0.25390625,0.0466887319699117,,false
A_static_13_sigma100_stride1,A,static_z0.5,0.5,13,0.1,33,0.26171875,0.0397530196101259,,false
A_static_13_sigma100_stride1,A,static_z0.5,0.5,13,0.1,34,0.26953125,0.0398105813111434,,false
A_static_13_sigma100_stride1,A,static_z0.5,0.5,13,0.1,35,0.27734375,0.0360176230088615,,false
A_static_13_sigma100_stride1,A,static_z0.5,0.5,13,0.1,36,0.28515625,0.0331932971212704,,false
A_static_13_sigma100_stride1,A,static_z0.5,0.5,13,0.1,37,0.29296875,0.0472287404582701,,false
A_static_13_sigma100_stride1,A,static_z0.5,0.5,13,0.1,38,0.30078125,0.0751009120175599,,false
A_static_13_sigma100_stride1,A,static_z0.5,0.5,13,0.1,39,0.30859375,0.086181514677336,,false
A_static_13_sigma100_stride1,A,static_z0.5,0.5,13,0.1,40,0.31640625,0.0413064306747237,,false
A_static_13_sigma100_stride1,A,static_z0.5,0.5,13,0.1,41,0.32421875,0.0306165912485624,,false
A_static_13_sigma100_stride1,A,static_z0.5,0.5,13,0.1,42,0.33203125,0.0600488661797954,,false
A_static_13_sigma100_stride1,A,static_z0.5,0.5,13,0.1,43,0.33984375,0.0550721475493968,,false
A_static_13_sigma100_stride1,A,static_z0.5,0.5,13,0.1,44,0.34765625,0.10879090018318,,true
A_static_13_sigma100_stride1,A,static_z0.5,0.5,13,0.1,45,0.35546875,0.111112264390152,,true
A_static_13_sigma100_stride1,A,static_z0.5,0.5,13,0.1,46,0.36328125,0.044958413526243,,false
A_static_13_sigma100_stride1,A,static_z0.5,0.5,13,0.1,47,0.37109375,0.0509527361665691,,false
A_static_13_sigma100_stride1,A,static_z0.5,0.5,13,0.1,48,0.37890625,0.0599309286782009,,false
A_static_13_sigma100_stride1,A,static_z0.5,0.5,13,0.1,49,0.38671875,0.0319933895394023,,false
A_static_13_sigma100_stride1,A,static_z0.5,0.5,13,0.1,50,0.39453125,0.0243723157274411,,false
A_static_13_sigma100_stride1,A,static_z0.5,0.5,13,0.1,51,0.40234375,0.0350374770531814,,false
A_static_13_sigma100_stride1,A,static_z0.5,0.5,13,0.1,52,0.41015625,0.0388163148260238,,false
A_static_13_sigma100_stride1,A,static_z0.5,0.5,13,0.1,53,0.41796875,0.0358097858393857,,false
A_static_13_sigma100_stride1,A,static_z0.5,0.5,13,0.1,54,0.42578125,0.0458648162481417,,false
A_static_13_sigma100_stride1,A,static_z0.5,0.5,13,0.1,55,0.43359375,0.147605425314812,,true
A_static_13_sigma100_stride1,A,static_z0.5,0.5,13,0.1,56,0.44140625,0.152808382435861,,true
A_static_13_sigma100_stride1,A,static_z0.5,0.5,13,0.1,57,0.44921875,0.0792744225163953,,false
A_static_13_sigma100_stride1,A,static_z0.5,0.5,13,0.1,58,0.45703125,0.0645494028677484,,false
A_static_13_sigma100_stride1,A,static_z0.5,0.5,13,0.1,59,0.46484375,0.0595341391825016,,false
A_static_13_sigma100_stride1,A,static_z0.5,0.5,13,0.1,60,0.47265625,0.0685586174028537,,false
A_static_13_sigma100_stride1,A,static_z0.5,0.5,13,0.1,61,0.48046875,0.0401919395335668,,false
A_static_13_sigma100_stride1,A,static_z0.5,0.5,13,0.1,62,0.48828125,0.0489158639724537,,false
A_static_13_sigma100_stride1,A,static_z0.5,0.5,13,0.1,63,0.49609375,0.0307698000531484,,false
A_static_13_sigma100_stride1,A,static_z0.5,0.5,13,0.1,64,0.50390625,0.0341310496954769,,false
A_static_13_sigma100_stride1,A,static_z0.5,0.5,13,0.1,65,0.51171875,0.0412992605641574,,false
A_static_13_sigma100_stride1,A,static_z0.5,0.5,13,0.1,66,0.51953125,0.0369564501433945,,false
A_static_13_sigma100_stride1,A,static_z0.5,0.5,13,0.1,67,0.52734375,0.0692318716648535,,false
A_static_13_sigma100_stride1,A,static_z0.5,0.5,13,0.1,68,0.53515625,0.0465024482522947,,false
A_static_13_sigma100_stride1,A,static_z0.5,0.5,13,0.1,69,0.54296875,0.0451700546471539,,false
A_static_13_sigma100_stride1,A,static_z0.5,0.5,13,0.1,70,0.55078125,0.0408120155936989,,false
A_static_13_sigma100_stride1,A,static_z0.5,0.5,13,0.1,71,0.55859375,0.150539986279083,,true
A_static_13_sigma100_stride1,A,static_z0.5,0.5,13,0.1,72,0.56640625,0.181717434607507,,true
A_static_13_sigma100_stride1,A,static_z0.5,0.5,13,0.1,73,0.57421875,0.0590490569800601,,false
A_static_13_sigma100_stride1,A,static_z0.5,0.5,13,0.1,74,0.58203125,0.0519072399580359,,false
A_static_13_sigma100_stride1,A,static_z0.5,0.5,13,0.1,75,0.58984375,0.0524500614032608,,false
A_static_13_sigma100_stride1,A,static_z0.5,0.5,13,0.1,76,0.59765625,0.0653583684014523,,false
A_static_13_sigma100_stride1,A,static_z0.5,0.5,13,0.1,77,0.60546875,0.0887478820593645,,false
A_static_13_sigma100_stride1,A,static_z0.5,0.5,13,0.1,78,0.61328125,0.0558345433867528,,false
A_static_13_sigma100_stride1,A,static_z0.5,0.5,13,0.1,79,0.62109375,0.0326795345088055,,false
A_static_13_sigma100_stride1,A,static_z0.5,0.5,13,0.1,80,0.62890625,0.0540938572451466,,false
A_static_13_sigma100_stride1,A,static_z0.5,0.5,13,0.1,81,0.63671875,0.0516808265367895,,false
A_static_13_sigma100_stride1,A,static_z0.5,0.5,13,0.1,82,0.64453125,0.0788221162320984,,false
A_static_13_sigma100_stride1,A,static_z0.5,0.5,13,0.1,83,0.65234375,0.0706138365606273,,false
A_static_13_sigma100_stride1,A,static_z0.5,0.5,13,0.1,84,0.66015625,0.0550891750488963,,false
A_static_13_sigma100_stride1,A,static_z0.5,0.5,13,0.1,85,0.66796875,0.0519517058769966,,false
A_static_13_sigma100_stride1,A,static_z0.5,0.5,13,0.1,86,0.67578125,0.0512173908659955,,false
A_static_13_sigma100_stride1,A,static_z0.5,0.5,13,0.1,87,0.68359375,0.0831304343691776,,false
A_static_13_sigma100_stride1,A,static_z0.5,0.5,13,0.1,88,0.69140625,0.0477348520529352,,false
A_static_13_sigma100_stride1,A,static_z0.5,0.5,13,0.1,89,0.69921875,0.0759346498502526,,false
A_static_13_sigma100_stride1,A,static_z0.5,0.5,13,0.1,90,0.70703125,0.0712431850772784,,false
A_static_13_sigma100_stride1,A,static_z0.5,0.5,13,0.1,91,0.71484375,0.0676590998678023,,false
A_static_13_sigma100_stride1,A,static_z0.5,0.5,13,0.1,92,0.72265625,0.0405131132747261,,false
A_static_13_sigma100_stride1,A,static_z0.5,0.5,13,0.1,93,0.73046875,0.0376115512723669,,false
A_static_13_sigma100_stride1,A,static_z0.5,0.5,13,0.1,94,0.73828125,0.030685761313807,,false
A_static_13_sigma100_stride1,A,static_z0.5,0.5,13,0.1,95,0.74609375,0.0343270267859149,,false
A_static_13_sigma100_stride1,A,static_z0.5,0.5,13,0.1,96,0.75390625,0.0531847738372442,,false
A_static_13_sigma100_stride1,A,static_z0.5,0.5,13,0.1,97,0.76171875,0.0264707050781292,,false
A_static_13_sigma100_stride1,A,static_z0.5,0.5,13,0.1,98,0.76953125,0.0740403615825342,,false
A_static_13_sigma100_stride1,A,static_z0.5,0.5,13,0.1,99,0.77734375,0.034214360862915,,false
A_static_13_sigma100_stride1,A,static_z0.5,0.5,13,0.1,100,0.78515625,0.0436370925684751,,false
A_static_13_sigma100_stride1,A,static_z0.5,0.5,13,0.1,101,0.79296875,0.0380349313217275,,false
A_static_13_sigma100_stride1,A,static_z0.5,0.5,13,0.1,102,0.80078125,0.0490361226860876,,false
A_static_13_sigma100_stride1,A,static_z0.5,0.5,13,0.1,103,0.80859375,0.061369466361816,,false
A_static_13_sigma100_stride1,A,static_z0.5,0.5,13,0.1,104,0.81640625,0.0374133022360432,,false
A_static_13_sigma100_stride1,A,static_z0.5,0.5,13,0.1,105,0.82421875,0.0301343289617269,,false
A_static_13_sigma100_stride1,A,static_z0.5,0.5,13,0.1,106,0.83203125,0.0661149059716,,false
A_static_13_sigma100_stride1,A,static_z0.5,0.5,13,0.1,107,0.83984375,0.0591518049929015,,false
A_static_13_sigma100_stride1,A,static_z0.5,0.5,13,0.1,108,0.84765625,0.0716981706141565,,false
A_static_13_sigma100_stride1,A,static_z0.5,0.5,13,0.1,109,0.85546875,0.054016382293314,,false
A_static_13_sigma100_stride1,A,static_z0.5,0.5,13,0.1,110,0.86328125,0.0528406852853219,,false
A_static_13_sigma100_stride1,A,static_z0.5,0.5,13,0.1,111,0.87109375,0.0400417016983667,,false
A_static_13_sigma100_stride1,A,static_z0.5,0.5,13,0.1,112,0.87890625,0.053610632611411,,false
A_static_13_sigma100_stride1,A,static_z0.5,0.5,13,0.1,113,0.88671875,0.0308921812942076,,false
A_static_13_sigma100_stride1,A,static_z0.5,0.5,13,0.1,114,0.89453125,0.0575583911580103,,false
A_static_13_sigma100_stride1,A,static_z0.5,0.5,13,0.1,115,0.90234375,0.0463414984229959,,false
A_static_13_sigma100_stride1,A,static_z0.5,0.5,13,0.1,116,0.91015625,0.0629327993058688,,false
A_static_13_sigma100_stride1,A,static_z0.5,0.5,13,0.1,117,0.91796875,0.0561156130903264,,false
A_static_13_sigma100_stride1,A,static_z0.5,0.5,13,0.1,118,0.92578125,0.0387231670938125,,false
A_static_13_sigma100_stride1,A,static_z0.5,0.5,13,0.1,119,0.93359375,0.0355743074326631,,false
A_static_13_sigma100_stride1,A,static_z0.5,0.5,13,0.1,120,0.94140625,0.0298259278673745,,false
A_static_13_sigma100_stride1,A,static_z0.5,0.5,13,0.1,121,0.94921875,0.0446158487895574,,false
A_static_13_sigma100_stride1,A,static_z0.5,0.5,13,0.1,122,0.95703125,0.0474946252844211,,false
A_static_13_sigma100_stride1,A,static_z0.5,0.5,13,0.1,123,0.96484375,0.0452832143266528,,false
A_static_13_sigma100_stride1,A,static_z0.5,0.5,13,0.1,124,0.97265625,0.0310370483119338,,false
A_static_13_sigma100_stride1,A,static_z0.5,0.5,13,0.1,125,0.98046875,0.0474676233656178,,false
A_static_13_sigma100_stride1,A,static_z0.5,0.5,13,0.1,126,0.98828125,0.0553607504414063,,false
A_static_13_sigma100_stride1,A,static_z0.5,0.5,13,0.1,127,0.99609375,0.0541343256342812,,false
A_snapshot_z1.0_13_sigma0_stride1,A,snapshot_z1.0,1,13,0,0,0.00390625,0,,
A_snapshot_z1.0_13_sigma0_stride1,A,snapshot_z1.0,1,13,0,1,0.01171875,0,,
A_snapshot_z1.0_13_sigma0_stride1,A,snapshot_z1.0,1,13,0,2,0.01953125,0,,
A_snapshot_z1.0_13_sigma0_stride1,A,snapshot_z1.0,1,13,0,3,0.02734375,0,,
A_snapshot_z1.0_13_sigma0_stride1,A,snapshot_z1.0,1,13,0,4,0.03515625,0,,
A_snapshot_z1.0_13_sigma0_stride1,A,snapshot_z1.0,1,13,0,5,0.04296875,0,,
A_snapshot_z1.0_13_sigma0_stride1,A,snapshot_z1.0,1,13,0,6,0.05078125,0,,
A_snapshot_z1.0_13_sigma0_stride1,A,snapshot_z1.0,1,13,0,7,0.05859375,0,,
A_snapshot_z1.0_13_sigma0_stride1,A,snapshot_z1.0,1,13,0,8,0.06640625,0,,
A_snapshot_z1.0_13_sigma0_stride1,A,snapshot_z1.0,1,13,0,9,0.07421875,0,,
A_snapshot_z1.0_13_sigma0_stride1,A,snapshot_z1.0,1,13,0,10,0.08203125,0,,
A_snapshot_z1.0_13_sigma0_stride1,A,snapshot_z1.0,1,13,0,11,0.08984375,0,,
A_snapshot_z1.0_13_sigma0_stride1,A,snapshot_z1.0,1,13,0,12,0.09765625,0,,
A_snapshot_z1.0_13_sigma0_stride1,A,snapshot_z1.0,1,13,0,13,0.10546875,0,,
A_snapshot_z1.0_13_sigma0_stride1,A,snapshot_z1.0,1,13,0,14,0.11328125,0,,
A_snapshot_z1.0_13_sigma0_stride1,A,snapshot_z1.0,1,13,0,15,0.12109375,0,,
A_snapshot_z1.0_13_sigma0_stride1,A,snapshot_z1.0,1,13,0,16,0.12890625,0,,
A_snapshot_z1.0_13_sigma0_stride1,A,snapshot_z1.0,1,13,0,17,0.13671875,0,,
A_snapshot_z1.0_13_sigma0_stride1,A,snapshot_z1.0,1,13,0,18,0.14453125,0,,
A_snapshot_z1.0_13_sigma0_stride1,A,snapshot_z1.0,1,13,0,19,0.15234375,0,,
A_snapshot_z1.0_13_sigma0_stride1,A,snapshot_z1.0,1,13,0,20,0.16015625,0,,
A_snapshot_z1.0_13_sigma0_stride1,A,snapshot_z1.0,1,13,0,21,0.16796875,0,,
A_snapshot_z1.0_13_sigma0_stride1,A,snapshot_z1.0,1,13,0,22,0.17578125,0,,
A_snapshot_z1.0_13_sigma0_stride1,A,snapshot_z1.0,1,13,0,23,0.18359375,0,,
A_snapshot_z1.0_13_sigma0_stride1,A,snapshot_z1.0,1,13,0,24,0.19140625,0,,
A_snapshot_z1.0_13_sigma0_stride1,A,snapshot_z1.0,1,13,0,25,0.19921875,0,,
A_snapshot_z1.0_13_sigma0_stride1,A,snapshot_z1.0,1,13,0,26,0.20703125,0,,
A_snapshot_z1.0_13_sigma0_stride1,A,snapshot_z1.0,1,13,0,27,0.21484375,0,,
A_snapshot_z1.0_13_sigma0_stride1,A,snapshot_z1.0,1,13,0,28,0.22265625,0,,
A_snapshot_z1.0_13_sigma0_stride1,A,snapshot_z1.0,1,13,0,29,0.23046875,0,,
A_snapshot_z1.0_13_sigma0_stride1,A,snapshot_z1.0,1,13,0,30,0.23828125,0,,
A_snapshot_z1.0_13_sigma0_stride1,A,snapshot_z1.0,1,13,0,31,0.24609375,0,,
A_snapshot_z1.0_13_sigma0_stride1,A,snapshot_z1.0,1,13,0,32,0.25390625,0,,
A_snapshot_z1.0_13_sigma0_stride1,A,snapshot_z1.0,1,13,0,33,0.26171875,0,,
A_snapshot_z1.0_13_sigma0_stride1,A,snapshot_z1.0,1,13,0,34,0.26953125,0,,
A_snapshot_z1.0_13_sigma0_stride1,A,snapshot_z1.0,1,13,0,35,0.27734375,0,,
A_snapshot_z1.0_13_sigma0_stride1,A,snapshot_z1.0,1,13,0,36,0.28515625,0,,
A_snapshot_z1.0_13_sigma0_stride1,A,snapshot_z1.0,1,13,0,37,0.29296875,0,,
A_snapshot_z1.0_13_sigma0_stride1,A,snapshot_z1.0,1,13,0,38,0.30078125,0,,
A_snapshot_z1.0_13_sigma0_stride1,A,snapshot_z1.0,1,13,0,39,0.30859375,0,,
A_snapshot_z1.0_13_sigma0_stride1,A,snapshot_z1.0,1,13,0,40,0.31640625,0,,
A_snapshot_z1.0_13_sigma0_stride1,A,snapshot_z1.0,1,13,0,41,0.32421875,0,,
A_snapshot_z1.0_13_sigma0_stride1,A,snapshot_z1.0,1,13,0,42,0.33203125,0,,
A_snapshot_z1.0_13_sigma0_stride1,A,snapshot_z1.0,1,13,0,43,0.33984375,0,,
A_snapshot_z1.0_13_sigma0_stride1,A,snapshot_z1.0,1,13,0,44,0.34765625,0,,
A_snapshot_z1.0_13_sigma0_stride1,A,snapshot_z1.0,1,13,0,45,0.35546875,0,,
A_snapshot_z1.0_13_sigma0_stride1,A,snapshot_z1.0,1,13,0,46,0.36328125,0,,
A_snapshot_z1.0_13_sigma0_stride1,A,snapshot_z1.0,1,13,0,47,0.37109375,0,,
A_snapshot_z1.0_13_sigma0_stride1,A,snapshot_z1.0,1,13,0,48,0.37890625,0,,
A_snapshot_z1.0_13_sigma0_stride1,A,snapshot_z1.0,1,13,0,49,0.38671875,0,,
A_snapshot_z1.0_13_sigma0_stride1,A,snapshot_z1.0,1,13,0,50,0.39453125,0,,
A_snapshot_z1.0_13_sigma0_stride1,A,snapshot_z1.0,1,13,0,51,0.40234375,0,,
A_snapshot_z1.0_13_sigma0_stride1,A,snapshot_z1.0,1,13,0,52,0.41015625,0,,
A_snapshot_z1.0_13_sigma0_stride1,A,snapshot_z1.0,1,13,0,53,0.41796875,0,,
A_snapshot_z1.0_13_sigma0_stride1,A,snapshot_z1.0,1,13,0,54,0.42578125,0,,
A_snapshot_z1.0_13_sigma0_stride1,A,snapshot_z1.0,1,13,0,55,0.43359375,0,,
A_snapshot_z1.0_13_sigma0_stride1,A,snapshot_z1.0,1,13,0,56,0.44140625,0,,
A_snapshot_z1.0_13_sigma0_stride1,A,snapshot_z1.0,1,13,0,57,0.44921875,0,,
A_snapshot_z1.0_13_sigma0_stride1,A,snapshot_z1.0,1,13,0,58,0.45703125,0,,
A_snapshot_z1.0_13_sigma0_stride1,A,snapshot_z1.0,1,13,0,59,0.46484375,0,,
A_snapshot_z1.0_13_sigma0_stride1,A,snapshot_z1.0,1,13,0,60,0.47265625,0,,
A_snapshot_z1.0_13_sigma0_stride1,A,snapshot_z1.0,1,13,0,61,0.48046875,0,,
A_snapshot_z1.0_13_sigma0_stride1,A,snapshot_z1.0,1,13,0,62,0.48828125,0,,
A_snapshot_z1.0_13_sigma0_stride1,A,snapshot_z1.0,1,13,0,63,0.49609375,0,,
A_snapshot_z1.0_13_sigma0_stride1,A,snapshot_z1.0,1,13,0,64,0.50390625,0,,
A_snapshot_z1.0_13_sigma0_stride1,A,snapshot_z1.0,1,13,0,65,0.51171875,0,,
A_snapshot_z1.0_13_sigma0_stride1,A,snapshot_z1.0,1,13,0,66,0.51953125,0,,
A_snapshot_z1.0_13_sigma0_stride1,A,snapshot_z1.0,1,13,0,67,0.52734375,0,,
A_snapshot_z1.0_13_sigma0_stride1,A,snapshot_z1.0,1,13,0,68,0.53515625,0,,
A_snapshot_z1.0_13_sigma0_stride1,A,snapshot_z1.0,1,13,0,69,0.54296875,0,,
A_snapshot_z1.0_13_sigma0_stride1,A,snapshot_z1.0,1,13,0,70,0.55078125,0,,
A_snapshot_z1.0_13_sigma0_stride1,A,snapshot_z1.0,1,13,0,71,0.55859375,0,,
A_snapshot_z1.0_13_sigma0_stride1,A,snapshot_z1.0,1,13,0,72,0.56640625,0,,
A_snapshot_z1.0_13_sigma0_stride1,A,snapshot_z1.0,1,13,0,73,0.57421875,0,,
A_snapshot_z1.0_13_sigma0_stride1,A,snapshot_z1.0,1,13,0,74,0.58203125,0,,
A_snapshot_z1.0_13_sigma0_stride1,A,snapshot_z1.0,1,13,0,75,0.58984375,0,,
A_snapshot_z1.0_13_sigma0_stride1,A,snapshot_z1.0,1,13,0,76,0.59765625,0,,
A_snapshot_z1.0_13_sigma0_stride1,A,snapshot_z1.0,1,13,0,77,0.60546875,0,,
A_snapshot_z1.0_13_sigma0_stride1,A,snapshot_z1.0,1,13,0,78,0.61328125,0,,
A_snapshot_z1.0_13_sigma0_stride1,A,snapshot_z1.0,1,13,0,79,0.62109375,0,,
A_snapshot_z1.0_13_sigma0_stride1,A,snapshot_z1.0,1,13,0,80,0.62890625,0,,
A_snapshot_z1.0_13_sigma0_stride1,A,snapshot_z1.0,1,13,0,81,0.63671875,0,,
A_snapshot_z1.0_13_sigma0_stride1,A,snapshot_z1.0,1,13,0,82,0.64453125,0,,
A_snapshot_z1.0_13_sigma0_stride1,A,snapshot_z1.0,1,13,0,83,0.65234375,0,,
A_snapshot_z1.0_13_sigma0_stride1,A,snapshot_z1.0,1,13,0,84,0.66015625,0,,
A_snapshot_z1.0_13_sigma0_stride1,A,snapshot_z1.0,1,13,0,85,0.66796875,0,,
A_snapshot_z1.0_13_sigma0_stride1,A,snapshot_z1.0,1,13,0,86,0.67578125,0,,
A_snapshot_z1.0_13_sigma0_stride1,A,snapshot_z1.0,1,13,0,87,0.68359375,0,,
A_snapshot_z1.0_13_sigma0_stride1,A,snapshot_z1.0,1,13,0,88,0.69140625,0,,
A_snapshot_z1.0_13_sigma0_stride1,A,snapshot_z1.0,1,13,0,89,0.69921875,0,,
A_snapshot_z1.0_13_sigma0_stride1,A,snapshot_z1.0,1,13,0,90,0.70703125,0,,
A_snapshot_z1.0_13_sigma0_stride1,A,snapshot_z1.0,1,13,0,91,0.71484375,0,,
A_snapshot_z1.0_13_sigma0_stride1,A,snapshot_z1.0,1,13,0,92,0.72265625,0,,
A_snapshot_z1.0_13_sigma0_stride1,A,snapshot_z1.0,1,13,0,93,0.73046875,0,,
A_snapshot_z1.0_13_sigma0_stride1,A,snapshot_z1.0,1,13,0,94,0.73828125,0,,
A_snapshot_z1.0_13_sigma0_stride1,A,snapshot_z1.0,1,13,0,95,0.74609375,0,,
A_snapshot_z1.0_13_sigma0_stride1,A,snapshot_z1.0,1,13,0,96,0.75390625,0,,
A_snapshot_z1.0_13_sigma0_stride1,A,snapshot_z1.0,1,13,0,97,0.76171875,0,,
A_snapshot_z1.0_13_sigma0_stride1,A,snapshot_z1.0,1,13,0,98,0.76953125,0,,
A_snapshot_z1.0_13_sigma0_stride1,A,snapshot_z1.0,1,13,0,99,0.77734375,0,,
A_snapshot_z1.0_13_sigma0_stride1,A,snapshot_z1.0,1,13,0,100,0.78515625,0,,
A_snapshot_z1.0_13_sigma0_stride1,A,snapshot_z1.0,1,13,0,101,0.79296875,0,,
A_snapshot_z1.0_13_sigma0_stride1,A,snapshot_z1.0,1,13,0,102,0.80078125,0,,
A_snapshot_z1.0_13_sigma0_stride1,A,snapshot_z1.0,1,13,0,103,0.80859375,0,,
A_snapshot_z1.0_13_sigma0_stride1,A,snapshot_z1.0,1,13,0,104,0.81640625,0,,
A_snapshot_z1.0_13_sigma0_stride1,A,snapshot_z1.0,1,13,0,105,0.82421875,0,,
A_snapshot_z1.0_13_sigma0_stride1,A,snapshot_z1.0,1,13,0,106,0.83203125,0,,
A_snapshot_z1.0_13_sigma0_stride1,A,snapshot_z1.0,1,13,0,107,0.83984375,0,,
A_snapshot_z1.0_13_sigma0_stride1,A,snapshot_z1.0,1,13,0,108,0.84765625,0,,
A_snapshot_z1.0_13_sigma0_stride1,A,snapshot_z1.0,1,13,0,109,0.85546875,0,,
A_snapshot_z1.0_13_sigma0_stride1,A,snapshot_z1.0,1,13,0,110,0.86328125,0,,
A_snapshot_z1.0_13_sigma0_stride1,A,snapshot_z1.0,1,13,0,111,0.87109375,0,,
A_snapshot_z1.0_13_sigma0_stride1,A,snapshot_z1.0,1,13,0,112,0.87890625,0,,
A_snapshot_z1.0_13_sigma0_stride1,A,snapshot_z1.0,1,13,0,113,0.88671875,0,,
A_snapshot_z1.0_13_sigma0_stride1,A,snapshot_z1.0,1,13,0,114,0.89453125,0,,
A_snapshot_z1.0_13_sigma0_stride1,A,snapshot_z1.0,1,13,0,115,0.90234375,0,,
A_snapshot_z1.0_13_sigma0_stride1,A,snapshot_z1.0,1,13,0,116,0.91015625,0,,
A_snapshot_z1.0_13_sigma0_stride1,A,snapshot_z1.0,1,13,0,117,0.91796875,0,,
A_snapshot_z1.0_13_sigma0_stride1,A,snapshot_z1.0,1,13,0,118,0.92578125,0,,
A_snapshot_z1.0_13_sigma0_stride1,A,snapshot_z1.0,1,13,0,119,0.93359375,0,,
A_snapshot_z1.0_13_sigma0_stride1,A,snapshot_z1.0,1,13,0,120,0.94140625,0,,
A_snapshot_z1.0_13_sigma0_stride1,A,snapshot_z1.0,1,13,0,121,0.94921875,0,,
A_snapshot_z1.0_13_sigma0_stride1,A,snapshot_z1.0,1,13,0,122,0.95703125,0,,
A_snapshot_z1.0_13_sigma0_stride1,A,snapshot_z1.0,1,13,0,123,0.96484375,0,,
A_snapshot_z1.0_13_sigma0_stride1,A,snapshot_z1.0,1,13,0,124,0.97265625,0,,
A_snapshot_z1.0_13_sigma0_stride1,A,snapshot_z1.0,1,13,0,125,0.98046875,0,,
A_snapshot_z1.0_13_sigma0_stride1,A,snapshot_z1.0,1,13,0,126,0.98828125,0,,
A_snapshot_z1.0_13_sigma0_stride1,A,snapshot_z1.0,1,13,0,127,0.99609375,0,,
A_snapshot_z2.0_13_sigma0_stride1,A,snapshot_z2.0,2,13,0,0,0.00390625,0,,
A_snapshot_z2.0_13_sigma0_stride1,A,snapshot_z2.0,2,13,0,1,0.01171875,0,,
A_snapshot_z2.0_13_sigma0_stride1,A,snapshot_z2.0,2,13,0,2,0.01953125,0,,
A_snapshot_z2.0_13_sigma0_stride1,A,snapshot_z2.0,2,13,0,3,0.02734375,0,,
A_snapshot_z2.0_13_sigma0_stride1,A,snapshot_z2.0,2,13,0,4,0.03515625,0,,
A_snapshot_z2.0_13_sigma0_stride1,A,snapshot_z2.0,2,13,0,5,0.04296875,0,,
A_snapshot_z2.0_13_sigma0_stride1,A,snapshot_z2.0,2,13,0,6,0.05078125,0,,
A_snapshot_z2.0_13_sigma0_stride1,A,snapshot_z2.0,2,13,0,7,0.05859375,0,,
A_snapshot_z2.0_13_sigma0_stride1,A,snapshot_z2.0,2,13,0,8,0.06640625,0,,
A_snapshot_z2.0_13_sigma0_stride1,A,snapshot_z2.0,2,13,0,9,0.07421875,0,,
A_snapshot_z2.0_13_sigma0_stride1,A,snapshot_z2.0,2,13,0,10,0.08203125,0,,
A_snapshot_z2.0_13_sigma0_stride1,A,snapshot_z2.0,2,13,0,11,0.08984375,0,,
A_snapshot_z2.0_13_sigma0_stride1,A,snapshot_z2.0,2,13,0,12,0.09765625,0,,
A_snapshot_z2.0_13_sigma0_stride1,A,snapshot_z2.0,2,13,0,13,0.10546875,0,,
A_snapshot_z2.0_13_sigma0_stride1,A,snapshot_z2.0,2,13,0,14,0.11328125,0,,
A_snapshot_z2.0_13_sigma0_stride1,A,snapshot_z2.0,2,13,0,15,0.12109375,0,,
A_snapshot_z2.0_13_sigma0_stride1,A,snapshot_z2.0,2,13,0,16,0.12890625,0,,
A_snapshot_z2.0_13_sigma0_stride1,A,snapshot_z2.0,2,13,0,17,0.13671875,0,,
A_snapshot_z2.0_13_sigma0_stride1,A,snapshot_z2.0,2,13,0,18,0.14453125,0,,
A_snapshot_z2.0_13_sigma0_stride1,A,snapshot_z2.0,2,13,0,19,0.15234375,0,,
A_snapshot_z2.0_13_sigma0_stride1,A,snapshot_z2.0,2,13,0,20,0.16015625,0,,
A_snapshot_z2.0_13_sigma0_stride1,A,snapshot_z2.0,2,13,0,21,0.16796875,0,,
A_snapshot_z2.0_13_sigma0_stride1,A,snapshot_z2.0,2,13,0,22,0.17578125,0,,
A_snapshot_z2.0_13_sigma0_stride1,A,snapshot_z2.0,2,13,0,23,0.18359375,0,,
A_snapshot_z2.0_13_sigma0_stride1,A,snapshot_z2.0,2,13,0,24,0.19140625,0,,
A_snapshot_z2.0_13_sigma0_stride1,A,snapshot_z2.0,2,13,0,25,0.19921875,0,,
A_snapshot_z2.0_13_sigma0_stride1,A,snapshot_z2.0,2,13,0,26,0.20703125,0,,
A_snapshot_z2.0_13_sigma0_stride1,A,snapshot_z2.0,2,13,0,27,0.21484375,0,,
A_snapshot_z2.0_13_sigma0_stride1,A,snapshot_z2.0,2,13,0,28,0.22265625,0,,
A_snapshot_z2.0_13_sigma0_stride1,A,snapshot_z2.0,2,13,0,29,0.23046875,0,,
A_snapshot_z2.0_13_sigma0_stride1,A,snapshot_z2.0,2,13,0,30,0.23828125,0,,
A_snapshot_z2.0_13_sigma0_stride1,A,snapshot_z2.0,2,13,0,31,0.24609375,0,,
A_snapshot_z2.0_13_sigma0_stride1,A,snapshot_z2.0,2,13,0,32,0.25390625,0,,
A_snapshot_z2.0_13_sigma0_stride1,A,snapshot_z2.0,2,13,0,33,0.26171875,0,,
A_snapshot_z2.0_13_sigma0_stride1,A,snapshot_z2.0,2,13,0,34,0.26953125,0,,
A_snapshot_z2.0_13_sigma0_stride1,A,snapshot_z2.0,2,13,0,35,0.27734375,0,,
A_snapshot_z2.0_13_sigma0_stride1,A,snapshot_z2.0,2,13,0,36,0.28515625,0,,
A_snapshot_z2.0_13_sigma0_stride1,A,snapshot_z2.0,2,13,0,37,0.29296875,0,,
A_snapshot_z2.0_13_sigma0_stride1,A,snapshot_z2.0,2,13,0,38,0.30078125,0,,
A_snapshot_z2.0_13_sigma0_stride1,A,snapshot_z2.0,2,13,0,39,0.30859375,0,,
A_snapshot_z2.0_13_sigma0_stride1,A,snapshot_z2.0,2,13,0,40,0.31640625,0,,
A_snapshot_z2.0_13_sigma0_stride1,A,snapshot_z2.0,2,13,0,41,0.32421875,0,,
A_snapshot_z2.0_13_sigma0_stride1,A,snapshot_z2.0,2,13,0,42,0.33203125,0,,
A_snapshot_z2.0_13_sigma0_stride1,A,snapshot_z2.0,2,13,0,43,0.33984375,0,,
A_snapshot_z2.0_13_sigma0_stride1,A,snapshot_z2.0,2,13,0,44,0.34765625,0,,
A_snapshot_z2.0_13_sigma0_stride1,A,snapshot_z2.0,2,13,0,45,0.35546875,0,,
A_snapshot_z2.0_13_sigma0_stride1,A,snapshot_z2.0,2,13,0,46,0.36328125,0,,
A_snapshot_z2.0_13_sigma0_stride1,A,snapshot_z2.0,2,13,0,47,0.37109375,0,,
A_snapshot_z2.0_13_sigma0_stride1,A,snapshot_z2.0,2,13,0,48,0.37890625,0,,
A_snapshot_z2.0_13_sigma0_stride1,A,snapshot_z2.0,2,13,0,49,0.38671875,0,,
A_snapshot_z2.0_13_sigma0_stride1,A,snapshot_z2.0,2,13,0,50,0.39453125,0,,
A_snapshot_z2.0_13_sigma0_stride1,A,snapshot_z2.0,2,13,0,51,0.40234375,0,,
A_snapshot_z2.0_13_sigma0_stride1,A,snapshot_z2.0,2,13,0,52,0.41015625,0,,
A_snapshot_z2.0_13_sigma0_stride1,A,snapshot_z2.0,2,13,0,53,0.41796875,0,,
A_snapshot_z2.0_13_sigma0_stride1,A,snapshot_z2.0,2,13,0,54,0.42578125,0,,
A_snapshot_z2.0_13_sigma0_stride1,A,snapshot_z2.0,2,13,0,55,0.43359375,0,,
A_snapshot_z2.0_13_sigma0_stride1,A,snapshot_z2.0,2,13,0,56,0.44140625,0,,
A_snapshot_z2.0_13_sigma0_stride1,A,snapshot_z2.0,2,13,0,57,0.44921875,0,,
A_snapshot_z2.0_13_sigma0_stride1,A,snapshot_z2.0,2,13,0,58,0.45703125,0,,
A_snapshot_z2.0_13_sigma0_stride1,A,snapshot_z2.0,2,13,0,59,0.46484375,0,,
A_snapshot_z2.0_13_sigma0_stride1,A,snapshot_z2.0,2,13,0,60,0.47265625,0,,
A_snapshot_z2.0_13_sigma0_stride1,A,snapshot_z2.0,2,13,0,61,0.48046875,0,,
A_snapshot_z2.0_13_sigma0_stride1,A,snapshot_z2.0,2,13,0,62,0.48828125,0,,
A_snapshot_z2.0_13_sigma0_stride1,A,snapshot_z2.0,2,13,0,63,0.49609375,0,,
A_snapshot_z2.0_13_sigma0_stride1,A,snapshot_z2.0,2,13,0,64,0.50390625,0,,
A_snapshot_z2.0_13_sigma0_stride1,A,snapshot_z2.0,2,13,0,65,0.51171875,0,,
A_snapshot_z2.0_13_sigma0_stride1,A,snapshot_z2.0,2,13,0,66,0.51953125,0,,
A_snapshot_z2.0_13_sigma0_stride1,A,snapshot_z2.0,2,13,0,67,0.52734375,0,,
A_snapshot_z2.0_13_sigma0_stride1,A,snapshot_z2.0,2,13,0,68,0.53515625,0,,
A_snapshot_z2.0_13_sigma0_stride1,A,snapshot_z2.0,2,13,0,69,0.54296875,0,,
A_snapshot_z2.0_13_sigma0_stride1,A,snapshot_z2.0,2,13,0,70,0.55078125,0,,
A_snapshot_z2.0_13_sigma0_stride1,A,snapshot_z2.0,2,13,0,71,0.55859375,0,,
A_snapshot_z2.0_13_sigma0_stride1,A,snapshot_z2.0,2,13,0,72,0.56640625,0,,
A_snapshot_z2.0_13_sigma0_stride1,A,snapshot_z2.0,2,13,0,73,0.57421875,0,,
A_snapshot_z2.0_13_sigma0_stride1,A,snapshot_z2.0,2,13,0,74,0.58203125,0,,
A_snapshot_z2.0_13_sigma0_stride1,A,snapshot_z2.0,2,13,0,75,0.58984375,0,,
A_snapshot_z2.0_13_sigma0_stride1,A,snapshot_z2.0,2,13,0,76,0.59765625,0,,
A_snapshot_z2.0_13_sigma0_stride1,A,snapshot_z2.0,2,13,0,77,0.60546875,0,,
A_snapshot_z2.0_13_sigma0_stride1,A,snapshot_z2.0,2,13,0,78,0.61328125,0,,
A_snapshot_z2.0_13_sigma0_stride1,A,snapshot_z2.0,2,13,0,79,0.62109375,0,,
A_snapshot_z2.0_13_sigma0_stride1,A,snapshot_z2.0,2,13,0,80,0.62890625,0,,
A_snapshot_z2.0_13_sigma0_stride1,A,snapshot_z2.0,2,13,0,81,0.63671875,0,,
A_snapshot_z2.0_13_sigma0_stride1,A,snapshot_z2.0,2,13,0,82,0.64453125,0,,
A_snapshot_z2.0_13_sigma0_stride1,A,snapshot_z2.0,2,13,0,83,0.65234375,0,,
A_snapshot_z2.0_13_sigma0_stride1,A,snapshot_z2.0,2,13,0,84,0.66015625,0,,
A_snapshot_z2.0_13_sigma0_stride1,A,snapshot_z2.0,2,13,0,85,0.66796875,0,,
A_snapshot_z2.0_13_sigma0_stride1,A,snapshot_z2.0,2,13,0,86,0.67578125,0,,
A_snapshot_z2.0_13_sigma0_stride1,A,snapshot_z2.0,2,13,0,87,0.68359375,0,,
A_snapshot_z2.0_13_sigma0_stride1,A,snapshot_z2.0,2,13,0,88,0.69140625,0,,
A_snapshot_z2.0_13_sigma0_stride1,A,snapshot_z2.0,2,13,0,89,0.69921875,0,,
A_snapshot_z2.0_13_sigma0_stride1,A,snapshot_z2.0,2,13,0,90,0.70703125,0,,
A_snapshot_z2.0_13_sigma0_stride1,A,snapshot_z2.0,2,13,0,91,0.71484375,0,,
A_snapshot_z2.0_13_sigma0_stride1,A,snapshot_z2.0,2,13,0,92,0.72265625,0,,
A_snapshot_z2.0_13_sigma0_stride1,A,snapshot_z2.0,2,13,0,93,0.73046875,0,,
A_snapshot_z2.0_13_sigma0_stride1,A,snapshot_z2.0,2,13,0,94,0.73828125,0,,
A_snapshot_z2.0_13_sigma0_stride1,A,snapshot_z2.0,2,13,0,95,0.74609375,0,,
A_snapshot_z2.0_13_sigma0_stride1,A,snapshot_z2.0,2,13,0,96,0.75390625,0,,
A_snapshot_z2.0_13_sigma0_stride1,A,snapshot_z2.0,2,13,0,97,0.76171875,0,,
A_snapshot_z2.0_13_sigma0_stride1,A,snapshot_z2.0,2,13,0,98,0.76953125,0,,
A_snapshot_z2.0_13_sigma0_stride1,A,snapshot_z2.0,2,13,0,99,0.77734375,0,,
A_snapshot_z2.0_13_sigma0_stride1,A,snapshot_z2.0,2,13,0,100,0.78515625,0,,
A_snapshot_z2.0_13_sigma0_stride1,A,snapshot_z2.0,2,13,0,101,0.79296875,0,,
A_snapshot_z2.0_13_sigma0_stride1,A,snapshot_z2.0,2,13,0,102,0.80078125,0,,
A_snapshot_z2.0_13_sigma0_stride1,A,snapshot_z2.0,2,13,0,103,0.80859375,0,,
A_snapshot_z2.0_13_sigma0_stride1,A,snapshot_z2.0,2,13,0,104,0.81640625,0,,
A_snapshot_z2.0_13_sigma0_stride1,A,snapshot_z2.0,2,13,0,105,0.82421875,0,,
A_snapshot_z2.0_13_sigma0_stride1,A,snapshot_z2.0,2,13,0,106,0.83203125,0,,
A_snapshot_z2.0_13_sigma0_stride1,A,snapshot_z2.0,2,13,0,107,0.83984375,0,,
A_snapshot_z2.0_13_sigma0_stride1,A,snapshot_z2.0,2,13,0,108,0.84765625,0,,
A_snapshot_z2.0_13_sigma0_stride1,A,snapshot_z2.0,2,13,0,109,0.85546875,0,,
A_snapshot_z2.0_13_sigma0_stride1,A,snapshot_z2.0,2,13,0,110,0.86328125,0,,
A_snapshot_z2.0_13_sigma0_stride1,A,snapshot_z2.0,2,13,0,111,0.87109375,0,,
A_snapshot_z2.0_13_sigma0_stride1,A,snapshot_z2.0,2,13,0,112,0.87890625,0,,
A_snapshot_z2.0_13_sigma0_stride1,A,snapshot_z2.0,2,13,0,113,0.88671875,0,,
A_snapshot_z2.0_13_sigma0_stride1,A,snapshot_z2.0,2,13,0,114,0.89453125,0,,
A_snapshot_z2.0_13_sigma0_stride1,A,snapshot_z2.0,2,13,0,115,0.90234375,0,,
A_snapshot_z2.0_13_sigma0_stride1,A,snapshot_z2.0,2,13,0,116,0.91015625,0,,
A_snapshot_z2.0_13_sigma0_stride1,A,snapshot_z2.0,2,13,0,117,0.91796875,0,,
A_snapshot_z2.0_13_sigma0_stride1,A,snapshot_z2.0,2,13,0,118,0.92578125,0,,
A_snapshot_z2.0_13_sigma0_stride1,A,snapshot_z2.0,2,13,0,119,0.93359375,0,,
A_snapshot_z2.0_13_sigma0_stride1,A,snapshot_z2.0,2,13,0,120,0.94140625,0,,
A_snapshot_z2.0_13_sigma0_stride1,A,snapshot_z2.0,2,13,0,121,0.94921875,0,,
A_snapshot_z2.0_13_sigma0_stride1,A,snapshot_z2.0,2,13,0,122,0.95703125,0,,
A_snapshot_z2.0_13_sigma0_stride1,A,snapshot_z2.0,2,13,0,123,0.96484375,0,,
A_snapshot_z2.0_13_sigma0_stride1,A,snapshot_z2.0,2,13,0,124,0.97265625,0,,
A_snapshot_z2.0_13_sigma0_stride1,A,snapshot_z2.0,2,13,0,125,0.98046875,0,,
A_snapshot_z2.0_13_sigma0_stride1,A,snapshot_z2.0,2,13,0,126,0.98828125,0,,
A_snapshot_z2.0_13_sigma0_stride1,A,snapshot_z2.0,2,13,0,127,0.99609375,0,,
A_snapshot_z1.0_13_sigma50_stride1,A,snapshot_z1.0,1,13,0.05,0,0.00390625,0.0611943160387273,true,true
A_snapshot_z1.0_13_sigma50_stride1,A,snapshot_z1.0,1,13,0.05,1,0.01171875,0.0373542959169137,false,false
A_snapshot_z1.0_13_sigma50_stride1,A,snapshot_z1.0,1,13,0.05,2,0.01953125,0.0416051935185717,false,false
A_snapshot_z1.0_13_sigma50_stride1,A,snapshot_z1.0,1,13,0.05,3,0.02734375,0.0341905141735216,false,false
A_snapshot_z1.0_13_sigma50_stride1,A,snapshot_z1.0,1,13,0.05,4,0.03515625,0.0239864945007482,false,false
A_snapshot_z1.0_13_sigma50_stride1,A,snapshot_z1.0,1,13,0.05,5,0.04296875,0.0457966383570562,false,false
A_snapshot_z1.0_13_sigma50_stride1,A,snapshot_z1.0,1,13,0.05,6,0.05078125,0.0457966383570562,false,false
A_snapshot_z1.0_13_sigma50_stride1,A,snapshot_z1.0,1,13,0.05,7,0.05859375,0.0376125866577411,false,false
A_snapshot_z1.0_13_sigma50_stride1,A,snapshot_z1.0,1,13,0.05,8,0.06640625,0.0329436136770789,false,false
A_snapshot_z1.0_13_sigma50_stride1,A,snapshot_z1.0,1,13,0.05,9,0.07421875,0.026046817058119,false,false
A_snapshot_z1.0_13_sigma50_stride1,A,snapshot_z1.0,1,13,0.05,10,0.08203125,0.032534325720537,false,false
A_snapshot_z1.0_13_sigma50_stride1,A,snapshot_z1.0,1,13,0.05,11,0.08984375,0.056535666948323,false,false
A_snapshot_z1.0_13_sigma50_stride1,A,snapshot_z1.0,1,13,0.05,12,0.09765625,0.0419300168906493,false,false
A_snapshot_z1.0_13_sigma50_stride1,A,snapshot_z1.0,1,13,0.05,13,0.10546875,0.0317200898165387,false,false
A_snapshot_z1.0_13_sigma50_stride1,A,snapshot_z1.0,1,13,0.05,14,0.11328125,0.028443524414648,false,false
A_snapshot_z1.0_13_sigma50_stride1,A,snapshot_z1.0,1,13,0.05,15,0.12109375,0.0409731657133327,false,false
A_snapshot_z1.0_13_sigma50_stride1,A,snapshot_z1.0,1,13,0.05,16,0.12890625,0.0259945646803652,false,false
A_snapshot_z1.0_13_sigma50_stride1,A,snapshot_z1.0,1,13,0.05,17,0.13671875,0.0337622060206649,false,false
A_snapshot_z1.0_13_sigma50_stride1,A,snapshot_z1.0,1,13,0.05,18,0.14453125,0.0196903523077823,false,false
A_snapshot_z1.0_13_sigma50_stride1,A,snapshot_z1.0,1,13,0.05,19,0.15234375,0.0204314190502444,false,false
A_snapshot_z1.0_13_sigma50_stride1,A,snapshot_z1.0,1,13,0.05,20,0.16015625,0.0583253139972165,true,true
A_snapshot_z1.0_13_sigma50_stride1,A,snapshot_z1.0,1,13,0.05,21,0.16796875,0.0199282090966427,false,false
A_snapshot_z1.0_13_sigma50_stride1,A,snapshot_z1.0,1,13,0.05,22,0.17578125,0.0254153220340627,false,false
A_snapshot_z1.0_13_sigma50_stride1,A,snapshot_z1.0,1,13,0.05,23,0.18359375,0.0292129386624163,false,false
A_snapshot_z1.0_13_sigma50_stride1,A,snapshot_z1.0,1,13,0.05,24,0.19140625,0.0376487651451523,false,false
A_snapshot_z1.0_13_sigma50_stride1,A,snapshot_z1.0,1,13,0.05,25,0.19921875,0.0434600177085528,false,false
A_snapshot_z1.0_13_sigma50_stride1,A,snapshot_z1.0,1,13,0.05,26,0.20703125,0.0426931025101649,false,false
A_snapshot_z1.0_13_sigma50_stride1,A,snapshot_z1.0,1,13,0.05,27,0.21484375,0.0345318639489366,false,false
A_snapshot_z1.0_13_sigma50_stride1,A,snapshot_z1.0,1,13,0.05,28,0.22265625,0.0471263833245181,false,false
A_snapshot_z1.0_13_sigma50_stride1,A,snapshot_z1.0,1,13,0.05,29,0.23046875,0.05947311968115,true,true
A_snapshot_z1.0_13_sigma50_stride1,A,snapshot_z1.0,1,13,0.05,30,0.23828125,0.05267013956839,false,false
A_snapshot_z1.0_13_sigma50_stride1,A,snapshot_z1.0,1,13,0.05,31,0.24609375,0.0365530908686588,false,false
A_snapshot_z1.0_13_sigma50_stride1,A,snapshot_z1.0,1,13,0.05,32,0.25390625,0.0410659511807861,false,false
A_snapshot_z1.0_13_sigma50_stride1,A,snapshot_z1.0,1,13,0.05,33,0.26171875,0.0423246376845021,false,false
A_snapshot_z1.0_13_sigma50_stride1,A,snapshot_z1.0,1,13,0.05,34,0.26953125,0.0218934176920182,false,false
A_snapshot_z1.0_13_sigma50_stride1,A,snapshot_z1.0,1,13,0.05,35,0.27734375,0.0322545770485061,false,false
A_snapshot_z1.0_13_sigma50_stride1,A,snapshot_z1.0,1,13,0.05,36,0.28515625,0.0576848369241274,true,true
A_snapshot_z1.0_13_sigma50_stride1,A,snapshot_z1.0,1,13,0.05,37,0.29296875,0.0292084249280871,false,false
A_snapshot_z1.0_13_sigma50_stride1,A,snapshot_z1.0,1,13,0.05,38,0.30078125,0.0274890424276047,false,false
A_snapshot_z1.0_13_sigma50_stride1,A,snapshot_z1.0,1,13,0.05,39,0.30859375,0.027291506543894,false,false
A_snapshot_z1.0_13_sigma50_stride1,A,snapshot_z1.0,1,13,0.05,40,0.31640625,0.03858255605569,false,false
A_snapshot_z1.0_13_sigma50_stride1,A,snapshot_z1.0,1,13,0.05,41,0.32421875,0.037211401783937,false,false
A_snapshot_z1.0_13_sigma50_stride1,A,snapshot_z1.0,1,13,0.05,42,0.33203125,0.0223910823902755,false,false
A_snapshot_z1.0_13_sigma50_stride1,A,snapshot_z1.0,1,13,0.05,43,0.33984375,0.0405109779841093,false,false
A_snapshot_z1.0_13_sigma50_stride1,A,snapshot_z1.0,1,13,0.05,44,0.34765625,0.0319830065499299,false,false
A_snapshot_z1.0_13_sigma50_stride1,A,snapshot_z1.0,1,13,0.05,45,0.35546875,0.0586770437735024,true,true
A_snapshot_z1.0_13_sigma50_stride1,A,snapshot_z1.0,1,13,0.05,46,0.36328125,0.0433537525124669,false,false
A_snapshot_z1.0_13_sigma50_stride1,A,snapshot_z1.0,1,13,0.05,47,0.37109375,0.0399086497901614,false,false
A_snapshot_z1.0_13_sigma50_stride1,A,snapshot_z1.0,1,13,0.05,48,0.37890625,0.0306487449535535,false,false
A_snapshot_z1.0_13_sigma50_stride1,A,snapshot_z1.0,1,13,0.05,49,0.38671875,0.0268548549389139,false,false
A_snapshot_z1.0_13_sigma50_stride1,A,snapshot_z1.0,1,13,0.05,50,0.39453125,0.0293423852360192,false,false
A_snapshot_z1.0_13_sigma50_stride1,A,snapshot_z1.0,1,13,0.05,51,0.40234375,0.0335728672547846,false,false
A_snapshot_z1.0_13_sigma50_stride1,A,snapshot_z1.0,1,13,0.05,52,0.41015625,0.0343965291703916,false,false
A_snapshot_z1.0_13_sigma50_stride1,A,snapshot_z1.0,1,13,0.05,53,0.41796875,0.0227728833694457,false,false
A_snapshot_z1.0_13_sigma50_stride1,A,snapshot_z1.0,1,13,0.05,54,0.42578125,0.0252079613648225,false,false
A_snapshot_z1.0_13_sigma50_stride1,A,snapshot_z1.0,1,13,0.05,55,0.43359375,0.0353491350246256,false,false
A_snapshot_z1.0_13_sigma50_stride1,A,snapshot_z1.0,1,13,0.05,56,0.44140625,0.033736371275141,false,false
A_snapshot_z1.0_13_sigma50_stride1,A,snapshot_z1.0,1,13,0.05,57,0.44921875,0.028249188654187,false,false
A_snapshot_z1.0_13_sigma50_stride1,A,snapshot_z1.0,1,13,0.05,58,0.45703125,0.0187861213394868,false,false
A_snapshot_z1.0_13_sigma50_stride1,A,snapshot_z1.0,1,13,0.05,59,0.46484375,0.0238019912395946,false,false
A_snapshot_z1.0_13_sigma50_stride1,A,snapshot_z1.0,1,13,0.05,60,0.47265625,0.0339756743233437,false,false
A_snapshot_z1.0_13_sigma50_stride1,A,snapshot_z1.0,1,13,0.05,61,0.48046875,0.0399147555758847,false,false
A_snapshot_z1.0_13_sigma50_stride1,A,snapshot_z1.0,1,13,0.05,62,0.48828125,0.0706305467103838,true,true
A_snapshot_z1.0_13_sigma50_stride1,A,snapshot_z1.0,1,13,0.05,63,0.49609375,0.0517057622341299,false,false
A_snapshot_z1.0_13_sigma50_stride1,A,snapshot_z1.0,1,13,0.05,64,0.50390625,0.0506822798997815,false,false
A_snapshot_z1.0_13_sigma50_stride1,A,snapshot_z1.0,1,13,0.05,65,0.51171875,0.0632868142760059,true,true
A_snapshot_z1.0_13_sigma50_stride1,A,snapshot_z1.0,1,13,0.05,66,0.51953125,0.0541718195208584,false,false
A_snapshot_z1.0_13_sigma50_stride1,A,snapshot_z1.0,1,13,0.05,67,0.52734375,0.034957450442149,false,false
A_snapshot_z1.0_13_sigma50_stride1,A,snapshot_z1.0,1,13,0.05,68,0.53515625,0.0479541602650033,false,false
A_snapshot_z1.0_13_sigma50_stride1,A,snapshot_z1.0,1,13,0.05,69,0.54296875,0.0558260782122272,false,false
A_snapshot_z1.0_13_sigma50_stride1,A,snapshot_z1.0,1,13,0.05,70,0.55078125,0.0493980086880636,false,false
A_snapshot_z1.0_13_sigma50_stride1,A,snapshot_z1.0,1,13,0.05,71,0.55859375,0.0446338299576853,false,false
A_snapshot_z1.0_13_sigma50_stride1,A,snapshot_z1.0,1,13,0.05,72,0.56640625,0.043009075132347,false,false
A_snapshot_z1.0_13_sigma50_stride1,A,snapshot_z1.0,1,13,0.05,73,0.57421875,0.0423143722251843,false,false
A_snapshot_z1.0_13_sigma50_stride1,A,snapshot_z1.0,1,13,0.05,74,0.58203125,0.0308337555013817,false,false
A_snapshot_z1.0_13_sigma50_stride1,A,snapshot_z1.0,1,13,0.05,75,0.58984375,0.0253185515046863,false,false
A_snapshot_z1.0_13_sigma50_stride1,A,snapshot_z1.0,1,13,0.05,76,0.59765625,0.0374926074032897,false,false
A_snapshot_z1.0_13_sigma50_stride1,A,snapshot_z1.0,1,13,0.05,77,0.60546875,0.0406786791843684,false,false
A_snapshot_z1.0_13_sigma50_stride1,A,snapshot_z1.0,1,13,0.05,78,0.61328125,0.0200812593736695,false,false
A_snapshot_z1.0_13_sigma50_stride1,A,snapshot_z1.0,1,13,0.05,79,0.62109375,0.0322209267722815,false,false
A_snapshot_z1.0_13_sigma50_stride1,A,snapshot_z1.0,1,13,0.05,80,0.62890625,0.0285787706850126,false,false
A_snapshot_z1.0_13_sigma50_stride1,A,snapshot_z1.0,1,13,0.05,81,0.63671875,0.0322902633698682,false,false
A_snapshot_z1.0_13_sigma50_stride1,A,snapshot_z1.0,1,13,0.05,82,0.64453125,0.0386413742994596,false,false
A_snapshot_z1.0_13_sigma50_stride1,A,snapshot_z1.0,1,13,0.05,83,0.65234375,0.0194004567539117,false,false
A_snapshot_z1.0_13_sigma50_stride1,A,snapshot_z1.0,1,13,0.05,84,0.66015625,0.0313951241790729,false,false
A_snapshot_z1.0_13_sigma50_stride1,A,snapshot_z1.0,1,13,0.05,85,0.66796875,0.0395158183035401,false,false
A_snapshot_z1.0_13_sigma50_stride1,A,snapshot_z1.0,1,13,0.05,86,0.67578125,0.0420394807439137,false,false
A_snapshot_z1.0_13_sigma50_stride1,A,snapshot_z1.0,1,13,0.05,87,0.68359375,0.0570661770771708,false,false
A_snapshot_z1.0_13_sigma50_stride1,A,snapshot_z1.0,1,13,0.05,88,0.69140625,0.0436985816500954,false,false
A_snapshot_z1.0_13_sigma50_stride1,A,snapshot_z1.0,1,13,0.05,89,0.69921875,0.0514565123031389,false,false
A_snapshot_z1.0_13_sigma50_stride1,A,snapshot_z1.0,1,13,0.05,90,0.70703125,0.0485050374355595,false,false
A_snapshot_z1.0_13_sigma50_stride1,A,snapshot_z1.0,1,13,0.05,91,0.71484375,0.0289151598157478,false,false
A_snapshot_z1.0_13_sigma50_stride1,A,snapshot_z1.0,1,13,0.05,92,0.72265625,0.0768459861195931,true,true
A_snapshot_z1.0_13_sigma50_stride1,A,snapshot_z1.0,1,13,0.05,93,0.73046875,0.0333791020341865,false,false
A_snapshot_z1.0_13_sigma50_stride1,A,snapshot_z1.0,1,13,0.05,94,0.73828125,0.0373809211029228,false,false
A_snapshot_z1.0_13_sigma50_stride1,A,snapshot_z1.0,1,13,0.05,95,0.74609375,0.0358205854715333,false,false
A_snapshot_z1.0_13_sigma50_stride1,A,snapshot_z1.0,1,13,0.05,96,0.75390625,0.0393917697690432,false,false
A_snapshot_z1.0_13_sigma50_stride1,A,snapshot_z1.0,1,13,0.05,97,0.76171875,0.065485877249383,true,true
A_snapshot_z1.0_13_sigma50_stride1,A,snapshot_z1.0,1,13,0.05,98,0.76953125,0.0381099717836236,false,false
A_snapshot_z1.0_13_sigma50_stride1,A,snapshot_z1.0,1,13,0.05,99,0.77734375,0.029209703150453,false,false
A_snapshot_z1.0_13_sigma50_stride1,A,snapshot_z1.0,1,13,0.05,100,0.78515625,0.025473412527581,false,false
A_snapshot_z1.0_13_sigma50_stride1,A,snapshot_z1.0,1,13,0.05,101,0.79296875,0.0205201672051541,false,false
A_snapshot_z1.0_13_sigma50_stride1,A,snapshot_z1.0,1,13,0.05,102,0.80078125,0.0418494920604231,false,false
A_snapshot_z1.0_13_sigma50_stride1,A,snapshot_z1.0,1,13,0.05,103,0.80859375,0.0621031152103269,true,true
A_snapshot_z1.0_13_sigma50_stride1,A,snapshot_z1.0,1,13,0.05,104,0.81640625,0.0435039842859075,false,false
A_snapshot_z1.0_13_sigma50_stride1,A,snapshot_z1.0,1,13,0.05,105,0.82421875,0.0485443041634021,false,false
A_snapshot_z1.0_13_sigma50_stride1,A,snapshot_z1.0,1,13,0.05,106,0.83203125,0.0668352292492639,true,true
A_snapshot_z1.0_13_sigma50_stride1,A,snapshot_z1.0,1,13,0.05,107,0.83984375,0.049659481747354,false,false
A_snapshot_z1.0_13_sigma50_stride1,A,snapshot_z1.0,1,13,0.05,108,0.84765625,0.0453905541964462,false,false
A_snapshot_z1.0_13_sigma50_stride1,A,snapshot_z1.0,1,13,0.05,109,0.85546875,0.0586096134233727,true,true
A_snapshot_z1.0_13_sigma50_stride1,A,snapshot_z1.0,1,13,0.05,110,0.86328125,0.0350438060651066,false,false
A_snapshot_z1.0_13_sigma50_stride1,A,snapshot_z1.0,1,13,0.05,111,0.87109375,0.0385854035655122,false,false
A_snapshot_z1.0_13_sigma50_stride1,A,snapshot_z1.0,1,13,0.05,112,0.87890625,0.0354610334687064,false,false
A_snapshot_z1.0_13_sigma50_stride1,A,snapshot_z1.0,1,13,0.05,113,0.88671875,0.039687008353583,false,false
A_snapshot_z1.0_13_sigma50_stride1,A,snapshot_z1.0,1,13,0.05,114,0.89453125,0.0353893950624198,false,false
A_snapshot_z1.0_13_sigma50_stride1,A,snapshot_z1.0,1,13,0.05,115,0.90234375,0.0359369810153752,false,false
A_snapshot_z1.0_13_sigma50_stride1,A,snapshot_z1.0,1,13,0.05,116,0.91015625,0.0547486150713576,false,false
A_snapshot_z1.0_13_sigma50_stride1,A,snapshot_z1.0,1,13,0.05,117,0.91796875,0.0277801051856221,false,false
A_snapshot_z1.0_13_sigma50_stride1,A,snapshot_z1.0,1,13,0.05,118,0.92578125,0.0299619176150195,false,false
A_snapshot_z1.0_13_sigma50_stride1,A,snapshot_z1.0,1,13,0.05,119,0.93359375,0.0581300435352073,true,true
A_snapshot_z1.0_13_sigma50_stride1,A,snapshot_z1.0,1,13,0.05,120,0.94140625,0.0350911026065997,false,false
A_snapshot_z1.0_13_sigma50_stride1,A,snapshot_z1.0,1,13,0.05,121,0.94921875,0.0502794701575056,false,false
A_snapshot_z1.0_13_sigma50_stride1,A,snapshot_z1.0,1,13,0.05,122,0.95703125,0.0332905502635992,false,false
A_snapshot_z1.0_13_sigma50_stride1,A,snapshot_z1.0,1,13,0.05,123,0.96484375,0.0243493873584863,false,false
A_snapshot_z1.0_13_sigma50_stride1,A,snapshot_z1.0,1,13,0.05,124,0.97265625,0.0311182018630403,false,false
A_snapshot_z1.0_13_sigma50_stride1,A,snapshot_z1.0,1,13,0.05,125,0.98046875,0.0377055709212432,false,false
A_snapshot_z1.0_13_sigma50_stride1,A,snapshot_z1.0,1,13,0.05,126,0.98828125,0.0516833131814331,false,false
A_snapshot_z1.0_13_sigma50_stride1,A,snapshot_z1.0,1,13,0.05,127,0.99609375,0.0307979408588054,false,false
A_snapshot_z2.0_13_sigma50_stride1,A,snapshot_z2.0,2,13,0.05,0,0.00390625,0.0329613245311271,false,false
A_snapshot_z2.0_13_sigma50_stride1,A,snapshot_z2.0,2,13,0.05,1,0.01171875,0.0365708748875863,false,false
A_snapshot_z2.0_13_sigma50_stride1,A,snapshot_z2.0,2,13,0.05,2,0.01953125,0.0379102940850567,false,false
A_snapshot_z2.0_13_sigma50_stride1,A,snapshot_z2.0,2,13,0.05,3,0.02734375,0.0656208168026745,true,true
A_snapshot_z2.0_13_sigma50_stride1,A,snapshot_z2.0,2,13,0.05,4,0.03515625,0.0260875683334488,false,false
A_snapshot_z2.0_13_sigma50_stride1,A,snapshot_z2.0,2,13,0.05,5,0.04296875,0.0353876174839596,false,false
A_snapshot_z2.0_13_sigma50_stride1,A,snapshot_z2.0,2,13,0.05,6,0.05078125,0.0354191030708179,false,false
A_snapshot_z2.0_13_sigma50_stride1,A,snapshot_z2.0,2,13,0.05,7,0.05859375,0.0387376407822207,false,false
A_snapshot_z2.0_13_sigma50_stride1,A,snapshot_z2.0,2,13,0.05,8,0.06640625,0.0387385085246151,false,false
A_snapshot_z2.0_13_sigma50_stride1,A,snapshot_z2.0,2,13,0.05,9,0.07421875,0.0377513017199125,false,false
A_snapshot_z2.0_13_sigma50_stride1,A,snapshot_z2.0,2,13,0.05,10,0.08203125,0.0349331652510786,false,false
A_snapshot_z2.0_13_sigma50_stride1,A,snapshot_z2.0,2,13,0.05,11,0.08984375,0.0864949865743099,true,true
A_snapshot_z2.0_13_sigma50_stride1,A,snapshot_z2.0,2,13,0.05,12,0.09765625,0.0682982831248594,true,true
A_snapshot_z2.0_13_sigma50_stride1,A,snapshot_z2.0,2,13,0.05,13,0.10546875,0.0230716610562219,false,false
A_snapshot_z2.0_13_sigma50_stride1,A,snapshot_z2.0,2,13,0.05,14,0.11328125,0.0319770587632136,false,false
A_snapshot_z2.0_13_sigma50_stride1,A,snapshot_z2.0,2,13,0.05,15,0.12109375,0.0445067000618982,false,false
A_snapshot_z2.0_13_sigma50_stride1,A,snapshot_z2.0,2,13,0.05,16,0.12890625,0.0387203908156077,false,false
A_snapshot_z2.0_13_sigma50_stride1,A,snapshot_z2.0,2,13,0.05,17,0.13671875,0.0300887541497372,false,false
A_snapshot_z2.0_13_sigma50_stride1,A,snapshot_z2.0,2,13,0.05,18,0.14453125,0.0260065466234402,false,false
A_snapshot_z2.0_13_sigma50_stride1,A,snapshot_z2.0,2,13,0.05,19,0.15234375,0.0266925748606761,false,false
A_snapshot_z2.0_13_sigma50_stride1,A,snapshot_z2.0,2,13,0.05,20,0.16015625,0.0583253139972166,true,true
A_snapshot_z2.0_13_sigma50_stride1,A,snapshot_z2.0,2,13,0.05,21,0.16796875,0.0351211146521307,false,false
A_snapshot_z2.0_13_sigma50_stride1,A,snapshot_z2.0,2,13,0.05,22,0.17578125,0.026820216150726,false,false
A_snapshot_z2.0_13_sigma50_stride1,A,snapshot_z2.0,2,13,0.05,23,0.18359375,0.0307052017706508,false,false
A_snapshot_z2.0_13_sigma50_stride1,A,snapshot_z2.0,2,13,0.05,24,0.19140625,0.0215330067033516,false,false
A_snapshot_z2.0_13_sigma50_stride1,A,snapshot_z2.0,2,13,0.05,25,0.19921875,0.0464802654646397,false,false
A_snapshot_z2.0_13_sigma50_stride1,A,snapshot_z2.0,2,13,0.05,26,0.20703125,0.0508770872755726,false,false
A_snapshot_z2.0_13_sigma50_stride1,A,snapshot_z2.0,2,13,0.05,27,0.21484375,0.0330239001301485,false,false
A_snapshot_z2.0_13_sigma50_stride1,A,snapshot_z2.0,2,13,0.05,28,0.22265625,0.0434891063375352,false,false
A_snapshot_z2.0_13_sigma50_stride1,A,snapshot_z2.0,2,13,0.05,29,0.23046875,0.0383559587483804,false,false
A_snapshot_z2.0_13_sigma50_stride1,A,snapshot_z2.0,2,13,0.05,30,0.23828125,0.0402517394510341,false,false
A_snapshot_z2.0_13_sigma50_stride1,A,snapshot_z2.0,2,13,0.05,31,0.24609375,0.0228339134539636,false,false
A_snapshot_z2.0_13_sigma50_stride1,A,snapshot_z2.0,2,13,0.05,32,0.25390625,0.0439923986909998,false,false
A_snapshot_z2.0_13_sigma50_stride1,A,snapshot_z2.0,2,13,0.05,33,0.26171875,0.0210826441153127,false,false
A_snapshot_z2.0_13_sigma50_stride1,A,snapshot_z2.0,2,13,0.05,34,0.26953125,0.0132483672168528,false,false
A_snapshot_z2.0_13_sigma50_stride1,A,snapshot_z2.0,2,13,0.05,35,0.27734375,0.0354590484390055,false,false
A_snapshot_z2.0_13_sigma50_stride1,A,snapshot_z2.0,2,13,0.05,36,0.28515625,0.0370978454202726,false,false
A_snapshot_z2.0_13_sigma50_stride1,A,snapshot_z2.0,2,13,0.05,37,0.29296875,0.0398529818433256,false,false
A_snapshot_z2.0_13_sigma50_stride1,A,snapshot_z2.0,2,13,0.05,38,0.30078125,0.0533461315719257,false,false
A_snapshot_z2.0_13_sigma50_stride1,A,snapshot_z2.0,2,13,0.05,39,0.30859375,0.0325676058942186,false,false
A_snapshot_z2.0_13_sigma50_stride1,A,snapshot_z2.0,2,13,0.05,40,0.31640625,0.0337447207332957,false,false
A_snapshot_z2.0_13_sigma50_stride1,A,snapshot_z2.0,2,13,0.05,41,0.32421875,0.0305282140519444,false,false
A_snapshot_z2.0_13_sigma50_stride1,A,snapshot_z2.0,2,13,0.05,42,0.33203125,0.0383359542431798,false,false
A_snapshot_z2.0_13_sigma50_stride1,A,snapshot_z2.0,2,13,0.05,43,0.33984375,0.0349405961349455,false,false
A_snapshot_z2.0_13_sigma50_stride1,A,snapshot_z2.0,2,13,0.05,44,0.34765625,0.0319830065499297,false,false
A_snapshot_z2.0_13_sigma50_stride1,A,snapshot_z2.0,2,13,0.05,45,0.35546875,0.0847007615779943,true,true
A_snapshot_z2.0_13_sigma50_stride1,A,snapshot_z2.0,2,13,0.05,46,0.36328125,0.0650283896515615,true,true
A_snapshot_z2.0_13_sigma50_stride1,A,snapshot_z2.0,2,13,0.05,47,0.37109375,0.0395017597873972,false,false
A_snapshot_z2.0_13_sigma50_stride1,A,snapshot_z2.0,2,13,0.05,48,0.37890625,0.0260319496760577,false,false
A_snapshot_z2.0_13_sigma50_stride1,A,snapshot_z2.0,2,13,0.05,49,0.38671875,0.0423615861380047,false,false
A_snapshot_z2.0_13_sigma50_stride1,A,snapshot_z2.0,2,13,0.05,50,0.39453125,0.0438901280539908,false,false
A_snapshot_z2.0_13_sigma50_stride1,A,snapshot_z2.0,2,13,0.05,51,0.40234375,0.0142069431216915,false,false
A_snapshot_z2.0_13_sigma50_stride1,A,snapshot_z2.0,2,13,0.05,52,0.41015625,0.0428377232582647,false,false
A_snapshot_z2.0_13_sigma50_stride1,A,snapshot_z2.0,2,13,0.05,53,0.41796875,0.0485041745459669,false,false
A_snapshot_z2.0_13_sigma50_stride1,A,snapshot_z2.0,2,13,0.05,54,0.42578125,0.0340014027492977,false,false
A_snapshot_z2.0_13_sigma50_stride1,A,snapshot_z2.0,2,13,0.05,55,0.43359375,0.0426282358263047,false,false
A_snapshot_z2.0_13_sigma50_stride1,A,snapshot_z2.0,2,13,0.05,56,0.44140625,0.0503874942322631,false,false
A_snapshot_z2.0_13_sigma50_stride1,A,snapshot_z2.0,2,13,0.05,57,0.44921875,0.0251139927838797,false,false
A_snapshot_z2.0_13_sigma50_stride1,A,snapshot_z2.0,2,13,0.05,58,0.45703125,0.0269047226920021,false,false
A_snapshot_z2.0_13_sigma50_stride1,A,snapshot_z2.0,2,13,0.05,59,0.46484375,0.0277272095921793,false,false
A_snapshot_z2.0_13_sigma50_stride1,A,snapshot_z2.0,2,13,0.05,60,0.47265625,0.0310365470084588,false,false
A_snapshot_z2.0_13_sigma50_stride1,A,snapshot_z2.0,2,13,0.05,61,0.48046875,0.0287753834503593,false,false
A_snapshot_z2.0_13_sigma50_stride1,A,snapshot_z2.0,2,13,0.05,62,0.48828125,0.0480363524473037,false,false
A_snapshot_z2.0_13_sigma50_stride1,A,snapshot_z2.0,2,13,0.05,63,0.49609375,0.0425729984090356,false,false
A_snapshot_z2.0_13_sigma50_stride1,A,snapshot_z2.0,2,13,0.05,64,0.50390625,0.0478896462210149,false,false
A_snapshot_z2.0_13_sigma50_stride1,A,snapshot_z2.0,2,13,0.05,65,0.51171875,0.0662676120926408,true,true
A_snapshot_z2.0_13_sigma50_stride1,A,snapshot_z2.0,2,13,0.05,66,0.51953125,0.0541718195208585,false,false
A_snapshot_z2.0_13_sigma50_stride1,A,snapshot_z2.0,2,13,0.05,67,0.52734375,0.0328113847646946,false,false
A_snapshot_z2.0_13_sigma50_stride1,A,snapshot_z2.0,2,13,0.05,68,0.53515625,0.0498703065247971,false,false
A_snapshot_z2.0_13_sigma50_stride1,A,snapshot_z2.0,2,13,0.05,69,0.54296875,0.0596131325354537,true,true
A_snapshot_z2.0_13_sigma50_stride1,A,snapshot_z2.0,2,13,0.05,70,0.55078125,0.0634247880030821,true,true
A_snapshot_z2.0_13_sigma50_stride1,A,snapshot_z2.0,2,13,0.05,71,0.55859375,0.0466310436967284,false,false
A_snapshot_z2.0_13_sigma50_stride1,A,snapshot_z2.0,2,13,0.05,72,0.56640625,0.0378886582166648,false,false
A_snapshot_z2.0_13_sigma50_stride1,A,snapshot_z2.0,2,13,0.05,73,0.57421875,0.0353047308579662,false,false
A_snapshot_z2.0_13_sigma50_stride1,A,snapshot_z2.0,2,13,0.05,74,0.58203125,0.0372938554430304,false,false
A_snapshot_z2.0_13_sigma50_stride1,A,snapshot_z2.0,2,13,0.05,75,0.58984375,0.0218977983581827,false,false
A_snapshot_z2.0_13_sigma50_stride1,A,snapshot_z2.0,2,13,0.05,76,0.59765625,0.0358293552570264,false,false
A_snapshot_z2.0_13_sigma50_stride1,A,snapshot_z2.0,2,13,0.05,77,0.60546875,0.0442021579229013,false,false
A_snapshot_z2.0_13_sigma50_stride1,A,snapshot_z2.0,2,13,0.05,78,0.61328125,0.0466001876694382,false,false
A_snapshot_z2.0_13_sigma50_stride1,A,snapshot_z2.0,2,13,0.05,79,0.62109375,0.0460590078103058,false,false
A_snapshot_z2.0_13_sigma50_stride1,A,snapshot_z2.0,2,13,0.05,80,0.62890625,0.0269850982936422,false,false
A_snapshot_z2.0_13_sigma50_stride1,A,snapshot_z2.0,2,13,0.05,81,0.63671875,0.0240876580156223,false,false
A_snapshot_z2.0_13_sigma50_stride1,A,snapshot_z2.0,2,13,0.05,82,0.64453125,0.034017306512398,false,false
A_snapshot_z2.0_13_sigma50_stride1,A,snapshot_z2.0,2,13,0.05,83,0.65234375,0.0199823226049792,false,false
A_snapshot_z2.0_13_sigma50_stride1,A,snapshot_z2.0,2,13,0.05,84,0.66015625,0.0426010160032961,false,false
A_snapshot_z2.0_13_sigma50_stride1,A,snapshot_z2.0,2,13,0.05,85,0.66796875,0.0395158183035401,false,false
A_snapshot_z2.0_13_sigma50_stride1,A,snapshot_z2.0,2,13,0.05,86,0.67578125,0.0439621598628684,false,false
A_snapshot_z2.0_13_sigma50_stride1,A,snapshot_z2.0,2,13,0.05,87,0.68359375,0.0622706156733602,true,true
A_snapshot_z2.0_13_sigma50_stride1,A,snapshot_z2.0,2,13,0.05,88,0.69140625,0.0517082273448149,false,false
A_snapshot_z2.0_13_sigma50_stride1,A,snapshot_z2.0,2,13,0.05,89,0.69921875,0.0471300497529086,false,false
A_snapshot_z2.0_13_sigma50_stride1,A,snapshot_z2.0,2,13,0.05,90,0.70703125,0.0207933241827956,false,false
A_snapshot_z2.0_13_sigma50_stride1,A,snapshot_z2.0,2,13,0.05,91,0.71484375,0.0370052711088682,false,false
A_snapshot_z2.0_13_sigma50_stride1,A,snapshot_z2.0,2,13,0.05,92,0.72265625,0.0692772685354017,true,true
A_snapshot_z2.0_13_sigma50_stride1,A,snapshot_z2.0,2,13,0.05,93,0.73046875,0.0285082722827268,false,false
A_snapshot_z2.0_13_sigma50_stride1,A,snapshot_z2.0,2,13,0.05,94,0.73828125,0.0361052706796807,false,false
A_snapshot_z2.0_13_sigma50_stride1,A,snapshot_z2.0,2,13,0.05,95,0.74609375,0.0412658000088787,false,false
A_snapshot_z2.0_13_sigma50_stride1,A,snapshot_z2.0,2,13,0.05,96,0.75390625,0.0370105216693641,false,false
A_snapshot_z2.0_13_sigma50_stride1,A,snapshot_z2.0,2,13,0.05,97,0.76171875,0.0271721078124447,false,false
A_snapshot_z2.0_13_sigma50_stride1,A,snapshot_z2.0,2,13,0.05,98,0.76953125,0.0323372100636286,false,false
A_snapshot_z2.0_13_sigma50_stride1,A,snapshot_z2.0,2,13,0.05,99,0.77734375,0.0252886761354597,false,false
A_snapshot_z2.0_13_sigma50_stride1,A,snapshot_z2.0,2,13,0.05,100,0.78515625,0.0259406686713233,false,false
A_snapshot_z2.0_13_sigma50_stride1,A,snapshot_z2.0,2,13,0.05,101,0.79296875,0.0270845161567094,false,false
A_snapshot_z2.0_13_sigma50_stride1,A,snapshot_z2.0,2,13,0.05,102,0.80078125,0.0454313283873111,false,false
A_snapshot_z2.0_13_sigma50_stride1,A,snapshot_z2.0,2,13,0.05,103,0.80859375,0.0475080332003401,false,false
A_snapshot_z2.0_13_sigma50_stride1,A,snapshot_z2.0,2,13,0.05,104,0.81640625,0.0314656401516605,false,false
A_snapshot_z2.0_13_sigma50_stride1,A,snapshot_z2.0,2,13,0.05,105,0.82421875,0.0438216645521204,false,false
A_snapshot_z2.0_13_sigma50_stride1,A,snapshot_z2.0,2,13,0.05,106,0.83203125,0.0668352292492638,true,true
A_snapshot_z2.0_13_sigma50_stride1,A,snapshot_z2.0,2,13,0.05,107,0.83984375,0.0496594817473537,false,false
A_snapshot_z2.0_13_sigma50_stride1,A,snapshot_z2.0,2,13,0.05,108,0.84765625,0.0453905541964462,false,false
A_snapshot_z2.0_13_sigma50_stride1,A,snapshot_z2.0,2,13,0.05,109,0.85546875,0.0535724216659332,false,false
A_snapshot_z2.0_13_sigma50_stride1,A,snapshot_z2.0,2,13,0.05,110,0.86328125,0.0224957221428074,false,false
A_snapshot_z2.0_13_sigma50_stride1,A,snapshot_z2.0,2,13,0.05,111,0.87109375,0.0392851040391954,false,false
A_snapshot_z2.0_13_sigma50_stride1,A,snapshot_z2.0,2,13,0.05,112,0.87890625,0.0339089372155843,false,false
A_snapshot_z2.0_13_sigma50_stride1,A,snapshot_z2.0,2,13,0.05,113,0.88671875,0.0386816355190308,false,false
A_snapshot_z2.0_13_sigma50_stride1,A,snapshot_z2.0,2,13,0.05,114,0.89453125,0.0463267494496464,false,false
A_snapshot_z2.0_13_sigma50_stride1,A,snapshot_z2.0,2,13,0.05,115,0.90234375,0.0424453205952015,false,false
A_snapshot_z2.0_13_sigma50_stride1,A,snapshot_z2.0,2,13,0.05,116,0.91015625,0.0540527345628582,false,false
A_snapshot_z2.0_13_sigma50_stride1,A,snapshot_z2.0,2,13,0.05,117,0.91796875,0.0408868638697025,false,false
A_snapshot_z2.0_13_sigma50_stride1,A,snapshot_z2.0,2,13,0.05,118,0.92578125,0.0366265609333077,false,false
A_snapshot_z2.0_13_sigma50_stride1,A,snapshot_z2.0,2,13,0.05,119,0.93359375,0.0317988661762221,false,false
A_snapshot_z2.0_13_sigma50_stride1,A,snapshot_z2.0,2,13,0.05,120,0.94140625,0.0542393837226293,false,false
A_snapshot_z2.0_13_sigma50_stride1,A,snapshot_z2.0,2,13,0.05,121,0.94921875,0.0382607694752169,false,false
A_snapshot_z2.0_13_sigma50_stride1,A,snapshot_z2.0,2,13,0.05,122,0.95703125,0.0465061401899103,false,false
A_snapshot_z2.0_13_sigma50_stride1,A,snapshot_z2.0,2,13,0.05,123,0.96484375,0.0454927053213868,false,false
A_snapshot_z2.0_13_sigma50_stride1,A,snapshot_z2.0,2,13,0.05,124,0.97265625,0.0507353228777837,false,false
A_snapshot_z2.0_13_sigma50_stride1,A,snapshot_z2.0,2,13,0.05,125,0.98046875,0.0461479134842335,false,false
A_snapshot_z2.0_13_sigma50_stride1,A,snapshot_z2.0,2,13,0.05,126,0.98828125,0.0567364596987929,false,false
A_snapshot_z2.0_13_sigma50_stride1,A,snapshot_z2.0,2,13,0.05,127,0.99609375,0.0299291665886541,false,false
A_snapshot_z1.0_13_sigma100_stride1,A,snapshot_z1.0,1,13,0.1,0,0.00390625,0.0386074898938253,,false
A_snapshot_z1.0_13_sigma100_stride1,A,snapshot_z1.0,1,13,0.1,1,0.01171875,0.0390790305334038,,false
A_snapshot_z1.0_13_sigma100_stride1,A,snapshot_z1.0,1,13,0.1,2,0.01953125,0.0501556434870398,,false
A_snapshot_z1.0_13_sigma100_stride1,A,snapshot_z1.0,1,13,0.1,3,0.02734375,0.0885534357204587,,false
A_snapshot_z1.0_13_sigma100_stride1,A,snapshot_z1.0,1,13,0.1,4,0.03515625,0.0966091287354216,,true
A_snapshot_z1.0_13_sigma100_stride1,A,snapshot_z1.0,1,13,0.1,5,0.04296875,0.0609736211856498,,false
A_snapshot_z1.0_13_sigma100_stride1,A,snapshot_z1.0,1,13,0.1,6,0.05078125,0.0467957992236743,,false
A_snapshot_z1.0_13_sigma100_stride1,A,snapshot_z1.0,1,13,0.1,7,0.05859375,0.036055671873289,,false
A_snapshot_z1.0_13_sigma100_stride1,A,snapshot_z1.0,1,13,0.1,8,0.06640625,0.137434918851916,,true
A_snapshot_z1.0_13_sigma100_stride1,A,snapshot_z1.0,1,13,0.1,9,0.07421875,0.0746067330869513,,false
A_snapshot_z1.0_13_sigma100_stride1,A,snapshot_z1.0,1,13,0.1,10,0.08203125,0.0472587706703293,,false
A_snapshot_z1.0_13_sigma100_stride1,A,snapshot_z1.0,1,13,0.1,11,0.08984375,0.0908275891381757,,true
A_snapshot_z1.0_13_sigma100_stride1,A,snapshot_z1.0,1,13,0.1,12,0.09765625,0.0969896060340106,,true
A_snapshot_z1.0_13_sigma100_stride1,A,snapshot_z1.0,1,13,0.1,13,0.10546875,0.0414084615018769,,false
A_snapshot_z1.0_13_sigma100_stride1,A,snapshot_z1.0,1,13,0.1,14,0.11328125,0.0460013785028821,,false
A_snapshot_z1.0_13_sigma100_stride1,A,snapshot_z1.0,1,13,0.1,15,0.12109375,0.0505400619503235,,false
A_snapshot_z1.0_13_sigma100_stride1,A,snapshot_z1.0,1,13,0.1,16,0.12890625,0.052350235460879,,false
A_snapshot_z1.0_13_sigma100_stride1,A,snapshot_z1.0,1,13,0.1,17,0.13671875,0.0423941101732361,,false
A_snapshot_z1.0_13_sigma100_stride1,A,snapshot_z1.0,1,13,0.1,18,0.14453125,0.0405481912857418,,false
A_snapshot_z1.0_13_sigma100_stride1,A,snapshot_z1.0,1,13,0.1,19,0.15234375,0.0423464861344192,,false
A_snapshot_z1.0_13_sigma100_stride1,A,snapshot_z1.0,1,13,0.1,20,0.16015625,0.0459272132619409,,false
A_snapshot_z1.0_13_sigma100_stride1,A,snapshot_z1.0,1,13,0.1,21,0.16796875,0.0520164105424617,,false
A_snapshot_z1.0_13_sigma100_stride1,A,snapshot_z1.0,1,13,0.1,22,0.17578125,0.0524511714047277,,false
A_snapshot_z1.0_13_sigma100_stride1,A,snapshot_z1.0,1,13,0.1,23,0.18359375,0.0550687417016202,,false
A_snapshot_z1.0_13_sigma100_stride1,A,snapshot_z1.0,1,13,0.1,24,0.19140625,0.030154496410435,,false
A_snapshot_z1.0_13_sigma100_stride1,A,snapshot_z1.0,1,13,0.1,25,0.19921875,0.0462974465428323,,false
A_snapshot_z1.0_13_sigma100_stride1,A,snapshot_z1.0,1,13,0.1,26,0.20703125,0.0526226531835065,,false
A_snapshot_z1.0_13_sigma100_stride1,A,snapshot_z1.0,1,13,0.1,27,0.21484375,0.0467065293530855,,false
A_snapshot_z1.0_13_sigma100_stride1,A,snapshot_z1.0,1,13,0.1,28,0.22265625,0.0521612176120627,,false
A_snapshot_z1.0_13_sigma100_stride1,A,snapshot_z1.0,1,13,0.1,29,0.23046875,0.0547696962656352,,false
A_snapshot_z1.0_13_sigma100_stride1,A,snapshot_z1.0,1,13,0.1,30,0.23828125,0.0296865213791012,,false
A_snapshot_z1.0_13_sigma100_stride1,A,snapshot_z1.0,1,13,0.1,31,0.24609375,0.0597037876021912,,false
A_snapshot_z1.0_13_sigma100_stride1,A,snapshot_z1.0,1,13,0.1,32,0.25390625,0.0490528527979875,,false
A_snapshot_z1.0_13_sigma100_stride1,A,snapshot_z1.0,1,13,0.1,33,0.26171875,0.042566097085166,,false
A_snapshot_z1.0_13_sigma100_stride1,A,snapshot_z1.0,1,13,0.1,34,0.26953125,0.041663488241298,,false
A_snapshot_z1.0_13_sigma100_stride1,A,snapshot_z1.0,1,13,0.1,35,0.27734375,0.0444235081892854,,false
A_snapshot_z1.0_13_sigma100_stride1,A,snapshot_z1.0,1,13,0.1,36,0.28515625,0.0347169562281032,,false
A_snapshot_z1.0_13_sigma100_stride1,A,snapshot_z1.0,1,13,0.1,37,0.29296875,0.0473027773488027,,false
A_snapshot_z1.0_13_sigma100_stride1,A,snapshot_z1.0,1,13,0.1,38,0.30078125,0.0821134030071408,,false
A_snapshot_z1.0_13_sigma100_stride1,A,snapshot_z1.0,1,13,0.1,39,0.30859375,0.0571911630497967,,false
A_snapshot_z1.0_13_sigma100_stride1,A,snapshot_z1.0,1,13,0.1,40,0.31640625,0.0360355421704487,,false
A_snapshot_z1.0_13_sigma100_stride1,A,snapshot_z1.0,1,13,0.1,41,0.32421875,0.0320718907919556,,false
A_snapshot_z1.0_13_sigma100_stride1,A,snapshot_z1.0,1,13,0.1,42,0.33203125,0.059612378345788,,false
A_snapshot_z1.0_13_sigma100_stride1,A,snapshot_z1.0,1,13,0.1,43,0.33984375,0.0877037957816392,,false
A_snapshot_z1.0_13_sigma100_stride1,A,snapshot_z1.0,1,13,0.1,44,0.34765625,0.0703484701068397,,false
A_snapshot_z1.0_13_sigma100_stride1,A,snapshot_z1.0,1,13,0.1,45,0.35546875,0.0453865997882297,,false
A_snapshot_z1.0_13_sigma100_stride1,A,snapshot_z1.0,1,13,0.1,46,0.36328125,0.039425172979595,,false
A_snapshot_z1.0_13_sigma100_stride1,A,snapshot_z1.0,1,13,0.1,47,0.37109375,0.091604212823123,,true
A_snapshot_z1.0_13_sigma100_stride1,A,snapshot_z1.0,1,13,0.1,48,0.37890625,0.0469491798899559,,false
A_snapshot_z1.0_13_sigma100_stride1,A,snapshot_z1.0,1,13,0.1,49,0.38671875,0.0463769252268356,,false
A_snapshot_z1.0_13_sigma100_stride1,A,snapshot_z1.0,1,13,0.1,50,0.39453125,0.0438008216534799,,false
A_snapshot_z1.0_13_sigma100_stride1,A,snapshot_z1.0,1,13,0.1,51,0.40234375,0.128986164409051,,true
A_snapshot_z1.0_13_sigma100_stride1,A,snapshot_z1.0,1,13,0.1,52,0.41015625,0.0928359295206811,,true
A_snapshot_z1.0_13_sigma100_stride1,A,snapshot_z1.0,1,13,0.1,53,0.41796875,0.0373269495020132,,false
A_snapshot_z1.0_13_sigma100_stride1,A,snapshot_z1.0,1,13,0.1,54,0.42578125,0.0771191589297304,,false
A_snapshot_z1.0_13_sigma100_stride1,A,snapshot_z1.0,1,13,0.1,55,0.43359375,0.0813771878067664,,false
A_snapshot_z1.0_13_sigma100_stride1,A,snapshot_z1.0,1,13,0.1,56,0.44140625,0.067650644229019,,false
A_snapshot_z1.0_13_sigma100_stride1,A,snapshot_z1.0,1,13,0.1,57,0.44921875,0.0317228276137668,,false
A_snapshot_z1.0_13_sigma100_stride1,A,snapshot_z1.0,1,13,0.1,58,0.45703125,0.051554013055004,,false
A_snapshot_z1.0_13_sigma100_stride1,A,snapshot_z1.0,1,13,0.1,59,0.46484375,0.0496761236854568,,false
A_snapshot_z1.0_13_sigma100_stride1,A,snapshot_z1.0,1,13,0.1,60,0.47265625,0.06806275149029,,false
A_snapshot_z1.0_13_sigma100_stride1,A,snapshot_z1.0,1,13,0.1,61,0.48046875,0.0464237446368568,,false
A_snapshot_z1.0_13_sigma100_stride1,A,snapshot_z1.0,1,13,0.1,62,0.48828125,0.0444059960568001,,false
A_snapshot_z1.0_13_sigma100_stride1,A,snapshot_z1.0,1,13,0.1,63,0.49609375,0.0546988866947016,,false
A_snapshot_z1.0_13_sigma100_stride1,A,snapshot_z1.0,1,13,0.1,64,0.50390625,0.0390198166431397,,false
A_snapshot_z1.0_13_sigma100_stride1,A,snapshot_z1.0,1,13,0.1,65,0.51171875,0.0325547126896323,,false
A_snapshot_z1.0_13_sigma100_stride1,A,snapshot_z1.0,1,13,0.1,66,0.51953125,0.0389140636128952,,false
A_snapshot_z1.0_13_sigma100_stride1,A,snapshot_z1.0,1,13,0.1,67,0.52734375,0.0396047986761809,,false
A_snapshot_z1.0_13_sigma100_stride1,A,snapshot_z1.0,1,13,0.1,68,0.53515625,0.0283941880962058,,false
A_snapshot_z1.0_13_sigma100_stride1,A,snapshot_z1.0,1,13,0.1,69,0.54296875,0.0410441725748696,,false
A_snapshot_z1.0_13_sigma100_stride1,A,snapshot_z1.0,1,13,0.1,70,0.55078125,0.0332116315375846,,false
A_snapshot_z1.0_13_sigma100_stride1,A,snapshot_z1.0,1,13,0.1,71,0.55859375,0.0322660464623612,,false
A_snapshot_z1.0_13_sigma100_stride1,A,snapshot_z1.0,1,13,0.1,72,0.56640625,0.0384368026220768,,false
A_snapshot_z1.0_13_sigma100_stride1,A,snapshot_z1.0,1,13,0.1,73,0.57421875,0.0717273501044124,,false
A_snapshot_z1.0_13_sigma100_stride1,A,snapshot_z1.0,1,13,0.1,74,0.58203125,0.0704932626567564,,false
A_snapshot_z1.0_13_sigma100_stride1,A,snapshot_z1.0,1,13,0.1,75,0.58984375,0.0413701881390233,,false
A_snapshot_z1.0_13_sigma100_stride1,A,snapshot_z1.0,1,13,0.1,76,0.59765625,0.047704430654582,,false
A_snapshot_z1.0_13_sigma100_stride1,A,snapshot_z1.0,1,13,0.1,77,0.60546875,0.0643144187910287,,false
A_snapshot_z1.0_13_sigma100_stride1,A,snapshot_z1.0,1,13,0.1,78,0.61328125,0.103595167218385,,true
A_snapshot_z1.0_13_sigma100_stride1,A,snapshot_z1.0,1,13,0.1,79,0.62109375,0.0528639509459599,,false
A_snapshot_z1.0_13_sigma100_stride1,A,snapshot_z1.0,1,13,0.1,80,0.62890625,0.0411780067126167,,false
A_snapshot_z1.0_13_sigma100_stride1,A,snapshot_z1.0,1,13,0.1,81,0.63671875,0.0813565407405915,,false
A_snapshot_z1.0_13_sigma100_stride1,A,snapshot_z1.0,1,13,0.1,82,0.64453125,0.155127870614809,,true
A_snapshot_z1.0_13_sigma100_stride1,A,snapshot_z1.0,1,13,0.1,83,0.65234375,0.0314124493124588,,false
A_snapshot_z1.0_13_sigma100_stride1,A,snapshot_z1.0,1,13,0.1,84,0.66015625,0.11319257126941,,true
A_snapshot_z1.0_13_sigma100_stride1,A,snapshot_z1.0,1,13,0.1,85,0.66796875,0.0632094059386739,,false
A_snapshot_z1.0_13_sigma100_stride1,A,snapshot_z1.0,1,13,0.1,86,0.67578125,0.0523252095880039,,false
A_snapshot_z1.0_13_sigma100_stride1,A,snapshot_z1.0,1,13,0.1,87,0.68359375,0.0618741838964205,,false
A_snapshot_z1.0_13_sigma100_stride1,A,snapshot_z1.0,1,13,0.1,88,0.69140625,0.0390291766275518,,false
A_snapshot_z1.0_13_sigma100_stride1,A,snapshot_z1.0,1,13,0.1,89,0.69921875,0.0495738540768928,,false
A_snapshot_z1.0_13_sigma100_stride1,A,snapshot_z1.0,1,13,0.1,90,0.70703125,0.0346818024542084,,false
A_snapshot_z1.0_13_sigma100_stride1,A,snapshot_z1.0,1,13,0.1,91,0.71484375,0.0631301162414015,,false
A_snapshot_z1.0_13_sigma100_stride1,A,snapshot_z1.0,1,13,0.1,92,0.72265625,0.0442727724565902,,false
A_snapshot_z1.0_13_sigma100_stride1,A,snapshot_z1.0,1,13,0.1,93,0.73046875,0.0459461950293207,,false
A_snapshot_z1.0_13_sigma100_stride1,A,snapshot_z1.0,1,13,0.1,94,0.73828125,0.0681237623386277,,false
A_snapshot_z1.0_13_sigma100_stride1,A,snapshot_z1.0,1,13,0.1,95,0.74609375,0.0387084413072534,,false
A_snapshot_z1.0_13_sigma100_stride1,A,snapshot_z1.0,1,13,0.1,96,0.75390625,0.0580372630450879,,false
A_snapshot_z1.0_13_sigma100_stride1,A,snapshot_z1.0,1,13,0.1,97,0.76171875,0.0707287891255278,,false
A_snapshot_z1.0_13_sigma100_stride1,A,snapshot_z1.0,1,13,0.1,98,0.76953125,0.0465496168470789,,false
A_snapshot_z1.0_13_sigma100_stride1,A,snapshot_z1.0,1,13,0.1,99,0.77734375,0.0667077181068813,,false
A_snapshot_z1.0_13_sigma100_stride1,A,snapshot_z1.0,1,13,0.1,100,0.78515625,0.0492104894844572,,false
A_snapshot_z1.0_13_sigma100_stride1,A,snapshot_z1.0,1,13,0.1,101,0.79296875,0.0669516589217547,,false
A_snapshot_z1.0_13_sigma100_stride1,A,snapshot_z1.0,1,13,0.1,102,0.80078125,0.0819917917750702,,false
A_snapshot_z1.0_13_sigma100_stride1,A,snapshot_z1.0,1,13,0.1,103,0.80859375,0.0664150231741713,,false
A_snapshot_z1.0_13_sigma100_stride1,A,snapshot_z1.0,1,13,0.1,104,0.81640625,0.0493597930115303,,false
A_snapshot_z1.0_13_sigma100_stride1,A,snapshot_z1.0,1,13,0.1,105,0.82421875,0.0433358121205101,,false
A_snapshot_z1.0_13_sigma100_stride1,A,snapshot_z1.0,1,13,0.1,106,0.83203125,0.0491605010489409,,false
A_snapshot_z1.0_13_sigma100_stride1,A,snapshot_z1.0,1,13,0.1,107,0.83984375,0.0535218744540041,,false
A_snapshot_z1.0_13_sigma100_stride1,A,snapshot_z1.0,1,13,0.1,108,0.84765625,0.0450228111152864,,false
A_snapshot_z1.0_13_sigma100_stride1,A,snapshot_z1.0,1,13,0.1,109,0.85546875,0.0288389720037132,,false
A_snapshot_z1.0_13_sigma100_stride1,A,snapshot_z1.0,1,13,0.1,110,0.86328125,0.102178551910343,,true
A_snapshot_z1.0_13_sigma100_stride1,A,snapshot_z1.0,1,13,0.1,111,0.87109375,0.0637805018607388,,false
A_snapshot_z1.0_13_sigma100_stride1,A,snapshot_z1.0,1,13,0.1,112,0.87890625,0.167016978147102,,true
A_snapshot_z1.0_13_sigma100_stride1,A,snapshot_z1.0,1,13,0.1,113,0.88671875,0.0689282883944883,,false
A_snapshot_z1.0_13_sigma100_stride1,A,snapshot_z1.0,1,13,0.1,114,0.89453125,0.0525060177909263,,false
A_snapshot_z1.0_13_sigma100_stride1,A,snapshot_z1.0,1,13,0.1,115,0.90234375,0.0608869975441931,,false
A_snapshot_z1.0_13_sigma100_stride1,A,snapshot_z1.0,1,13,0.1,116,0.91015625,0.0664274817665516,,false
A_snapshot_z1.0_13_sigma100_stride1,A,snapshot_z1.0,1,13,0.1,117,0.91796875,0.052385101606928,,false
A_snapshot_z1.0_13_sigma100_stride1,A,snapshot_z1.0,1,13,0.1,118,0.92578125,0.0487954193075144,,false
A_snapshot_z1.0_13_sigma100_stride1,A,snapshot_z1.0,1,13,0.1,119,0.93359375,0.0361054809865923,,false
A_snapshot_z1.0_13_sigma100_stride1,A,snapshot_z1.0,1,13,0.1,120,0.94140625,0.0351896478094456,,false
A_snapshot_z1.0_13_sigma100_stride1,A,snapshot_z1.0,1,13,0.1,121,0.94921875,0.0506602862742719,,false
A_snapshot_z1.0_13_sigma100_stride1,A,snapshot_z1.0,1,13,0.1,122,0.95703125,0.0380611503786878,,false
A_snapshot_z1.0_13_sigma100_stride1,A,snapshot_z1.0,1,13,0.1,123,0.96484375,0.038280529842583,,false
A_snapshot_z1.0_13_sigma100_stride1,A,snapshot_z1.0,1,13,0.1,124,0.97265625,0.052582216242684,,false
A_snapshot_z1.0_13_sigma100_stride1,A,snapshot_z1.0,1,13,0.1,125,0.98046875,0.0533752113964348,,false
A_snapshot_z1.0_13_sigma100_stride1,A,snapshot_z1.0,1,13,0.1,126,0.98828125,0.051050437992641,,false
A_snapshot_z1.0_13_sigma100_stride1,A,snapshot_z1.0,1,13,0.1,127,0.99609375,0.0529833608506334,,false
A_snapshot_z2.0_13_sigma100_stride1,A,snapshot_z2.0,2,13,0.1,0,0.00390625,0.0310279373588169,,false
A_snapshot_z2.0_13_sigma100_stride1,A,snapshot_z2.0,2,13,0.1,1,0.01171875,0.0390790305334033,,false
A_snapshot_z2.0_13_sigma100_stride1,A,snapshot_z2.0,2,13,0.1,2,0.01953125,0.0386148668974167,,false
A_snapshot_z2.0_13_sigma100_stride1,A,snapshot_z2.0,2,13,0.1,3,0.02734375,0.0954088415034501,,true
A_snapshot_z2.0_13_sigma100_stride1,A,snapshot_z2.0,2,13,0.1,4,0.03515625,0.105626914194959,,true
A_snapshot_z2.0_13_sigma100_stride1,A,snapshot_z2.0,2,13,0.1,5,0.04296875,0.0527337275283643,,false
A_snapshot_z2.0_13_sigma100_stride1,A,snapshot_z2.0,2,13,0.1,6,0.05078125,0.077597398394373,,false
A_snapshot_z2.0_13_sigma100_stride1,A,snapshot_z2.0,2,13,0.1,7,0.05859375,0.0526132581894859,,false
A_snapshot_z2.0_13_sigma100_stride1,A,snapshot_z2.0,2,13,0.1,8,0.06640625,0.139410634305418,,true
A_snapshot_z2.0_13_sigma100_stride1,A,snapshot_z2.0,2,13,0.1,9,0.07421875,0.0588111083794498,,false
A_snapshot_z2.0_13_sigma100_stride1,A,snapshot_z2.0,2,13,0.1,10,0.08203125,0.0672565000173771,,false
A_snapshot_z2.0_13_sigma100_stride1,A,snapshot_z2.0,2,13,0.1,11,0.08984375,0.0915593686502214,,true
A_snapshot_z2.0_13_sigma100_stride1,A,snapshot_z2.0,2,13,0.1,12,0.09765625,0.129944457577934,,true
A_snapshot_z2.0_13_sigma100_stride1,A,snapshot_z2.0,2,13,0.1,13,0.10546875,0.0464921252759456,,false
A_snapshot_z2.0_13_sigma100_stride1,A,snapshot_z2.0,2,13,0.1,14,0.11328125,0.0371821166009138,,false
A_snapshot_z2.0_13_sigma100_stride1,A,snapshot_z2.0,2,13,0.1,15,0.12109375,0.0695242281177127,,false
A_snapshot_z2.0_13_sigma100_stride1,A,snapshot_z2.0,2,13,0.1,16,0.12890625,0.0495388041218016,,false
A_snapshot_z2.0_13_sigma100_stride1,A,snapshot_z2.0,2,13,0.1,17,0.13671875,0.0487648566034311,,false
A_snapshot_z2.0_13_sigma100_stride1,A,snapshot_z2.0,2,13,0.1,18,0.14453125,0.0387401337921065,,false
A_snapshot_z2.0_13_sigma100_stride1,A,snapshot_z2.0,2,13,0.1,19,0.15234375,0.0376335425555633,,false
A_snapshot_z2.0_13_sigma100_stride1,A,snapshot_z2.0,2,13,0.1,20,0.16015625,0.0456038123165402,,false
A_snapshot_z2.0_13_sigma100_stride1,A,snapshot_z2.0,2,13,0.1,21,0.16796875,0.0472180895423784,,false
A_snapshot_z2.0_13_sigma100_stride1,A,snapshot_z2.0,2,13,0.1,22,0.17578125,0.0927107214566569,,true
A_snapshot_z2.0_13_sigma100_stride1,A,snapshot_z2.0,2,13,0.1,23,0.18359375,0.10721294160848,,true
A_snapshot_z2.0_13_sigma100_stride1,A,snapshot_z2.0,2,13,0.1,24,0.19140625,0.060401379433241,,false
A_snapshot_z2.0_13_sigma100_stride1,A,snapshot_z2.0,2,13,0.1,25,0.19921875,0.047642113014863,,false
A_snapshot_z2.0_13_sigma100_stride1,A,snapshot_z2.0,2,13,0.1,26,0.20703125,0.0389303007419128,,false
A_snapshot_z2.0_13_sigma100_stride1,A,snapshot_z2.0,2,13,0.1,27,0.21484375,0.0399933948654145,,false
A_snapshot_z2.0_13_sigma100_stride1,A,snapshot_z2.0,2,13,0.1,28,0.22265625,0.064605365995216,,false
A_snapshot_z2.0_13_sigma100_stride1,A,snapshot_z2.0,2,13,0.1,29,0.23046875,0.0435314435066572,,false
A_snapshot_z2.0_13_sigma100_stride1,A,snapshot_z2.0,2,13,0.1,30,0.23828125,0.0322745469778387,,false
A_snapshot_z2.0_13_sigma100_stride1,A,snapshot_z2.0,2,13,0.1,31,0.24609375,0.0802102211386814,,false
A_snapshot_z2.0_13_sigma100_stride1,A,snapshot_z2.0,2,13,0.1,32,0.25390625,0.103951548995047,,true
A_snapshot_z2.0_13_sigma100_stride1,A,snapshot_z2.0,2,13,0.1,33,0.26171875,0.0268192222621432,,false
A_snapshot_z2.0_13_sigma100_stride1,A,snapshot_z2.0,2,13,0.1,34,0.26953125,0.0342103406363347,,false
A_snapshot_z2.0_13_sigma100_stride1,A,snapshot_z2.0,2,13,0.1,35,0.27734375,0.0446997992555714,,false
A_snapshot_z2.0_13_sigma100_stride1,A,snapshot_z2.0,2,13,0.1,36,0.28515625,0.0442789504889411,,false
A_snapshot_z2.0_13_sigma100_stride1,A,snapshot_z2.0,2,13,0.1,37,0.29296875,0.0577362369270332,,false
A_snapshot_z2.0_13_sigma100_stride1,A,snapshot_z2.0,2,13,0.1,38,0.30078125,0.0859194668909723,,false
A_snapshot_z2.0_13_sigma100_stride1,A,snapshot_z2.0,2,13,0.1,39,0.30859375,0.0627736149294343,,false
A_snapshot_z2.0_13_sigma100_stride1,A,snapshot_z2.0,2,13,0.1,40,0.31640625,0.0404052932423777,,false
A_snapshot_z2.0_13_sigma100_stride1,A,snapshot_z2.0,2,13,0.1,41,0.32421875,0.0610434767908744,,false
A_snapshot_z2.0_13_sigma100_stride1,A,snapshot_z2.0,2,13,0.1,42,0.33203125,0.0601130184210307,,false
A_snapshot_z2.0_13_sigma100_stride1,A,snapshot_z2.0,2,13,0.1,43,0.33984375,0.0674813778427029,,false
A_snapshot_z2.0_13_sigma100_stride1,A,snapshot_z2.0,2,13,0.1,44,0.34765625,0.0608368069381476,,false
A_snapshot_z2.0_13_sigma100_stride1,A,snapshot_z2.0,2,13,0.1,45,0.35546875,0.0428406013286315,,false
A_snapshot_z2.0_13_sigma100_stride1,A,snapshot_z2.0,2,13,0.1,46,0.36328125,0.0581884186431851,,false
A_snapshot_z2.0_13_sigma100_stride1,A,snapshot_z2.0,2,13,0.1,47,0.37109375,0.0916042128231229,,true
A_snapshot_z2.0_13_sigma100_stride1,A,snapshot_z2.0,2,13,0.1,48,0.37890625,0.060288548867438,,false
A_snapshot_z2.0_13_sigma100_stride1,A,snapshot_z2.0,2,13,0.1,49,0.38671875,0.0624344226385877,,false
A_snapshot_z2.0_13_sigma100_stride1,A,snapshot_z2.0,2,13,0.1,50,0.39453125,0.0376289852923728,,false
A_snapshot_z2.0_13_sigma100_stride1,A,snapshot_z2.0,2,13,0.1,51,0.40234375,0.127122039621,,true
A_snapshot_z2.0_13_sigma100_stride1,A,snapshot_z2.0,2,13,0.1,52,0.41015625,0.0928359295206806,,true
A_snapshot_z2.0_13_sigma100_stride1,A,snapshot_z2.0,2,13,0.1,53,0.41796875,0.0512937064420401,,false
A_snapshot_z2.0_13_sigma100_stride1,A,snapshot_z2.0,2,13,0.1,54,0.42578125,0.0881459772039336,,false
A_snapshot_z2.0_13_sigma100_stride1,A,snapshot_z2.0,2,13,0.1,55,0.43359375,0.0598202742420357,,false
A_snapshot_z2.0_13_sigma100_stride1,A,snapshot_z2.0,2,13,0.1,56,0.44140625,0.0967260846753744,,true
A_snapshot_z2.0_13_sigma100_stride1,A,snapshot_z2.0,2,13,0.1,57,0.44921875,0.0955535124535266,,true
A_snapshot_z2.0_13_sigma100_stride1,A,snapshot_z2.0,2,13,0.1,58,0.45703125,0.0630174733613314,,false
A_snapshot_z2.0_13_sigma100_stride1,A,snapshot_z2.0,2,13,0.1,59,0.46484375,0.0565482832899762,,false
A_snapshot_z2.0_13_sigma100_stride1,A,snapshot_z2.0,2,13,0.1,60,0.47265625,0.0846528528986159,,false
A_snapshot_z2.0_13_sigma100_stride1,A,snapshot_z2.0,2,13,0.1,61,0.48046875,0.0352786938314412,,false
A_snapshot_z2.0_13_sigma100_stride1,A,snapshot_z2.0,2,13,0.1,62,0.48828125,0.0295470168185755,,false
A_snapshot_z2.0_13_sigma100_stride1,A,snapshot_z2.0,2,13,0.1,63,0.49609375,0.035406483223775,,false
A_snapshot_z2.0_13_sigma100_stride1,A,snapshot_z2.0,2,13,0.1,64,0.50390625,0.0403085447464231,,false
A_snapshot_z2.0_13_sigma100_stride1,A,snapshot_z2.0,2,13,0.1,65,0.51171875,0.0344684556194303,,false
A_snapshot_z2.0_13_sigma100_stride1,A,snapshot_z2.0,2,13,0.1,66,0.51953125,0.0358363867596932,,false
A_snapshot_z2.0_13_sigma100_stride1,A,snapshot_z2.0,2,13,0.1,67,0.52734375,0.0425756221864333,,false
A_snapshot_z2.0_13_sigma100_stride1,A,snapshot_z2.0,2,13,0.1,68,0.53515625,0.0260782240206911,,false
A_snapshot_z2.0_13_sigma100_stride1,A,snapshot_z2.0,2,13,0.1,69,0.54296875,0.0454668608862929,,false
A_snapshot_z2.0_13_sigma100_stride1,A,snapshot_z2.0,2,13,0.1,70,0.55078125,0.0462605593159859,,false
A_snapshot_z2.0_13_sigma100_stride1,A,snapshot_z2.0,2,13,0.1,71,0.55859375,0.0392159356866811,,false
A_snapshot_z2.0_13_sigma100_stride1,A,snapshot_z2.0,2,13,0.1,72,0.56640625,0.0472002889281778,,false
A_snapshot_z2.0_13_sigma100_stride1,A,snapshot_z2.0,2,13,0.1,73,0.57421875,0.0652771059089725,,false
A_snapshot_z2.0_13_sigma100_stride1,A,snapshot_z2.0,2,13,0.1,74,0.58203125,0.0418803707387709,,false
A_snapshot_z2.0_13_sigma100_stride1,A,snapshot_z2.0,2,13,0.1,75,0.58984375,0.0932649544006204,,true
A_snapshot_z2.0_13_sigma100_stride1,A,snapshot_z2.0,2,13,0.1,76,0.59765625,0.0449443822729587,,false
A_snapshot_z2.0_13_sigma100_stride1,A,snapshot_z2.0,2,13,0.1,77,0.60546875,0.0615246252496395,,false
A_snapshot_z2.0_13_sigma100_stride1,A,snapshot_z2.0,2,13,0.1,78,0.61328125,0.100123435582429,,true
A_snapshot_z2.0_13_sigma100_stride1,A,snapshot_z2.0,2,13,0.1,79,0.62109375,0.057504255997949,,false
A_snapshot_z2.0_13_sigma100_stride1,A,snapshot_z2.0,2,13,0.1,80,0.62890625,0.0698469128187315,,false
A_snapshot_z2.0_13_sigma100_stride1,A,snapshot_z2.0,2,13,0.1,81,0.63671875,0.134196256430211,,true
A_snapshot_z2.0_13_sigma100_stride1,A,snapshot_z2.0,2,13,0.1,82,0.64453125,0.0728853696204897,,false
A_snapshot_z2.0_13_sigma100_stride1,A,snapshot_z2.0,2,13,0.1,83,0.65234375,0.0756472837812252,,false
A_snapshot_z2.0_13_sigma100_stride1,A,snapshot_z2.0,2,13,0.1,84,0.66015625,0.113192571269411,,true
A_snapshot_z2.0_13_sigma100_stride1,A,snapshot_z2.0,2,13,0.1,85,0.66796875,0.0632094059386743,,false
A_snapshot_z2.0_13_sigma100_stride1,A,snapshot_z2.0,2,13,0.1,86,0.67578125,0.0593373179185596,,false
A_snapshot_z2.0_13_sigma100_stride1,A,snapshot_z2.0,2,13,0.1,87,0.68359375,0.0440231252935842,,false
A_snapshot_z2.0_13_sigma100_stride1,A,snapshot_z2.0,2,13,0.1,88,0.69140625,0.0434448126885337,,false
A_snapshot_z2.0_13_sigma100_stride1,A,snapshot_z2.0,2,13,0.1,89,0.69921875,0.0551931503073253,,false
A_snapshot_z2.0_13_sigma100_stride1,A,snapshot_z2.0,2,13,0.1,90,0.70703125,0.0485318478742465,,false
A_snapshot_z2.0_13_sigma100_stride1,A,snapshot_z2.0,2,13,0.1,91,0.71484375,0.0341931455302018,,false
A_snapshot_z2.0_13_sigma100_stride1,A,snapshot_z2.0,2,13,0.1,92,0.72265625,0.0469259441094906,,false
A_snapshot_z2.0_13_sigma100_stride1,A,snapshot_z2.0,2,13,0.1,93,0.73046875,0.0458501853989975,,false
A_snapshot_z2.0_13_sigma100_stride1,A,snapshot_z2.0,2,13,0.1,94,0.73828125,0.048696139877743,,false
A_snapshot_z2.0_13_sigma100_stride1,A,snapshot_z2.0,2,13,0.1,95,0.74609375,0.0832588064495652,,false
A_snapshot_z2.0_13_sigma100_stride1,A,snapshot_z2.0,2,13,0.1,96,0.75390625,0.0743959254718563,,false
A_snapshot_z2.0_13_sigma100_stride1,A,snapshot_z2.0,2,13,0.1,97,0.76171875,0.0735199690880358,,false
A_snapshot_z2.0_13_sigma100_stride1,A,snapshot_z2.0,2,13,0.1,98,0.76953125,0.0796982716432537,,false
A_snapshot_z2.0_13_sigma100_stride1,A,snapshot_z2.0,2,13,0.1,99,0.77734375,0.0420370597836922,,false
A_snapshot_z2.0_13_sigma100_stride1,A,snapshot_z2.0,2,13,0.1,100,0.78515625,0.0563988152578242,,false
A_snapshot_z2.0_13_sigma100_stride1,A,snapshot_z2.0,2,13,0.1,101,0.79296875,0.0803157486488377,,false
A_snapshot_z2.0_13_sigma100_stride1,A,snapshot_z2.0,2,13,0.1,102,0.80078125,0.069806050270018,,false
A_snapshot_z2.0_13_sigma100_stride1,A,snapshot_z2.0,2,13,0.1,103,0.80859375,0.043664730956503,,false
A_snapshot_z2.0_13_sigma100_stride1,A,snapshot_z2.0,2,13,0.1,104,0.81640625,0.0378016626657474,,false
A_snapshot_z2.0_13_sigma100_stride1,A,snapshot_z2.0,2,13,0.1,105,0.82421875,0.0437281035797554,,false
A_snapshot_z2.0_13_sigma100_stride1,A,snapshot_z2.0,2,13,0.1,106,0.83203125,0.0502617217022787,,false
A_snapshot_z2.0_13_sigma100_stride1,A,snapshot_z2.0,2,13,0.1,107,0.83984375,0.0542160613647032,,false
A_snapshot_z2.0_13_sigma100_stride1,A,snapshot_z2.0,2,13,0.1,108,0.84765625,0.0429583944929751,,false
A_snapshot_z2.0_13_sigma100_stride1,A,snapshot_z2.0,2,13,0.1,109,0.85546875,0.0645451000712414,,false
A_snapshot_z2.0_13_sigma100_stride1,A,snapshot_z2.0,2,13,0.1,110,0.86328125,0.0786001921703609,,false
A_snapshot_z2.0_13_sigma100_stride1,A,snapshot_z2.0,2,13,0.1,111,0.87109375,0.0674962869795943,,false
A_snapshot_z2.0_13_sigma100_stride1,A,snapshot_z2.0,2,13,0.1,112,0.87890625,0.14318418893081,,true
A_snapshot_z2.0_13_sigma100_stride1,A,snapshot_z2.0,2,13,0.1,113,0.88671875,0.0538372993728293,,false
A_snapshot_z2.0_13_sigma100_stride1,A,snapshot_z2.0,2,13,0.1,114,0.89453125,0.0499108428808414,,false
A_snapshot_z2.0_13_sigma100_stride1,A,snapshot_z2.0,2,13,0.1,115,0.90234375,0.0566934351863607,,false
A_snapshot_z2.0_13_sigma100_stride1,A,snapshot_z2.0,2,13,0.1,116,0.91015625,0.0326286201204999,,false
A_snapshot_z2.0_13_sigma100_stride1,A,snapshot_z2.0,2,13,0.1,117,0.91796875,0.0479105976118577,,false
A_snapshot_z2.0_13_sigma100_stride1,A,snapshot_z2.0,2,13,0.1,118,0.92578125,0.0487954193075144,,false
A_snapshot_z2.0_13_sigma100_stride1,A,snapshot_z2.0,2,13,0.1,119,0.93359375,0.0379597869587798,,false
A_snapshot_z2.0_13_sigma100_stride1,A,snapshot_z2.0,2,13,0.1,120,0.94140625,0.0321689025577677,,false
A_snapshot_z2.0_13_sigma100_stride1,A,snapshot_z2.0,2,13,0.1,121,0.94921875,0.0396437070314725,,false
A_snapshot_z2.0_13_sigma100_stride1,A,snapshot_z2.0,2,13,0.1,122,0.95703125,0.0415755094307495,,false
A_snapshot_z2.0_13_sigma100_stride1,A,snapshot_z2.0,2,13,0.1,123,0.96484375,0.0533587017403241,,false
A_snapshot_z2.0_13_sigma100_stride1,A,snapshot_z2.0,2,13,0.1,124,0.97265625,0.0960659621523687,,true
A_snapshot_z2.0_13_sigma100_stride1,A,snapshot_z2.0,2,13,0.1,125,0.98046875,0.0533752113964347,,false
A_snapshot_z2.0_13_sigma100_stride1,A,snapshot_z2.0,2,13,0.1,126,0.98828125,0.0428687927519731,,false
A_snapshot_z2.0_13_sigma100_stride1,A,snapshot_z2.0,2,13,0.1,127,0.99609375,0.0517680979264589,,false
A_static_14_sigma0_stride1,A,static_z0.5,0.5,14,0,0,0.00390625,0,,
A_static_14_sigma0_stride1,A,static_z0.5,0.5,14,0,1,0.01171875,0,,
A_static_14_sigma0_stride1,A,static_z0.5,0.5,14,0,2,0.01953125,0,,
A_static_14_sigma0_stride1,A,static_z0.5,0.5,14,0,3,0.02734375,0,,
A_static_14_sigma0_stride1,A,static_z0.5,0.5,14,0,4,0.03515625,0,,
A_static_14_sigma0_stride1,A,static_z0.5,0.5,14,0,5,0.04296875,0,,
A_static_14_sigma0_stride1,A,static_z0.5,0.5,14,0,6,0.05078125,0,,
A_static_14_sigma0_stride1,A,static_z0.5,0.5,14,0,7,0.05859375,0,,
A_static_14_sigma0_stride1,A,static_z0.5,0.5,14,0,8,0.06640625,0,,
A_static_14_sigma0_stride1,A,static_z0.5,0.5,14,0,9,0.07421875,0,,
A_static_14_sigma0_stride1,A,static_z0.5,0.5,14,0,10,0.08203125,0,,
A_static_14_sigma0_stride1,A,static_z0.5,0.5,14,0,11,0.08984375,0,,
A_static_14_sigma0_stride1,A,static_z0.5,0.5,14,0,12,0.09765625,0,,
A_static_14_sigma0_stride1,A,static_z0.5,0.5,14,0,13,0.10546875,0,,
A_static_14_sigma0_stride1,A,static_z0.5,0.5,14,0,14,0.11328125,0,,
A_static_14_sigma0_stride1,A,static_z0.5,0.5,14,0,15,0.12109375,0,,
A_static_14_sigma0_stride1,A,static_z0.5,0.5,14,0,16,0.12890625,0,,
A_static_14_sigma0_stride1,A,static_z0.5,0.5,14,0,17,0.13671875,0,,
A_static_14_sigma0_stride1,A,static_z0.5,0.5,14,0,18,0.14453125,0,,
A_static_14_sigma0_stride1,A,static_z0.5,0.5,14,0,19,0.15234375,0,,
A_static_14_sigma0_stride1,A,static_z0.5,0.5,14,0,20,0.16015625,0,,
A_static_14_sigma0_stride1,A,static_z0.5,0.5,14,0,21,0.16796875,0,,
A_static_14_sigma0_stride1,A,static_z0.5,0.5,14,0,22,0.17578125,0,,
A_static_14_sigma0_stride1,A,static_z0.5,0.5,14,0,23,0.18359375,0,,
A_static_14_sigma0_stride1,A,static_z0.5,0.5,14,0,24,0.19140625,0,,
A_static_14_sigma0_stride1,A,static_z0.5,0.5,14,0,25,0.19921875,0,,
A_static_14_sigma0_stride1,A,static_z0.5,0.5,14,0,26,0.20703125,0,,
A_static_14_sigma0_stride1,A,static_z0.5,0.5,14,0,27,0.21484375,0,,
A_static_14_sigma0_stride1,A,static_z0.5,0.5,14,0,28,0.22265625,0,,
A_static_14_sigma0_stride1,A,static_z0.5,0.5,14,0,29,0.23046875,0,,
A_static_14_sigma0_stride1,A,static_z0.5,0.5,14,0,30,0.23828125,0,,
A_static_14_sigma0_stride1,A,static_z0.5,0.5,14,0,31,0.24609375,0,,
A_static_14_sigma0_stride1,A,static_z0.5,0.5,14,0,32,0.25390625,0,,
A_static_14_sigma0_stride1,A,static_z0.5,0.5,14,0,33,0.26171875,0,,
A_static_14_sigma0_stride1,A,static_z0.5,0.5,14,0,34,0.26953125,0,,
A_static_14_sigma0_stride1,A,static_z0.5,0.5,14,0,35,0.27734375,0,,
A_static_14_sigma0_stride1,A,static_z0.5,0.5,14,0,36,0.28515625,0,,
A_static_14_sigma0_stride1,A,static_z0.5,0.5,14,0,37,0.29296875,0,,
A_static_14_sigma0_stride1,A,static_z0.5,0.5,14,0,38,0.30078125,0,,
A_static_14_sigma0_stride1,A,static_z0.5,0.5,14,0,39,0.30859375,0,,
A_static_14_sigma0_stride1,A,static_z0.5,0.5,14,0,40,0.31640625,0,,
A_static_14_sigma0_stride1,A,static_z0.5,0.5,14,0,41,0.32421875,0,,
A_static_14_sigma0_stride1,A,static_z0.5,0.5,14,0,42,0.33203125,0,,
A_static_14_sigma0_stride1,A,static_z0.5,0.5,14,0,43,0.33984375,0,,
A_static_14_sigma0_stride1,A,static_z0.5,0.5,14,0,44,0.34765625,0,,
A_static_14_sigma0_stride1,A,static_z0.5,0.5,14,0,45,0.35546875,0,,
A_static_14_sigma0_stride1,A,static_z0.5,0.5,14,0,46,0.36328125,0,,
A_static_14_sigma0_stride1,A,static_z0.5,0.5,14,0,47,0.37109375,0,,
A_static_14_sigma0_stride1,A,static_z0.5,0.5,14,0,48,0.37890625,0,,
A_static_14_sigma0_stride1,A,static_z0.5,0.5,14,0,49,0.38671875,0,,
A_static_14_sigma0_stride1,A,static_z0.5,0.5,14,0,50,0.39453125,0,,
A_static_14_sigma0_stride1,A,static_z0.5,0.5,14,0,51,0.40234375,0,,
A_static_14_sigma0_stride1,A,static_z0.5,0.5,14,0,52,0.41015625,0,,
A_static_14_sigma0_stride1,A,static_z0.5,0.5,14,0,53,0.41796875,0,,
A_static_14_sigma0_stride1,A,static_z0.5,0.5,14,0,54,0.42578125,0,,
A_static_14_sigma0_stride1,A,static_z0.5,0.5,14,0,55,0.43359375,0,,
A_static_14_sigma0_stride1,A,static_z0.5,0.5,14,0,56,0.44140625,0,,
A_static_14_sigma0_stride1,A,static_z0.5,0.5,14,0,57,0.44921875,0,,
A_static_14_sigma0_stride1,A,static_z0.5,0.5,14,0,58,0.45703125,0,,
A_static_14_sigma0_stride1,A,static_z0.5,0.5,14,0,59,0.46484375,0,,
A_static_14_sigma0_stride1,A,static_z0.5,0.5,14,0,60,0.47265625,0,,
A_static_14_sigma0_stride1,A,static_z0.5,0.5,14,0,61,0.48046875,0,,
A_static_14_sigma0_stride1,A,static_z0.5,0.5,14,0,62,0.48828125,0,,
A_static_14_sigma0_stride1,A,static_z0.5,0.5,14,0,63,0.49609375,0,,
A_static_14_sigma0_stride1,A,static_z0.5,0.5,14,0,64,0.50390625,0,,
A_static_14_sigma0_stride1,A,static_z0.5,0.5,14,0,65,0.51171875,0,,
A_static_14_sigma0_stride1,A,static_z0.5,0.5,14,0,66,0.51953125,0,,
A_static_14_sigma0_stride1,A,static_z0.5,0.5,14,0,67,0.52734375,0,,
A_static_14_sigma0_stride1,A,static_z0.5,0.5,14,0,68,0.53515625,0,,
A_static_14_sigma0_stride1,A,static_z0.5,0.5,14,0,69,0.54296875,0,,
A_static_14_sigma0_stride1,A,static_z0.5,0.5,14,0,70,0.55078125,0,,
A_static_14_sigma0_stride1,A,static_z0.5,0.5,14,0,71,0.55859375,0,,
A_static_14_sigma0_stride1,A,static_z0.5,0.5,14,0,72,0.56640625,0,,
A_static_14_sigma0_stride1,A,static_z0.5,0.5,14,0,73,0.57421875,0,,
A_static_14_sigma0_stride1,A,static_z0.5,0.5,14,0,74,0.58203125,0,,
A_static_14_sigma0_stride1,A,static_z0.5,0.5,14,0,75,0.58984375,0,,
A_static_14_sigma0_stride1,A,static_z0.5,0.5,14,0,76,0.59765625,0,,
A_static_14_sigma0_stride1,A,static_z0.5,0.5,14,0,77,0.60546875,0,,
A_static_14_sigma0_stride1,A,static_z0.5,0.5,14,0,78,0.61328125,0,,
A_static_14_sigma0_stride1,A,static_z0.5,0.5,14,0,79,0.62109375,0,,
A_static_14_sigma0_stride1,A,static_z0.5,0.5,14,0,80,0.62890625,0,,
A_static_14_sigma0_stride1,A,static_z0.5,0.5,14,0,81,0.63671875,0,,
A_static_14_sigma0_stride1,A,static_z0.5,0.5,14,0,82,0.64453125,0,,
A_static_14_sigma0_stride1,A,static_z0.5,0.5,14,0,83,0.65234375,0,,
A_static_14_sigma0_stride1,A,static_z0.5,0.5,14,0,84,0.66015625,0,,
A_static_14_sigma0_stride1,A,static_z0.5,0.5,14,0,85,0.66796875,0,,
A_static_14_sigma0_stride1,A,static_z0.5,0.5,14,0,86,0.67578125,0,,
A_static_14_sigma0_stride1,A,static_z0.5,0.5,14,0,87,0.68359375,0,,
A_static_14_sigma0_stride1,A,static_z0.5,0.5,14,0,88,0.69140625,0,,
A_static_14_sigma0_stride1,A,static_z0.5,0.5,14,0,89,0.69921875,0,,
A_static_14_sigma0_stride1,A,static_z0.5,0.5,14,0,90,0.70703125,0,,
A_static_14_sigma0_stride1,A,static_z0.5,0.5,14,0,91,0.71484375,0,,
A_static_14_sigma0_stride1,A,static_z0.5,0.5,14,0,92,0.72265625,0,,
A_static_14_sigma0_stride1,A,static_z0.5,0.5,14,0,93,0.73046875,0,,
A_static_14_sigma0_stride1,A,static_z0.5,0.5,14,0,94,0.73828125,0,,
A_static_14_sigma0_stride1,A,static_z0.5,0.5,14,0,95,0.74609375,0,,
A_static_14_sigma0_stride1,A,static_z0.5,0.5,14,0,96,0.75390625,0,,
A_static_14_sigma0_stride1,A,static_z0.5,0.5,14,0,97,0.76171875,0,,
A_static_14_sigma0_stride1,A,static_z0.5,0.5,14,0,98,0.76953125,0,,
A_static_14_sigma0_stride1,A,static_z0.5,0.5,14,0,99,0.77734375,0,,
A_static_14_sigma0_stride1,A,static_z0.5,0.5,14,0,100,0.78515625,0,,
A_static_14_sigma0_stride1,A,static_z0.5,0.5,14,0,101,0.79296875,0,,
A_static_14_sigma0_stride1,A,static_z0.5,0.5,14,0,102,0.80078125,0,,
A_static_14_sigma0_stride1,A,static_z0.5,0.5,14,0,103,0.80859375,0,,
A_static_14_sigma0_stride1,A,static_z0.5,0.5,14,0,104,0.81640625,0,,
A_static_14_sigma0_stride1,A,static_z0.5,0.5,14,0,105,0.82421875,0,,
A_static_14_sigma0_stride1,A,static_z0.5,0.5,14,0,106,0.83203125,0,,
A_static_14_sigma0_stride1,A,static_z0.5,0.5,14,0,107,0.83984375,0,,
A_static_14_sigma0_stride1,A,static_z0.5,0.5,14,0,108,0.84765625,0,,
A_static_14_sigma0_stride1,A,static_z0.5,0.5,14,0,109,0.85546875,0,,
A_static_14_sigma0_stride1,A,static_z0.5,0.5,14,0,110,0.86328125,0,,
A_static_14_sigma0_stride1,A,static_z0.5,0.5,14,0,111,0.87109375,0,,
A_static_14_sigma0_stride1,A,static_z0.5,0.5,14,0,112,0.87890625,0,,
A_static_14_sigma0_stride1,A,static_z0.5,0.5,14,0,113,0.88671875,0,,
A_static_14_sigma0_stride1,A,static_z0.5,0.5,14,0,114,0.89453125,0,,
A_static_14_sigma0_stride1,A,static_z0.5,0.5,14,0,115,0.90234375,0,,
A_static_14_sigma0_stride1,A,static_z0.5,0.5,14,0,116,0.91015625,0,,
A_static_14_sigma0_stride1,A,static_z0.5,0.5,14,0,117,0.91796875,0,,
A_static_14_sigma0_stride1,A,static_z0.5,0.5,14,0,118,0.92578125,0,,
A_static_14_sigma0_stride1,A,static_z0.5,0.5,14,0,119,0.93359375,0,,
A_static_14_sigma0_stride1,A,static_z0.5,0.5,14,0,120,0.94140625,0,,
A_static_14_sigma0_stride1,A,static_z0.5,0.5,14,0,121,0.94921875,0,,
A_static_14_sigma0_stride1,A,static_z0.5,0.5,14,0,122,0.95703125,0,,
A_static_14_sigma0_stride1,A,static_z0.5,0.5,14,0,123,0.96484375,0,,
A_static_14_sigma0_stride1,A,static_z0.5,0.5,14,0,124,0.97265625,0,,
A_static_14_sigma0_stride1,A,static_z0.5,0.5,14,0,125,0.98046875,0,,
A_static_14_sigma0_stride1,A,static_z0.5,0.5,14,0,126,0.98828125,0,,
A_static_14_sigma0_stride1,A,static_z0.5,0.5,14,0,127,0.99609375,0,,
A_static_14_sigma50_stride1,A,static_z0.5,0.5,14,0.05,0,0.00390625,0.0248610158214388,false,false
A_static_14_sigma50_stride1,A,static_z0.5,0.5,14,0.05,1,0.01171875,0.0381207184963939,false,false
A_static_14_sigma50_stride1,A,static_z0.5,0.5,14,0.05,2,0.01953125,0.0569039798471722,false,true
A_static_14_sigma50_stride1,A,static_z0.5,0.5,14,0.05,3,0.02734375,0.0482145988652852,false,false
A_static_14_sigma50_stride1,A,static_z0.5,0.5,14,0.05,4,0.03515625,0.0466285908887561,false,false
A_static_14_sigma50_stride1,A,static_z0.5,0.5,14,0.05,5,0.04296875,0.023128157003398,false,false
A_static_14_sigma50_stride1,A,static_z0.5,0.5,14,0.05,6,0.05078125,0.0261342852300652,false,false
A_static_14_sigma50_stride1,A,static_z0.5,0.5,14,0.05,7,0.05859375,0.032457980469106,false,false
A_static_14_sigma50_stride1,A,static_z0.5,0.5,14,0.05,8,0.06640625,0.0283985815487824,false,false
A_static_14_sigma50_stride1,A,static_z0.5,0.5,14,0.05,9,0.07421875,0.0240860076923319,false,false
A_static_14_sigma50_stride1,A,static_z0.5,0.5,14,0.05,10,0.08203125,0.0322940131812903,false,false
A_static_14_sigma50_stride1,A,static_z0.5,0.5,14,0.05,11,0.08984375,0.0325333570944617,false,false
A_static_14_sigma50_stride1,A,static_z0.5,0.5,14,0.05,12,0.09765625,0.0362894286123789,false,false
A_static_14_sigma50_stride1,A,static_z0.5,0.5,14,0.05,13,0.10546875,0.0370558107150207,false,false
A_static_14_sigma50_stride1,A,static_z0.5,0.5,14,0.05,14,0.11328125,0.029391981067758,false,false
A_static_14_sigma50_stride1,A,static_z0.5,0.5,14,0.05,15,0.12109375,0.0265088184499361,false,false
A_static_14_sigma50_stride1,A,static_z0.5,0.5,14,0.05,16,0.12890625,0.0550359524462173,false,false
A_static_14_sigma50_stride1,A,static_z0.5,0.5,14,0.05,17,0.13671875,0.0308142041216902,false,false
A_static_14_sigma50_stride1,A,static_z0.5,0.5,14,0.05,18,0.14453125,0.0436022675037325,false,false
A_static_14_sigma50_stride1,A,static_z0.5,0.5,14,0.05,19,0.15234375,0.0391161972339324,false,false
A_static_14_sigma50_stride1,A,static_z0.5,0.5,14,0.05,20,0.16015625,0.034313391605327,false,false
A_static_14_sigma50_stride1,A,static_z0.5,0.5,14,0.05,21,0.16796875,0.0198742658874017,false,false
A_static_14_sigma50_stride1,A,static_z0.5,0.5,14,0.05,22,0.17578125,0.0311569560147885,false,false
A_static_14_sigma50_stride1,A,static_z0.5,0.5,14,0.05,23,0.18359375,0.0279321293412323,false,false
A_static_14_sigma50_stride1,A,static_z0.5,0.5,14,0.05,24,0.19140625,0.0460764636539432,false,false
A_static_14_sigma50_stride1,A,static_z0.5,0.5,14,0.05,25,0.19921875,0.0274505205277269,false,false
A_static_14_sigma50_stride1,A,static_z0.5,0.5,14,0.05,26,0.20703125,0.0349160096694268,false,false
A_static_14_sigma50_stride1,A,static_z0.5,0.5,14,0.05,27,0.21484375,0.0230727017258686,false,false
A_static_14_sigma50_stride1,A,static_z0.5,0.5,14,0.05,28,0.22265625,0.0356159596755669,false,false
A_static_14_sigma50_stride1,A,static_z0.5,0.5,14,0.05,29,0.23046875,0.0280344301722805,false,false
A_static_14_sigma50_stride1,A,static_z0.5,0.5,14,0.05,30,0.23828125,0.0228776846666238,false,false
A_static_14_sigma50_stride1,A,static_z0.5,0.5,14,0.05,31,0.24609375,0.029107305856184,false,false
A_static_14_sigma50_stride1,A,static_z0.5,0.5,14,0.05,32,0.25390625,0.0250677503601033,false,false
A_static_14_sigma50_stride1,A,static_z0.5,0.5,14,0.05,33,0.26171875,0.0446093599180239,false,false
A_static_14_sigma50_stride1,A,static_z0.5,0.5,14,0.05,34,0.26953125,0.0292953721480607,false,false
A_static_14_sigma50_stride1,A,static_z0.5,0.5,14,0.05,35,0.27734375,0.0373471931980626,false,false
A_static_14_sigma50_stride1,A,static_z0.5,0.5,14,0.05,36,0.28515625,0.0373471931980626,false,false
A_static_14_sigma50_stride1,A,static_z0.5,0.5,14,0.05,37,0.29296875,0.0399615060126908,false,false
A_static_14_sigma50_stride1,A,static_z0.5,0.5,14,0.05,38,0.30078125,0.0347885764616465,false,false
A_static_14_sigma50_stride1,A,static_z0.5,0.5,14,0.05,39,0.30859375,0.0343263432959913,false,false
A_static_14_sigma50_stride1,A,static_z0.5,0.5,14,0.05,40,0.31640625,0.0265948461656945,false,false
A_static_14_sigma50_stride1,A,static_z0.5,0.5,14,0.05,41,0.32421875,0.0327739631106875,false,false
A_static_14_sigma50_stride1,A,static_z0.5,0.5,14,0.05,42,0.33203125,0.0329253946645049,false,false
A_static_14_sigma50_stride1,A,static_z0.5,0.5,14,0.05,43,0.33984375,0.020435326944024,false,false
A_static_14_sigma50_stride1,A,static_z0.5,0.5,14,0.05,44,0.34765625,0.0219375220046105,false,false
A_static_14_sigma50_stride1,A,static_z0.5,0.5,14,0.05,45,0.35546875,0.0293120106428144,false,false
A_static_14_sigma50_stride1,A,static_z0.5,0.5,14,0.05,46,0.36328125,0.0467687708612252,false,false
A_static_14_sigma50_stride1,A,static_z0.5,0.5,14,0.05,47,0.37109375,0.050941979734125,false,false
A_static_14_sigma50_stride1,A,static_z0.5,0.5,14,0.05,48,0.37890625,0.0337746498047263,false,false
A_static_14_sigma50_stride1,A,static_z0.5,0.5,14,0.05,49,0.38671875,0.0242405414786607,false,false
A_static_14_sigma50_stride1,A,static_z0.5,0.5,14,0.05,50,0.39453125,0.0517278483730663,false,false
A_static_14_sigma50_stride1,A,static_z0.5,0.5,14,0.05,51,0.40234375,0.0315411644859633,false,false
A_static_14_sigma50_stride1,A,static_z0.5,0.5,14,0.05,52,0.41015625,0.0366977777816256,false,false
A_static_14_sigma50_stride1,A,static_z0.5,0.5,14,0.05,53,0.41796875,0.022553665796463,false,false
A_static_14_sigma50_stride1,A,static_z0.5,0.5,14,0.05,54,0.42578125,0.0333452086773817,false,false
A_static_14_sigma50_stride1,A,static_z0.5,0.5,14,0.05,55,0.43359375,0.0374873550579233,false,false
A_static_14_sigma50_stride1,A,static_z0.5,0.5,14,0.05,56,0.44140625,0.0442634568197216,false,false
A_static_14_sigma50_stride1,A,static_z0.5,0.5,14,0.05,57,0.44921875,0.0331932637841886,false,false
A_static_14_sigma50_stride1,A,static_z0.5,0.5,14,0.05,58,0.45703125,0.0323342312378257,false,false
A_static_14_sigma50_stride1,A,static_z0.5,0.5,14,0.05,59,0.46484375,0.0319025843924401,false,false
A_static_14_sigma50_stride1,A,static_z0.5,0.5,14,0.05,60,0.47265625,0.0740580969953392,true,true
A_static_14_sigma50_stride1,A,static_z0.5,0.5,14,0.05,61,0.48046875,0.0545196900685327,false,false
A_static_14_sigma50_stride1,A,static_z0.5,0.5,14,0.05,62,0.48828125,0.0318561371993024,false,false
A_static_14_sigma50_stride1,A,static_z0.5,0.5,14,0.05,63,0.49609375,0.0381953967875167,false,false
A_static_14_sigma50_stride1,A,static_z0.5,0.5,14,0.05,64,0.50390625,0.0225545839408094,false,false
A_static_14_sigma50_stride1,A,static_z0.5,0.5,14,0.05,65,0.51171875,0.0306737055824409,false,false
A_static_14_sigma50_stride1,A,static_z0.5,0.5,14,0.05,66,0.51953125,0.035199512163526,false,false
A_static_14_sigma50_stride1,A,static_z0.5,0.5,14,0.05,67,0.52734375,0.0370204186147439,false,false
A_static_14_sigma50_stride1,A,static_z0.5,0.5,14,0.05,68,0.53515625,0.0298947501503242,false,false
A_static_14_sigma50_stride1,A,static_z0.5,0.5,14,0.05,69,0.54296875,0.0265548778971827,false,false
A_static_14_sigma50_stride1,A,static_z0.5,0.5,14,0.05,70,0.55078125,0.0317707583686403,false,false
A_static_14_sigma50_stride1,A,static_z0.5,0.5,14,0.05,71,0.55859375,0.0304480889724325,false,false
A_static_14_sigma50_stride1,A,static_z0.5,0.5,14,0.05,72,0.56640625,0.0414148243154333,false,false
A_static_14_sigma50_stride1,A,static_z0.5,0.5,14,0.05,73,0.57421875,0.0187211495743886,false,false
A_static_14_sigma50_stride1,A,static_z0.5,0.5,14,0.05,74,0.58203125,0.0362596640739642,false,false
A_static_14_sigma50_stride1,A,static_z0.5,0.5,14,0.05,75,0.58984375,0.0302657315322916,false,false
A_static_14_sigma50_stride1,A,static_z0.5,0.5,14,0.05,76,0.59765625,0.0314157272878375,false,false
A_static_14_sigma50_stride1,A,static_z0.5,0.5,14,0.05,77,0.60546875,0.0278167849947139,false,false
A_static_14_sigma50_stride1,A,static_z0.5,0.5,14,0.05,78,0.61328125,0.0423066448269988,false,false
A_static_14_sigma50_stride1,A,static_z0.5,0.5,14,0.05,79,0.62109375,0.0374905801544305,false,false
A_static_14_sigma50_stride1,A,static_z0.5,0.5,14,0.05,80,0.62890625,0.0547702609345066,false,false
A_static_14_sigma50_stride1,A,static_z0.5,0.5,14,0.05,81,0.63671875,0.036038239698712,false,false
A_static_14_sigma50_stride1,A,static_z0.5,0.5,14,0.05,82,0.64453125,0.0483283230926514,false,false
A_static_14_sigma50_stride1,A,static_z0.5,0.5,14,0.05,83,0.65234375,0.0441845570921113,false,false
A_static_14_sigma50_stride1,A,static_z0.5,0.5,14,0.05,84,0.66015625,0.0203661533428531,false,false
A_static_14_sigma50_stride1,A,static_z0.5,0.5,14,0.05,85,0.66796875,0.0348832864110323,false,false
A_static_14_sigma50_stride1,A,static_z0.5,0.5,14,0.05,86,0.67578125,0.0569172482369466,false,true
A_static_14_sigma50_stride1,A,static_z0.5,0.5,14,0.05,87,0.68359375,0.0664654789276478,true,true
A_static_14_sigma50_stride1,A,static_z0.5,0.5,14,0.05,88,0.69140625,0.0572376821601124,true,true
A_static_14_sigma50_stride1,A,static_z0.5,0.5,14,0.05,89,0.69921875,0.0347021448638362,false,false
A_static_14_sigma50_stride1,A,static_z0.5,0.5,14,0.05,90,0.70703125,0.0638543414811151,true,true
A_static_14_sigma50_stride1,A,static_z0.5,0.5,14,0.05,91,0.71484375,0.0449381024263256,false,false
A_static_14_sigma50_stride1,A,static_z0.5,0.5,14,0.05,92,0.72265625,0.0287684013849311,false,false
A_static_14_sigma50_stride1,A,static_z0.5,0.5,14,0.05,93,0.73046875,0.0261440872811589,false,false
A_static_14_sigma50_stride1,A,static_z0.5,0.5,14,0.05,94,0.73828125,0.0242425434867858,false,false
A_static_14_sigma50_stride1,A,static_z0.5,0.5,14,0.05,95,0.74609375,0.0403536839969353,false,false
A_static_14_sigma50_stride1,A,static_z0.5,0.5,14,0.05,96,0.75390625,0.0442473720260659,false,false
A_static_14_sigma50_stride1,A,static_z0.5,0.5,14,0.05,97,0.76171875,0.0285923921849721,false,false
A_static_14_sigma50_stride1,A,static_z0.5,0.5,14,0.05,98,0.76953125,0.0338746176900803,false,false
A_static_14_sigma50_stride1,A,static_z0.5,0.5,14,0.05,99,0.77734375,0.0642709390153135,true,true
A_static_14_sigma50_stride1,A,static_z0.5,0.5,14,0.05,100,0.78515625,0.0821293950590393,true,true
A_static_14_sigma50_stride1,A,static_z0.5,0.5,14,0.05,101,0.79296875,0.0378105495272946,false,false
A_static_14_sigma50_stride1,A,static_z0.5,0.5,14,0.05,102,0.80078125,0.0262898424750961,false,false
A_static_14_sigma50_stride1,A,static_z0.5,0.5,14,0.05,103,0.80859375,0.0377820503506793,false,false
A_static_14_sigma50_stride1,A,static_z0.5,0.5,14,0.05,104,0.81640625,0.0575212126329366,true,true
A_static_14_sigma50_stride1,A,static_z0.5,0.5,14,0.05,105,0.82421875,0.0208334581683087,false,false
A_static_14_sigma50_stride1,A,static_z0.5,0.5,14,0.05,106,0.83203125,0.0238560998265882,false,false
A_static_14_sigma50_stride1,A,static_z0.5,0.5,14,0.05,107,0.83984375,0.029403040549506,false,false
A_static_14_sigma50_stride1,A,static_z0.5,0.5,14,0.05,108,0.84765625,0.0286575723769821,false,false
A_static_14_sigma50_stride1,A,static_z0.5,0.5,14,0.05,109,0.85546875,0.0380411284968048,false,false
A_static_14_sigma50_stride1,A,static_z0.5,0.5,14,0.05,110,0.86328125,0.0360359788496843,false,false
A_static_14_sigma50_stride1,A,static_z0.5,0.5,14,0.05,111,0.87109375,0.0272059584526674,false,false
A_static_14_sigma50_stride1,A,static_z0.5,0.5,14,0.05,112,0.87890625,0.027793001523632,false,false
A_static_14_sigma50_stride1,A,static_z0.5,0.5,14,0.05,113,0.88671875,0.0387312594387879,false,false
A_static_14_sigma50_stride1,A,static_z0.5,0.5,14,0.05,114,0.89453125,0.0535021800869264,false,false
A_static_14_sigma50_stride1,A,static_z0.5,0.5,14,0.05,115,0.90234375,0.0431986747624133,false,false
A_static_14_sigma50_stride1,A,static_z0.5,0.5,14,0.05,116,0.91015625,0.0390486103508235,false,false
A_static_14_sigma50_stride1,A,static_z0.5,0.5,14,0.05,117,0.91796875,0.0305243478256308,false,false
A_static_14_sigma50_stride1,A,static_z0.5,0.5,14,0.05,118,0.92578125,0.0312608315080185,false,false
A_static_14_sigma50_stride1,A,static_z0.5,0.5,14,0.05,119,0.93359375,0.0413728355413449,false,false
A_static_14_sigma50_stride1,A,static_z0.5,0.5,14,0.05,120,0.94140625,0.0270953832292232,false,false
A_static_14_sigma50_stride1,A,static_z0.5,0.5,14,0.05,121,0.94921875,0.0244670562034884,false,false
A_static_14_sigma50_stride1,A,static_z0.5,0.5,14,0.05,122,0.95703125,0.0159360984029874,false,false
A_static_14_sigma50_stride1,A,static_z0.5,0.5,14,0.05,123,0.96484375,0.0435470687841571,false,false
A_static_14_sigma50_stride1,A,static_z0.5,0.5,14,0.05,124,0.97265625,0.0548277489781202,false,false
A_static_14_sigma50_stride1,A,static_z0.5,0.5,14,0.05,125,0.98046875,0.0246242937179031,false,false
A_static_14_sigma50_stride1,A,static_z0.5,0.5,14,0.05,126,0.98828125,0.0268803364193895,false,false
A_static_14_sigma50_stride1,A,static_z0.5,0.5,14,0.05,127,0.99609375,0.0310622580885735,false,false
A_static_14_sigma100_stride1,A,static_z0.5,0.5,14,0.1,0,0.00390625,0.0390560992566407,,false
A_static_14_sigma100_stride1,A,static_z0.5,0.5,14,0.1,1,0.01171875,0.0359280701565396,,false
A_static_14_sigma100_stride1,A,static_z0.5,0.5,14,0.1,2,0.01953125,0.0433915783534943,,false
A_static_14_sigma100_stride1,A,static_z0.5,0.5,14,0.1,3,0.02734375,0.0462633405037417,,false
A_static_14_sigma100_stride1,A,static_z0.5,0.5,14,0.1,4,0.03515625,0.050278155507466,,false
A_static_14_sigma100_stride1,A,static_z0.5,0.5,14,0.1,5,0.04296875,0.0395306597626764,,false
A_static_14_sigma100_stride1,A,static_z0.5,0.5,14,0.1,6,0.05078125,0.0348691408322837,,false
A_static_14_sigma100_stride1,A,static_z0.5,0.5,14,0.1,7,0.05859375,0.0237034849645112,,false
A_static_14_sigma100_stride1,A,static_z0.5,0.5,14,0.1,8,0.06640625,0.0278876599500258,,false
A_static_14_sigma100_stride1,A,static_z0.5,0.5,14,0.1,9,0.07421875,0.0309202787322936,,false
A_static_14_sigma100_stride1,A,static_z0.5,0.5,14,0.1,10,0.08203125,0.0377190350845594,,false
A_static_14_sigma100_stride1,A,static_z0.5,0.5,14,0.1,11,0.08984375,0.0359537116590957,,false
A_static_14_sigma100_stride1,A,static_z0.5,0.5,14,0.1,12,0.09765625,0.0312559396342687,,false
A_static_14_sigma100_stride1,A,static_z0.5,0.5,14,0.1,13,0.10546875,0.0419181039693345,,false
A_static_14_sigma100_stride1,A,static_z0.5,0.5,14,0.1,14,0.11328125,0.0731097782419907,,false
A_static_14_sigma100_stride1,A,static_z0.5,0.5,14,0.1,15,0.12109375,0.0320742109656188,,false
A_static_14_sigma100_stride1,A,static_z0.5,0.5,14,0.1,16,0.12890625,0.0712011443216217,,false
A_static_14_sigma100_stride1,A,static_z0.5,0.5,14,0.1,17,0.13671875,0.0232102876108965,,false
A_static_14_sigma100_stride1,A,static_z0.5,0.5,14,0.1,18,0.14453125,0.0530088709528699,,false
A_static_14_sigma100_stride1,A,static_z0.5,0.5,14,0.1,19,0.15234375,0.0362632063132424,,false
A_static_14_sigma100_stride1,A,static_z0.5,0.5,14,0.1,20,0.16015625,0.0307750358081558,,false
A_static_14_sigma100_stride1,A,static_z0.5,0.5,14,0.1,21,0.16796875,0.0422597699992595,,false
A_static_14_sigma100_stride1,A,static_z0.5,0.5,14,0.1,22,0.17578125,0.0487746528916223,,false
A_static_14_sigma100_stride1,A,static_z0.5,0.5,14,0.1,23,0.18359375,0.0249636676280759,,false
A_static_14_sigma100_stride1,A,static_z0.5,0.5,14,0.1,24,0.19140625,0.0407649908482747,,false
A_static_14_sigma100_stride1,A,static_z0.5,0.5,14,0.1,25,0.19921875,0.037098272573503,,false
A_static_14_sigma100_stride1,A,static_z0.5,0.5,14,0.1,26,0.20703125,0.0652935945553458,,false
A_static_14_sigma100_stride1,A,static_z0.5,0.5,14,0.1,27,0.21484375,0.0448556646656922,,false
A_static_14_sigma100_stride1,A,static_z0.5,0.5,14,0.1,28,0.22265625,0.0496115616526485,,false
A_static_14_sigma100_stride1,A,static_z0.5,0.5,14,0.1,29,0.23046875,0.038092266513286,,false
A_static_14_sigma100_stride1,A,static_z0.5,0.5,14,0.1,30,0.23828125,0.0482479641885987,,false
A_static_14_sigma100_stride1,A,static_z0.5,0.5,14,0.1,31,0.24609375,0.0493375785391405,,false
A_static_14_sigma100_stride1,A,static_z0.5,0.5,14,0.1,32,0.25390625,0.0604711131188469,,false
A_static_14_sigma100_stride1,A,static_z0.5,0.5,14,0.1,33,0.26171875,0.034180790005613,,false
A_static_14_sigma100_stride1,A,static_z0.5,0.5,14,0.1,34,0.26953125,0.0524943134616678,,false
A_static_14_sigma100_stride1,A,static_z0.5,0.5,14,0.1,35,0.27734375,0.0594724008123937,,false
A_static_14_sigma100_stride1,A,static_z0.5,0.5,14,0.1,36,0.28515625,0.0285280795159562,,false
A_static_14_sigma100_stride1,A,static_z0.5,0.5,14,0.1,37,0.29296875,0.114700706817884,,true
A_static_14_sigma100_stride1,A,static_z0.5,0.5,14,0.1,38,0.30078125,0.137210118666669,,true
A_static_14_sigma100_stride1,A,static_z0.5,0.5,14,0.1,39,0.30859375,0.034973903834998,,false
A_static_14_sigma100_stride1,A,static_z0.5,0.5,14,0.1,40,0.31640625,0.0436348844257015,,false
A_static_14_sigma100_stride1,A,static_z0.5,0.5,14,0.1,41,0.32421875,0.0385488736712661,,false
A_static_14_sigma100_stride1,A,static_z0.5,0.5,14,0.1,42,0.33203125,0.0375394854576066,,false
A_static_14_sigma100_stride1,A,static_z0.5,0.5,14,0.1,43,0.33984375,0.0353066763853927,,false
A_static_14_sigma100_stride1,A,static_z0.5,0.5,14,0.1,44,0.34765625,0.0265416316868403,,false
A_static_14_sigma100_stride1,A,static_z0.5,0.5,14,0.1,45,0.35546875,0.0595351791109818,,false
A_static_14_sigma100_stride1,A,static_z0.5,0.5,14,0.1,46,0.36328125,0.0457105252356768,,false
A_static_14_sigma100_stride1,A,static_z0.5,0.5,14,0.1,47,0.37109375,0.0400556945764862,,false
A_static_14_sigma100_stride1,A,static_z0.5,0.5,14,0.1,48,0.37890625,0.063206496025302,,false
A_static_14_sigma100_stride1,A,static_z0.5,0.5,14,0.1,49,0.38671875,0.0440777321349752,,false
A_static_14_sigma100_stride1,A,static_z0.5,0.5,14,0.1,50,0.39453125,0.0329954277588827,,false
A_static_14_sigma100_stride1,A,static_z0.5,0.5,14,0.1,51,0.40234375,0.0432313989534516,,false
A_static_14_sigma100_stride1,A,static_z0.5,0.5,14,0.1,52,0.41015625,0.0336878410244744,,false
A_static_14_sigma100_stride1,A,static_z0.5,0.5,14,0.1,53,0.41796875,0.0571355891902941,,false
A_static_14_sigma100_stride1,A,static_z0.5,0.5,14,0.1,54,0.42578125,0.0333535207539749,,false
A_static_14_sigma100_stride1,A,static_z0.5,0.5,14,0.1,55,0.43359375,0.0386963751129793,,false
A_static_14_sigma100_stride1,A,static_z0.5,0.5,14,0.1,56,0.44140625,0.034905260579852,,false
A_static_14_sigma100_stride1,A,static_z0.5,0.5,14,0.1,57,0.44921875,0.0608281098329585,,false
A_static_14_sigma100_stride1,A,static_z0.5,0.5,14,0.1,58,0.45703125,0.032028503511356,,false
A_static_14_sigma100_stride1,A,static_z0.5,0.5,14,0.1,59,0.46484375,0.0895838737812544,,true
A_static_14_sigma100_stride1,A,static_z0.5,0.5,14,0.1,60,0.47265625,0.0724179674605163,,false
A_static_14_sigma100_stride1,A,static_z0.5,0.5,14,0.1,61,0.48046875,0.0413077640642831,,false
A_static_14_sigma100_stride1,A,static_z0.5,0.5,14,0.1,62,0.48828125,0.0863950276030677,,false
A_static_14_sigma100_stride1,A,static_z0.5,0.5,14,0.1,63,0.49609375,0.0755890479668053,,false
A_static_14_sigma100_stride1,A,static_z0.5,0.5,14,0.1,64,0.50390625,0.0391579428046416,,false
A_static_14_sigma100_stride1,A,static_z0.5,0.5,14,0.1,65,0.51171875,0.0408994879225855,,false
A_static_14_sigma100_stride1,A,static_z0.5,0.5,14,0.1,66,0.51953125,0.0320565024463983,,false
A_static_14_sigma100_stride1,A,static_z0.5,0.5,14,0.1,67,0.52734375,0.0248976886419424,,false
A_static_14_sigma100_stride1,A,static_z0.5,0.5,14,0.1,68,0.53515625,0.0378516064574419,,false
A_static_14_sigma100_stride1,A,static_z0.5,0.5,14,0.1,69,0.54296875,0.0412744661500808,,false
A_static_14_sigma100_stride1,A,static_z0.5,0.5,14,0.1,70,0.55078125,0.0406068643987367,,false
A_static_14_sigma100_stride1,A,static_z0.5,0.5,14,0.1,71,0.55859375,0.031427907043262,,false
A_static_14_sigma100_stride1,A,static_z0.5,0.5,14,0.1,72,0.56640625,0.0336612577805373,,false
A_static_14_sigma100_stride1,A,static_z0.5,0.5,14,0.1,73,0.57421875,0.0334974873664395,,false
A_static_14_sigma100_stride1,A,static_z0.5,0.5,14,0.1,74,0.58203125,0.0355956479550842,,false
A_static_14_sigma100_stride1,A,static_z0.5,0.5,14,0.1,75,0.58984375,0.0637018388694098,,false
A_static_14_sigma100_stride1,A,static_z0.5,0.5,14,0.1,76,0.59765625,0.0961763090403901,,true
A_static_14_sigma100_stride1,A,static_z0.5,0.5,14,0.1,77,0.60546875,0.0308060673132668,,false
A_static_14_sigma100_stride1,A,static_z0.5,0.5,14,0.1,78,0.61328125,0.0381113727798776,,false
A_static_14_sigma100_stride1,A,static_z0.5,0.5,14,0.1,79,0.62109375,0.026524159380634,,false
A_static_14_sigma100_stride1,A,static_z0.5,0.5,14,0.1,80,0.62890625,0.0383097713875937,,false
A_static_14_sigma100_stride1,A,static_z0.5,0.5,14,0.1,81,0.63671875,0.0404826878138131,,false
A_static_14_sigma100_stride1,A,static_z0.5,0.5,14,0.1,82,0.64453125,0.0419070755836991,,false
A_static_14_sigma100_stride1,A,static_z0.5,0.5,14,0.1,83,0.65234375,0.055280874602362,,false
A_static_14_sigma100_stride1,A,static_z0.5,0.5,14,0.1,84,0.66015625,0.0808333294130704,,false
A_static_14_sigma100_stride1,A,static_z0.5,0.5,14,0.1,85,0.66796875,0.049673363207134,,false
A_static_14_sigma100_stride1,A,static_z0.5,0.5,14,0.1,86,0.67578125,0.0615040195943289,,false
A_static_14_sigma100_stride1,A,static_z0.5,0.5,14,0.1,87,0.68359375,0.0490167387390487,,false
A_static_14_sigma100_stride1,A,static_z0.5,0.5,14,0.1,88,0.69140625,0.0356483950263908,,false
A_static_14_sigma100_stride1,A,static_z0.5,0.5,14,0.1,89,0.69921875,0.0397868643193512,,false
A_static_14_sigma100_stride1,A,static_z0.5,0.5,14,0.1,90,0.70703125,0.043847681170204,,false
A_static_14_sigma100_stride1,A,static_z0.5,0.5,14,0.1,91,0.71484375,0.0603510366494638,,false
A_static_14_sigma100_stride1,A,static_z0.5,0.5,14,0.1,92,0.72265625,0.0575286334230246,,false
A_static_14_sigma100_stride1,A,static_z0.5,0.5,14,0.1,93,0.73046875,0.037183417800175,,false
A_static_14_sigma100_stride1,A,static_z0.5,0.5,14,0.1,94,0.73828125,0.0684228710671416,,false
A_static_14_sigma100_stride1,A,static_z0.5,0.5,14,0.1,95,0.74609375,0.0487840652297906,,false
A_static_14_sigma100_stride1,A,static_z0.5,0.5,14,0.1,96,0.75390625,0.0249124897868515,,false
A_static_14_sigma100_stride1,A,static_z0.5,0.5,14,0.1,97,0.76171875,0.0422026815855457,,false
A_static_14_sigma100_stride1,A,static_z0.5,0.5,14,0.1,98,0.76953125,0.0345209677707954,,false
A_static_14_sigma100_stride1,A,static_z0.5,0.5,14,0.1,99,0.77734375,0.040081186867369,,false
A_static_14_sigma100_stride1,A,static_z0.5,0.5,14,0.1,100,0.78515625,0.0476892683987164,,false
A_static_14_sigma100_stride1,A,static_z0.5,0.5,14,0.1,101,0.79296875,0.0542682646886693,,false
A_static_14_sigma100_stride1,A,static_z0.5,0.5,14,0.1,102,0.80078125,0.0538645471232653,,false
A_static_14_sigma100_stride1,A,static_z0.5,0.5,14,0.1,103,0.80859375,0.0385745319781233,,false
A_static_14_sigma100_stride1,A,static_z0.5,0.5,14,0.1,104,0.81640625,0.0242512414686054,,false
A_static_14_sigma100_stride1,A,static_z0.5,0.5,14,0.1,105,0.82421875,0.0560818607660074,,false
A_static_14_sigma100_stride1,A,static_z0.5,0.5,14,0.1,106,0.83203125,0.0452799205993165,,false
A_static_14_sigma100_stride1,A,static_z0.5,0.5,14,0.1,107,0.83984375,0.0275226627760578,,false
A_static_14_sigma100_stride1,A,static_z0.5,0.5,14,0.1,108,0.84765625,0.0294048653887471,,false
A_static_14_sigma100_stride1,A,static_z0.5,0.5,14,0.1,109,0.85546875,0.0385917302825683,,false
A_static_14_sigma100_stride1,A,static_z0.5,0.5,14,0.1,110,0.86328125,0.0515825257900007,,false
A_static_14_sigma100_stride1,A,static_z0.5,0.5,14,0.1,111,0.87109375,0.0329890776549852,,false
A_static_14_sigma100_stride1,A,static_z0.5,0.5,14,0.1,112,0.87890625,0.0314755274575349,,false
A_static_14_sigma100_stride1,A,static_z0.5,0.5,14,0.1,113,0.88671875,0.101310959525476,,true
A_static_14_sigma100_stride1,A,static_z0.5,0.5,14,0.1,114,0.89453125,0.105064015718608,,true
A_static_14_sigma100_stride1,A,static_z0.5,0.5,14,0.1,115,0.90234375,0.0398559663307394,,false
A_static_14_sigma100_stride1,A,static_z0.5,0.5,14,0.1,116,0.91015625,0.0695298901930547,,false
A_static_14_sigma100_stride1,A,static_z0.5,0.5,14,0.1,117,0.91796875,0.0916344157823987,,true
A_static_14_sigma100_stride1,A,static_z0.5,0.5,14,0.1,118,0.92578125,0.0906237914042133,,true
A_static_14_sigma100_stride1,A,static_z0.5,0.5,14,0.1,119,0.93359375,0.0474116468562921,,false
A_static_14_sigma100_stride1,A,static_z0.5,0.5,14,0.1,120,0.94140625,0.0323289603298952,,false
A_static_14_sigma100_stride1,A,static_z0.5,0.5,14,0.1,121,0.94921875,0.0310384843503904,,false
A_static_14_sigma100_stride1,A,static_z0.5,0.5,14,0.1,122,0.95703125,0.037286079717548,,false
A_static_14_sigma100_stride1,A,static_z0.5,0.5,14,0.1,123,0.96484375,0.0402462527079657,,false
A_static_14_sigma100_stride1,A,static_z0.5,0.5,14,0.1,124,0.97265625,0.0516576331748279,,false
A_static_14_sigma100_stride1,A,static_z0.5,0.5,14,0.1,125,0.98046875,0.0427891069175264,,false
A_static_14_sigma100_stride1,A,static_z0.5,0.5,14,0.1,126,0.98828125,0.0454234770614745,,false
A_static_14_sigma100_stride1,A,static_z0.5,0.5,14,0.1,127,0.99609375,0.0390819998343845,,false
A_snapshot_z1.0_14_sigma0_stride1,A,snapshot_z1.0,1,14,0,0,0.00390625,0,,
A_snapshot_z1.0_14_sigma0_stride1,A,snapshot_z1.0,1,14,0,1,0.01171875,0,,
A_snapshot_z1.0_14_sigma0_stride1,A,snapshot_z1.0,1,14,0,2,0.01953125,0,,
A_snapshot_z1.0_14_sigma0_stride1,A,snapshot_z1.0,1,14,0,3,0.02734375,0,,
A_snapshot_z1.0_14_sigma0_stride1,A,snapshot_z1.0,1,14,0,4,0.03515625,0,,
A_snapshot_z1.0_14_sigma0_stride1,A,snapshot_z1.0,1,14,0,5,0.04296875,0,,
A_snapshot_z1.0_14_sigma0_stride1,A,snapshot_z1.0,1,14,0,6,0.05078125,0,,
A_snapshot_z1.0_14_sigma0_stride1,A,snapshot_z1.0,1,14,0,7,0.05859375,0,,
A_snapshot_z1.0_14_sigma0_stride1,A,snapshot_z1.0,1,14,0,8,0.06640625,0,,
A_snapshot_z1.0_14_sigma0_stride1,A,snapshot_z1.0,1,14,0,9,0.07421875,0,,
A_snapshot_z1.0_14_sigma0_stride1,A,snapshot_z1.0,1,14,0,10,0.08203125,0,,
A_snapshot_z1.0_14_sigma0_stride1,A,snapshot_z1.0,1,14,0,11,0.08984375,0,,
A_snapshot_z1.0_14_sigma0_stride1,A,snapshot_z1.0,1,14,0,12,0.09765625,0,,
A_snapshot_z1.0_14_sigma0_stride1,A,snapshot_z1.0,1,14,0,13,0.10546875,0,,
A_snapshot_z1.0_14_sigma0_stride1,A,snapshot_z1.0,1,14,0,14,0.11328125,0,,
A_snapshot_z1.0_14_sigma0_stride1,A,snapshot_z1.0,1,14,0,15,0.12109375,0,,
A_snapshot_z1.0_14_sigma0_stride1,A,snapshot_z1.0,1,14,0,16,0.12890625,0,,
A_snapshot_z1.0_14_sigma0_stride1,A,snapshot_z1.0,1,14,0,17,0.13671875,0,,
A_snapshot_z1.0_14_sigma0_stride1,A,snapshot_z1.0,1,14,0,18,0.14453125,0,,
A_snapshot_z1.0_14_sigma0_stride1,A,snapshot_z1.0,1,14,0,19,0.15234375,0,,
A_snapshot_z1.0_14_sigma0_stride1,A,snapshot_z1.0,1,14,0,20,0.16015625,0,,
A_snapshot_z1.0_14_sigma0_stride1,A,snapshot_z1.0,1,14,0,21,0.16796875,0,,
A_snapshot_z1.0_14_sigma0_stride1,A,snapshot_z1.0,1,14,0,22,0.17578125,0,,
A_snapshot_z1.0_14_sigma0_stride1,A,snapshot_z1.0,1,14,0,23,0.18359375,0,,
A_snapshot_z1.0_14_sigma0_stride1,A,snapshot_z1.0,1,14,0,24,0.19140625,0,,
A_snapshot_z1.0_14_sigma0_stride1,A,snapshot_z1.0,1,14,0,25,0.19921875,0,,
A_snapshot_z1.0_14_sigma0_stride1,A,snapshot_z1.0,1,14,0,26,0.20703125,0,,
A_snapshot_z1.0_14_sigma0_stride1,A,snapshot_z1.0,1,14,0,27,0.21484375,0,,
A_snapshot_z1.0_14_sigma0_stride1,A,snapshot_z1.0,1,14,0,28,0.22265625,0,,
A_snapshot_z1.0_14_sigma0_stride1,A,snapshot_z1.0,1,14,0,29,0.23046875,0,,
A_snapshot_z1.0_14_sigma0_stride1,A,snapshot_z1.0,1,14,0,30,0.23828125,0,,
A_snapshot_z1.0_14_sigma0_stride1,A,snapshot_z1.0,1,14,0,31,0.24609375,0,,
A_snapshot_z1.0_14_sigma0_stride1,A,snapshot_z1.0,1,14,0,32,0.25390625,0,,
A_snapshot_z1.0_14_sigma0_stride1,A,snapshot_z1.0,1,14,0,33,0.26171875,0,,
A_snapshot_z1.0_14_sigma0_stride1,A,snapshot_z1.0,1,14,0,34,0.26953125,0,,
A_snapshot_z1.0_14_sigma0_stride1,A,snapshot_z1.0,1,14,0,35,0.27734375,0,,
A_snapshot_z1.0_14_sigma0_stride1,A,snapshot_z1.0,1,14,0,36,0.28515625,0,,
A_snapshot_z1.0_14_sigma0_stride1,A,snapshot_z1.0,1,14,0,37,0.29296875,0,,
A_snapshot_z1.0_14_sigma0_stride1,A,snapshot_z1.0,1,14,0,38,0.30078125,0,,
A_snapshot_z1.0_14_sigma0_stride1,A,snapshot_z1.0,1,14,0,39,0.30859375,0,,
A_snapshot_z1.0_14_sigma0_stride1,A,snapshot_z1.0,1,14,0,40,0.31640625,0,,
A_snapshot_z1.0_14_sigma0_stride1,A,snapshot_z1.0,1,14,0,41,0.32421875,0,,
A_snapshot_z1.0_14_sigma0_stride1,A,snapshot_z1.0,1,14,0,42,0.33203125,0,,
A_snapshot_z1.0_14_sigma0_stride1,A,snapshot_z1.0,1,14,0,43,0.33984375,0,,
A_snapshot_z1.0_14_sigma0_stride1,A,snapshot_z1.0,1,14,0,44,0.34765625,0,,
A_snapshot_z1.0_14_sigma0_stride1,A,snapshot_z1.0,1,14,0,45,0.35546875,0,,
A_snapshot_z1.0_14_sigma0_stride1,A,snapshot_z1.0,1,14,0,46,0.36328125,0,,
A_snapshot_z1.0_14_sigma0_stride1,A,snapshot_z1.0,1,14,0,47,0.37109375,0,,
A_snapshot_z1.0_14_sigma0_stride1,A,snapshot_z1.0,1,14,0,48,0.37890625,0,,
A_snapshot_z1.0_14_sigma0_stride1,A,snapshot_z1.0,1,14,0,49,0.38671875,0,,
A_snapshot_z1.0_14_sigma0_stride1,A,snapshot_z1.0,1,14,0,50,0.39453125,0,,
A_snapshot_z1.0_14_sigma0_stride1,A,snapshot_z1.0,1,14,0,51,0.40234375,0,,
A_snapshot_z1.0_14_sigma0_stride1,A,snapshot_z1.0,1,14,0,52,0.41015625,0,,
A_snapshot_z1.0_14_sigma0_stride1,A,snapshot_z1.0,1,14,0,53,0.41796875,0,,
A_snapshot_z1.0_14_sigma0_stride1,A,snapshot_z1.0,1,14,0,54,0.42578125,0,,
A_snapshot_z1.0_14_sigma0_stride1,A,snapshot_z1.0,1,14,0,55,0.43359375,0,,
A_snapshot_z1.0_14_sigma0_stride1,A,snapshot_z1.0,1,14,0,56,0.44140625,0,,
A_snapshot_z1.0_14_sigma0_stride1,A,snapshot_z1.0,1,14,0,57,0.44921875,0,,
A_snapshot_z1.0_14_sigma0_stride1,A,snapshot_z1.0,1,14,0,58,0.45703125,0,,
A_snapshot_z1.0_14_sigma0_stride1,A,snapshot_z1.0,1,14,0,59,0.46484375,0,,
A_snapshot_z1.0_14_sigma0_stride1,A,snapshot_z1.0,1,14,0,60,0.47265625,0,,
A_snapshot_z1.0_14_sigma0_stride1,A,snapshot_z1.0,1,14,0,61,0.48046875,0,,
A_snapshot_z1.0_14_sigma0_stride1,A,snapshot_z1.0,1,14,0,62,0.48828125,0,,
A_snapshot_z1.0_14_sigma0_stride1,A,snapshot_z1.0,1,14,0,63,0.49609375,0,,
A_snapshot_z1.0_14_sigma0_stride1,A,snapshot_z1.0,1,14,0,64,0.50390625,0,,
A_snapshot_z1.0_14_sigma0_stride1,A,snapshot_z1.0,1,14,0,65,0.51171875,0,,
A_snapshot_z1.0_14_sigma0_stride1,A,snapshot_z1.0,1,14,0,66,0.51953125,0,,
A_snapshot_z1.0_14_sigma0_stride1,A,snapshot_z1.0,1,14,0,67,0.52734375,0,,
A_snapshot_z1.0_14_sigma0_stride1,A,snapshot_z1.0,1,14,0,68,0.53515625,0,,
A_snapshot_z1.0_14_sigma0_stride1,A,snapshot_z1.0,1,14,0,69,0.54296875,0,,
A_snapshot_z1.0_14_sigma0_stride1,A,snapshot_z1.0,1,14,0,70,0.55078125,0,,
A_snapshot_z1.0_14_sigma0_stride1,A,snapshot_z1.0,1,14,0,71,0.55859375,0,,
A_snapshot_z1.0_14_sigma0_stride1,A,snapshot_z1.0,1,14,0,72,0.56640625,0,,
A_snapshot_z1.0_14_sigma0_stride1,A,snapshot_z1.0,1,14,0,73,0.57421875,0,,
A_snapshot_z1.0_14_sigma0_stride1,A,snapshot_z1.0,1,14,0,74,0.58203125,0,,
A_snapshot_z1.0_14_sigma0_stride1,A,snapshot_z1.0,1,14,0,75,0.58984375,0,,
A_snapshot_z1.0_14_sigma0_stride1,A,snapshot_z1.0,1,14,0,76,0.59765625,0,,
A_snapshot_z1.0_14_sigma0_stride1,A,snapshot_z1.0,1,14,0,77,0.60546875,0,,
A_snapshot_z1.0_14_sigma0_stride1,A,snapshot_z1.0,1,14,0,78,0.61328125,0,,
A_snapshot_z1.0_14_sigma0_stride1,A,snapshot_z1.0,1,14,0,79,0.62109375,0,,
A_snapshot_z1.0_14_sigma0_stride1,A,snapshot_z1.0,1,14,0,80,0.62890625,0,,
A_snapshot_z1.0_14_sigma0_stride1,A,snapshot_z1.0,1,14,0,81,0.63671875,0,,
A_snapshot_z1.0_14_sigma0_stride1,A,snapshot_z1.0,1,14,0,82,0.64453125,0,,
A_snapshot_z1.0_14_sigma0_stride1,A,snapshot_z1.0,1,14,0,83,0.65234375,0,,
A_snapshot_z1.0_14_sigma0_stride1,A,snapshot_z1.0,1,14,0,84,0.66015625,0,,
A_snapshot_z1.0_14_sigma0_stride1,A,snapshot_z1.0,1,14,0,85,0.66796875,0,,
A_snapshot_z1.0_14_sigma0_stride1,A,snapshot_z1.0,1,14,0,86,0.67578125,0,,
A_snapshot_z1.0_14_sigma0_stride1,A,snapshot_z1.0,1,14,0,87,0.68359375,0,,
A_snapshot_z1.0_14_sigma0_stride1,A,snapshot_z1.0,1,14,0,88,0.69140625,0,,
A_snapshot_z1.0_14_sigma0_stride1,A,snapshot_z1.0,1,14,0,89,0.69921875,0,,
A_snapshot_z1.0_14_sigma0_stride1,A,snapshot_z1.0,1,14,0,90,0.70703125,0,,
A_snapshot_z1.0_14_sigma0_stride1,A,snapshot_z1.0,1,14,0,91,0.71484375,0,,
A_snapshot_z1.0_14_sigma0_stride1,A,snapshot_z1.0,1,14,0,92,0.72265625,0,,
A_snapshot_z1.0_14_sigma0_stride1,A,snapshot_z1.0,1,14,0,93,0.73046875,0,,
A_snapshot_z1.0_14_sigma0_stride1,A,snapshot_z1.0,1,14,0,94,0.73828125,0,,
A_snapshot_z1.0_14_sigma0_stride1,A,snapshot_z1.0,1,14,0,95,0.74609375,0,,
A_snapshot_z1.0_14_sigma0_stride1,A,snapshot_z1.0,1,14,0,96,0.75390625,0,,
A_snapshot_z1.0_14_sigma0_stride1,A,snapshot_z1.0,1,14,0,97,0.76171875,0,,
A_snapshot_z1.0_14_sigma0_stride1,A,snapshot_z1.0,1,14,0,98,0.76953125,0,,
A_snapshot_z1.0_14_sigma0_stride1,A,snapshot_z1.0,1,14,0,99,0.77734375,0,,
A_snapshot_z1.0_14_sigma0_stride1,A,snapshot_z1.0,1,14,0,100,0.78515625,0,,
A_snapshot_z1.0_14_sigma0_stride1,A,snapshot_z1.0,1,14,0,101,0.79296875,0,,
A_snapshot_z1.0_14_sigma0_stride1,A,snapshot_z1.0,1,14,0,102,0.80078125,0,,
A_snapshot_z1.0_14_sigma0_stride1,A,snapshot_z1.0,1,14,0,103,0.80859375,0,,
A_snapshot_z1.0_14_sigma0_stride1,A,snapshot_z1.0,1,14,0,104,0.81640625,0,,
A_snapshot_z1.0_14_sigma0_stride1,A,snapshot_z1.0,1,14,0,105,0.82421875,0,,
A_snapshot_z1.0_14_sigma0_stride1,A,snapshot_z1.0,1,14,0,106,0.83203125,0,,
A_snapshot_z1.0_14_sigma0_stride1,A,snapshot_z1.0,1,14,0,107,0.83984375,0,,
A_snapshot_z1.0_14_sigma0_stride1,A,snapshot_z1.0,1,14,0,108,0.84765625,0,,
A_snapshot_z1.0_14_sigma0_stride1,A,snapshot_z1.0,1,14,0,109,0.85546875,0,,
A_snapshot_z1.0_14_sigma0_stride1,A,snapshot_z1.0,1,14,0,110,0.86328125,0,,
A_snapshot_z1.0_14_sigma0_stride1,A,snapshot_z1.0,1,14,0,111,0.87109375,0,,
A_snapshot_z1.0_14_sigma0_stride1,A,snapshot_z1.0,1,14,0,112,0.87890625,0,,
A_snapshot_z1.0_14_sigma0_stride1,A,snapshot_z1.0,1,14,0,113,0.88671875,0,,
A_snapshot_z1.0_14_sigma0_stride1,A,snapshot_z1.0,1,14,0,114,0.89453125,0,,
A_snapshot_z1.0_14_sigma0_stride1,A,snapshot_z1.0,1,14,0,115,0.90234375,0,,
A_snapshot_z1.0_14_sigma0_stride1,A,snapshot_z1.0,1,14,0,116,0.91015625,0,,
A_snapshot_z1.0_14_sigma0_stride1,A,snapshot_z1.0,1,14,0,117,0.91796875,0,,
A_snapshot_z1.0_14_sigma0_stride1,A,snapshot_z1.0,1,14,0,118,0.92578125,0,,
A_snapshot_z1.0_14_sigma0_stride1,A,snapshot_z1.0,1,14,0,119,0.93359375,0,,
A_snapshot_z1.0_14_sigma0_stride1,A,snapshot_z1.0,1,14,0,120,0.94140625,0,,
A_snapshot_z1.0_14_sigma0_stride1,A,snapshot_z1.0,1,14,0,121,0.94921875,0,,
A_snapshot_z1.0_14_sigma0_stride1,A,snapshot_z1.0,1,14,0,122,0.95703125,0,,
A_snapshot_z1.0_14_sigma0_stride1,A,snapshot_z1.0,1,14,0,123,0.96484375,0,,
A_snapshot_z1.0_14_sigma0_stride1,A,snapshot_z1.0,1,14,0,124,0.97265625,0,,
A_snapshot_z1.0_14_sigma0_stride1,A,snapshot_z1.0,1,14,0,125,0.98046875,0,,
A_snapshot_z1.0_14_sigma0_stride1,A,snapshot_z1.0,1,14,0,126,0.98828125,0,,
A_snapshot_z1.0_14_sigma0_stride1,A,snapshot_z1.0,1,14,0,127,0.99609375,0,,
A_snapshot_z2.0_14_sigma0_stride1,A,snapshot_z2.0,2,14,0,0,0.00390625,0,,
A_snapshot_z2.0_14_sigma0_stride1,A,snapshot_z2.0,2,14,0,1,0.01171875,0,,
A_snapshot_z2.0_14_sigma0_stride1,A,snapshot_z2.0,2,14,0,2,0.01953125,0,,
A_snapshot_z2.0_14_sigma0_stride1,A,snapshot_z2.0,2,14,0,3,0.02734375,0,,
A_snapshot_z2.0_14_sigma0_stride1,A,snapshot_z2.0,2,14,0,4,0.03515625,0,,
A_snapshot_z2.0_14_sigma0_stride1,A,snapshot_z2.0,2,14,0,5,0.04296875,0,,
A_snapshot_z2.0_14_sigma0_stride1,A,snapshot_z2.0,2,14,0,6,0.05078125,0,,
A_snapshot_z2.0_14_sigma0_stride1,A,snapshot_z2.0,2,14,0,7,0.05859375,0,,
A_snapshot_z2.0_14_sigma0_stride1,A,snapshot_z2.0,2,14,0,8,0.06640625,0,,
A_snapshot_z2.0_14_sigma0_stride1,A,snapshot_z2.0,2,14,0,9,0.07421875,0,,
A_snapshot_z2.0_14_sigma0_stride1,A,snapshot_z2.0,2,14,0,10,0.08203125,0,,
A_snapshot_z2.0_14_sigma0_stride1,A,snapshot_z2.0,2,14,0,11,0.08984375,0,,
A_snapshot_z2.0_14_sigma0_stride1,A,snapshot_z2.0,2,14,0,12,0.09765625,0,,
A_snapshot_z2.0_14_sigma0_stride1,A,snapshot_z2.0,2,14,0,13,0.10546875,0,,
A_snapshot_z2.0_14_sigma0_stride1,A,snapshot_z2.0,2,14,0,14,0.11328125,0,,
A_snapshot_z2.0_14_sigma0_stride1,A,snapshot_z2.0,2,14,0,15,0.12109375,0,,
A_snapshot_z2.0_14_sigma0_stride1,A,snapshot_z2.0,2,14,0,16,0.12890625,0,,
A_snapshot_z2.0_14_sigma0_stride1,A,snapshot_z2.0,2,14,0,17,0.13671875,0,,
A_snapshot_z2.0_14_sigma0_stride1,A,snapshot_z2.0,2,14,0,18,0.14453125,0,,
A_snapshot_z2.0_14_sigma0_stride1,A,snapshot_z2.0,2,14,0,19,0.15234375,0,,
A_snapshot_z2.0_14_sigma0_stride1,A,snapshot_z2.0,2,14,0,20,0.16015625,0,,
A_snapshot_z2.0_14_sigma0_stride1,A,snapshot_z2.0,2,14,0,21,0.16796875,0,,
A_snapshot_z2.0_14_sigma0_stride1,A,snapshot_z2.0,2,14,0,22,0.17578125,0,,
A_snapshot_z2.0_14_sigma0_stride1,A,snapshot_z2.0,2,14,0,23,0.18359375,0,,
A_snapshot_z2.0_14_sigma0_stride1,A,snapshot_z2.0,2,14,0,24,0.19140625,0,,
A_snapshot_z2.0_14_sigma0_stride1,A,snapshot_z2.0,2,14,0,25,0.19921875,0,,
A_snapshot_z2.0_14_sigma0_stride1,A,snapshot_z2.0,2,14,0,26,0.20703125,0,,
A_snapshot_z2.0_14_sigma0_stride1,A,snapshot_z2.0,2,14,0,27,0.21484375,0,,
A_snapshot_z2.0_14_sigma0_stride1,A,snapshot_z2.0,2,14,0,28,0.22265625,0,,
A_snapshot_z2.0_14_sigma0_stride1,A,snapshot_z2.0,2,14,0,29,0.23046875,0,,
A_snapshot_z2.0_14_sigma0_stride1,A,snapshot_z2.0,2,14,0,30,0.23828125,0,,
A_snapshot_z2.0_14_sigma0_stride1,A,snapshot_z2.0,2,14,0,31,0.24609375,0,,
A_snapshot_z2.0_14_sigma0_stride1,A,snapshot_z2.0,2,14,0,32,0.25390625,0,,
A_snapshot_z2.0_14_sigma0_stride1,A,snapshot_z2.0,2,14,0,33,0.26171875,0,,
A_snapshot_z2.0_14_sigma0_stride1,A,snapshot_z2.0,2,14,0,34,0.26953125,0,,
A_snapshot_z2.0_14_sigma0_stride1,A,snapshot_z2.0,2,14,0,35,0.27734375,0,,
A_snapshot_z2.0_14_sigma0_stride1,A,snapshot_z2.0,2,14,0,36,0.28515625,0,,
A_snapshot_z2.0_14_sigma0_stride1,A,snapshot_z2.0,2,14,0,37,0.29296875,0,,
A_snapshot_z2.0_14_sigma0_stride1,A,snapshot_z2.0,2,14,0,38,0.30078125,0,,
A_snapshot_z2.0_14_sigma0_stride1,A,snapshot_z2.0,2,14,0,39,0.30859375,0,,
A_snapshot_z2.0_14_sigma0_stride1,A,snapshot_z2.0,2,14,0,40,0.31640625,0,,
A_snapshot_z2.0_14_sigma0_stride1,A,snapshot_z2.0,2,14,0,41,0.32421875,0,,
A_snapshot_z2.0_14_sigma0_stride1,A,snapshot_z2.0,2,14,0,42,0.33203125,0,,
A_snapshot_z2.0_14_sigma0_stride1,A,snapshot_z2.0,2,14,0,43,0.33984375,0,,
A_snapshot_z2.0_14_sigma0_stride1,A,snapshot_z2.0,2,14,0,44,0.34765625,0,,
A_snapshot_z2.0_14_sigma0_stride1,A,snapshot_z2.0,2,14,0,45,0.35546875,0,,
A_snapshot_z2.0_14_sigma0_stride1,A,snapshot_z2.0,2,14,0,46,0.36328125,0,,
A_snapshot_z2.0_14_sigma0_stride1,A,snapshot_z2.0,2,14,0,47,0.37109375,0,,
A_snapshot_z2.0_14_sigma0_stride1,A,snapshot_z2.0,2,14,0,48,0.37890625,0,,
A_snapshot_z2.0_14_sigma0_stride1,A,snapshot_z2.0,2,14,0,49,0.38671875,0,,
A_snapshot_z2.0_14_sigma0_stride1,A,snapshot_z2.0,2,14,0,50,0.39453125,0,,
A_snapshot_z2.0_14_sigma0_stride1,A,snapshot_z2.0,2,14,0,51,0.40234375,0,,
A_snapshot_z2.0_14_sigma0_stride1,A,snapshot_z2.0,2,14,0,52,0.41015625,0,,
A_snapshot_z2.0_14_sigma0_stride1,A,snapshot_z2.0,2,14,0,53,0.41796875,0,,
A_snapshot_z2.0_14_sigma0_stride1,A,snapshot_z2.0,2,14,0,54,0.42578125,0,,
A_snapshot_z2.0_14_sigma0_stride1,A,snapshot_z2.0,2,14,0,55,0.43359375,0,,
A_snapshot_z2.0_14_sigma0_stride1,A,snapshot_z2.0,2,14,0,56,0.44140625,0,,
A_snapshot_z2.0_14_sigma0_stride1,A,snapshot_z2.0,2,14,0,57,0.44921875,0,,
A_snapshot_z2.0_14_sigma0_stride1,A,snapshot_z2.0,2,14,0,58,0.45703125,0,,
A_snapshot_z2.0_14_sigma0_stride1,A,snapshot_z2.0,2,14,0,59,0.46484375,0,,
A_snapshot_z2.0_14_sigma0_stride1,A,snapshot_z2.0,2,14,0,60,0.47265625,0,,
A_snapshot_z2.0_14_sigma0_stride1,A,snapshot_z2.0,2,14,0,61,0.48046875,0,,
A_snapshot_z2.0_14_sigma0_stride1,A,snapshot_z2.0,2,14,0,62,0.48828125,0,,
A_snapshot_z2.0_14_sigma0_stride1,A,snapshot_z2.0,2,14,0,63,0.49609375,0,,
A_snapshot_z2.0_14_sigma0_stride1,A,snapshot_z2.0,2,14,0,64,0.50390625,0,,
A_snapshot_z2.0_14_sigma0_stride1,A,snapshot_z2.0,2,14,0,65,0.51171875,0,,
A_snapshot_z2.0_14_sigma0_stride1,A,snapshot_z2.0,2,14,0,66,0.51953125,0,,
A_snapshot_z2.0_14_sigma0_stride1,A,snapshot_z2.0,2,14,0,67,0.52734375,0,,
A_snapshot_z2.0_14_sigma0_stride1,A,snapshot_z2.0,2,14,0,68,0.53515625,0,,
A_snapshot_z2.0_14_sigma0_stride1,A,snapshot_z2.0,2,14,0,69,0.54296875,0,,
A_snapshot_z2.0_14_sigma0_stride1,A,snapshot_z2.0,2,14,0,70,0.55078125,0,,
A_snapshot_z2.0_14_sigma0_stride1,A,snapshot_z2.0,2,14,0,71,0.55859375,0,,
A_snapshot_z2.0_14_sigma0_stride1,A,snapshot_z2.0,2,14,0,72,0.56640625,0,,
A_snapshot_z2.0_14_sigma0_stride1,A,snapshot_z2.0,2,14,0,73,0.57421875,0,,
A_snapshot_z2.0_14_sigma0_stride1,A,snapshot_z2.0,2,14,0,74,0.58203125,0,,
A_snapshot_z2.0_14_sigma0_stride1,A,snapshot_z2.0,2,14,0,75,0.58984375,0,,
A_snapshot_z2.0_14_sigma0_stride1,A,snapshot_z2.0,2,14,0,76,0.59765625,0,,
A_snapshot_z2.0_14_sigma0_stride1,A,snapshot_z2.0,2,14,0,77,0.60546875,0,,
A_snapshot_z2.0_14_sigma0_stride1,A,snapshot_z2.0,2,14,0,78,0.61328125,0,,
A_snapshot_z2.0_14_sigma0_stride1,A,snapshot_z2.0,2,14,0,79,0.62109375,0,,
A_snapshot_z2.0_14_sigma0_stride1,A,snapshot_z2.0,2,14,0,80,0.62890625,0,,
A_snapshot_z2.0_14_sigma0_stride1,A,snapshot_z2.0,2,14,0,81,0.63671875,0,,
A_snapshot_z2.0_14_sigma0_stride1,A,snapshot_z2.0,2,14,0,82,0.64453125,0,,
A_snapshot_z2.0_14_sigma0_stride1,A,snapshot_z2.0,2,14,0,83,0.65234375,0,,
A_snapshot_z2.0_14_sigma0_stride1,A,snapshot_z2.0,2,14,0,84,0.66015625,0,,
A_snapshot_z2.0_14_sigma0_stride1,A,snapshot_z2.0,2,14,0,85,0.66796875,0,,
A_snapshot_z2.0_14_sigma0_stride1,A,snapshot_z2.0,2,14,0,86,0.67578125,0,,
A_snapshot_z2.0_14_sigma0_stride1,A,snapshot_z2.0,2,14,0,87,0.68359375,0,,
A_snapshot_z2.0_14_sigma0_stride1,A,snapshot_z2.0,2,14,0,88,0.69140625,0,,
A_snapshot_z2.0_14_sigma0_stride1,A,snapshot_z2.0,2,14,0,89,0.69921875,0,,
A_snapshot_z2.0_14_sigma0_stride1,A,snapshot_z2.0,2,14,0,90,0.70703125,0,,
A_snapshot_z2.0_14_sigma0_stride1,A,snapshot_z2.0,2,14,0,91,0.71484375,0,,
A_snapshot_z2.0_14_sigma0_stride1,A,snapshot_z2.0,2,14,0,92,0.72265625,0,,
A_snapshot_z2.0_14_sigma0_stride1,A,snapshot_z2.0,2,14,0,93,0.73046875,0,,
A_snapshot_z2.0_14_sigma0_stride1,A,snapshot_z2.0,2,14,0,94,0.73828125,0,,
A_snapshot_z2.0_14_sigma0_stride1,A,snapshot_z2.0,2,14,0,95,0.74609375,0,,
A_snapshot_z2.0_14_sigma0_stride1,A,snapshot_z2.0,2,14,0,96,0.75390625,0,,
A_snapshot_z2.0_14_sigma0_stride1,A,snapshot_z2.0,2,14,0,97,0.76171875,0,,
A_snapshot_z2.0_14_sigma0_stride1,A,snapshot_z2.0,2,14,0,98,0.76953125,0,,
A_snapshot_z2.0_14_sigma0_stride1,A,snapshot_z2.0,2,14,0,99,0.77734375,0,,
A_snapshot_z2.0_14_sigma0_stride1,A,snapshot_z2.0,2,14,0,100,0.78515625,0,,
A_snapshot_z2.0_14_sigma0_stride1,A,snapshot_z2.0,2,14,0,101,0.79296875,0,,
A_snapshot_z2.0_14_sigma0_stride1,A,snapshot_z2.0,2,14,0,102,0.80078125,0,,
A_snapshot_z2.0_14_sigma0_stride1,A,snapshot_z2.0,2,14,0,103,0.80859375,0,,
A_snapshot_z2.0_14_sigma0_stride1,A,snapshot_z2.0,2,14,0,104,0.81640625,0,,
A_snapshot_z2.0_14_sigma0_stride1,A,snapshot_z2.0,2,14,0,105,0.82421875,0,,
A_snapshot_z2.0_14_sigma0_stride1,A,snapshot_z2.0,2,14,0,106,0.83203125,0,,
A_snapshot_z2.0_14_sigma0_stride1,A,snapshot_z2.0,2,14,0,107,0.83984375,0,,
A_snapshot_z2.0_14_sigma0_stride1,A,snapshot_z2.0,2,14,0,108,0.84765625,0,,
A_snapshot_z2.0_14_sigma0_stride1,A,snapshot_z2.0,2,14,0,109,0.85546875,0,,
A_snapshot_z2.0_14_sigma0_stride1,A,snapshot_z2.0,2,14,0,110,0.86328125,0,,
A_snapshot_z2.0_14_sigma0_stride1,A,snapshot_z2.0,2,14,0,111,0.87109375,0,,
A_snapshot_z2.0_14_sigma0_stride1,A,snapshot_z2.0,2,14,0,112,0.87890625,0,,
A_snapshot_z2.0_14_sigma0_stride1,A,snapshot_z2.0,2,14,0,113,0.88671875,0,,
A_snapshot_z2.0_14_sigma0_stride1,A,snapshot_z2.0,2,14,0,114,0.89453125,0,,
A_snapshot_z2.0_14_sigma0_stride1,A,snapshot_z2.0,2,14,0,115,0.90234375,0,,
A_snapshot_z2.0_14_sigma0_stride1,A,snapshot_z2.0,2,14,0,116,0.91015625,0,,
A_snapshot_z2.0_14_sigma0_stride1,A,snapshot_z2.0,2,14,0,117,0.91796875,0,,
A_snapshot_z2.0_14_sigma0_stride1,A,snapshot_z2.0,2,14,0,118,0.92578125,0,,
A_snapshot_z2.0_14_sigma0_stride1,A,snapshot_z2.0,2,14,0,119,0.93359375,0,,
A_snapshot_z2.0_14_sigma0_stride1,A,snapshot_z2.0,2,14,0,120,0.94140625,0,,
A_snapshot_z2.0_14_sigma0_stride1,A,snapshot_z2.0,2,14,0,121,0.94921875,0,,
A_snapshot_z2.0_14_sigma0_stride1,A,snapshot_z2.0,2,14,0,122,0.95703125,0,,
A_snapshot_z2.0_14_sigma0_stride1,A,snapshot_z2.0,2,14,0,123,0.96484375,0,,
A_snapshot_z2.0_14_sigma0_stride1,A,snapshot_z2.0,2,14,0,124,0.97265625,0,,
A_snapshot_z2.0_14_sigma0_stride1,A,snapshot_z2.0,2,14,0,125,0.98046875,0,,
A_snapshot_z2.0_14_sigma0_stride1,A,snapshot_z2.0,2,14,0,126,0.98828125,0,,
A_snapshot_z2.0_14_sigma0_stride1,A,snapshot_z2.0,2,14,0,127,0.99609375,0,,
A_snapshot_z1.0_14_sigma50_stride1,A,snapshot_z1.0,1,14,0.05,0,0.00390625,0.020639398898301,false,false
A_snapshot_z1.0_14_sigma50_stride1,A,snapshot_z1.0,1,14,0.05,1,0.01171875,0.0353744645920997,false,false
A_snapshot_z1.0_14_sigma50_stride1,A,snapshot_z1.0,1,14,0.05,2,0.01953125,0.0262743306269461,false,false
A_snapshot_z1.0_14_sigma50_stride1,A,snapshot_z1.0,1,14,0.05,3,0.02734375,0.0256830217176479,false,false
A_snapshot_z1.0_14_sigma50_stride1,A,snapshot_z1.0,1,14,0.05,4,0.03515625,0.0378127463620161,false,false
A_snapshot_z1.0_14_sigma50_stride1,A,snapshot_z1.0,1,14,0.05,5,0.04296875,0.0400783017841446,false,false
A_snapshot_z1.0_14_sigma50_stride1,A,snapshot_z1.0,1,14,0.05,6,0.05078125,0.0194405227494475,false,false
A_snapshot_z1.0_14_sigma50_stride1,A,snapshot_z1.0,1,14,0.05,7,0.05859375,0.0262751287568834,false,false
A_snapshot_z1.0_14_sigma50_stride1,A,snapshot_z1.0,1,14,0.05,8,0.06640625,0.0348855176157664,false,false
A_snapshot_z1.0_14_sigma50_stride1,A,snapshot_z1.0,1,14,0.05,9,0.07421875,0.0364600039093404,false,false
A_snapshot_z1.0_14_sigma50_stride1,A,snapshot_z1.0,1,14,0.05,10,0.08203125,0.0328628761776525,false,false
A_snapshot_z1.0_14_sigma50_stride1,A,snapshot_z1.0,1,14,0.05,11,0.08984375,0.0364192161347255,false,false
A_snapshot_z1.0_14_sigma50_stride1,A,snapshot_z1.0,1,14,0.05,12,0.09765625,0.0360298731722912,false,false
A_snapshot_z1.0_14_sigma50_stride1,A,snapshot_z1.0,1,14,0.05,13,0.10546875,0.0228194376504596,false,false
A_snapshot_z1.0_14_sigma50_stride1,A,snapshot_z1.0,1,14,0.05,14,0.11328125,0.0506748543155068,false,false
A_snapshot_z1.0_14_sigma50_stride1,A,snapshot_z1.0,1,14,0.05,15,0.12109375,0.0231404639275648,false,false
A_snapshot_z1.0_14_sigma50_stride1,A,snapshot_z1.0,1,14,0.05,16,0.12890625,0.0227581834424483,false,false
A_snapshot_z1.0_14_sigma50_stride1,A,snapshot_z1.0,1,14,0.05,17,0.13671875,0.0552910392237391,false,false
A_snapshot_z1.0_14_sigma50_stride1,A,snapshot_z1.0,1,14,0.05,18,0.14453125,0.0367893073611287,false,false
A_snapshot_z1.0_14_sigma50_stride1,A,snapshot_z1.0,1,14,0.05,19,0.15234375,0.036586210702392,false,false
A_snapshot_z1.0_14_sigma50_stride1,A,snapshot_z1.0,1,14,0.05,20,0.16015625,0.0435419998128004,false,false
A_snapshot_z1.0_14_sigma50_stride1,A,snapshot_z1.0,1,14,0.05,21,0.16796875,0.057079997084552,false,true
A_snapshot_z1.0_14_sigma50_stride1,A,snapshot_z1.0,1,14,0.05,22,0.17578125,0.0260883154948089,false,false
A_snapshot_z1.0_14_sigma50_stride1,A,snapshot_z1.0,1,14,0.05,23,0.18359375,0.0274538559854493,false,false
A_snapshot_z1.0_14_sigma50_stride1,A,snapshot_z1.0,1,14,0.05,24,0.19140625,0.0340730550202495,false,false
A_snapshot_z1.0_14_sigma50_stride1,A,snapshot_z1.0,1,14,0.05,25,0.19921875,0.0288056318688411,false,false
A_snapshot_z1.0_14_sigma50_stride1,A,snapshot_z1.0,1,14,0.05,26,0.20703125,0.035514617023484,false,false
A_snapshot_z1.0_14_sigma50_stride1,A,snapshot_z1.0,1,14,0.05,27,0.21484375,0.0418453253684472,false,false
A_snapshot_z1.0_14_sigma50_stride1,A,snapshot_z1.0,1,14,0.05,28,0.22265625,0.0553567856860404,false,false
A_snapshot_z1.0_14_sigma50_stride1,A,snapshot_z1.0,1,14,0.05,29,0.23046875,0.0411550874957368,false,false
A_snapshot_z1.0_14_sigma50_stride1,A,snapshot_z1.0,1,14,0.05,30,0.23828125,0.028610675006328,false,false
A_snapshot_z1.0_14_sigma50_stride1,A,snapshot_z1.0,1,14,0.05,31,0.24609375,0.0230334887436749,false,false
A_snapshot_z1.0_14_sigma50_stride1,A,snapshot_z1.0,1,14,0.05,32,0.25390625,0.0577761799718922,true,true
A_snapshot_z1.0_14_sigma50_stride1,A,snapshot_z1.0,1,14,0.05,33,0.26171875,0.036129851689869,false,false
A_snapshot_z1.0_14_sigma50_stride1,A,snapshot_z1.0,1,14,0.05,34,0.26953125,0.0278224489636401,false,false
A_snapshot_z1.0_14_sigma50_stride1,A,snapshot_z1.0,1,14,0.05,35,0.27734375,0.0362402700817715,false,false
A_snapshot_z1.0_14_sigma50_stride1,A,snapshot_z1.0,1,14,0.05,36,0.28515625,0.0486804420494907,false,false
A_snapshot_z1.0_14_sigma50_stride1,A,snapshot_z1.0,1,14,0.05,37,0.29296875,0.025208608303107,false,false
A_snapshot_z1.0_14_sigma50_stride1,A,snapshot_z1.0,1,14,0.05,38,0.30078125,0.033175706479209,false,false
A_snapshot_z1.0_14_sigma50_stride1,A,snapshot_z1.0,1,14,0.05,39,0.30859375,0.0407238553356847,false,false
A_snapshot_z1.0_14_sigma50_stride1,A,snapshot_z1.0,1,14,0.05,40,0.31640625,0.0300414938065712,false,false
A_snapshot_z1.0_14_sigma50_stride1,A,snapshot_z1.0,1,14,0.05,41,0.32421875,0.020587212610409,false,false
A_snapshot_z1.0_14_sigma50_stride1,A,snapshot_z1.0,1,14,0.05,42,0.33203125,0.0203720891089123,false,false
A_snapshot_z1.0_14_sigma50_stride1,A,snapshot_z1.0,1,14,0.05,43,0.33984375,0.0283153033644746,false,false
A_snapshot_z1.0_14_sigma50_stride1,A,snapshot_z1.0,1,14,0.05,44,0.34765625,0.0441665826831823,false,false
A_snapshot_z1.0_14_sigma50_stride1,A,snapshot_z1.0,1,14,0.05,45,0.35546875,0.0667989598467159,true,true
A_snapshot_z1.0_14_sigma50_stride1,A,snapshot_z1.0,1,14,0.05,46,0.36328125,0.0633181197626045,true,true
A_snapshot_z1.0_14_sigma50_stride1,A,snapshot_z1.0,1,14,0.05,47,0.37109375,0.0457090649542661,false,false
A_snapshot_z1.0_14_sigma50_stride1,A,snapshot_z1.0,1,14,0.05,48,0.37890625,0.04660080125688,false,false
A_snapshot_z1.0_14_sigma50_stride1,A,snapshot_z1.0,1,14,0.05,49,0.38671875,0.0214369286848973,false,false
A_snapshot_z1.0_14_sigma50_stride1,A,snapshot_z1.0,1,14,0.05,50,0.39453125,0.0591395866244634,true,true
A_snapshot_z1.0_14_sigma50_stride1,A,snapshot_z1.0,1,14,0.05,51,0.40234375,0.0658107908716146,true,true
A_snapshot_z1.0_14_sigma50_stride1,A,snapshot_z1.0,1,14,0.05,52,0.41015625,0.0370909484116126,false,false
A_snapshot_z1.0_14_sigma50_stride1,A,snapshot_z1.0,1,14,0.05,53,0.41796875,0.0277783758390246,false,false
A_snapshot_z1.0_14_sigma50_stride1,A,snapshot_z1.0,1,14,0.05,54,0.42578125,0.053192607380438,false,false
A_snapshot_z1.0_14_sigma50_stride1,A,snapshot_z1.0,1,14,0.05,55,0.43359375,0.0428623692208321,false,false
A_snapshot_z1.0_14_sigma50_stride1,A,snapshot_z1.0,1,14,0.05,56,0.44140625,0.0273269009060598,false,false
A_snapshot_z1.0_14_sigma50_stride1,A,snapshot_z1.0,1,14,0.05,57,0.44921875,0.0280292853806817,false,false
A_snapshot_z1.0_14_sigma50_stride1,A,snapshot_z1.0,1,14,0.05,58,0.45703125,0.0376099161225898,false,false
A_snapshot_z1.0_14_sigma50_stride1,A,snapshot_z1.0,1,14,0.05,59,0.46484375,0.0246970722794283,false,false
A_snapshot_z1.0_14_sigma50_stride1,A,snapshot_z1.0,1,14,0.05,60,0.47265625,0.026198626548597,false,false
A_snapshot_z1.0_14_sigma50_stride1,A,snapshot_z1.0,1,14,0.05,61,0.48046875,0.0343387938089097,false,false
A_snapshot_z1.0_14_sigma50_stride1,A,snapshot_z1.0,1,14,0.05,62,0.48828125,0.0247949811137599,false,false
A_snapshot_z1.0_14_sigma50_stride1,A,snapshot_z1.0,1,14,0.05,63,0.49609375,0.0471724777619275,false,false
A_snapshot_z1.0_14_sigma50_stride1,A,snapshot_z1.0,1,14,0.05,64,0.50390625,0.0366598083778992,false,false
A_snapshot_z1.0_14_sigma50_stride1,A,snapshot_z1.0,1,14,0.05,65,0.51171875,0.0296144557816495,false,false
A_snapshot_z1.0_14_sigma50_stride1,A,snapshot_z1.0,1,14,0.05,66,0.51953125,0.0296144557816495,false,false
A_snapshot_z1.0_14_sigma50_stride1,A,snapshot_z1.0,1,14,0.05,67,0.52734375,0.0495100725297898,false,false
A_snapshot_z1.0_14_sigma50_stride1,A,snapshot_z1.0,1,14,0.05,68,0.53515625,0.0250777867402062,false,false
A_snapshot_z1.0_14_sigma50_stride1,A,snapshot_z1.0,1,14,0.05,69,0.54296875,0.0206030885914792,false,false
A_snapshot_z1.0_14_sigma50_stride1,A,snapshot_z1.0,1,14,0.05,70,0.55078125,0.0532387710422062,false,false
A_snapshot_z1.0_14_sigma50_stride1,A,snapshot_z1.0,1,14,0.05,71,0.55859375,0.0297314952502426,false,false
A_snapshot_z1.0_14_sigma50_stride1,A,snapshot_z1.0,1,14,0.05,72,0.56640625,0.0425605119258688,false,false
A_snapshot_z1.0_14_sigma50_stride1,A,snapshot_z1.0,1,14,0.05,73,0.57421875,0.0445624697020109,false,false
A_snapshot_z1.0_14_sigma50_stride1,A,snapshot_z1.0,1,14,0.05,74,0.58203125,0.0366178505168299,false,false
A_snapshot_z1.0_14_sigma50_stride1,A,snapshot_z1.0,1,14,0.05,75,0.58984375,0.0414526559554488,false,false
A_snapshot_z1.0_14_sigma50_stride1,A,snapshot_z1.0,1,14,0.05,76,0.59765625,0.0286862168764459,false,false
A_snapshot_z1.0_14_sigma50_stride1,A,snapshot_z1.0,1,14,0.05,77,0.60546875,0.0318357225151321,false,false
A_snapshot_z1.0_14_sigma50_stride1,A,snapshot_z1.0,1,14,0.05,78,0.61328125,0.037036838549984,false,false
A_snapshot_z1.0_14_sigma50_stride1,A,snapshot_z1.0,1,14,0.05,79,0.62109375,0.0347594910494675,false,false
A_snapshot_z1.0_14_sigma50_stride1,A,snapshot_z1.0,1,14,0.05,80,0.62890625,0.0274469003444224,false,false
A_snapshot_z1.0_14_sigma50_stride1,A,snapshot_z1.0,1,14,0.05,81,0.63671875,0.0425282260274991,false,false
A_snapshot_z1.0_14_sigma50_stride1,A,snapshot_z1.0,1,14,0.05,82,0.64453125,0.0478648596989695,false,false
A_snapshot_z1.0_14_sigma50_stride1,A,snapshot_z1.0,1,14,0.05,83,0.65234375,0.0419742860382288,false,false
A_snapshot_z1.0_14_sigma50_stride1,A,snapshot_z1.0,1,14,0.05,84,0.66015625,0.0725273396726686,true,true
A_snapshot_z1.0_14_sigma50_stride1,A,snapshot_z1.0,1,14,0.05,85,0.66796875,0.0321086415554503,false,false
A_snapshot_z1.0_14_sigma50_stride1,A,snapshot_z1.0,1,14,0.05,86,0.67578125,0.0379160464032868,false,false
A_snapshot_z1.0_14_sigma50_stride1,A,snapshot_z1.0,1,14,0.05,87,0.68359375,0.0348932437057783,false,false
A_snapshot_z1.0_14_sigma50_stride1,A,snapshot_z1.0,1,14,0.05,88,0.69140625,0.0338566464570629,false,false
A_snapshot_z1.0_14_sigma50_stride1,A,snapshot_z1.0,1,14,0.05,89,0.69921875,0.054654452388098,false,false
A_snapshot_z1.0_14_sigma50_stride1,A,snapshot_z1.0,1,14,0.05,90,0.70703125,0.0438149487393444,false,false
A_snapshot_z1.0_14_sigma50_stride1,A,snapshot_z1.0,1,14,0.05,91,0.71484375,0.0372922541365146,false,false
A_snapshot_z1.0_14_sigma50_stride1,A,snapshot_z1.0,1,14,0.05,92,0.72265625,0.0477012492775666,false,false
A_snapshot_z1.0_14_sigma50_stride1,A,snapshot_z1.0,1,14,0.05,93,0.73046875,0.0501765250433622,false,false
A_snapshot_z1.0_14_sigma50_stride1,A,snapshot_z1.0,1,14,0.05,94,0.73828125,0.047607996928085,false,false
A_snapshot_z1.0_14_sigma50_stride1,A,snapshot_z1.0,1,14,0.05,95,0.74609375,0.0343387830943083,false,false
A_snapshot_z1.0_14_sigma50_stride1,A,snapshot_z1.0,1,14,0.05,96,0.75390625,0.0254322651943494,false,false
A_snapshot_z1.0_14_sigma50_stride1,A,snapshot_z1.0,1,14,0.05,97,0.76171875,0.0574969709190737,true,true
A_snapshot_z1.0_14_sigma50_stride1,A,snapshot_z1.0,1,14,0.05,98,0.76953125,0.0330131630298343,false,false
A_snapshot_z1.0_14_sigma50_stride1,A,snapshot_z1.0,1,14,0.05,99,0.77734375,0.0447136441142452,false,false
A_snapshot_z1.0_14_sigma50_stride1,A,snapshot_z1.0,1,14,0.05,100,0.78515625,0.0374758195274015,false,false
A_snapshot_z1.0_14_sigma50_stride1,A,snapshot_z1.0,1,14,0.05,101,0.79296875,0.0504351792824992,false,false
A_snapshot_z1.0_14_sigma50_stride1,A,snapshot_z1.0,1,14,0.05,102,0.80078125,0.0411086614646878,false,false
A_snapshot_z1.0_14_sigma50_stride1,A,snapshot_z1.0,1,14,0.05,103,0.80859375,0.0215359925211283,false,false
A_snapshot_z1.0_14_sigma50_stride1,A,snapshot_z1.0,1,14,0.05,104,0.81640625,0.0336326099674176,false,false
A_snapshot_z1.0_14_sigma50_stride1,A,snapshot_z1.0,1,14,0.05,105,0.82421875,0.0284462038411109,false,false
A_snapshot_z1.0_14_sigma50_stride1,A,snapshot_z1.0,1,14,0.05,106,0.83203125,0.0200502207257093,false,false
A_snapshot_z1.0_14_sigma50_stride1,A,snapshot_z1.0,1,14,0.05,107,0.83984375,0.0238683825063276,false,false
A_snapshot_z1.0_14_sigma50_stride1,A,snapshot_z1.0,1,14,0.05,108,0.84765625,0.035389064755866,false,false
A_snapshot_z1.0_14_sigma50_stride1,A,snapshot_z1.0,1,14,0.05,109,0.85546875,0.0215610430073075,false,false
A_snapshot_z1.0_14_sigma50_stride1,A,snapshot_z1.0,1,14,0.05,110,0.86328125,0.0276390929013879,false,false
A_snapshot_z1.0_14_sigma50_stride1,A,snapshot_z1.0,1,14,0.05,111,0.87109375,0.0399593492298196,false,false
A_snapshot_z1.0_14_sigma50_stride1,A,snapshot_z1.0,1,14,0.05,112,0.87890625,0.0607208150658752,true,true
A_snapshot_z1.0_14_sigma50_stride1,A,snapshot_z1.0,1,14,0.05,113,0.88671875,0.0510022439686484,false,false
A_snapshot_z1.0_14_sigma50_stride1,A,snapshot_z1.0,1,14,0.05,114,0.89453125,0.031261942834942,false,false
A_snapshot_z1.0_14_sigma50_stride1,A,snapshot_z1.0,1,14,0.05,115,0.90234375,0.0412102494156485,false,false
A_snapshot_z1.0_14_sigma50_stride1,A,snapshot_z1.0,1,14,0.05,116,0.91015625,0.0509031821639266,false,false
A_snapshot_z1.0_14_sigma50_stride1,A,snapshot_z1.0,1,14,0.05,117,0.91796875,0.0248820870003127,false,false
A_snapshot_z1.0_14_sigma50_stride1,A,snapshot_z1.0,1,14,0.05,118,0.92578125,0.0332916266609071,false,false
A_snapshot_z1.0_14_sigma50_stride1,A,snapshot_z1.0,1,14,0.05,119,0.93359375,0.0367612594598023,false,false
A_snapshot_z1.0_14_sigma50_stride1,A,snapshot_z1.0,1,14,0.05,120,0.94140625,0.0387619401245337,false,false
A_snapshot_z1.0_14_sigma50_stride1,A,snapshot_z1.0,1,14,0.05,121,0.94921875,0.0308260511026809,false,false
A_snapshot_z1.0_14_sigma50_stride1,A,snapshot_z1.0,1,14,0.05,122,0.95703125,0.0344164044211039,false,false
A_snapshot_z1.0_14_sigma50_stride1,A,snapshot_z1.0,1,14,0.05,123,0.96484375,0.0413987799861511,false,false
A_snapshot_z1.0_14_sigma50_stride1,A,snapshot_z1.0,1,14,0.05,124,0.97265625,0.0225483937265167,false,false
A_snapshot_z1.0_14_sigma50_stride1,A,snapshot_z1.0,1,14,0.05,125,0.98046875,0.0245148606250252,false,false
A_snapshot_z1.0_14_sigma50_stride1,A,snapshot_z1.0,1,14,0.05,126,0.98828125,0.0391640332410357,false,false
A_snapshot_z1.0_14_sigma50_stride1,A,snapshot_z1.0,1,14,0.05,127,0.99609375,0.0243457869881825,false,false
A_snapshot_z2.0_14_sigma50_stride1,A,snapshot_z2.0,2,14,0.05,0,0.00390625,0.0308260366195778,false,false
A_snapshot_z2.0_14_sigma50_stride1,A,snapshot_z2.0,2,14,0.05,1,0.01171875,0.0265898003108602,false,false
A_snapshot_z2.0_14_sigma50_stride1,A,snapshot_z2.0,2,14,0.05,2,0.01953125,0.0360091722816124,false,false
A_snapshot_z2.0_14_sigma50_stride1,A,snapshot_z2.0,2,14,0.05,3,0.02734375,0.0195161926514674,false,false
A_snapshot_z2.0_14_sigma50_stride1,A,snapshot_z2.0,2,14,0.05,4,0.03515625,0.0378384226588079,false,false
A_snapshot_z2.0_14_sigma50_stride1,A,snapshot_z2.0,2,14,0.05,5,0.04296875,0.0371032593789039,false,false
A_snapshot_z2.0_14_sigma50_stride1,A,snapshot_z2.0,2,14,0.05,6,0.05078125,0.024916206043229,false,false
A_snapshot_z2.0_14_sigma50_stride1,A,snapshot_z2.0,2,14,0.05,7,0.05859375,0.0375979379953519,false,false
A_snapshot_z2.0_14_sigma50_stride1,A,snapshot_z2.0,2,14,0.05,8,0.06640625,0.0292363504631982,false,false
A_snapshot_z2.0_14_sigma50_stride1,A,snapshot_z2.0,2,14,0.05,9,0.07421875,0.0244461238029667,false,false
A_snapshot_z2.0_14_sigma50_stride1,A,snapshot_z2.0,2,14,0.05,10,0.08203125,0.0300982247152455,false,false
A_snapshot_z2.0_14_sigma50_stride1,A,snapshot_z2.0,2,14,0.05,11,0.08984375,0.0387669310242955,false,false
A_snapshot_z2.0_14_sigma50_stride1,A,snapshot_z2.0,2,14,0.05,12,0.09765625,0.0310655422606662,false,false
A_snapshot_z2.0_14_sigma50_stride1,A,snapshot_z2.0,2,14,0.05,13,0.10546875,0.0269149975492949,false,false
A_snapshot_z2.0_14_sigma50_stride1,A,snapshot_z2.0,2,14,0.05,14,0.11328125,0.0548883227421296,false,false
A_snapshot_z2.0_14_sigma50_stride1,A,snapshot_z2.0,2,14,0.05,15,0.12109375,0.039573082326523,false,false
A_snapshot_z2.0_14_sigma50_stride1,A,snapshot_z2.0,2,14,0.05,16,0.12890625,0.020366253445236,false,false
A_snapshot_z2.0_14_sigma50_stride1,A,snapshot_z2.0,2,14,0.05,17,0.13671875,0.0429163082954956,false,false
A_snapshot_z2.0_14_sigma50_stride1,A,snapshot_z2.0,2,14,0.05,18,0.14453125,0.0462679557664168,false,false
A_snapshot_z2.0_14_sigma50_stride1,A,snapshot_z2.0,2,14,0.05,19,0.15234375,0.0602570828625922,true,true
A_snapshot_z2.0_14_sigma50_stride1,A,snapshot_z2.0,2,14,0.05,20,0.16015625,0.0533914203544565,false,false
A_snapshot_z2.0_14_sigma50_stride1,A,snapshot_z2.0,2,14,0.05,21,0.16796875,0.0726959002060695,true,true
A_snapshot_z2.0_14_sigma50_stride1,A,snapshot_z2.0,2,14,0.05,22,0.17578125,0.0213544160940705,false,false
A_snapshot_z2.0_14_sigma50_stride1,A,snapshot_z2.0,2,14,0.05,23,0.18359375,0.0337512486200528,false,false
A_snapshot_z2.0_14_sigma50_stride1,A,snapshot_z2.0,2,14,0.05,24,0.19140625,0.0525333332070433,false,false
A_snapshot_z2.0_14_sigma50_stride1,A,snapshot_z2.0,2,14,0.05,25,0.19921875,0.0363258962908274,false,false
A_snapshot_z2.0_14_sigma50_stride1,A,snapshot_z2.0,2,14,0.05,26,0.20703125,0.0253719843838772,false,false
A_snapshot_z2.0_14_sigma50_stride1,A,snapshot_z2.0,2,14,0.05,27,0.21484375,0.0234863964127281,false,false
A_snapshot_z2.0_14_sigma50_stride1,A,snapshot_z2.0,2,14,0.05,28,0.22265625,0.0311224998945297,false,false
A_snapshot_z2.0_14_sigma50_stride1,A,snapshot_z2.0,2,14,0.05,29,0.23046875,0.0258467536589555,false,false
A_snapshot_z2.0_14_sigma50_stride1,A,snapshot_z2.0,2,14,0.05,30,0.23828125,0.025686956997243,false,false
A_snapshot_z2.0_14_sigma50_stride1,A,snapshot_z2.0,2,14,0.05,31,0.24609375,0.0373161821323711,false,false
A_snapshot_z2.0_14_sigma50_stride1,A,snapshot_z2.0,2,14,0.05,32,0.25390625,0.0643327831881392,true,true
A_snapshot_z2.0_14_sigma50_stride1,A,snapshot_z2.0,2,14,0.05,33,0.26171875,0.0237226658012637,false,false
A_snapshot_z2.0_14_sigma50_stride1,A,snapshot_z2.0,2,14,0.05,34,0.26953125,0.0499221440472167,false,false
A_snapshot_z2.0_14_sigma50_stride1,A,snapshot_z2.0,2,14,0.05,35,0.27734375,0.0398880846111644,false,false
A_snapshot_z2.0_14_sigma50_stride1,A,snapshot_z2.0,2,14,0.05,36,0.28515625,0.0502859064171983,false,false
A_snapshot_z2.0_14_sigma50_stride1,A,snapshot_z2.0,2,14,0.05,37,0.29296875,0.0238054827960092,false,false
A_snapshot_z2.0_14_sigma50_stride1,A,snapshot_z2.0,2,14,0.05,38,0.30078125,0.0298823833246487,false,false
A_snapshot_z2.0_14_sigma50_stride1,A,snapshot_z2.0,2,14,0.05,39,0.30859375,0.0328627061007249,false,false
A_snapshot_z2.0_14_sigma50_stride1,A,snapshot_z2.0,2,14,0.05,40,0.31640625,0.0242797533539076,false,false
A_snapshot_z2.0_14_sigma50_stride1,A,snapshot_z2.0,2,14,0.05,41,0.32421875,0.0269953461917915,false,false
A_snapshot_z2.0_14_sigma50_stride1,A,snapshot_z2.0,2,14,0.05,42,0.33203125,0.0288004968670895,false,false
A_snapshot_z2.0_14_sigma50_stride1,A,snapshot_z2.0,2,14,0.05,43,0.33984375,0.0264699076429692,false,false
A_snapshot_z2.0_14_sigma50_stride1,A,snapshot_z2.0,2,14,0.05,44,0.34765625,0.0384333497065348,false,false
A_snapshot_z2.0_14_sigma50_stride1,A,snapshot_z2.0,2,14,0.05,45,0.35546875,0.0673385138446361,true,true
A_snapshot_z2.0_14_sigma50_stride1,A,snapshot_z2.0,2,14,0.05,46,0.36328125,0.0633181197626047,true,true
A_snapshot_z2.0_14_sigma50_stride1,A,snapshot_z2.0,2,14,0.05,47,0.37109375,0.0669159550505214,true,true
A_snapshot_z2.0_14_sigma50_stride1,A,snapshot_z2.0,2,14,0.05,48,0.37890625,0.0565981354263094,false,true
A_snapshot_z2.0_14_sigma50_stride1,A,snapshot_z2.0,2,14,0.05,49,0.38671875,0.0224871174952414,false,false
A_snapshot_z2.0_14_sigma50_stride1,A,snapshot_z2.0,2,14,0.05,50,0.39453125,0.0530045373725396,false,false
A_snapshot_z2.0_14_sigma50_stride1,A,snapshot_z2.0,2,14,0.05,51,0.40234375,0.0658107908716146,true,true
A_snapshot_z2.0_14_sigma50_stride1,A,snapshot_z2.0,2,14,0.05,52,0.41015625,0.0383426572250568,false,false
A_snapshot_z2.0_14_sigma50_stride1,A,snapshot_z2.0,2,14,0.05,53,0.41796875,0.0227974392986661,false,false
A_snapshot_z2.0_14_sigma50_stride1,A,snapshot_z2.0,2,14,0.05,54,0.42578125,0.0531926073804376,false,false
A_snapshot_z2.0_14_sigma50_stride1,A,snapshot_z2.0,2,14,0.05,55,0.43359375,0.0345620832694706,false,false
A_snapshot_z2.0_14_sigma50_stride1,A,snapshot_z2.0,2,14,0.05,56,0.44140625,0.0255939253148295,false,false
A_snapshot_z2.0_14_sigma50_stride1,A,snapshot_z2.0,2,14,0.05,57,0.44921875,0.0381552335230525,false,false
A_snapshot_z2.0_14_sigma50_stride1,A,snapshot_z2.0,2,14,0.05,58,0.45703125,0.0392942847088222,false,false
A_snapshot_z2.0_14_sigma50_stride1,A,snapshot_z2.0,2,14,0.05,59,0.46484375,0.0380895124959629,false,false
A_snapshot_z2.0_14_sigma50_stride1,A,snapshot_z2.0,2,14,0.05,60,0.47265625,0.0389663685144788,false,false
A_snapshot_z2.0_14_sigma50_stride1,A,snapshot_z2.0,2,14,0.05,61,0.48046875,0.0363201455727035,false,false
A_snapshot_z2.0_14_sigma50_stride1,A,snapshot_z2.0,2,14,0.05,62,0.48828125,0.0305305413992342,false,false
A_snapshot_z2.0_14_sigma50_stride1,A,snapshot_z2.0,2,14,0.05,63,0.49609375,0.0363360901251155,false,false
A_snapshot_z2.0_14_sigma50_stride1,A,snapshot_z2.0,2,14,0.05,64,0.50390625,0.0251720098843143,false,false
A_snapshot_z2.0_14_sigma50_stride1,A,snapshot_z2.0,2,14,0.05,65,0.51171875,0.0361973709295697,false,false
A_snapshot_z2.0_14_sigma50_stride1,A,snapshot_z2.0,2,14,0.05,66,0.51953125,0.0406994926991659,false,false
A_snapshot_z2.0_14_sigma50_stride1,A,snapshot_z2.0,2,14,0.05,67,0.52734375,0.0244193099122729,false,false
A_snapshot_z2.0_14_sigma50_stride1,A,snapshot_z2.0,2,14,0.05,68,0.53515625,0.0264126495208936,false,false
A_snapshot_z2.0_14_sigma50_stride1,A,snapshot_z2.0,2,14,0.05,69,0.54296875,0.0278638129422993,false,false
A_snapshot_z2.0_14_sigma50_stride1,A,snapshot_z2.0,2,14,0.05,70,0.55078125,0.0489043401764573,false,false
A_snapshot_z2.0_14_sigma50_stride1,A,snapshot_z2.0,2,14,0.05,71,0.55859375,0.036655244346417,false,false
A_snapshot_z2.0_14_sigma50_stride1,A,snapshot_z2.0,2,14,0.05,72,0.56640625,0.0582659114681195,true,true
A_snapshot_z2.0_14_sigma50_stride1,A,snapshot_z2.0,2,14,0.05,73,0.57421875,0.0597434361048805,true,true
A_snapshot_z2.0_14_sigma50_stride1,A,snapshot_z2.0,2,14,0.05,74,0.58203125,0.0350330434740265,false,false
A_snapshot_z2.0_14_sigma50_stride1,A,snapshot_z2.0,2,14,0.05,75,0.58984375,0.0353684520950921,false,false
A_snapshot_z2.0_14_sigma50_stride1,A,snapshot_z2.0,2,14,0.05,76,0.59765625,0.0331438326027545,false,false
A_snapshot_z2.0_14_sigma50_stride1,A,snapshot_z2.0,2,14,0.05,77,0.60546875,0.0475658699769464,false,false
A_snapshot_z2.0_14_sigma50_stride1,A,snapshot_z2.0,2,14,0.05,78,0.61328125,0.0303035500449143,false,false
A_snapshot_z2.0_14_sigma50_stride1,A,snapshot_z2.0,2,14,0.05,79,0.62109375,0.0323621367274964,false,false
A_snapshot_z2.0_14_sigma50_stride1,A,snapshot_z2.0,2,14,0.05,80,0.62890625,0.0426813234345993,false,false
A_snapshot_z2.0_14_sigma50_stride1,A,snapshot_z2.0,2,14,0.05,81,0.63671875,0.0444370595065984,false,false
A_snapshot_z2.0_14_sigma50_stride1,A,snapshot_z2.0,2,14,0.05,82,0.64453125,0.0392085912567985,false,false
A_snapshot_z2.0_14_sigma50_stride1,A,snapshot_z2.0,2,14,0.05,83,0.65234375,0.0338087605827974,false,false
A_snapshot_z2.0_14_sigma50_stride1,A,snapshot_z2.0,2,14,0.05,84,0.66015625,0.0725273396726684,true,true
A_snapshot_z2.0_14_sigma50_stride1,A,snapshot_z2.0,2,14,0.05,85,0.66796875,0.0449089072313876,false,false
A_snapshot_z2.0_14_sigma50_stride1,A,snapshot_z2.0,2,14,0.05,86,0.67578125,0.0442561575395613,false,false
A_snapshot_z2.0_14_sigma50_stride1,A,snapshot_z2.0,2,14,0.05,87,0.68359375,0.0348932437057785,false,false
A_snapshot_z2.0_14_sigma50_stride1,A,snapshot_z2.0,2,14,0.05,88,0.69140625,0.0291781113053342,false,false
A_snapshot_z2.0_14_sigma50_stride1,A,snapshot_z2.0,2,14,0.05,89,0.69921875,0.0487103390835965,false,false
A_snapshot_z2.0_14_sigma50_stride1,A,snapshot_z2.0,2,14,0.05,90,0.70703125,0.0484531245964747,false,false
A_snapshot_z2.0_14_sigma50_stride1,A,snapshot_z2.0,2,14,0.05,91,0.71484375,0.0390996305942354,false,false
A_snapshot_z2.0_14_sigma50_stride1,A,snapshot_z2.0,2,14,0.05,92,0.72265625,0.018926704016327,false,false
A_snapshot_z2.0_14_sigma50_stride1,A,snapshot_z2.0,2,14,0.05,93,0.73046875,0.0516204981023703,false,false
A_snapshot_z2.0_14_sigma50_stride1,A,snapshot_z2.0,2,14,0.05,94,0.73828125,0.0554801821167021,false,false
A_snapshot_z2.0_14_sigma50_stride1,A,snapshot_z2.0,2,14,0.05,95,0.74609375,0.0360252473904481,false,false
A_snapshot_z2.0_14_sigma50_stride1,A,snapshot_z2.0,2,14,0.05,96,0.75390625,0.0306543272962666,false,false
A_snapshot_z2.0_14_sigma50_stride1,A,snapshot_z2.0,2,14,0.05,97,0.76171875,0.0364244988985989,false,false
A_snapshot_z2.0_14_sigma50_stride1,A,snapshot_z2.0,2,14,0.05,98,0.76953125,0.0394349333902039,false,false
A_snapshot_z2.0_14_sigma50_stride1,A,snapshot_z2.0,2,14,0.05,99,0.77734375,0.0364349007171346,false,false
A_snapshot_z2.0_14_sigma50_stride1,A,snapshot_z2.0,2,14,0.05,100,0.78515625,0.0407144639756848,false,false
A_snapshot_z2.0_14_sigma50_stride1,A,snapshot_z2.0,2,14,0.05,101,0.79296875,0.0406147160450684,false,false
A_snapshot_z2.0_14_sigma50_stride1,A,snapshot_z2.0,2,14,0.05,102,0.80078125,0.034180066702624,false,false
A_snapshot_z2.0_14_sigma50_stride1,A,snapshot_z2.0,2,14,0.05,103,0.80859375,0.0302780141917871,false,false
A_snapshot_z2.0_14_sigma50_stride1,A,snapshot_z2.0,2,14,0.05,104,0.81640625,0.0310648776274017,false,false
A_snapshot_z2.0_14_sigma50_stride1,A,snapshot_z2.0,2,14,0.05,105,0.82421875,0.0258260580457357,false,false
A_snapshot_z2.0_14_sigma50_stride1,A,snapshot_z2.0,2,14,0.05,106,0.83203125,0.0268961135405744,false,false
A_snapshot_z2.0_14_sigma50_stride1,A,snapshot_z2.0,2,14,0.05,107,0.83984375,0.0342484507994977,false,false
A_snapshot_z2.0_14_sigma50_stride1,A,snapshot_z2.0,2,14,0.05,108,0.84765625,0.0435291236414133,false,false
A_snapshot_z2.0_14_sigma50_stride1,A,snapshot_z2.0,2,14,0.05,109,0.85546875,0.0346600606942172,false,false
A_snapshot_z2.0_14_sigma50_stride1,A,snapshot_z2.0,2,14,0.05,110,0.86328125,0.0358189881549667,false,false
A_snapshot_z2.0_14_sigma50_stride1,A,snapshot_z2.0,2,14,0.05,111,0.87109375,0.0399942527012614,false,false
A_snapshot_z2.0_14_sigma50_stride1,A,snapshot_z2.0,2,14,0.05,112,0.87890625,0.0438763915942847,false,false
A_snapshot_z2.0_14_sigma50_stride1,A,snapshot_z2.0,2,14,0.05,113,0.88671875,0.0245392395774847,false,false
A_snapshot_z2.0_14_sigma50_stride1,A,snapshot_z2.0,2,14,0.05,114,0.89453125,0.0417168618670398,false,false
A_snapshot_z2.0_14_sigma50_stride1,A,snapshot_z2.0,2,14,0.05,115,0.90234375,0.0394525041324848,false,false
A_snapshot_z2.0_14_sigma50_stride1,A,snapshot_z2.0,2,14,0.05,116,0.91015625,0.0305230139906366,false,false
A_snapshot_z2.0_14_sigma50_stride1,A,snapshot_z2.0,2,14,0.05,117,0.91796875,0.0303232617657073,false,false
A_snapshot_z2.0_14_sigma50_stride1,A,snapshot_z2.0,2,14,0.05,118,0.92578125,0.0332916266609068,false,false
A_snapshot_z2.0_14_sigma50_stride1,A,snapshot_z2.0,2,14,0.05,119,0.93359375,0.0245279558124352,false,false
A_snapshot_z2.0_14_sigma50_stride1,A,snapshot_z2.0,2,14,0.05,120,0.94140625,0.0438262433074982,false,false
A_snapshot_z2.0_14_sigma50_stride1,A,snapshot_z2.0,2,14,0.05,121,0.94921875,0.0438262433074982,false,false
A_snapshot_z2.0_14_sigma50_stride1,A,snapshot_z2.0,2,14,0.05,122,0.95703125,0.0454611304167796,false,false
A_snapshot_z2.0_14_sigma50_stride1,A,snapshot_z2.0,2,14,0.05,123,0.96484375,0.0252348438505119,false,false
A_snapshot_z2.0_14_sigma50_stride1,A,snapshot_z2.0,2,14,0.05,124,0.97265625,0.0241318259870971,false,false
A_snapshot_z2.0_14_sigma50_stride1,A,snapshot_z2.0,2,14,0.05,125,0.98046875,0.0291855229886042,false,false
A_snapshot_z2.0_14_sigma50_stride1,A,snapshot_z2.0,2,14,0.05,126,0.98828125,0.0334261892003207,false,false
A_snapshot_z2.0_14_sigma50_stride1,A,snapshot_z2.0,2,14,0.05,127,0.99609375,0.0415008839897433,false,false
A_snapshot_z1.0_14_sigma100_stride1,A,snapshot_z1.0,1,14,0.1,0,0.00390625,0.0493471166553877,,false
A_snapshot_z1.0_14_sigma100_stride1,A,snapshot_z1.0,1,14,0.1,1,0.01171875,0.0402189349149498,,false
A_snapshot_z1.0_14_sigma100_stride1,A,snapshot_z1.0,1,14,0.1,2,0.01953125,0.0297052684472958,,false
A_snapshot_z1.0_14_sigma100_stride1,A,snapshot_z1.0,1,14,0.1,3,0.02734375,0.0407316792367126,,false
A_snapshot_z1.0_14_sigma100_stride1,A,snapshot_z1.0,1,14,0.1,4,0.03515625,0.0484834697162252,,false
A_snapshot_z1.0_14_sigma100_stride1,A,snapshot_z1.0,1,14,0.1,5,0.04296875,0.0591024934696308,,false
A_snapshot_z1.0_14_sigma100_stride1,A,snapshot_z1.0,1,14,0.1,6,0.05078125,0.0476549238141669,,false
A_snapshot_z1.0_14_sigma100_stride1,A,snapshot_z1.0,1,14,0.1,7,0.05859375,0.0545040061998111,,false
A_snapshot_z1.0_14_sigma100_stride1,A,snapshot_z1.0,1,14,0.1,8,0.06640625,0.0445015028851887,,false
A_snapshot_z1.0_14_sigma100_stride1,A,snapshot_z1.0,1,14,0.1,9,0.07421875,0.032521439336741,,false
A_snapshot_z1.0_14_sigma100_stride1,A,snapshot_z1.0,1,14,0.1,10,0.08203125,0.0498171164868487,,false
A_snapshot_z1.0_14_sigma100_stride1,A,snapshot_z1.0,1,14,0.1,11,0.08984375,0.025757182066024,,false
A_snapshot_z1.0_14_sigma100_stride1,A,snapshot_z1.0,1,14,0.1,12,0.09765625,0.0413499381817548,,false
A_snapshot_z1.0_14_sigma100_stride1,A,snapshot_z1.0,1,14,0.1,13,0.10546875,0.051404863115562,,false
A_snapshot_z1.0_14_sigma100_stride1,A,snapshot_z1.0,1,14,0.1,14,0.11328125,0.0341221120488996,,false
A_snapshot_z1.0_14_sigma100_stride1,A,snapshot_z1.0,1,14,0.1,15,0.12109375,0.0665671484799659,,false
A_snapshot_z1.0_14_sigma100_stride1,A,snapshot_z1.0,1,14,0.1,16,0.12890625,0.0423206370528129,,false
A_snapshot_z1.0_14_sigma100_stride1,A,snapshot_z1.0,1,14,0.1,17,0.13671875,0.0279493101621731,,false
A_snapshot_z1.0_14_sigma100_stride1,A,snapshot_z1.0,1,14,0.1,18,0.14453125,0.026240130095187,,false
A_snapshot_z1.0_14_sigma100_stride1,A,snapshot_z1.0,1,14,0.1,19,0.15234375,0.0272443023465967,,false
A_snapshot_z1.0_14_sigma100_stride1,A,snapshot_z1.0,1,14,0.1,20,0.16015625,0.0418875707385478,,false
A_snapshot_z1.0_14_sigma100_stride1,A,snapshot_z1.0,1,14,0.1,21,0.16796875,0.107080506024441,,true
A_snapshot_z1.0_14_sigma100_stride1,A,snapshot_z1.0,1,14,0.1,22,0.17578125,0.0505680585549624,,false
A_snapshot_z1.0_14_sigma100_stride1,A,snapshot_z1.0,1,14,0.1,23,0.18359375,0.0404858027053818,,false
A_snapshot_z1.0_14_sigma100_stride1,A,snapshot_z1.0,1,14,0.1,24,0.19140625,0.0893166518865234,,true
A_snapshot_z1.0_14_sigma100_stride1,A,snapshot_z1.0,1,14,0.1,25,0.19921875,0.0557429665363615,,false
A_snapshot_z1.0_14_sigma100_stride1,A,snapshot_z1.0,1,14,0.1,26,0.20703125,0.0878001375948347,,false
A_snapshot_z1.0_14_sigma100_stride1,A,snapshot_z1.0,1,14,0.1,27,0.21484375,0.0558156443813452,,false
A_snapshot_z1.0_14_sigma100_stride1,A,snapshot_z1.0,1,14,0.1,28,0.22265625,0.0483008892117978,,false
A_snapshot_z1.0_14_sigma100_stride1,A,snapshot_z1.0,1,14,0.1,29,0.23046875,0.077142654741663,,false
A_snapshot_z1.0_14_sigma100_stride1,A,snapshot_z1.0,1,14,0.1,30,0.23828125,0.0724422237530817,,false
A_snapshot_z1.0_14_sigma100_stride1,A,snapshot_z1.0,1,14,0.1,31,0.24609375,0.0341599146553216,,false
A_snapshot_z1.0_14_sigma100_stride1,A,snapshot_z1.0,1,14,0.1,32,0.25390625,0.0389900152345629,,false
A_snapshot_z1.0_14_sigma100_stride1,A,snapshot_z1.0,1,14,0.1,33,0.26171875,0.0427647503769151,,false
A_snapshot_z1.0_14_sigma100_stride1,A,snapshot_z1.0,1,14,0.1,34,0.26953125,0.0436047372826502,,false
A_snapshot_z1.0_14_sigma100_stride1,A,snapshot_z1.0,1,14,0.1,35,0.27734375,0.0279091351179369,,false
A_snapshot_z1.0_14_sigma100_stride1,A,snapshot_z1.0,1,14,0.1,36,0.28515625,0.0513499679108941,,false
A_snapshot_z1.0_14_sigma100_stride1,A,snapshot_z1.0,1,14,0.1,37,0.29296875,0.0659672209663021,,false
A_snapshot_z1.0_14_sigma100_stride1,A,snapshot_z1.0,1,14,0.1,38,0.30078125,0.059614511331577,,false
A_snapshot_z1.0_14_sigma100_stride1,A,snapshot_z1.0,1,14,0.1,39,0.30859375,0.0425326163434439,,false
A_snapshot_z1.0_14_sigma100_stride1,A,snapshot_z1.0,1,14,0.1,40,0.31640625,0.0273931771736744,,false
A_snapshot_z1.0_14_sigma100_stride1,A,snapshot_z1.0,1,14,0.1,41,0.32421875,0.0712783159366895,,false
A_snapshot_z1.0_14_sigma100_stride1,A,snapshot_z1.0,1,14,0.1,42,0.33203125,0.0903463748149754,,true
A_snapshot_z1.0_14_sigma100_stride1,A,snapshot_z1.0,1,14,0.1,43,0.33984375,0.0496799017780948,,false
A_snapshot_z1.0_14_sigma100_stride1,A,snapshot_z1.0,1,14,0.1,44,0.34765625,0.0818039877121293,,false
A_snapshot_z1.0_14_sigma100_stride1,A,snapshot_z1.0,1,14,0.1,45,0.35546875,0.0804221735699546,,false
A_snapshot_z1.0_14_sigma100_stride1,A,snapshot_z1.0,1,14,0.1,46,0.36328125,0.0404578032020682,,false
A_snapshot_z1.0_14_sigma100_stride1,A,snapshot_z1.0,1,14,0.1,47,0.37109375,0.0487758658431091,,false
A_snapshot_z1.0_14_sigma100_stride1,A,snapshot_z1.0,1,14,0.1,48,0.37890625,0.0499900119039554,,false
A_snapshot_z1.0_14_sigma100_stride1,A,snapshot_z1.0,1,14,0.1,49,0.38671875,0.0405055879163312,,false
A_snapshot_z1.0_14_sigma100_stride1,A,snapshot_z1.0,1,14,0.1,50,0.39453125,0.04735268328253,,false
A_snapshot_z1.0_14_sigma100_stride1,A,snapshot_z1.0,1,14,0.1,51,0.40234375,0.0735505484286368,,false
A_snapshot_z1.0_14_sigma100_stride1,A,snapshot_z1.0,1,14,0.1,52,0.41015625,0.0464271475025403,,false
A_snapshot_z1.0_14_sigma100_stride1,A,snapshot_z1.0,1,14,0.1,53,0.41796875,0.0648244413434584,,false
A_snapshot_z1.0_14_sigma100_stride1,A,snapshot_z1.0,1,14,0.1,54,0.42578125,0.0345479934142791,,false
A_snapshot_z1.0_14_sigma100_stride1,A,snapshot_z1.0,1,14,0.1,55,0.43359375,0.0473856880332778,,false
A_snapshot_z1.0_14_sigma100_stride1,A,snapshot_z1.0,1,14,0.1,56,0.44140625,0.0610130958709179,,false
A_snapshot_z1.0_14_sigma100_stride1,A,snapshot_z1.0,1,14,0.1,57,0.44921875,0.0809306597298739,,false
A_snapshot_z1.0_14_sigma100_stride1,A,snapshot_z1.0,1,14,0.1,58,0.45703125,0.051795229537589,,false
A_snapshot_z1.0_14_sigma100_stride1,A,snapshot_z1.0,1,14,0.1,59,0.46484375,0.0840949232559328,,false
A_snapshot_z1.0_14_sigma100_stride1,A,snapshot_z1.0,1,14,0.1,60,0.47265625,0.0478238637789938,,false
A_snapshot_z1.0_14_sigma100_stride1,A,snapshot_z1.0,1,14,0.1,61,0.48046875,0.0379030324331016,,false
A_snapshot_z1.0_14_sigma100_stride1,A,snapshot_z1.0,1,14,0.1,62,0.48828125,0.0498487508005689,,false
A_snapshot_z1.0_14_sigma100_stride1,A,snapshot_z1.0,1,14,0.1,63,0.49609375,0.054233986939788,,false
A_snapshot_z1.0_14_sigma100_stride1,A,snapshot_z1.0,1,14,0.1,64,0.50390625,0.0430363144088081,,false
A_snapshot_z1.0_14_sigma100_stride1,A,snapshot_z1.0,1,14,0.1,65,0.51171875,0.0527604719472279,,false
A_snapshot_z1.0_14_sigma100_stride1,A,snapshot_z1.0,1,14,0.1,66,0.51953125,0.0572556483378039,,false
A_snapshot_z1.0_14_sigma100_stride1,A,snapshot_z1.0,1,14,0.1,67,0.52734375,0.0803254007145725,,false
A_snapshot_z1.0_14_sigma100_stride1,A,snapshot_z1.0,1,14,0.1,68,0.53515625,0.103327706443087,,true
A_snapshot_z1.0_14_sigma100_stride1,A,snapshot_z1.0,1,14,0.1,69,0.54296875,0.048027505786701,,false
A_snapshot_z1.0_14_sigma100_stride1,A,snapshot_z1.0,1,14,0.1,70,0.55078125,0.0290404760783742,,false
A_snapshot_z1.0_14_sigma100_stride1,A,snapshot_z1.0,1,14,0.1,71,0.55859375,0.0438941591012245,,false
A_snapshot_z1.0_14_sigma100_stride1,A,snapshot_z1.0,1,14,0.1,72,0.56640625,0.0674615475741936,,false
A_snapshot_z1.0_14_sigma100_stride1,A,snapshot_z1.0,1,14,0.1,73,0.57421875,0.0559031530932463,,false
A_snapshot_z1.0_14_sigma100_stride1,A,snapshot_z1.0,1,14,0.1,74,0.58203125,0.0316171638403038,,false
A_snapshot_z1.0_14_sigma100_stride1,A,snapshot_z1.0,1,14,0.1,75,0.58984375,0.0312996242572752,,false
A_snapshot_z1.0_14_sigma100_stride1,A,snapshot_z1.0,1,14,0.1,76,0.59765625,0.0599719793780579,,false
A_snapshot_z1.0_14_sigma100_stride1,A,snapshot_z1.0,1,14,0.1,77,0.60546875,0.0791796913193543,,false
A_snapshot_z1.0_14_sigma100_stride1,A,snapshot_z1.0,1,14,0.1,78,0.61328125,0.046265596320431,,false
A_snapshot_z1.0_14_sigma100_stride1,A,snapshot_z1.0,1,14,0.1,79,0.62109375,0.0441892141215613,,false
A_snapshot_z1.0_14_sigma100_stride1,A,snapshot_z1.0,1,14,0.1,80,0.62890625,0.0515764010437436,,false
A_snapshot_z1.0_14_sigma100_stride1,A,snapshot_z1.0,1,14,0.1,81,0.63671875,0.0414960721092708,,false
A_snapshot_z1.0_14_sigma100_stride1,A,snapshot_z1.0,1,14,0.1,82,0.64453125,0.0603903298918811,,false
A_snapshot_z1.0_14_sigma100_stride1,A,snapshot_z1.0,1,14,0.1,83,0.65234375,0.0805682410742529,,false
A_snapshot_z1.0_14_sigma100_stride1,A,snapshot_z1.0,1,14,0.1,84,0.66015625,0.0511023606555082,,false
A_snapshot_z1.0_14_sigma100_stride1,A,snapshot_z1.0,1,14,0.1,85,0.66796875,0.0464709220825888,,false
A_snapshot_z1.0_14_sigma100_stride1,A,snapshot_z1.0,1,14,0.1,86,0.67578125,0.0461740295432904,,false
A_snapshot_z1.0_14_sigma100_stride1,A,snapshot_z1.0,1,14,0.1,87,0.68359375,0.0325461337164594,,false
A_snapshot_z1.0_14_sigma100_stride1,A,snapshot_z1.0,1,14,0.1,88,0.69140625,0.0824604488075741,,false
A_snapshot_z1.0_14_sigma100_stride1,A,snapshot_z1.0,1,14,0.1,89,0.69921875,0.0691405543634707,,false
A_snapshot_z1.0_14_sigma100_stride1,A,snapshot_z1.0,1,14,0.1,90,0.70703125,0.0395960612037946,,false
A_snapshot_z1.0_14_sigma100_stride1,A,snapshot_z1.0,1,14,0.1,91,0.71484375,0.0390492737501505,,false
A_snapshot_z1.0_14_sigma100_stride1,A,snapshot_z1.0,1,14,0.1,92,0.72265625,0.0506048489507872,,false
A_snapshot_z1.0_14_sigma100_stride1,A,snapshot_z1.0,1,14,0.1,93,0.73046875,0.0948291774752243,,true
A_snapshot_z1.0_14_sigma100_stride1,A,snapshot_z1.0,1,14,0.1,94,0.73828125,0.0827931248137647,,false
A_snapshot_z1.0_14_sigma100_stride1,A,snapshot_z1.0,1,14,0.1,95,0.74609375,0.0319343241043019,,false
A_snapshot_z1.0_14_sigma100_stride1,A,snapshot_z1.0,1,14,0.1,96,0.75390625,0.0408378180454952,,false
A_snapshot_z1.0_14_sigma100_stride1,A,snapshot_z1.0,1,14,0.1,97,0.76171875,0.0537168037316218,,false
A_snapshot_z1.0_14_sigma100_stride1,A,snapshot_z1.0,1,14,0.1,98,0.76953125,0.0745860025036222,,false
A_snapshot_z1.0_14_sigma100_stride1,A,snapshot_z1.0,1,14,0.1,99,0.77734375,0.0933165057624769,,true
A_snapshot_z1.0_14_sigma100_stride1,A,snapshot_z1.0,1,14,0.1,100,0.78515625,0.0677647525196182,,false
A_snapshot_z1.0_14_sigma100_stride1,A,snapshot_z1.0,1,14,0.1,101,0.79296875,0.0314890251999484,,false
A_snapshot_z1.0_14_sigma100_stride1,A,snapshot_z1.0,1,14,0.1,102,0.80078125,0.0308462584029124,,false
A_snapshot_z1.0_14_sigma100_stride1,A,snapshot_z1.0,1,14,0.1,103,0.80859375,0.0326616207879282,,false
A_snapshot_z1.0_14_sigma100_stride1,A,snapshot_z1.0,1,14,0.1,104,0.81640625,0.0398523752422416,,false
A_snapshot_z1.0_14_sigma100_stride1,A,snapshot_z1.0,1,14,0.1,105,0.82421875,0.0585856108691642,,false
A_snapshot_z1.0_14_sigma100_stride1,A,snapshot_z1.0,1,14,0.1,106,0.83203125,0.0445302097709829,,false
A_snapshot_z1.0_14_sigma100_stride1,A,snapshot_z1.0,1,14,0.1,107,0.83984375,0.0580237324794782,,false
A_snapshot_z1.0_14_sigma100_stride1,A,snapshot_z1.0,1,14,0.1,108,0.84765625,0.0636719164928368,,false
A_snapshot_z1.0_14_sigma100_stride1,A,snapshot_z1.0,1,14,0.1,109,0.85546875,0.0571272174785767,,false
A_snapshot_z1.0_14_sigma100_stride1,A,snapshot_z1.0,1,14,0.1,110,0.86328125,0.0483363986569783,,false
A_snapshot_z1.0_14_sigma100_stride1,A,snapshot_z1.0,1,14,0.1,111,0.87109375,0.0453145012698422,,false
A_snapshot_z1.0_14_sigma100_stride1,A,snapshot_z1.0,1,14,0.1,112,0.87890625,0.0360538265341694,,false
A_snapshot_z1.0_14_sigma100_stride1,A,snapshot_z1.0,1,14,0.1,113,0.88671875,0.0742397276357606,,false
A_snapshot_z1.0_14_sigma100_stride1,A,snapshot_z1.0,1,14,0.1,114,0.89453125,0.030573036083675,,false
A_snapshot_z1.0_14_sigma100_stride1,A,snapshot_z1.0,1,14,0.1,115,0.90234375,0.0728035689270581,,false
A_snapshot_z1.0_14_sigma100_stride1,A,snapshot_z1.0,1,14,0.1,116,0.91015625,0.0458754762570435,,false
A_snapshot_z1.0_14_sigma100_stride1,A,snapshot_z1.0,1,14,0.1,117,0.91796875,0.0509647598976143,,false
A_snapshot_z1.0_14_sigma100_stride1,A,snapshot_z1.0,1,14,0.1,118,0.92578125,0.050579986390223,,false
A_snapshot_z1.0_14_sigma100_stride1,A,snapshot_z1.0,1,14,0.1,119,0.93359375,0.0537188411706913,,false
A_snapshot_z1.0_14_sigma100_stride1,A,snapshot_z1.0,1,14,0.1,120,0.94140625,0.0396059533647629,,false
A_snapshot_z1.0_14_sigma100_stride1,A,snapshot_z1.0,1,14,0.1,121,0.94921875,0.0343549107210499,,false
A_snapshot_z1.0_14_sigma100_stride1,A,snapshot_z1.0,1,14,0.1,122,0.95703125,0.0602602016363587,,false
A_snapshot_z1.0_14_sigma100_stride1,A,snapshot_z1.0,1,14,0.1,123,0.96484375,0.0619341156665245,,false
A_snapshot_z1.0_14_sigma100_stride1,A,snapshot_z1.0,1,14,0.1,124,0.97265625,0.038461834818921,,false
A_snapshot_z1.0_14_sigma100_stride1,A,snapshot_z1.0,1,14,0.1,125,0.98046875,0.046887406012643,,false
A_snapshot_z1.0_14_sigma100_stride1,A,snapshot_z1.0,1,14,0.1,126,0.98828125,0.0421287597656621,,false
A_snapshot_z1.0_14_sigma100_stride1,A,snapshot_z1.0,1,14,0.1,127,0.99609375,0.0384034341678255,,false
A_snapshot_z2.0_14_sigma100_stride1,A,snapshot_z2.0,2,14,0.1,0,0.00390625,0.0528243232658044,,false
A_snapshot_z2.0_14_sigma100_stride1,A,snapshot_z2.0,2,14,0.1,1,0.01171875,0.0730255181310552,,false
A_snapshot_z2.0_14_sigma100_stride1,A,snapshot_z2.0,2,14,0.1,2,0.01953125,0.0297052684472962,,false
A_snapshot_z2.0_14_sigma100_stride1,A,snapshot_z2.0,2,14,0.1,3,0.02734375,0.0407316792367127,,false
A_snapshot_z2.0_14_sigma100_stride1,A,snapshot_z2.0,2,14,0.1,4,0.03515625,0.0408204279271837,,false
A_snapshot_z2.0_14_sigma100_stride1,A,snapshot_z2.0,2,14,0.1,5,0.04296875,0.0421087362470093,,false
A_snapshot_z2.0_14_sigma100_stride1,A,snapshot_z2.0,2,14,0.1,6,0.05078125,0.0253566485634598,,false
A_snapshot_z2.0_14_sigma100_stride1,A,snapshot_z2.0,2,14,0.1,7,0.05859375,0.0345454539786103,,false
A_snapshot_z2.0_14_sigma100_stride1,A,snapshot_z2.0,2,14,0.1,8,0.06640625,0.039990120236561,,false
A_snapshot_z2.0_14_sigma100_stride1,A,snapshot_z2.0,2,14,0.1,9,0.07421875,0.0555853995180529,,false
A_snapshot_z2.0_14_sigma100_stride1,A,snapshot_z2.0,2,14,0.1,10,0.08203125,0.0570090728865283,,false
A_snapshot_z2.0_14_sigma100_stride1,A,snapshot_z2.0,2,14,0.1,11,0.08984375,0.0252678452690912,,false
A_snapshot_z2.0_14_sigma100_stride1,A,snapshot_z2.0,2,14,0.1,12,0.09765625,0.0525577890652495,,false
A_snapshot_z2.0_14_sigma100_stride1,A,snapshot_z2.0,2,14,0.1,13,0.10546875,0.0511483430267698,,false
A_snapshot_z2.0_14_sigma100_stride1,A,snapshot_z2.0,2,14,0.1,14,0.11328125,0.0469284828634356,,false
A_snapshot_z2.0_14_sigma100_stride1,A,snapshot_z2.0,2,14,0.1,15,0.12109375,0.0689736576288457,,false
A_snapshot_z2.0_14_sigma100_stride1,A,snapshot_z2.0,2,14,0.1,16,0.12890625,0.0356865988293327,,false
A_snapshot_z2.0_14_sigma100_stride1,A,snapshot_z2.0,2,14,0.1,17,0.13671875,0.0795044406967545,,false
A_snapshot_z2.0_14_sigma100_stride1,A,snapshot_z2.0,2,14,0.1,18,0.14453125,0.0551216261157225,,false
A_snapshot_z2.0_14_sigma100_stride1,A,snapshot_z2.0,2,14,0.1,19,0.15234375,0.028530234817809,,false
A_snapshot_z2.0_14_sigma100_stride1,A,snapshot_z2.0,2,14,0.1,20,0.16015625,0.031521592961166,,false
A_snapshot_z2.0_14_sigma100_stride1,A,snapshot_z2.0,2,14,0.1,21,0.16796875,0.0479400035097964,,false
A_snapshot_z2.0_14_sigma100_stride1,A,snapshot_z2.0,2,14,0.1,22,0.17578125,0.0539469407536933,,false
A_snapshot_z2.0_14_sigma100_stride1,A,snapshot_z2.0,2,14,0.1,23,0.18359375,0.0430446951315386,,false
A_snapshot_z2.0_14_sigma100_stride1,A,snapshot_z2.0,2,14,0.1,24,0.19140625,0.124335009761953,,true
A_snapshot_z2.0_14_sigma100_stride1,A,snapshot_z2.0,2,14,0.1,25,0.19921875,0.112170384927982,,true
A_snapshot_z2.0_14_sigma100_stride1,A,snapshot_z2.0,2,14,0.1,26,0.20703125,0.0606008981927212,,false
A_snapshot_z2.0_14_sigma100_stride1,A,snapshot_z2.0,2,14,0.1,27,0.21484375,0.0849743272770034,,false
A_snapshot_z2.0_14_sigma100_stride1,A,snapshot_z2.0,2,14,0.1,28,0.22265625,0.0492981638653284,,false
A_snapshot_z2.0_14_sigma100_stride1,A,snapshot_z2.0,2,14,0.1,29,0.23046875,0.0522672228018897,,false
A_snapshot_z2.0_14_sigma100_stride1,A,snapshot_z2.0,2,14,0.1,30,0.23828125,0.0653520120786829,,false
A_snapshot_z2.0_14_sigma100_stride1,A,snapshot_z2.0,2,14,0.1,31,0.24609375,0.0359506091084005,,false
A_snapshot_z2.0_14_sigma100_stride1,A,snapshot_z2.0,2,14,0.1,32,0.25390625,0.0372444645942779,,false
A_snapshot_z2.0_14_sigma100_stride1,A,snapshot_z2.0,2,14,0.1,33,0.26171875,0.038137205148058,,false
A_snapshot_z2.0_14_sigma100_stride1,A,snapshot_z2.0,2,14,0.1,34,0.26953125,0.0769199508039544,,false
A_snapshot_z2.0_14_sigma100_stride1,A,snapshot_z2.0,2,14,0.1,35,0.27734375,0.0805455230002448,,false
A_snapshot_z2.0_14_sigma100_stride1,A,snapshot_z2.0,2,14,0.1,36,0.28515625,0.06052881400802,,false
A_snapshot_z2.0_14_sigma100_stride1,A,snapshot_z2.0,2,14,0.1,37,0.29296875,0.0446395331594666,,false
A_snapshot_z2.0_14_sigma100_stride1,A,snapshot_z2.0,2,14,0.1,38,0.30078125,0.0709886244626101,,false
A_snapshot_z2.0_14_sigma100_stride1,A,snapshot_z2.0,2,14,0.1,39,0.30859375,0.0791979813778733,,false
A_snapshot_z2.0_14_sigma100_stride1,A,snapshot_z2.0,2,14,0.1,40,0.31640625,0.0278021670062293,,false
A_snapshot_z2.0_14_sigma100_stride1,A,snapshot_z2.0,2,14,0.1,41,0.32421875,0.0416512459689845,,false
A_snapshot_z2.0_14_sigma100_stride1,A,snapshot_z2.0,2,14,0.1,42,0.33203125,0.0689730754121842,,false
A_snapshot_z2.0_14_sigma100_stride1,A,snapshot_z2.0,2,14,0.1,43,0.33984375,0.0320345695257648,,false
A_snapshot_z2.0_14_sigma100_stride1,A,snapshot_z2.0,2,14,0.1,44,0.34765625,0.0442949081678923,,false
A_snapshot_z2.0_14_sigma100_stride1,A,snapshot_z2.0,2,14,0.1,45,0.35546875,0.0546462862306085,,false
A_snapshot_z2.0_14_sigma100_stride1,A,snapshot_z2.0,2,14,0.1,46,0.36328125,0.0364722237538761,,false
A_snapshot_z2.0_14_sigma100_stride1,A,snapshot_z2.0,2,14,0.1,47,0.37109375,0.0554165769452545,,false
A_snapshot_z2.0_14_sigma100_stride1,A,snapshot_z2.0,2,14,0.1,48,0.37890625,0.0482961071253701,,false
A_snapshot_z2.0_14_sigma100_stride1,A,snapshot_z2.0,2,14,0.1,49,0.38671875,0.0631445492761136,,false
A_snapshot_z2.0_14_sigma100_stride1,A,snapshot_z2.0,2,14,0.1,50,0.39453125,0.0536490764334252,,false
A_snapshot_z2.0_14_sigma100_stride1,A,snapshot_z2.0,2,14,0.1,51,0.40234375,0.0474971244240716,,false
A_snapshot_z2.0_14_sigma100_stride1,A,snapshot_z2.0,2,14,0.1,52,0.41015625,0.0365552796241709,,false
A_snapshot_z2.0_14_sigma100_stride1,A,snapshot_z2.0,2,14,0.1,53,0.41796875,0.0468211110699869,,false
A_snapshot_z2.0_14_sigma100_stride1,A,snapshot_z2.0,2,14,0.1,54,0.42578125,0.0498127792157254,,false
A_snapshot_z2.0_14_sigma100_stride1,A,snapshot_z2.0,2,14,0.1,55,0.43359375,0.0514954627614094,,false
A_snapshot_z2.0_14_sigma100_stride1,A,snapshot_z2.0,2,14,0.1,56,0.44140625,0.0660307853241096,,false
A_snapshot_z2.0_14_sigma100_stride1,A,snapshot_z2.0,2,14,0.1,57,0.44921875,0.102502376928333,,true
A_snapshot_z2.0_14_sigma100_stride1,A,snapshot_z2.0,2,14,0.1,58,0.45703125,0.0565118030031888,,false
A_snapshot_z2.0_14_sigma100_stride1,A,snapshot_z2.0,2,14,0.1,59,0.46484375,0.0752397242715667,,false
A_snapshot_z2.0_14_sigma100_stride1,A,snapshot_z2.0,2,14,0.1,60,0.47265625,0.0331565227567323,,false
A_snapshot_z2.0_14_sigma100_stride1,A,snapshot_z2.0,2,14,0.1,61,0.48046875,0.0327130203768671,,false
A_snapshot_z2.0_14_sigma100_stride1,A,snapshot_z2.0,2,14,0.1,62,0.48828125,0.0542339869397881,,false
A_snapshot_z2.0_14_sigma100_stride1,A,snapshot_z2.0,2,14,0.1,63,0.49609375,0.0542339869397881,,false
A_snapshot_z2.0_14_sigma100_stride1,A,snapshot_z2.0,2,14,0.1,64,0.50390625,0.0334506021835877,,false
A_snapshot_z2.0_14_sigma100_stride1,A,snapshot_z2.0,2,14,0.1,65,0.51171875,0.121658346949117,,true
A_snapshot_z2.0_14_sigma100_stride1,A,snapshot_z2.0,2,14,0.1,66,0.51953125,0.0700314431442225,,false
A_snapshot_z2.0_14_sigma100_stride1,A,snapshot_z2.0,2,14,0.1,67,0.52734375,0.0539305091022472,,false
A_snapshot_z2.0_14_sigma100_stride1,A,snapshot_z2.0,2,14,0.1,68,0.53515625,0.0958856762572243,,true
A_snapshot_z2.0_14_sigma100_stride1,A,snapshot_z2.0,2,14,0.1,69,0.54296875,0.045629335714302,,false
A_snapshot_z2.0_14_sigma100_stride1,A,snapshot_z2.0,2,14,0.1,70,0.55078125,0.029040476078374,,false
A_snapshot_z2.0_14_sigma100_stride1,A,snapshot_z2.0,2,14,0.1,71,0.55859375,0.0540247047532335,,false
A_snapshot_z2.0_14_sigma100_stride1,A,snapshot_z2.0,2,14,0.1,72,0.56640625,0.0814386137229857,,false
A_snapshot_z2.0_14_sigma100_stride1,A,snapshot_z2.0,2,14,0.1,73,0.57421875,0.0466770735683474,,false
A_snapshot_z2.0_14_sigma100_stride1,A,snapshot_z2.0,2,14,0.1,74,0.58203125,0.0356901322609431,,false
A_snapshot_z2.0_14_sigma100_stride1,A,snapshot_z2.0,2,14,0.1,75,0.58984375,0.0619076413875705,,false
A_snapshot_z2.0_14_sigma100_stride1,A,snapshot_z2.0,2,14,0.1,76,0.59765625,0.0506323627268856,,false
A_snapshot_z2.0_14_sigma100_stride1,A,snapshot_z2.0,2,14,0.1,77,0.60546875,0.0462101702291289,,false
A_snapshot_z2.0_14_sigma100_stride1,A,snapshot_z2.0,2,14,0.1,78,0.61328125,0.0665473012859284,,false
A_snapshot_z2.0_14_sigma100_stride1,A,snapshot_z2.0,2,14,0.1,79,0.62109375,0.0389117542018835,,false
A_snapshot_z2.0_14_sigma100_stride1,A,snapshot_z2.0,2,14,0.1,80,0.62890625,0.0508037466113893,,false
A_snapshot_z2.0_14_sigma100_stride1,A,snapshot_z2.0,2,14,0.1,81,0.63671875,0.0529896273890471,,false
A_snapshot_z2.0_14_sigma100_stride1,A,snapshot_z2.0,2,14,0.1,82,0.64453125,0.0679295697769393,,false
A_snapshot_z2.0_14_sigma100_stride1,A,snapshot_z2.0,2,14,0.1,83,0.65234375,0.0693159921694845,,false
A_snapshot_z2.0_14_sigma100_stride1,A,snapshot_z2.0,2,14,0.1,84,0.66015625,0.0963260860869585,,true
A_snapshot_z2.0_14_sigma100_stride1,A,snapshot_z2.0,2,14,0.1,85,0.66796875,0.0660636947000139,,false
A_snapshot_z2.0_14_sigma100_stride1,A,snapshot_z2.0,2,14,0.1,86,0.67578125,0.0467098482093476,,false
A_snapshot_z2.0_14_sigma100_stride1,A,snapshot_z2.0,2,14,0.1,87,0.68359375,0.0677158648245035,,false
A_snapshot_z2.0_14_sigma100_stride1,A,snapshot_z2.0,2,14,0.1,88,0.69140625,0.0795873815373261,,false
A_snapshot_z2.0_14_sigma100_stride1,A,snapshot_z2.0,2,14,0.1,89,0.69921875,0.0581113885074026,,false
A_snapshot_z2.0_14_sigma100_stride1,A,snapshot_z2.0,2,14,0.1,90,0.70703125,0.0395960612037944,,false
A_snapshot_z2.0_14_sigma100_stride1,A,snapshot_z2.0,2,14,0.1,91,0.71484375,0.0530520332637477,,false
A_snapshot_z2.0_14_sigma100_stride1,A,snapshot_z2.0,2,14,0.1,92,0.72265625,0.0421888206045764,,false
A_snapshot_z2.0_14_sigma100_stride1,A,snapshot_z2.0,2,14,0.1,93,0.73046875,0.0495885025333647,,false
A_snapshot_z2.0_14_sigma100_stride1,A,snapshot_z2.0,2,14,0.1,94,0.73828125,0.0380869204067928,,false
A_snapshot_z2.0_14_sigma100_stride1,A,snapshot_z2.0,2,14,0.1,95,0.74609375,0.0319343241043017,,false
A_snapshot_z2.0_14_sigma100_stride1,A,snapshot_z2.0,2,14,0.1,96,0.75390625,0.056722194682259,,false
A_snapshot_z2.0_14_sigma100_stride1,A,snapshot_z2.0,2,14,0.1,97,0.76171875,0.0633520904308235,,false
A_snapshot_z2.0_14_sigma100_stride1,A,snapshot_z2.0,2,14,0.1,98,0.76953125,0.0693604233435955,,false
A_snapshot_z2.0_14_sigma100_stride1,A,snapshot_z2.0,2,14,0.1,99,0.77734375,0.0989612847607935,,true
A_snapshot_z2.0_14_sigma100_stride1,A,snapshot_z2.0,2,14,0.1,100,0.78515625,0.043094627755761,,false
A_snapshot_z2.0_14_sigma100_stride1,A,snapshot_z2.0,2,14,0.1,101,0.79296875,0.0360730901497322,,false
A_snapshot_z2.0_14_sigma100_stride1,A,snapshot_z2.0,2,14,0.1,102,0.80078125,0.0571845716847117,,false
A_snapshot_z2.0_14_sigma100_stride1,A,snapshot_z2.0,2,14,0.1,103,0.80859375,0.0430230694908972,,false
A_snapshot_z2.0_14_sigma100_stride1,A,snapshot_z2.0,2,14,0.1,104,0.81640625,0.0552785218246725,,false
A_snapshot_z2.0_14_sigma100_stride1,A,snapshot_z2.0,2,14,0.1,105,0.82421875,0.0547036354484246,,false
A_snapshot_z2.0_14_sigma100_stride1,A,snapshot_z2.0,2,14,0.1,106,0.83203125,0.0521678354907577,,false
A_snapshot_z2.0_14_sigma100_stride1,A,snapshot_z2.0,2,14,0.1,107,0.83984375,0.056946596565171,,false
A_snapshot_z2.0_14_sigma100_stride1,A,snapshot_z2.0,2,14,0.1,108,0.84765625,0.0377815751107054,,false
A_snapshot_z2.0_14_sigma100_stride1,A,snapshot_z2.0,2,14,0.1,109,0.85546875,0.0354494238731292,,false
A_snapshot_z2.0_14_sigma100_stride1,A,snapshot_z2.0,2,14,0.1,110,0.86328125,0.0424878836879894,,false
A_snapshot_z2.0_14_sigma100_stride1,A,snapshot_z2.0,2,14,0.1,111,0.87109375,0.0305094959396534,,false
A_snapshot_z2.0_14_sigma100_stride1,A,snapshot_z2.0,2,14,0.1,112,0.87890625,0.0342551613700306,,false
A_snapshot_z2.0_14_sigma100_stride1,A,snapshot_z2.0,2,14,0.1,113,0.88671875,0.0499009164900621,,false
A_snapshot_z2.0_14_sigma100_stride1,A,snapshot_z2.0,2,14,0.1,114,0.89453125,0.0580652924195674,,false
A_snapshot_z2.0_14_sigma100_stride1,A,snapshot_z2.0,2,14,0.1,115,0.90234375,0.0600793848026647,,false
A_snapshot_z2.0_14_sigma100_stride1,A,snapshot_z2.0,2,14,0.1,116,0.91015625,0.0789944520237157,,false
A_snapshot_z2.0_14_sigma100_stride1,A,snapshot_z2.0,2,14,0.1,117,0.91796875,0.103083958179927,,true
A_snapshot_z2.0_14_sigma100_stride1,A,snapshot_z2.0,2,14,0.1,118,0.92578125,0.0687441869526029,,false
A_snapshot_z2.0_14_sigma100_stride1,A,snapshot_z2.0,2,14,0.1,119,0.93359375,0.0608413038289323,,false
A_snapshot_z2.0_14_sigma100_stride1,A,snapshot_z2.0,2,14,0.1,120,0.94140625,0.0565686980055293,,false
A_snapshot_z2.0_14_sigma100_stride1,A,snapshot_z2.0,2,14,0.1,121,0.94921875,0.059496849325139,,false
A_snapshot_z2.0_14_sigma100_stride1,A,snapshot_z2.0,2,14,0.1,122,0.95703125,0.0802878278897407,,false
A_snapshot_z2.0_14_sigma100_stride1,A,snapshot_z2.0,2,14,0.1,123,0.96484375,0.0314090870286213,,false
A_snapshot_z2.0_14_sigma100_stride1,A,snapshot_z2.0,2,14,0.1,124,0.97265625,0.0384637496397815,,false
A_snapshot_z2.0_14_sigma100_stride1,A,snapshot_z2.0,2,14,0.1,125,0.98046875,0.04530604921083,,false
A_snapshot_z2.0_14_sigma100_stride1,A,snapshot_z2.0,2,14,0.1,126,0.98828125,0.0446373268194754,,false
A_snapshot_z2.0_14_sigma100_stride1,A,snapshot_z2.0,2,14,0.1,127,0.99609375,0.0984901462296602,,true
B_static_13_sigma0_stride1,B,static_z0.5,0.5,13,0,0,0.00390625,0,,
B_static_13_sigma0_stride1,B,static_z0.5,0.5,13,0,1,0.01171875,0,,
B_static_13_sigma0_stride1,B,static_z0.5,0.5,13,0,2,0.01953125,0,,
B_static_13_sigma0_stride1,B,static_z0.5,0.5,13,0,3,0.02734375,0,,
B_static_13_sigma0_stride1,B,static_z0.5,0.5,13,0,4,0.03515625,0,,
B_static_13_sigma0_stride1,B,static_z0.5,0.5,13,0,5,0.04296875,0,,
B_static_13_sigma0_stride1,B,static_z0.5,0.5,13,0,6,0.05078125,0,,
B_static_13_sigma0_stride1,B,static_z0.5,0.5,13,0,7,0.05859375,0,,
B_static_13_sigma0_stride1,B,static_z0.5,0.5,13,0,8,0.06640625,0,,
B_static_13_sigma0_stride1,B,static_z0.5,0.5,13,0,9,0.07421875,0,,
B_static_13_sigma0_stride1,B,static_z0.5,0.5,13,0,10,0.08203125,0,,
B_static_13_sigma0_stride1,B,static_z0.5,0.5,13,0,11,0.08984375,0,,
B_static_13_sigma0_stride1,B,static_z0.5,0.5,13,0,12,0.09765625,0,,
B_static_13_sigma0_stride1,B,static_z0.5,0.5,13,0,13,0.10546875,0,,
B_static_13_sigma0_stride1,B,static_z0.5,0.5,13,0,14,0.11328125,0,,
B_static_13_sigma0_stride1,B,static_z0.5,0.5,13,0,15,0.12109375,0,,
B_static_13_sigma0_stride1,B,static_z0.5,0.5,13,0,16,0.12890625,0,,
B_static_13_sigma0_stride1,B,static_z0.5,0.5,13,0,17,0.13671875,0,,
B_static_13_sigma0_stride1,B,static_z0.5,0.5,13,0,18,0.14453125,0,,
B_static_13_sigma0_stride1,B,static_z0.5,0.5,13,0,19,0.15234375,0,,
B_static_13_sigma0_stride1,B,static_z0.5,0.5,13,0,20,0.16015625,0,,
B_static_13_sigma0_stride1,B,static_z0.5,0.5,13,0,21,0.16796875,0,,
B_static_13_sigma0_stride1,B,static_z0.5,0.5,13,0,22,0.17578125,0,,
B_static_13_sigma0_stride1,B,static_z0.5,0.5,13,0,23,0.18359375,0,,
B_static_13_sigma0_stride1,B,static_z0.5,0.5,13,0,24,0.19140625,0,,
B_static_13_sigma0_stride1,B,static_z0.5,0.5,13,0,25,0.19921875,0,,
B_static_13_sigma0_stride1,B,static_z0.5,0.5,13,0,26,0.20703125,0,,
B_static_13_sigma0_stride1,B,static_z0.5,0.5,13,0,27,0.21484375,0,,
B_static_13_sigma0_stride1,B,static_z0.5,0.5,13,0,28,0.22265625,0,,
B_static_13_sigma0_stride1,B,static_z0.5,0.5,13,0,29,0.23046875,0,,
B_static_13_sigma0_stride1,B,static_z0.5,0.5,13,0,30,0.23828125,0,,
B_static_13_sigma0_stride1,B,static_z0.5,0.5,13,0,31,0.24609375,0,,
B_static_13_sigma0_stride1,B,static_z0.5,0.5,13,0,32,0.25390625,0,,
B_static_13_sigma0_stride1,B,static_z0.5,0.5,13,0,33,0.26171875,0,,
B_static_13_sigma0_stride1,B,static_z0.5,0.5,13,0,34,0.26953125,0,,
B_static_13_sigma0_stride1,B,static_z0.5,0.5,13,0,35,0.27734375,0,,
B_static_13_sigma0_stride1,B,static_z0.5,0.5,13,0,36,0.28515625,0,,
B_static_13_sigma0_stride1,B,static_z0.5,0.5,13,0,37,0.29296875,0,,
B_static_13_sigma0_stride1,B,static_z0.5,0.5,13,0,38,0.30078125,0,,
B_static_13_sigma0_stride1,B,static_z0.5,0.5,13,0,39,0.30859375,0,,
B_static_13_sigma0_stride1,B,static_z0.5,0.5,13,0,40,0.31640625,0,,
B_static_13_sigma0_stride1,B,static_z0.5,0.5,13,0,41,0.32421875,0,,
B_static_13_sigma0_stride1,B,static_z0.5,0.5,13,0,42,0.33203125,0,,
B_static_13_sigma0_stride1,B,static_z0.5,0.5,13,0,43,0.33984375,0,,
B_static_13_sigma0_stride1,B,static_z0.5,0.5,13,0,44,0.34765625,0,,
B_static_13_sigma0_stride1,B,static_z0.5,0.5,13,0,45,0.35546875,0,,
B_static_13_sigma0_stride1,B,static_z0.5,0.5,13,0,46,0.36328125,0,,
B_static_13_sigma0_stride1,B,static_z0.5,0.5,13,0,47,0.37109375,0,,
B_static_13_sigma0_stride1,B,static_z0.5,0.5,13,0,48,0.37890625,0,,
B_static_13_sigma0_stride1,B,static_z0.5,0.5,13,0,49,0.38671875,0,,
B_static_13_sigma0_stride1,B,static_z0.5,0.5,13,0,50,0.39453125,0,,
B_static_13_sigma0_stride1,B,static_z0.5,0.5,13,0,51,0.40234375,0,,
B_static_13_sigma0_stride1,B,static_z0.5,0.5,13,0,52,0.41015625,0,,
B_static_13_sigma0_stride1,B,static_z0.5,0.5,13,0,53,0.41796875,0,,
B_static_13_sigma0_stride1,B,static_z0.5,0.5,13,0,54,0.42578125,0,,
B_static_13_sigma0_stride1,B,static_z0.5,0.5,13,0,55,0.43359375,0,,
B_static_13_sigma0_stride1,B,static_z0.5,0.5,13,0,56,0.44140625,0,,
B_static_13_sigma0_stride1,B,static_z0.5,0.5,13,0,57,0.44921875,0,,
B_static_13_sigma0_stride1,B,static_z0.5,0.5,13,0,58,0.45703125,0,,
B_static_13_sigma0_stride1,B,static_z0.5,0.5,13,0,59,0.46484375,0,,
B_static_13_sigma0_stride1,B,static_z0.5,0.5,13,0,60,0.47265625,0,,
B_static_13_sigma0_stride1,B,static_z0.5,0.5,13,0,61,0.48046875,0,,
B_static_13_sigma0_stride1,B,static_z0.5,0.5,13,0,62,0.48828125,0,,
B_static_13_sigma0_stride1,B,static_z0.5,0.5,13,0,63,0.49609375,0,,
B_static_13_sigma0_stride1,B,static_z0.5,0.5,13,0,64,0.50390625,0,,
B_static_13_sigma0_stride1,B,static_z0.5,0.5,13,0,65,0.51171875,0,,
B_static_13_sigma0_stride1,B,static_z0.5,0.5,13,0,66,0.51953125,0,,
B_static_13_sigma0_stride1,B,static_z0.5,0.5,13,0,67,0.52734375,0,,
B_static_13_sigma0_stride1,B,static_z0.5,0.5,13,0,68,0.53515625,0,,
B_static_13_sigma0_stride1,B,static_z0.5,0.5,13,0,69,0.54296875,0,,
B_static_13_sigma0_stride1,B,static_z0.5,0.5,13,0,70,0.55078125,0,,
B_static_13_sigma0_stride1,B,static_z0.5,0.5,13,0,71,0.55859375,0,,
B_static_13_sigma0_stride1,B,static_z0.5,0.5,13,0,72,0.56640625,0,,
B_static_13_sigma0_stride1,B,static_z0.5,0.5,13,0,73,0.57421875,0,,
B_static_13_sigma0_stride1,B,static_z0.5,0.5,13,0,74,0.58203125,0,,
B_static_13_sigma0_stride1,B,static_z0.5,0.5,13,0,75,0.58984375,0,,
B_static_13_sigma0_stride1,B,static_z0.5,0.5,13,0,76,0.59765625,0,,
B_static_13_sigma0_stride1,B,static_z0.5,0.5,13,0,77,0.60546875,0,,
B_static_13_sigma0_stride1,B,static_z0.5,0.5,13,0,78,0.61328125,0,,
B_static_13_sigma0_stride1,B,static_z0.5,0.5,13,0,79,0.62109375,0,,
B_static_13_sigma0_stride1,B,static_z0.5,0.5,13,0,80,0.62890625,0,,
B_static_13_sigma0_stride1,B,static_z0.5,0.5,13,0,81,0.63671875,0,,
B_static_13_sigma0_stride1,B,static_z0.5,0.5,13,0,82,0.64453125,0,,
B_static_13_sigma0_stride1,B,static_z0.5,0.5,13,0,83,0.65234375,0,,
B_static_13_sigma0_stride1,B,static_z0.5,0.5,13,0,84,0.66015625,0,,
B_static_13_sigma0_stride1,B,static_z0.5,0.5,13,0,85,0.66796875,0,,
B_static_13_sigma0_stride1,B,static_z0.5,0.5,13,0,86,0.67578125,0,,
B_static_13_sigma0_stride1,B,static_z0.5,0.5,13,0,87,0.68359375,0,,
B_static_13_sigma0_stride1,B,static_z0.5,0.5,13,0,88,0.69140625,0,,
B_static_13_sigma0_stride1,B,static_z0.5,0.5,13,0,89,0.69921875,0,,
B_static_13_sigma0_stride1,B,static_z0.5,0.5,13,0,90,0.70703125,0,,
B_static_13_sigma0_stride1,B,static_z0.5,0.5,13,0,91,0.71484375,0,,
B_static_13_sigma0_stride1,B,static_z0.5,0.5,13,0,92,0.72265625,0,,
B_static_13_sigma0_stride1,B,static_z0.5,0.5,13,0,93,0.73046875,0,,
B_static_13_sigma0_stride1,B,static_z0.5,0.5,13,0,94,0.73828125,0,,
B_static_13_sigma0_stride1,B,static_z0.5,0.5,13,0,95,0.74609375,0,,
B_static_13_sigma0_stride1,B,static_z0.5,0.5,13,0,96,0.75390625,0,,
B_static_13_sigma0_stride1,B,static_z0.5,0.5,13,0,97,0.76171875,0,,
B_static_13_sigma0_stride1,B,static_z0.5,0.5,13,0,98,0.76953125,0,,
B_static_13_sigma0_stride1,B,static_z0.5,0.5,13,0,99,0.77734375,0,,
B_static_13_sigma0_stride1,B,static_z0.5,0.5,13,0,100,0.78515625,0,,
B_static_13_sigma0_stride1,B,static_z0.5,0.5,13,0,101,0.79296875,0,,
B_static_13_sigma0_stride1,B,static_z0.5,0.5,13,0,102,0.80078125,0,,
B_static_13_sigma0_stride1,B,static_z0.5,0.5,13,0,103,0.80859375,0,,
B_static_13_sigma0_stride1,B,static_z0.5,0.5,13,0,104,0.81640625,0,,
B_static_13_sigma0_stride1,B,static_z0.5,0.5,13,0,105,0.82421875,0,,
B_static_13_sigma0_stride1,B,static_z0.5,0.5,13,0,106,0.83203125,0,,
B_static_13_sigma0_stride1,B,static_z0.5,0.5,13,0,107,0.83984375,0,,
B_static_13_sigma0_stride1,B,static_z0.5,0.5,13,0,108,0.84765625,0,,
B_static_13_sigma0_stride1,B,static_z0.5,0.5,13,0,109,0.85546875,0,,
B_static_13_sigma0_stride1,B,static_z0.5,0.5,13,0,110,0.86328125,0,,
B_static_13_sigma0_stride1,B,static_z0.5,0.5,13,0,111,0.87109375,0,,
B_static_13_sigma0_stride1,B,static_z0.5,0.5,13,0,112,0.87890625,0,,
B_static_13_sigma0_stride1,B,static_z0.5,0.5,13,0,113,0.88671875,0,,
B_static_13_sigma0_stride1,B,static_z0.5,0.5,13,0,114,0.89453125,0,,
B_static_13_sigma0_stride1,B,static_z0.5,0.5,13,0,115,0.90234375,0,,
B_static_13_sigma0_stride1,B,static_z0.5,0.5,13,0,116,0.91015625,0,,
B_static_13_sigma0_stride1,B,static_z0.5,0.5,13,0,117,0.91796875,0,,
B_static_13_sigma0_stride1,B,static_z0.5,0.5,13,0,118,0.92578125,0,,
B_static_13_sigma0_stride1,B,static_z0.5,0.5,13,0,119,0.93359375,0,,
B_static_13_sigma0_stride1,B,static_z0.5,0.5,13,0,120,0.94140625,0,,
B_static_13_sigma0_stride1,B,static_z0.5,0.5,13,0,121,0.94921875,0,,
B_static_13_sigma0_stride1,B,static_z0.5,0.5,13,0,122,0.95703125,0,,
B_static_13_sigma0_stride1,B,static_z0.5,0.5,13,0,123,0.96484375,0,,
B_static_13_sigma0_stride1,B,static_z0.5,0.5,13,0,124,0.97265625,0,,
B_static_13_sigma0_stride1,B,static_z0.5,0.5,13,0,125,0.98046875,0,,
B_static_13_sigma0_stride1,B,static_z0.5,0.5,13,0,126,0.98828125,0,,
B_static_13_sigma0_stride1,B,static_z0.5,0.5,13,0,127,0.99609375,0,,
B_static_13_sigma50_stride1,B,static_z0.5,0.5,13,0.05,0,0.00390625,0.031114680960604,false,false
B_static_13_sigma50_stride1,B,static_z0.5,0.5,13,0.05,1,0.01171875,0.03047394256579,false,false
B_static_13_sigma50_stride1,B,static_z0.5,0.5,13,0.05,2,0.01953125,0.0209828589994392,false,false
B_static_13_sigma50_stride1,B,static_z0.5,0.5,13,0.05,3,0.02734375,0.0223799055414431,false,false
B_static_13_sigma50_stride1,B,static_z0.5,0.5,13,0.05,4,0.03515625,0.0280994064897902,false,false
B_static_13_sigma50_stride1,B,static_z0.5,0.5,13,0.05,5,0.04296875,0.0261907844706777,false,false
B_static_13_sigma50_stride1,B,static_z0.5,0.5,13,0.05,6,0.05078125,0.0414519553437013,false,false
B_static_13_sigma50_stride1,B,static_z0.5,0.5,13,0.05,7,0.05859375,0.034054760139226,false,false
B_static_13_sigma50_stride1,B,static_z0.5,0.5,13,0.05,8,0.06640625,0.0184895777171135,false,false
B_static_13_sigma50_stride1,B,static_z0.5,0.5,13,0.05,9,0.07421875,0.0297252138252377,false,false
B_static_13_sigma50_stride1,B,static_z0.5,0.5,13,0.05,10,0.08203125,0.0195571079628425,false,false
B_static_13_sigma50_stride1,B,static_z0.5,0.5,13,0.05,11,0.08984375,0.0243938998604589,false,false
B_static_13_sigma50_stride1,B,static_z0.5,0.5,13,0.05,12,0.09765625,0.0299193420508838,false,false
B_static_13_sigma50_stride1,B,static_z0.5,0.5,13,0.05,13,0.10546875,0.0250421829162874,false,false
B_static_13_sigma50_stride1,B,static_z0.5,0.5,13,0.05,14,0.11328125,0.02613507643263,false,false
B_static_13_sigma50_stride1,B,static_z0.5,0.5,13,0.05,15,0.12109375,0.029883066981563,false,false
B_static_13_sigma50_stride1,B,static_z0.5,0.5,13,0.05,16,0.12890625,0.0237178346737538,false,false
B_static_13_sigma50_stride1,B,static_z0.5,0.5,13,0.05,17,0.13671875,0.0990730949520438,true,true
B_static_13_sigma50_stride1,B,static_z0.5,0.5,13,0.05,18,0.14453125,0.0990730949520438,true,true
B_static_13_sigma50_stride1,B,static_z0.5,0.5,13,0.05,19,0.15234375,0.0231943026879178,false,false
B_static_13_sigma50_stride1,B,static_z0.5,0.5,13,0.05,20,0.16015625,0.082606555582989,true,true
B_static_13_sigma50_stride1,B,static_z0.5,0.5,13,0.05,21,0.16796875,0.0380750214921313,false,false
B_static_13_sigma50_stride1,B,static_z0.5,0.5,13,0.05,22,0.17578125,0.0206781637389462,false,false
B_static_13_sigma50_stride1,B,static_z0.5,0.5,13,0.05,23,0.18359375,0.0273015005899352,false,false
B_static_13_sigma50_stride1,B,static_z0.5,0.5,13,0.05,24,0.19140625,0.025347904869673,false,false
B_static_13_sigma50_stride1,B,static_z0.5,0.5,13,0.05,25,0.19921875,0.0509788022691372,false,true
B_static_13_sigma50_stride1,B,static_z0.5,0.5,13,0.05,26,0.20703125,0.0408355395213135,false,false
B_static_13_sigma50_stride1,B,static_z0.5,0.5,13,0.05,27,0.21484375,0.0654361177359842,true,true
B_static_13_sigma50_stride1,B,static_z0.5,0.5,13,0.05,28,0.22265625,0.0316940451428305,false,false
B_static_13_sigma50_stride1,B,static_z0.5,0.5,13,0.05,29,0.23046875,0.0339587275813718,false,false
B_static_13_sigma50_stride1,B,static_z0.5,0.5,13,0.05,30,0.23828125,0.036750536426114,false,false
B_static_13_sigma50_stride1,B,static_z0.5,0.5,13,0.05,31,0.24609375,0.0424183958599731,false,false
B_static_13_sigma50_stride1,B,static_z0.5,0.5,13,0.05,32,0.25390625,0.0292972204040214,false,false
B_static_13_sigma50_stride1,B,static_z0.5,0.5,13,0.05,33,0.26171875,0.0239436057572987,false,false
B_static_13_sigma50_stride1,B,static_z0.5,0.5,13,0.05,34,0.26953125,0.0240297892664531,false,false
B_static_13_sigma50_stride1,B,static_z0.5,0.5,13,0.05,35,0.27734375,0.0240297892664531,false,false
B_static_13_sigma50_stride1,B,static_z0.5,0.5,13,0.05,36,0.28515625,0.0248055961080401,false,false
B_static_13_sigma50_stride1,B,static_z0.5,0.5,13,0.05,37,0.29296875,0.0203340041778115,false,false
B_static_13_sigma50_stride1,B,static_z0.5,0.5,13,0.05,38,0.30078125,0.0491079040857214,false,true
B_static_13_sigma50_stride1,B,static_z0.5,0.5,13,0.05,39,0.30859375,0.0491079040857214,false,true
B_static_13_sigma50_stride1,B,static_z0.5,0.5,13,0.05,40,0.31640625,0.0330465038437272,false,false
B_static_13_sigma50_stride1,B,static_z0.5,0.5,13,0.05,41,0.32421875,0.0285333451994441,false,false
B_static_13_sigma50_stride1,B,static_z0.5,0.5,13,0.05,42,0.33203125,0.0287002624671976,false,false
B_static_13_sigma50_stride1,B,static_z0.5,0.5,13,0.05,43,0.33984375,0.0263492038345233,false,false
B_static_13_sigma50_stride1,B,static_z0.5,0.5,13,0.05,44,0.34765625,0.0273822303203945,false,false
B_static_13_sigma50_stride1,B,static_z0.5,0.5,13,0.05,45,0.35546875,0.0357649570959331,false,false
B_static_13_sigma50_stride1,B,static_z0.5,0.5,13,0.05,46,0.36328125,0.0347968882870565,false,false
B_static_13_sigma50_stride1,B,static_z0.5,0.5,13,0.05,47,0.37109375,0.0403989395937714,false,false
B_static_13_sigma50_stride1,B,static_z0.5,0.5,13,0.05,48,0.37890625,0.0196578959141391,false,false
B_static_13_sigma50_stride1,B,static_z0.5,0.5,13,0.05,49,0.38671875,0.0241697740362498,false,false
B_static_13_sigma50_stride1,B,static_z0.5,0.5,13,0.05,50,0.39453125,0.0251771347531868,false,false
B_static_13_sigma50_stride1,B,static_z0.5,0.5,13,0.05,51,0.40234375,0.0239275342404602,false,false
B_static_13_sigma50_stride1,B,static_z0.5,0.5,13,0.05,52,0.41015625,0.0201291738046769,false,false
B_static_13_sigma50_stride1,B,static_z0.5,0.5,13,0.05,53,0.41796875,0.0624817042543362,true,true
B_static_13_sigma50_stride1,B,static_z0.5,0.5,13,0.05,54,0.42578125,0.0639435414156043,true,true
B_static_13_sigma50_stride1,B,static_z0.5,0.5,13,0.05,55,0.43359375,0.040377738518411,false,false
B_static_13_sigma50_stride1,B,static_z0.5,0.5,13,0.05,56,0.44140625,0.031514596835174,false,false
B_static_13_sigma50_stride1,B,static_z0.5,0.5,13,0.05,57,0.44921875,0.0462115501276913,false,false
B_static_13_sigma50_stride1,B,static_z0.5,0.5,13,0.05,58,0.45703125,0.0364373666541635,false,false
B_static_13_sigma50_stride1,B,static_z0.5,0.5,13,0.05,59,0.46484375,0.0386362802074815,false,false
B_static_13_sigma50_stride1,B,static_z0.5,0.5,13,0.05,60,0.47265625,0.0216569588799391,false,false
B_static_13_sigma50_stride1,B,static_z0.5,0.5,13,0.05,61,0.48046875,0.0144683039250977,false,false
B_static_13_sigma50_stride1,B,static_z0.5,0.5,13,0.05,62,0.48828125,0.0357650984849882,false,false
B_static_13_sigma50_stride1,B,static_z0.5,0.5,13,0.05,63,0.49609375,0.0224688995774594,false,false
B_static_13_sigma50_stride1,B,static_z0.5,0.5,13,0.05,64,0.50390625,0.0320883614371471,false,false
B_static_13_sigma50_stride1,B,static_z0.5,0.5,13,0.05,65,0.51171875,0.0363626468867249,false,false
B_static_13_sigma50_stride1,B,static_z0.5,0.5,13,0.05,66,0.51953125,0.0233003091491966,false,false
B_static_13_sigma50_stride1,B,static_z0.5,0.5,13,0.05,67,0.52734375,0.022752728157611,false,false
B_static_13_sigma50_stride1,B,static_z0.5,0.5,13,0.05,68,0.53515625,0.0265571274410487,false,false
B_static_13_sigma50_stride1,B,static_z0.5,0.5,13,0.05,69,0.54296875,0.0265571274410487,false,false
B_static_13_sigma50_stride1,B,static_z0.5,0.5,13,0.05,70,0.55078125,0.0363944757310315,false,false
B_static_13_sigma50_stride1,B,static_z0.5,0.5,13,0.05,71,0.55859375,0.0432344209330509,false,false
B_static_13_sigma50_stride1,B,static_z0.5,0.5,13,0.05,72,0.56640625,0.0225479071427543,false,false
B_static_13_sigma50_stride1,B,static_z0.5,0.5,13,0.05,73,0.57421875,0.0609381777493405,true,true
B_static_13_sigma50_stride1,B,static_z0.5,0.5,13,0.05,74,0.58203125,0.0305831368614416,false,false
B_static_13_sigma50_stride1,B,static_z0.5,0.5,13,0.05,75,0.58984375,0.0238213473152554,false,false
B_static_13_sigma50_stride1,B,static_z0.5,0.5,13,0.05,76,0.59765625,0.0223226339473758,false,false
B_static_13_sigma50_stride1,B,static_z0.5,0.5,13,0.05,77,0.60546875,0.0318477436394,false,false
B_static_13_sigma50_stride1,B,static_z0.5,0.5,13,0.05,78,0.61328125,0.0204247358201677,false,false
B_static_13_sigma50_stride1,B,static_z0.5,0.5,13,0.05,79,0.62109375,0.0198680305057173,false,false
B_static_13_sigma50_stride1,B,static_z0.5,0.5,13,0.05,80,0.62890625,0.0357775077212693,false,false
B_static_13_sigma50_stride1,B,static_z0.5,0.5,13,0.05,81,0.63671875,0.0314682112469792,false,false
B_static_13_sigma50_stride1,B,static_z0.5,0.5,13,0.05,82,0.64453125,0.0264834985921487,false,false
B_static_13_sigma50_stride1,B,static_z0.5,0.5,13,0.05,83,0.65234375,0.0290291064822684,false,false
B_static_13_sigma50_stride1,B,static_z0.5,0.5,13,0.05,84,0.66015625,0.0350334832988637,false,false
B_static_13_sigma50_stride1,B,static_z0.5,0.5,13,0.05,85,0.66796875,0.0473425758790299,false,false
B_static_13_sigma50_stride1,B,static_z0.5,0.5,13,0.05,86,0.67578125,0.0817773199294931,true,true
B_static_13_sigma50_stride1,B,static_z0.5,0.5,13,0.05,87,0.68359375,0.028313590108617,false,false
B_static_13_sigma50_stride1,B,static_z0.5,0.5,13,0.05,88,0.69140625,0.0536333443604159,true,true
B_static_13_sigma50_stride1,B,static_z0.5,0.5,13,0.05,89,0.69921875,0.0341019379276946,false,false
B_static_13_sigma50_stride1,B,static_z0.5,0.5,13,0.05,90,0.70703125,0.02014406654365,false,false
B_static_13_sigma50_stride1,B,static_z0.5,0.5,13,0.05,91,0.71484375,0.0243822648348785,false,false
B_static_13_sigma50_stride1,B,static_z0.5,0.5,13,0.05,92,0.72265625,0.0208164412520837,false,false
B_static_13_sigma50_stride1,B,static_z0.5,0.5,13,0.05,93,0.73046875,0.0248256840772534,false,false
B_static_13_sigma50_stride1,B,static_z0.5,0.5,13,0.05,94,0.73828125,0.0387110419243174,false,false
B_static_13_sigma50_stride1,B,static_z0.5,0.5,13,0.05,95,0.74609375,0.0199086411628228,false,false
B_static_13_sigma50_stride1,B,static_z0.5,0.5,13,0.05,96,0.75390625,0.014711411688588,false,false
B_static_13_sigma50_stride1,B,static_z0.5,0.5,13,0.05,97,0.76171875,0.0234972904022758,false,false
B_static_13_sigma50_stride1,B,static_z0.5,0.5,13,0.05,98,0.76953125,0.0261089541556078,false,false
B_static_13_sigma50_stride1,B,static_z0.5,0.5,13,0.05,99,0.77734375,0.0237809832182944,false,false
B_static_13_sigma50_stride1,B,static_z0.5,0.5,13,0.05,100,0.78515625,0.021569386173304,false,false
B_static_13_sigma50_stride1,B,static_z0.5,0.5,13,0.05,101,0.79296875,0.0182845419496067,false,false
B_static_13_sigma50_stride1,B,static_z0.5,0.5,13,0.05,102,0.80078125,0.0228041983306594,false,false
B_static_13_sigma50_stride1,B,static_z0.5,0.5,13,0.05,103,0.80859375,0.0423558641693604,false,false
B_static_13_sigma50_stride1,B,static_z0.5,0.5,13,0.05,104,0.81640625,0.0592282804938123,true,true
B_static_13_sigma50_stride1,B,static_z0.5,0.5,13,0.05,105,0.82421875,0.0163809387592594,false,false
B_static_13_sigma50_stride1,B,static_z0.5,0.5,13,0.05,106,0.83203125,0.0181115356837773,false,false
B_static_13_sigma50_stride1,B,static_z0.5,0.5,13,0.05,107,0.83984375,0.0192770346754434,false,false
B_static_13_sigma50_stride1,B,static_z0.5,0.5,13,0.05,108,0.84765625,0.0211652643603696,false,false
B_static_13_sigma50_stride1,B,static_z0.5,0.5,13,0.05,109,0.85546875,0.027742082418319,false,false
B_static_13_sigma50_stride1,B,static_z0.5,0.5,13,0.05,110,0.86328125,0.0303127865445981,false,false
B_static_13_sigma50_stride1,B,static_z0.5,0.5,13,0.05,111,0.87109375,0.0255844562262875,false,false
B_static_13_sigma50_stride1,B,static_z0.5,0.5,13,0.05,112,0.87890625,0.0274336544790211,false,false
B_static_13_sigma50_stride1,B,static_z0.5,0.5,13,0.05,113,0.88671875,0.0383798221272485,false,false
B_static_13_sigma50_stride1,B,static_z0.5,0.5,13,0.05,114,0.89453125,0.0505756417219811,false,true
B_static_13_sigma50_stride1,B,static_z0.5,0.5,13,0.05,115,0.90234375,0.0424546801702073,false,false
B_static_13_sigma50_stride1,B,static_z0.5,0.5,13,0.05,116,0.91015625,0.0373195972755861,false,false
B_static_13_sigma50_stride1,B,static_z0.5,0.5,13,0.05,117,0.91796875,0.0208477430766503,false,false
B_static_13_sigma50_stride1,B,static_z0.5,0.5,13,0.05,118,0.92578125,0.0381099087227837,false,false
B_static_13_sigma50_stride1,B,static_z0.5,0.5,13,0.05,119,0.93359375,0.0372797349568183,false,false
B_static_13_sigma50_stride1,B,static_z0.5,0.5,13,0.05,120,0.94140625,0.024041528696073,false,false
B_static_13_sigma50_stride1,B,static_z0.5,0.5,13,0.05,121,0.94921875,0.0280131928319226,false,false
B_static_13_sigma50_stride1,B,static_z0.5,0.5,13,0.05,122,0.95703125,0.0237786906618271,false,false
B_static_13_sigma50_stride1,B,static_z0.5,0.5,13,0.05,123,0.96484375,0.0469345806564407,false,false
B_static_13_sigma50_stride1,B,static_z0.5,0.5,13,0.05,124,0.97265625,0.0344655995695949,false,false
B_static_13_sigma50_stride1,B,static_z0.5,0.5,13,0.05,125,0.98046875,0.0267283535986411,false,false
B_static_13_sigma50_stride1,B,static_z0.5,0.5,13,0.05,126,0.98828125,0.027467888299614,false,false
B_static_13_sigma50_stride1,B,static_z0.5,0.5,13,0.05,127,0.99609375,0.0446446686513838,false,false
B_static_13_sigma100_stride1,B,static_z0.5,0.5,13,0.1,0,0.00390625,0.0591293715156027,,false
B_static_13_sigma100_stride1,B,static_z0.5,0.5,13,0.1,1,0.01171875,0.0371092459006155,,false
B_static_13_sigma100_stride1,B,static_z0.5,0.5,13,0.1,2,0.01953125,0.0480926595428651,,false
B_static_13_sigma100_stride1,B,static_z0.5,0.5,13,0.1,3,0.02734375,0.042586203359039,,false
B_static_13_sigma100_stride1,B,static_z0.5,0.5,13,0.1,4,0.03515625,0.0371700068374268,,false
B_static_13_sigma100_stride1,B,static_z0.5,0.5,13,0.1,5,0.04296875,0.0687974838850071,,false
B_static_13_sigma100_stride1,B,static_z0.5,0.5,13,0.1,6,0.05078125,0.0508753045088287,,false
B_static_13_sigma100_stride1,B,static_z0.5,0.5,13,0.1,7,0.05859375,0.0887626634424973,,false
B_static_13_sigma100_stride1,B,static_z0.5,0.5,13,0.1,8,0.06640625,0.078483984083961,,false
B_static_13_sigma100_stride1,B,static_z0.5,0.5,13,0.1,9,0.07421875,0.0528859676823136,,false
B_static_13_sigma100_stride1,B,static_z0.5,0.5,13,0.1,10,0.08203125,0.0617205667778792,,false
B_static_13_sigma100_stride1,B,static_z0.5,0.5,13,0.1,11,0.08984375,0.0421782288161699,,false
B_static_13_sigma100_stride1,B,static_z0.5,0.5,13,0.1,12,0.09765625,0.0381847761187018,,false
B_static_13_sigma100_stride1,B,static_z0.5,0.5,13,0.1,13,0.10546875,0.0651143690643174,,false
B_static_13_sigma100_stride1,B,static_z0.5,0.5,13,0.1,14,0.11328125,0.0633553039842864,,false
B_static_13_sigma100_stride1,B,static_z0.5,0.5,13,0.1,15,0.12109375,0.0686511164601197,,false
B_static_13_sigma100_stride1,B,static_z0.5,0.5,13,0.1,16,0.12890625,0.0583037981723835,,false
B_static_13_sigma100_stride1,B,static_z0.5,0.5,13,0.1,17,0.13671875,0.0763407703632744,,false
B_static_13_sigma100_stride1,B,static_z0.5,0.5,13,0.1,18,0.14453125,0.0819670418964022,,false
B_static_13_sigma100_stride1,B,static_z0.5,0.5,13,0.1,19,0.15234375,0.0317536048457083,,false
B_static_13_sigma100_stride1,B,static_z0.5,0.5,13,0.1,20,0.16015625,0.0737030335623527,,false
B_static_13_sigma100_stride1,B,static_z0.5,0.5,13,0.1,21,0.16796875,0.0418628525255255,,false
B_static_13_sigma100_stride1,B,static_z0.5,0.5,13,0.1,22,0.17578125,0.0799502652521486,,false
B_static_13_sigma100_stride1,B,static_z0.5,0.5,13,0.1,23,0.18359375,0.0889437440910882,,false
B_static_13_sigma100_stride1,B,static_z0.5,0.5,13,0.1,24,0.19140625,0.100972375247771,,false
B_static_13_sigma100_stride1,B,static_z0.5,0.5,13,0.1,25,0.19921875,0.0488347695555935,,false
B_static_13_sigma100_stride1,B,static_z0.5,0.5,13,0.1,26,0.20703125,0.100320399242025,,false
B_static_13_sigma100_stride1,B,static_z0.5,0.5,13,0.1,27,0.21484375,0.100431404221623,,false
B_static_13_sigma100_stride1,B,static_z0.5,0.5,13,0.1,28,0.22265625,0.0341365773647518,,false
B_static_13_sigma100_stride1,B,static_z0.5,0.5,13,0.1,29,0.23046875,0.044819126965641,,false
B_static_13_sigma100_stride1,B,static_z0.5,0.5,13,0.1,30,0.23828125,0.0291132305076236,,false
B_static_13_sigma100_stride1,B,static_z0.5,0.5,13,0.1,31,0.24609375,0.0603050826660496,,false
B_static_13_sigma100_stride1,B,static_z0.5,0.5,13,0.1,32,0.25390625,0.0400267546259312,,false
B_static_13_sigma100_stride1,B,static_z0.5,0.5,13,0.1,33,0.26171875,0.0684800795405339,,false
B_static_13_sigma100_stride1,B,static_z0.5,0.5,13,0.1,34,0.26953125,0.0601004992739378,,false
B_static_13_sigma100_stride1,B,static_z0.5,0.5,13,0.1,35,0.27734375,0.105192609267932,,false
B_static_13_sigma100_stride1,B,static_z0.5,0.5,13,0.1,36,0.28515625,0.0666394899551647,,false
B_static_13_sigma100_stride1,B,static_z0.5,0.5,13,0.1,37,0.29296875,0.057117585934084,,false
B_static_13_sigma100_stride1,B,static_z0.5,0.5,13,0.1,38,0.30078125,0.0711062629580224,,false
B_static_13_sigma100_stride1,B,static_z0.5,0.5,13,0.1,39,0.30859375,0.0698527872790747,,false
B_static_13_sigma100_stride1,B,static_z0.5,0.5,13,0.1,40,0.31640625,0.0781576170317963,,false
B_static_13_sigma100_stride1,B,static_z0.5,0.5,13,0.1,41,0.32421875,0.044018593022391,,false
B_static_13_sigma100_stride1,B,static_z0.5,0.5,13,0.1,42,0.33203125,0.052090017571345,,false
B_static_13_sigma100_stride1,B,static_z0.5,0.5,13,0.1,43,0.33984375,0.0597830754327889,,false
B_static_13_sigma100_stride1,B,static_z0.5,0.5,13,0.1,44,0.34765625,0.0884685779831264,,false
B_static_13_sigma100_stride1,B,static_z0.5,0.5,13,0.1,45,0.35546875,0.0435406950445405,,false
B_static_13_sigma100_stride1,B,static_z0.5,0.5,13,0.1,46,0.36328125,0.0473070911604809,,false
B_static_13_sigma100_stride1,B,static_z0.5,0.5,13,0.1,47,0.37109375,0.044704056484425,,false
B_static_13_sigma100_stride1,B,static_z0.5,0.5,13,0.1,48,0.37890625,0.0374872791568726,,false
B_static_13_sigma100_stride1,B,static_z0.5,0.5,13,0.1,49,0.38671875,0.0820968997242352,,false
B_static_13_sigma100_stride1,B,static_z0.5,0.5,13,0.1,50,0.39453125,0.0814546928144431,,false
B_static_13_sigma100_stride1,B,static_z0.5,0.5,13,0.1,51,0.40234375,0.0675633387381275,,false
B_static_13_sigma100_stride1,B,static_z0.5,0.5,13,0.1,52,0.41015625,0.064056591808926,,false
B_static_13_sigma100_stride1,B,static_z0.5,0.5,13,0.1,53,0.41796875,0.0320226510811855,,false
B_static_13_sigma100_stride1,B,static_z0.5,0.5,13,0.1,54,0.42578125,0.0391332847704039,,false
B_static_13_sigma100_stride1,B,static_z0.5,0.5,13,0.1,55,0.43359375,0.0491801412112346,,false
B_static_13_sigma100_stride1,B,static_z0.5,0.5,13,0.1,56,0.44140625,0.0615663443556619,,false
B_static_13_sigma100_stride1,B,static_z0.5,0.5,13,0.1,57,0.44921875,0.0872142058495565,,false
B_static_13_sigma100_stride1,B,static_z0.5,0.5,13,0.1,58,0.45703125,0.0993334984979302,,false
B_static_13_sigma100_stride1,B,static_z0.5,0.5,13,0.1,59,0.46484375,0.0603638706238252,,false
B_static_13_sigma100_stride1,B,static_z0.5,0.5,13,0.1,60,0.47265625,0.0420426857430439,,false
B_static_13_sigma100_stride1,B,static_z0.5,0.5,13,0.1,61,0.48046875,0.0592282528299644,,false
B_static_13_sigma100_stride1,B,static_z0.5,0.5,13,0.1,62,0.48828125,0.0406929424018737,,false
B_static_13_sigma100_stride1,B,static_z0.5,0.5,13,0.1,63,0.49609375,0.0522566571174704,,false
B_static_13_sigma100_stride1,B,static_z0.5,0.5,13,0.1,64,0.50390625,0.0382505005922144,,false
B_static_13_sigma100_stride1,B,static_z0.5,0.5,13,0.1,65,0.51171875,0.0479397137229237,,false
B_static_13_sigma100_stride1,B,static_z0.5,0.5,13,0.1,66,0.51953125,0.0473029449706786,,false
B_static_13_sigma100_stride1,B,static_z0.5,0.5,13,0.1,67,0.52734375,0.0402459179986729,,false
B_static_13_sigma100_stride1,B,static_z0.5,0.5,13,0.1,68,0.53515625,0.0382915888381744,,false
B_static_13_sigma100_stride1,B,static_z0.5,0.5,13,0.1,69,0.54296875,0.0333269188589564,,false
B_static_13_sigma100_stride1,B,static_z0.5,0.5,13,0.1,70,0.55078125,0.0526889526000014,,false
B_static_13_sigma100_stride1,B,static_z0.5,0.5,13,0.1,71,0.55859375,0.0821820734881554,,false
B_static_13_sigma100_stride1,B,static_z0.5,0.5,13,0.1,72,0.56640625,0.0821820734881554,,false
B_static_13_sigma100_stride1,B,static_z0.5,0.5,13,0.1,73,0.57421875,0.0509093406807552,,false
B_static_13_sigma100_stride1,B,static_z0.5,0.5,13,0.1,74,0.58203125,0.0520267653125195,,false
B_static_13_sigma100_stride1,B,static_z0.5,0.5,13,0.1,75,0.58984375,0.076629977712963,,false
B_static_13_sigma100_stride1,B,static_z0.5,0.5,13,0.1,76,0.59765625,0.054588568872877,,false
B_static_13_sigma100_stride1,B,static_z0.5,0.5,13,0.1,77,0.60546875,0.0506940235539002,,false
B_static_13_sigma100_stride1,B,static_z0.5,0.5,13,0.1,78,0.61328125,0.0515625594697908,,false
B_static_13_sigma100_stride1,B,static_z0.5,0.5,13,0.1,79,0.62109375,0.0748239718412066,,false
B_static_13_sigma100_stride1,B,static_z0.5,0.5,13,0.1,80,0.62890625,0.0318108684859974,,false
B_static_13_sigma100_stride1,B,static_z0.5,0.5,13,0.1,81,0.63671875,0.066573321400965,,false
B_static_13_sigma100_stride1,B,static_z0.5,0.5,13,0.1,82,0.64453125,0.062255191109972,,false
B_static_13_sigma100_stride1,B,static_z0.5,0.5,13,0.1,83,0.65234375,0.0527691240112638,,false
B_static_13_sigma100_stride1,B,static_z0.5,0.5,13,0.1,84,0.66015625,0.0889007599203955,,false
B_static_13_sigma100_stride1,B,static_z0.5,0.5,13,0.1,85,0.66796875,0.084826574023721,,false
B_static_13_sigma100_stride1,B,static_z0.5,0.5,13,0.1,86,0.67578125,0.0761001090650934,,false
B_static_13_sigma100_stride1,B,static_z0.5,0.5,13,0.1,87,0.68359375,0.0791245412124191,,false
B_static_13_sigma100_stride1,B,static_z0.5,0.5,13,0.1,88,0.69140625,0.0779872068408346,,false
B_static_13_sigma100_stride1,B,static_z0.5,0.5,13,0.1,89,0.69921875,0.0826397652941707,,false
B_static_13_sigma100_stride1,B,static_z0.5,0.5,13,0.1,90,0.70703125,0.122081437846341,,true
B_static_13_sigma100_stride1,B,static_z0.5,0.5,13,0.1,91,0.71484375,0.0602630600511542,,false
B_static_13_sigma100_stride1,B,static_z0.5,0.5,13,0.1,92,0.72265625,0.0362984033740626,,false
B_static_13_sigma100_stride1,B,static_z0.5,0.5,13,0.1,93,0.73046875,0.0521220599711988,,false
B_static_13_sigma100_stride1,B,static_z0.5,0.5,13,0.1,94,0.73828125,0.0557993083837739,,false
B_static_13_sigma100_stride1,B,static_z0.5,0.5,13,0.1,95,0.74609375,0.0360029506794196,,false
B_static_13_sigma100_stride1,B,static_z0.5,0.5,13,0.1,96,0.75390625,0.0720611260074879,,false
B_static_13_sigma100_stride1,B,static_z0.5,0.5,13,0.1,97,0.76171875,0.0871398906430415,,false
B_static_13_sigma100_stride1,B,static_z0.5,0.5,13,0.1,98,0.76953125,0.0387288054342805,,false
B_static_13_sigma100_stride1,B,static_z0.5,0.5,13,0.1,99,0.77734375,0.0799169050790589,,false
B_static_13_sigma100_stride1,B,static_z0.5,0.5,13,0.1,100,0.78515625,0.0514587214246217,,false
B_static_13_sigma100_stride1,B,static_z0.5,0.5,13,0.1,101,0.79296875,0.0491440885761684,,false
B_static_13_sigma100_stride1,B,static_z0.5,0.5,13,0.1,102,0.80078125,0.068234023515915,,false
B_static_13_sigma100_stride1,B,static_z0.5,0.5,13,0.1,103,0.80859375,0.0621577302927002,,false
B_static_13_sigma100_stride1,B,static_z0.5,0.5,13,0.1,104,0.81640625,0.0430999182872639,,false
B_static_13_sigma100_stride1,B,static_z0.5,0.5,13,0.1,105,0.82421875,0.0317149388081353,,false
B_static_13_sigma100_stride1,B,static_z0.5,0.5,13,0.1,106,0.83203125,0.0589753385767728,,false
B_static_13_sigma100_stride1,B,static_z0.5,0.5,13,0.1,107,0.83984375,0.0551072261906097,,false
B_static_13_sigma100_stride1,B,static_z0.5,0.5,13,0.1,108,0.84765625,0.0596625207907649,,false
B_static_13_sigma100_stride1,B,static_z0.5,0.5,13,0.1,109,0.85546875,0.0708813582974588,,false
B_static_13_sigma100_stride1,B,static_z0.5,0.5,13,0.1,110,0.86328125,0.0573357032035652,,false
B_static_13_sigma100_stride1,B,static_z0.5,0.5,13,0.1,111,0.87109375,0.0504480361402113,,false
B_static_13_sigma100_stride1,B,static_z0.5,0.5,13,0.1,112,0.87890625,0.0424407949902269,,false
B_static_13_sigma100_stride1,B,static_z0.5,0.5,13,0.1,113,0.88671875,0.0432865113016343,,false
B_static_13_sigma100_stride1,B,static_z0.5,0.5,13,0.1,114,0.89453125,0.0552822528022806,,false
B_static_13_sigma100_stride1,B,static_z0.5,0.5,13,0.1,115,0.90234375,0.0555141087724279,,false
B_static_13_sigma100_stride1,B,static_z0.5,0.5,13,0.1,116,0.91015625,0.0442248499138591,,false
B_static_13_sigma100_stride1,B,static_z0.5,0.5,13,0.1,117,0.91796875,0.0406863617266901,,false
B_static_13_sigma100_stride1,B,static_z0.5,0.5,13,0.1,118,0.92578125,0.0495097060906995,,false
B_static_13_sigma100_stride1,B,static_z0.5,0.5,13,0.1,119,0.93359375,0.0509802133155503,,false
B_static_13_sigma100_stride1,B,static_z0.5,0.5,13,0.1,120,0.94140625,0.0571702326258656,,false
B_static_13_sigma100_stride1,B,static_z0.5,0.5,13,0.1,121,0.94921875,0.102853500108238,,false
B_static_13_sigma100_stride1,B,static_z0.5,0.5,13,0.1,122,0.95703125,0.060079551472029,,false
B_static_13_sigma100_stride1,B,static_z0.5,0.5,13,0.1,123,0.96484375,0.0569645390372647,,false
B_static_13_sigma100_stride1,B,static_z0.5,0.5,13,0.1,124,0.97265625,0.0725230086904526,,false
B_static_13_sigma100_stride1,B,static_z0.5,0.5,13,0.1,125,0.98046875,0.102323924267509,,false
B_static_13_sigma100_stride1,B,static_z0.5,0.5,13,0.1,126,0.98828125,0.0991111934069079,,false
B_static_13_sigma100_stride1,B,static_z0.5,0.5,13,0.1,127,0.99609375,0.0371253651985104,,false
B_snapshot_z1.0_13_sigma0_stride1,B,snapshot_z1.0,1,13,0,0,0.00390625,0,,
B_snapshot_z1.0_13_sigma0_stride1,B,snapshot_z1.0,1,13,0,1,0.01171875,0,,
B_snapshot_z1.0_13_sigma0_stride1,B,snapshot_z1.0,1,13,0,2,0.01953125,0,,
B_snapshot_z1.0_13_sigma0_stride1,B,snapshot_z1.0,1,13,0,3,0.02734375,0,,
B_snapshot_z1.0_13_sigma0_stride1,B,snapshot_z1.0,1,13,0,4,0.03515625,0,,
B_snapshot_z1.0_13_sigma0_stride1,B,snapshot_z1.0,1,13,0,5,0.04296875,0,,
B_snapshot_z1.0_13_sigma0_stride1,B,snapshot_z1.0,1,13,0,6,0.05078125,0,,
B_snapshot_z1.0_13_sigma0_stride1,B,snapshot_z1.0,1,13,0,7,0.05859375,0,,
B_snapshot_z1.0_13_sigma0_stride1,B,snapshot_z1.0,1,13,0,8,0.06640625,0,,
B_snapshot_z1.0_13_sigma0_stride1,B,snapshot_z1.0,1,13,0,9,0.07421875,0,,
B_snapshot_z1.0_13_sigma0_stride1,B,snapshot_z1.0,1,13,0,10,0.08203125,0,,
B_snapshot_z1.0_13_sigma0_stride1,B,snapshot_z1.0,1,13,0,11,0.08984375,0,,
B_snapshot_z1.0_13_sigma0_stride1,B,snapshot_z1.0,1,13,0,12,0.09765625,0,,
B_snapshot_z1.0_13_sigma0_stride1,B,snapshot_z1.0,1,13,0,13,0.10546875,0,,
B_snapshot_z1.0_13_sigma0_stride1,B,snapshot_z1.0,1,13,0,14,0.11328125,0,,
B_snapshot_z1.0_13_sigma0_stride1,B,snapshot_z1.0,1,13,0,15,0.12109375,0,,
B_snapshot_z1.0_13_sigma0_stride1,B,snapshot_z1.0,1,13,0,16,0.12890625,0,,
B_snapshot_z1.0_13_sigma0_stride1,B,snapshot_z1.0,1,13,0,17,0.13671875,0,,
B_snapshot_z1.0_13_sigma0_stride1,B,snapshot_z1.0,1,13,0,18,0.14453125,0,,
B_snapshot_z1.0_13_sigma0_stride1,B,snapshot_z1.0,1,13,0,19,0.15234375,0,,
B_snapshot_z1.0_13_sigma0_stride1,B,snapshot_z1.0,1,13,0,20,0.16015625,0,,
B_snapshot_z1.0_13_sigma0_stride1,B,snapshot_z1.0,1,13,0,21,0.16796875,0,,
B_snapshot_z1.0_13_sigma0_stride1,B,snapshot_z1.0,1,13,0,22,0.17578125,0,,
B_snapshot_z1.0_13_sigma0_stride1,B,snapshot_z1.0,1,13,0,23,0.18359375,0,,
B_snapshot_z1.0_13_sigma0_stride1,B,snapshot_z1.0,1,13,0,24,0.19140625,0,,
B_snapshot_z1.0_13_sigma0_stride1,B,snapshot_z1.0,1,13,0,25,0.19921875,0,,
B_snapshot_z1.0_13_sigma0_stride1,B,snapshot_z1.0,1,13,0,26,0.20703125,0,,
B_snapshot_z1.0_13_sigma0_stride1,B,snapshot_z1.0,1,13,0,27,0.21484375,0,,
B_snapshot_z1.0_13_sigma0_stride1,B,snapshot_z1.0,1,13,0,28,0.22265625,0,,
B_snapshot_z1.0_13_sigma0_stride1,B,snapshot_z1.0,1,13,0,29,0.23046875,0,,
B_snapshot_z1.0_13_sigma0_stride1,B,snapshot_z1.0,1,13,0,30,0.23828125,0,,
B_snapshot_z1.0_13_sigma0_stride1,B,snapshot_z1.0,1,13,0,31,0.24609375,0,,
B_snapshot_z1.0_13_sigma0_stride1,B,snapshot_z1.0,1,13,0,32,0.25390625,0,,
B_snapshot_z1.0_13_sigma0_stride1,B,snapshot_z1.0,1,13,0,33,0.26171875,0,,
B_snapshot_z1.0_13_sigma0_stride1,B,snapshot_z1.0,1,13,0,34,0.26953125,0,,
B_snapshot_z1.0_13_sigma0_stride1,B,snapshot_z1.0,1,13,0,35,0.27734375,0,,
B_snapshot_z1.0_13_sigma0_stride1,B,snapshot_z1.0,1,13,0,36,0.28515625,0,,
B_snapshot_z1.0_13_sigma0_stride1,B,snapshot_z1.0,1,13,0,37,0.29296875,0,,
B_snapshot_z1.0_13_sigma0_stride1,B,snapshot_z1.0,1,13,0,38,0.30078125,0,,
B_snapshot_z1.0_13_sigma0_stride1,B,snapshot_z1.0,1,13,0,39,0.30859375,0,,
B_snapshot_z1.0_13_sigma0_stride1,B,snapshot_z1.0,1,13,0,40,0.31640625,0,,
B_snapshot_z1.0_13_sigma0_stride1,B,snapshot_z1.0,1,13,0,41,0.32421875,0,,
B_snapshot_z1.0_13_sigma0_stride1,B,snapshot_z1.0,1,13,0,42,0.33203125,0,,
B_snapshot_z1.0_13_sigma0_stride1,B,snapshot_z1.0,1,13,0,43,0.33984375,0,,
B_snapshot_z1.0_13_sigma0_stride1,B,snapshot_z1.0,1,13,0,44,0.34765625,0,,
B_snapshot_z1.0_13_sigma0_stride1,B,snapshot_z1.0,1,13,0,45,0.35546875,0,,
B_snapshot_z1.0_13_sigma0_stride1,B,snapshot_z1.0,1,13,0,46,0.36328125,0,,
B_snapshot_z1.0_13_sigma0_stride1,B,snapshot_z1.0,1,13,0,47,0.37109375,0,,
B_snapshot_z1.0_13_sigma0_stride1,B,snapshot_z1.0,1,13,0,48,0.37890625,0,,
B_snapshot_z1.0_13_sigma0_stride1,B,snapshot_z1.0,1,13,0,49,0.38671875,0,,
B_snapshot_z1.0_13_sigma0_stride1,B,snapshot_z1.0,1,13,0,50,0.39453125,0,,
B_snapshot_z1.0_13_sigma0_stride1,B,snapshot_z1.0,1,13,0,51,0.40234375,0,,
B_snapshot_z1.0_13_sigma0_stride1,B,snapshot_z1.0,1,13,0,52,0.41015625,0,,
B_snapshot_z1.0_13_sigma0_stride1,B,snapshot_z1.0,1,13,0,53,0.41796875,0,,
B_snapshot_z1.0_13_sigma0_stride1,B,snapshot_z1.0,1,13,0,54,0.42578125,0,,
B_snapshot_z1.0_13_sigma0_stride1,B,snapshot_z1.0,1,13,0,55,0.43359375,0,,
B_snapshot_z1.0_13_sigma0_stride1,B,snapshot_z1.0,1,13,0,56,0.44140625,0,,
B_snapshot_z1.0_13_sigma0_stride1,B,snapshot_z1.0,1,13,0,57,0.44921875,0,,
B_snapshot_z1.0_13_sigma0_stride1,B,snapshot_z1.0,1,13,0,58,0.45703125,0,,
B_snapshot_z1.0_13_sigma0_stride1,B,snapshot_z1.0,1,13,0,59,0.46484375,0,,
B_snapshot_z1.0_13_sigma0_stride1,B,snapshot_z1.0,1,13,0,60,0.47265625,0,,
B_snapshot_z1.0_13_sigma0_stride1,B,snapshot_z1.0,1,13,0,61,0.48046875,0,,
B_snapshot_z1.0_13_sigma0_stride1,B,snapshot_z1.0,1,13,0,62,0.48828125,0,,
B_snapshot_z1.0_13_sigma0_stride1,B,snapshot_z1.0,1,13,0,63,0.49609375,0,,
B_snapshot_z1.0_13_sigma0_stride1,B,snapshot_z1.0,1,13,0,64,0.50390625,0,,
B_snapshot_z1.0_13_sigma0_stride1,B,snapshot_z1.0,1,13,0,65,0.51171875,0,,
B_snapshot_z1.0_13_sigma0_stride1,B,snapshot_z1.0,1,13,0,66,0.51953125,0,,
B_snapshot_z1.0_13_sigma0_stride1,B,snapshot_z1.0,1,13,0,67,0.52734375,0,,
B_snapshot_z1.0_13_sigma0_stride1,B,snapshot_z1.0,1,13,0,68,0.53515625,0,,
B_snapshot_z1.0_13_sigma0_stride1,B,snapshot_z1.0,1,13,0,69,0.54296875,0,,
B_snapshot_z1.0_13_sigma0_stride1,B,snapshot_z1.0,1,13,0,70,0.55078125,0,,
B_snapshot_z1.0_13_sigma0_stride1,B,snapshot_z1.0,1,13,0,71,0.55859375,0,,
B_snapshot_z1.0_13_sigma0_stride1,B,snapshot_z1.0,1,13,0,72,0.56640625,0,,
B_snapshot_z1.0_13_sigma0_stride1,B,snapshot_z1.0,1,13,0,73,0.57421875,0,,
B_snapshot_z1.0_13_sigma0_stride1,B,snapshot_z1.0,1,13,0,74,0.58203125,0,,
B_snapshot_z1.0_13_sigma0_stride1,B,snapshot_z1.0,1,13,0,75,0.58984375,0,,
B_snapshot_z1.0_13_sigma0_stride1,B,snapshot_z1.0,1,13,0,76,0.59765625,0,,
B_snapshot_z1.0_13_sigma0_stride1,B,snapshot_z1.0,1,13,0,77,0.60546875,0,,
B_snapshot_z1.0_13_sigma0_stride1,B,snapshot_z1.0,1,13,0,78,0.61328125,0,,
B_snapshot_z1.0_13_sigma0_stride1,B,snapshot_z1.0,1,13,0,79,0.62109375,0,,
B_snapshot_z1.0_13_sigma0_stride1,B,snapshot_z1.0,1,13,0,80,0.62890625,0,,
B_snapshot_z1.0_13_sigma0_stride1,B,snapshot_z1.0,1,13,0,81,0.63671875,0,,
B_snapshot_z1.0_13_sigma0_stride1,B,snapshot_z1.0,1,13,0,82,0.64453125,0,,
B_snapshot_z1.0_13_sigma0_stride1,B,snapshot_z1.0,1,13,0,83,0.65234375,0,,
B_snapshot_z1.0_13_sigma0_stride1,B,snapshot_z1.0,1,13,0,84,0.66015625,0,,
B_snapshot_z1.0_13_sigma0_stride1,B,snapshot_z1.0,1,13,0,85,0.66796875,0,,
B_snapshot_z1.0_13_sigma0_stride1,B,snapshot_z1.0,1,13,0,86,0.67578125,0,,
B_snapshot_z1.0_13_sigma0_stride1,B,snapshot_z1.0,1,13,0,87,0.68359375,0,,
B_snapshot_z1.0_13_sigma0_stride1,B,snapshot_z1.0,1,13,0,88,0.69140625,0,,
B_snapshot_z1.0_13_sigma0_stride1,B,snapshot_z1.0,1,13,0,89,0.69921875,0,,
B_snapshot_z1.0_13_sigma0_stride1,B,snapshot_z1.0,1,13,0,90,0.70703125,0,,
B_snapshot_z1.0_13_sigma0_stride1,B,snapshot_z1.0,1,13,0,91,0.71484375,0,,
B_snapshot_z1.0_13_sigma0_stride1,B,snapshot_z1.0,1,13,0,92,0.72265625,0,,
B_snapshot_z1.0_13_sigma0_stride1,B,snapshot_z1.0,1,13,0,93,0.73046875,0,,
B_snapshot_z1.0_13_sigma0_stride1,B,snapshot_z1.0,1,13,0,94,0.73828125,0,,
B_snapshot_z1.0_13_sigma0_stride1,B,snapshot_z1.0,1,13,0,95,0.74609375,0,,
B_snapshot_z1.0_13_sigma0_stride1,B,snapshot_z1.0,1,13,0,96,0.75390625,0,,
B_snapshot_z1.0_13_sigma0_stride1,B,snapshot_z1.0,1,13,0,97,0.76171875,0,,
B_snapshot_z1.0_13_sigma0_stride1,B,snapshot_z1.0,1,13,0,98,0.76953125,0,,
B_snapshot_z1.0_13_sigma0_stride1,B,snapshot_z1.0,1,13,0,99,0.77734375,0,,
B_snapshot_z1.0_13_sigma0_stride1,B,snapshot_z1.0,1,13,0,100,0.78515625,0,,
B_snapshot_z1.0_13_sigma0_stride1,B,snapshot_z1.0,1,13,0,101,0.79296875,0,,
B_snapshot_z1.0_13_sigma0_stride1,B,snapshot_z1.0,1,13,0,102,0.80078125,0,,
B_snapshot_z1.0_13_sigma0_stride1,B,snapshot_z1.0,1,13,0,103,0.80859375,0,,
B_snapshot_z1.0_13_sigma0_stride1,B,snapshot_z1.0,1,13,0,104,0.81640625,0,,
B_snapshot_z1.0_13_sigma0_stride1,B,snapshot_z1.0,1,13,0,105,0.82421875,0,,
B_snapshot_z1.0_13_sigma0_stride1,B,snapshot_z1.0,1,13,0,106,0.83203125,0,,
B_snapshot_z1.0_13_sigma0_stride1,B,snapshot_z1.0,1,13,0,107,0.83984375,0,,
B_snapshot_z1.0_13_sigma0_stride1,B,snapshot_z1.0,1,13,0,108,0.84765625,0,,
B_snapshot_z1.0_13_sigma0_stride1,B,snapshot_z1.0,1,13,0,109,0.85546875,0,,
B_snapshot_z1.0_13_sigma0_stride1,B,snapshot_z1.0,1,13,0,110,0.86328125,0,,
B_snapshot_z1.0_13_sigma0_stride1,B,snapshot_z1.0,1,13,0,111,0.87109375,0,,
B_snapshot_z1.0_13_sigma0_stride1,B,snapshot_z1.0,1,13,0,112,0.87890625,0,,
B_snapshot_z1.0_13_sigma0_stride1,B,snapshot_z1.0,1,13,0,113,0.88671875,0,,
B_snapshot_z1.0_13_sigma0_stride1,B,snapshot_z1.0,1,13,0,114,0.89453125,0,,
B_snapshot_z1.0_13_sigma0_stride1,B,snapshot_z1.0,1,13,0,115,0.90234375,0,,
B_snapshot_z1.0_13_sigma0_stride1,B,snapshot_z1.0,1,13,0,116,0.91015625,0,,
B_snapshot_z1.0_13_sigma0_stride1,B,snapshot_z1.0,1,13,0,117,0.91796875,0,,
B_snapshot_z1.0_13_sigma0_stride1,B,snapshot_z1.0,1,13,0,118,0.92578125,0,,
B_snapshot_z1.0_13_sigma0_stride1,B,snapshot_z1.0,1,13,0,119,0.93359375,0,,
B_snapshot_z1.0_13_sigma0_stride1,B,snapshot_z1.0,1,13,0,120,0.94140625,0,,
B_snapshot_z1.0_13_sigma0_stride1,B,snapshot_z1.0,1,13,0,121,0.94921875,0,,
B_snapshot_z1.0_13_sigma0_stride1,B,snapshot_z1.0,1,13,0,122,0.95703125,0,,
B_snapshot_z1.0_13_sigma0_stride1,B,snapshot_z1.0,1,13,0,123,0.96484375,0,,
B_snapshot_z1.0_13_sigma0_stride1,B,snapshot_z1.0,1,13,0,124,0.97265625,0,,
B_snapshot_z1.0_13_sigma0_stride1,B,snapshot_z1.0,1,13,0,125,0.98046875,0,,
B_snapshot_z1.0_13_sigma0_stride1,B,snapshot_z1.0,1,13,0,126,0.98828125,0,,
B_snapshot_z1.0_13_sigma0_stride1,B,snapshot_z1.0,1,13,0,127,0.99609375,0,,
B_snapshot_z2.0_13_sigma0_stride1,B,snapshot_z2.0,2,13,0,0,0.00390625,0,,
B_snapshot_z2.0_13_sigma0_stride1,B,snapshot_z2.0,2,13,0,1,0.01171875,0,,
B_snapshot_z2.0_13_sigma0_stride1,B,snapshot_z2.0,2,13,0,2,0.01953125,0,,
B_snapshot_z2.0_13_sigma0_stride1,B,snapshot_z2.0,2,13,0,3,0.02734375,0,,
B_snapshot_z2.0_13_sigma0_stride1,B,snapshot_z2.0,2,13,0,4,0.03515625,0,,
B_snapshot_z2.0_13_sigma0_stride1,B,snapshot_z2.0,2,13,0,5,0.04296875,0,,
B_snapshot_z2.0_13_sigma0_stride1,B,snapshot_z2.0,2,13,0,6,0.05078125,0,,
B_snapshot_z2.0_13_sigma0_stride1,B,snapshot_z2.0,2,13,0,7,0.05859375,0,,
B_snapshot_z2.0_13_sigma0_stride1,B,snapshot_z2.0,2,13,0,8,0.06640625,0,,
B_snapshot_z2.0_13_sigma0_stride1,B,snapshot_z2.0,2,13,0,9,0.07421875,0,,
B_snapshot_z2.0_13_sigma0_stride1,B,snapshot_z2.0,2,13,0,10,0.08203125,0,,
B_snapshot_z2.0_13_sigma0_stride1,B,snapshot_z2.0,2,13,0,11,0.08984375,0,,
B_snapshot_z2.0_13_sigma0_stride1,B,snapshot_z2.0,2,13,0,12,0.09765625,0,,
B_snapshot_z2.0_13_sigma0_stride1,B,snapshot_z2.0,2,13,0,13,0.10546875,0,,
B_snapshot_z2.0_13_sigma0_stride1,B,snapshot_z2.0,2,13,0,14,0.11328125,0,,
B_snapshot_z2.0_13_sigma0_stride1,B,snapshot_z2.0,2,13,0,15,0.12109375,0,,
B_snapshot_z2.0_13_sigma0_stride1,B,snapshot_z2.0,2,13,0,16,0.12890625,0,,
B_snapshot_z2.0_13_sigma0_stride1,B,snapshot_z2.0,2,13,0,17,0.13671875,0,,
B_snapshot_z2.0_13_sigma0_stride1,B,snapshot_z2.0,2,13,0,18,0.14453125,0,,
B_snapshot_z2.0_13_sigma0_stride1,B,snapshot_z2.0,2,13,0,19,0.15234375,0,,
B_snapshot_z2.0_13_sigma0_stride1,B,snapshot_z2.0,2,13,0,20,0.16015625,0,,
B_snapshot_z2.0_13_sigma0_stride1,B,snapshot_z2.0,2,13,0,21,0.16796875,0,,
B_snapshot_z2.0_13_sigma0_stride1,B,snapshot_z2.0,2,13,0,22,0.17578125,0,,
B_snapshot_z2.0_13_sigma0_stride1,B,snapshot_z2.0,2,13,0,23,0.18359375,0,,
B_snapshot_z2.0_13_sigma0_stride1,B,snapshot_z2.0,2,13,0,24,0.19140625,0,,
B_snapshot_z2.0_13_sigma0_stride1,B,snapshot_z2.0,2,13,0,25,0.19921875,0,,
B_snapshot_z2.0_13_sigma0_stride1,B,snapshot_z2.0,2,13,0,26,0.20703125,0,,
B_snapshot_z2.0_13_sigma0_stride1,B,snapshot_z2.0,2,13,0,27,0.21484375,0,,
B_snapshot_z2.0_13_sigma0_stride1,B,snapshot_z2.0,2,13,0,28,0.22265625,0,,
B_snapshot_z2.0_13_sigma0_stride1,B,snapshot_z2.0,2,13,0,29,0.23046875,0,,
B_snapshot_z2.0_13_sigma0_stride1,B,snapshot_z2.0,2,13,0,30,0.23828125,0,,
B_snapshot_z2.0_13_sigma0_stride1,B,snapshot_z2.0,2,13,0,31,0.24609375,0,,
B_snapshot_z2.0_13_sigma0_stride1,B,snapshot_z2.0,2,13,0,32,0.25390625,0,,
B_snapshot_z2.0_13_sigma0_stride1,B,snapshot_z2.0,2,13,0,33,0.26171875,0,,
B_snapshot_z2.0_13_sigma0_stride1,B,snapshot_z2.0,2,13,0,34,0.26953125,0,,
B_snapshot_z2.0_13_sigma0_stride1,B,snapshot_z2.0,2,13,0,35,0.27734375,0,,
B_snapshot_z2.0_13_sigma0_stride1,B,snapshot_z2.0,2,13,0,36,0.28515625,0,,
B_snapshot_z2.0_13_sigma0_stride1,B,snapshot_z2.0,2,13,0,37,0.29296875,0,,
B_snapshot_z2.0_13_sigma0_stride1,B,snapshot_z2.0,2,13,0,38,0.30078125,0,,
B_snapshot_z2.0_13_sigma0_stride1,B,snapshot_z2.0,2,13,0,39,0.30859375,0,,
B_snapshot_z2.0_13_sigma0_stride1,B,snapshot_z2.0,2,13,0,40,0.31640625,0,,
B_snapshot_z2.0_13_sigma0_stride1,B,snapshot_z2.0,2,13,0,41,0.32421875,0,,
B_snapshot_z2.0_13_sigma0_stride1,B,snapshot_z2.0,2,13,0,42,0.33203125,0,,
B_snapshot_z2.0_13_sigma0_stride1,B,snapshot_z2.0,2,13,0,43,0.33984375,0,,
B_snapshot_z2.0_13_sigma0_stride1,B,snapshot_z2.0,2,13,0,44,0.34765625,0,,
B_snapshot_z2.0_13_sigma0_stride1,B,snapshot_z2.0,2,13,0,45,0.35546875,0,,
B_snapshot_z2.0_13_sigma0_stride1,B,snapshot_z2.0,2,13,0,46,0.36328125,0,,
B_snapshot_z2.0_13_sigma0_stride1,B,snapshot_z2.0,2,13,0,47,0.37109375,0,,
B_snapshot_z2.0_13_sigma0_stride1,B,snapshot_z2.0,2,13,0,48,0.37890625,0,,
B_snapshot_z2.0_13_sigma0_stride1,B,snapshot_z2.0,2,13,0,49,0.38671875,0,,
B_snapshot_z2.0_13_sigma0_stride1,B,snapshot_z2.0,2,13,0,50,0.39453125,0,,
B_snapshot_z2.0_13_sigma0_stride1,B,snapshot_z2.0,2,13,0,51,0.40234375,0,,
B_snapshot_z2.0_13_sigma0_stride1,B,snapshot_z2.0,2,13,0,52,0.41015625,0,,
B_snapshot_z2.0_13_sigma0_stride1,B,snapshot_z2.0,2,13,0,53,0.41796875,0,,
B_snapshot_z2.0_13_sigma0_stride1,B,snapshot_z2.0,2,13,0,54,0.42578125,0,,
B_snapshot_z2.0_13_sigma0_stride1,B,snapshot_z2.0,2,13,0,55,0.43359375,0,,
B_snapshot_z2.0_13_sigma0_stride1,B,snapshot_z2.0,2,13,0,56,0.44140625,0,,
B_snapshot_z2.0_13_sigma0_stride1,B,snapshot_z2.0,2,13,0,57,0.44921875,0,,
B_snapshot_z2.0_13_sigma0_stride1,B,snapshot_z2.0,2,13,0,58,0.45703125,0,,
B_snapshot_z2.0_13_sigma0_stride1,B,snapshot_z2.0,2,13,0,59,0.46484375,0,,
B_snapshot_z2.0_13_sigma0_stride1,B,snapshot_z2.0,2,13,0,60,0.47265625,0,,
B_snapshot_z2.0_13_sigma0_stride1,B,snapshot_z2.0,2,13,0,61,0.48046875,0,,
B_snapshot_z2.0_13_sigma0_stride1,B,snapshot_z2.0,2,13,0,62,0.48828125,0,,
B_snapshot_z2.0_13_sigma0_stride1,B,snapshot_z2.0,2,13,0,63,0.49609375,0,,
B_snapshot_z2.0_13_sigma0_stride1,B,snapshot_z2.0,2,13,0,64,0.50390625,0,,
B_snapshot_z2.0_13_sigma0_stride1,B,snapshot_z2.0,2,13,0,65,0.51171875,0,,
B_snapshot_z2.0_13_sigma0_stride1,B,snapshot_z2.0,2,13,0,66,0.51953125,0,,
B_snapshot_z2.0_13_sigma0_stride1,B,snapshot_z2.0,2,13,0,67,0.52734375,0,,
B_snapshot_z2.0_13_sigma0_stride1,B,snapshot_z2.0,2,13,0,68,0.53515625,0,,
B_snapshot_z2.0_13_sigma0_stride1,B,snapshot_z2.0,2,13,0,69,0.54296875,0,,
B_snapshot_z2.0_13_sigma0_stride1,B,snapshot_z2.0,2,13,0,70,0.55078125,0,,
B_snapshot_z2.0_13_sigma0_stride1,B,snapshot_z2.0,2,13,0,71,0.55859375,0,,
B_snapshot_z2.0_13_sigma0_stride1,B,snapshot_z2.0,2,13,0,72,0.56640625,0,,
B_snapshot_z2.0_13_sigma0_stride1,B,snapshot_z2.0,2,13,0,73,0.57421875,0,,
B_snapshot_z2.0_13_sigma0_stride1,B,snapshot_z2.0,2,13,0,74,0.58203125,0,,
B_snapshot_z2.0_13_sigma0_stride1,B,snapshot_z2.0,2,13,0,75,0.58984375,0,,
B_snapshot_z2.0_13_sigma0_stride1,B,snapshot_z2.0,2,13,0,76,0.59765625,0,,
B_snapshot_z2.0_13_sigma0_stride1,B,snapshot_z2.0,2,13,0,77,0.60546875,0,,
B_snapshot_z2.0_13_sigma0_stride1,B,snapshot_z2.0,2,13,0,78,0.61328125,0,,
B_snapshot_z2.0_13_sigma0_stride1,B,snapshot_z2.0,2,13,0,79,0.62109375,0,,
B_snapshot_z2.0_13_sigma0_stride1,B,snapshot_z2.0,2,13,0,80,0.62890625,0,,
B_snapshot_z2.0_13_sigma0_stride1,B,snapshot_z2.0,2,13,0,81,0.63671875,0,,
B_snapshot_z2.0_13_sigma0_stride1,B,snapshot_z2.0,2,13,0,82,0.64453125,0,,
B_snapshot_z2.0_13_sigma0_stride1,B,snapshot_z2.0,2,13,0,83,0.65234375,0,,
B_snapshot_z2.0_13_sigma0_stride1,B,snapshot_z2.0,2,13,0,84,0.66015625,0,,
B_snapshot_z2.0_13_sigma0_stride1,B,snapshot_z2.0,2,13,0,85,0.66796875,0,,
B_snapshot_z2.0_13_sigma0_stride1,B,snapshot_z2.0,2,13,0,86,0.67578125,0,,
B_snapshot_z2.0_13_sigma0_stride1,B,snapshot_z2.0,2,13,0,87,0.68359375,0,,
B_snapshot_z2.0_13_sigma0_stride1,B,snapshot_z2.0,2,13,0,88,0.69140625,0,,
B_snapshot_z2.0_13_sigma0_stride1,B,snapshot_z2.0,2,13,0,89,0.69921875,0,,
B_snapshot_z2.0_13_sigma0_stride1,B,snapshot_z2.0,2,13,0,90,0.70703125,0,,
B_snapshot_z2.0_13_sigma0_stride1,B,snapshot_z2.0,2,13,0,91,0.71484375,0,,
B_snapshot_z2.0_13_sigma0_stride1,B,snapshot_z2.0,2,13,0,92,0.72265625,0,,
B_snapshot_z2.0_13_sigma0_stride1,B,snapshot_z2.0,2,13,0,93,0.73046875,0,,
B_snapshot_z2.0_13_sigma0_stride1,B,snapshot_z2.0,2,13,0,94,0.73828125,0,,
B_snapshot_z2.0_13_sigma0_stride1,B,snapshot_z2.0,2,13,0,95,0.74609375,0,,
B_snapshot_z2.0_13_sigma0_stride1,B,snapshot_z2.0,2,13,0,96,0.75390625,0,,
B_snapshot_z2.0_13_sigma0_stride1,B,snapshot_z2.0,2,13,0,97,0.76171875,0,,
B_snapshot_z2.0_13_sigma0_stride1,B,snapshot_z2.0,2,13,0,98,0.76953125,0,,
B_snapshot_z2.0_13_sigma0_stride1,B,snapshot_z2.0,2,13,0,99,0.77734375,0,,
B_snapshot_z2.0_13_sigma0_stride1,B,snapshot_z2.0,2,13,0,100,0.78515625,0,,
B_snapshot_z2.0_13_sigma0_stride1,B,snapshot_z2.0,2,13,0,101,0.79296875,0,,
B_snapshot_z2.0_13_sigma0_stride1,B,snapshot_z2.0,2,13,0,102,0.80078125,0,,
B_snapshot_z2.0_13_sigma0_stride1,B,snapshot_z2.0,2,13,0,103,0.80859375,0,,
B_snapshot_z2.0_13_sigma0_stride1,B,snapshot_z2.0,2,13,0,104,0.81640625,0,,
B_snapshot_z2.0_13_sigma0_stride1,B,snapshot_z2.0,2,13,0,105,0.82421875,0,,
B_snapshot_z2.0_13_sigma0_stride1,B,snapshot_z2.0,2,13,0,106,0.83203125,0,,
B_snapshot_z2.0_13_sigma0_stride1,B,snapshot_z2.0,2,13,0,107,0.83984375,0,,
B_snapshot_z2.0_13_sigma0_stride1,B,snapshot_z2.0,2,13,0,108,0.84765625,0,,
B_snapshot_z2.0_13_sigma0_stride1,B,snapshot_z2.0,2,13,0,109,0.85546875,0,,
B_snapshot_z2.0_13_sigma0_stride1,B,snapshot_z2.0,2,13,0,110,0.86328125,0,,
B_snapshot_z2.0_13_sigma0_stride1,B,snapshot_z2.0,2,13,0,111,0.87109375,0,,
B_snapshot_z2.0_13_sigma0_stride1,B,snapshot_z2.0,2,13,0,112,0.87890625,0,,
B_snapshot_z2.0_13_sigma0_stride1,B,snapshot_z2.0,2,13,0,113,0.88671875,0,,
B_snapshot_z2.0_13_sigma0_stride1,B,snapshot_z2.0,2,13,0,114,0.89453125,0,,
B_snapshot_z2.0_13_sigma0_stride1,B,snapshot_z2.0,2,13,0,115,0.90234375,0,,
B_snapshot_z2.0_13_sigma0_stride1,B,snapshot_z2.0,2,13,0,116,0.91015625,0,,
B_snapshot_z2.0_13_sigma0_stride1,B,snapshot_z2.0,2,13,0,117,0.91796875,0,,
B_snapshot_z2.0_13_sigma0_stride1,B,snapshot_z2.0,2,13,0,118,0.92578125,0,,
B_snapshot_z2.0_13_sigma0_stride1,B,snapshot_z2.0,2,13,0,119,0.93359375,0,,
B_snapshot_z2.0_13_sigma0_stride1,B,snapshot_z2.0,2,13,0,120,0.94140625,0,,
B_snapshot_z2.0_13_sigma0_stride1,B,snapshot_z2.0,2,13,0,121,0.94921875,0,,
B_snapshot_z2.0_13_sigma0_stride1,B,snapshot_z2.0,2,13,0,122,0.95703125,0,,
B_snapshot_z2.0_13_sigma0_stride1,B,snapshot_z2.0,2,13,0,123,0.96484375,0,,
B_snapshot_z2.0_13_sigma0_stride1,B,snapshot_z2.0,2,13,0,124,0.97265625,0,,
B_snapshot_z2.0_13_sigma0_stride1,B,snapshot_z2.0,2,13,0,125,0.98046875,0,,
B_snapshot_z2.0_13_sigma0_stride1,B,snapshot_z2.0,2,13,0,126,0.98828125,0,,
B_snapshot_z2.0_13_sigma0_stride1,B,snapshot_z2.0,2,13,0,127,0.99609375,0,,
B_snapshot_z1.0_13_sigma50_stride1,B,snapshot_z1.0,1,13,0.05,0,0.00390625,0.0604374104019857,true,true
B_snapshot_z1.0_13_sigma50_stride1,B,snapshot_z1.0,1,13,0.05,1,0.01171875,0.0861565735736835,true,true
B_snapshot_z1.0_13_sigma50_stride1,B,snapshot_z1.0,1,13,0.05,2,0.01953125,0.0861565735736835,true,true
B_snapshot_z1.0_13_sigma50_stride1,B,snapshot_z1.0,1,13,0.05,3,0.02734375,0.0861513704939921,true,true
B_snapshot_z1.0_13_sigma50_stride1,B,snapshot_z1.0,1,13,0.05,4,0.03515625,0.0233486701825223,false,false
B_snapshot_z1.0_13_sigma50_stride1,B,snapshot_z1.0,1,13,0.05,5,0.04296875,0.0408341352659503,false,false
B_snapshot_z1.0_13_sigma50_stride1,B,snapshot_z1.0,1,13,0.05,6,0.05078125,0.0268774510510372,false,false
B_snapshot_z1.0_13_sigma50_stride1,B,snapshot_z1.0,1,13,0.05,7,0.05859375,0.0386311217228485,false,false
B_snapshot_z1.0_13_sigma50_stride1,B,snapshot_z1.0,1,13,0.05,8,0.06640625,0.113699360510923,true,true
B_snapshot_z1.0_13_sigma50_stride1,B,snapshot_z1.0,1,13,0.05,9,0.07421875,0.0963298636505697,true,true
B_snapshot_z1.0_13_sigma50_stride1,B,snapshot_z1.0,1,13,0.05,10,0.08203125,0.0545117334975811,true,true
B_snapshot_z1.0_13_sigma50_stride1,B,snapshot_z1.0,1,13,0.05,11,0.08984375,0.108927605304465,true,true
B_snapshot_z1.0_13_sigma50_stride1,B,snapshot_z1.0,1,13,0.05,12,0.09765625,0.133436405498189,true,true
B_snapshot_z1.0_13_sigma50_stride1,B,snapshot_z1.0,1,13,0.05,13,0.10546875,0.0995376871438324,true,true
B_snapshot_z1.0_13_sigma50_stride1,B,snapshot_z1.0,1,13,0.05,14,0.11328125,0.0397962162344175,false,false
B_snapshot_z1.0_13_sigma50_stride1,B,snapshot_z1.0,1,13,0.05,15,0.12109375,0.0374704076900272,false,false
B_snapshot_z1.0_13_sigma50_stride1,B,snapshot_z1.0,1,13,0.05,16,0.12890625,0.105198093150683,true,true
B_snapshot_z1.0_13_sigma50_stride1,B,snapshot_z1.0,1,13,0.05,17,0.13671875,0.119757544370653,true,true
B_snapshot_z1.0_13_sigma50_stride1,B,snapshot_z1.0,1,13,0.05,18,0.14453125,0.0702509163398947,true,true
B_snapshot_z1.0_13_sigma50_stride1,B,snapshot_z1.0,1,13,0.05,19,0.15234375,0.0551624025703997,true,true
B_snapshot_z1.0_13_sigma50_stride1,B,snapshot_z1.0,1,13,0.05,20,0.16015625,0.0736832381330366,true,true
B_snapshot_z1.0_13_sigma50_stride1,B,snapshot_z1.0,1,13,0.05,21,0.16796875,0.0276811261082015,false,false
B_snapshot_z1.0_13_sigma50_stride1,B,snapshot_z1.0,1,13,0.05,22,0.17578125,0.0643074982128873,true,true
B_snapshot_z1.0_13_sigma50_stride1,B,snapshot_z1.0,1,13,0.05,23,0.18359375,0.0720705638056588,true,true
B_snapshot_z1.0_13_sigma50_stride1,B,snapshot_z1.0,1,13,0.05,24,0.19140625,0.0942113490795558,true,true
B_snapshot_z1.0_13_sigma50_stride1,B,snapshot_z1.0,1,13,0.05,25,0.19921875,0.0976410243069613,true,true
B_snapshot_z1.0_13_sigma50_stride1,B,snapshot_z1.0,1,13,0.05,26,0.20703125,0.0555026176724315,true,true
B_snapshot_z1.0_13_sigma50_stride1,B,snapshot_z1.0,1,13,0.05,27,0.21484375,0.0285895656802061,false,false
B_snapshot_z1.0_13_sigma50_stride1,B,snapshot_z1.0,1,13,0.05,28,0.22265625,0.0742093963975049,true,true
B_snapshot_z1.0_13_sigma50_stride1,B,snapshot_z1.0,1,13,0.05,29,0.23046875,0.0770414665314383,true,true
B_snapshot_z1.0_13_sigma50_stride1,B,snapshot_z1.0,1,13,0.05,30,0.23828125,0.0342233311968364,false,false
B_snapshot_z1.0_13_sigma50_stride1,B,snapshot_z1.0,1,13,0.05,31,0.24609375,0.0430113758193587,false,false
B_snapshot_z1.0_13_sigma50_stride1,B,snapshot_z1.0,1,13,0.05,32,0.25390625,0.0351046169910053,false,false
B_snapshot_z1.0_13_sigma50_stride1,B,snapshot_z1.0,1,13,0.05,33,0.26171875,0.0706956404628404,true,true
B_snapshot_z1.0_13_sigma50_stride1,B,snapshot_z1.0,1,13,0.05,34,0.26953125,0.0652896720639357,true,true
B_snapshot_z1.0_13_sigma50_stride1,B,snapshot_z1.0,1,13,0.05,35,0.27734375,0.0384390806737142,false,false
B_snapshot_z1.0_13_sigma50_stride1,B,snapshot_z1.0,1,13,0.05,36,0.28515625,0.0534067200185766,false,true
B_snapshot_z1.0_13_sigma50_stride1,B,snapshot_z1.0,1,13,0.05,37,0.29296875,0.0576254521255666,true,true
B_snapshot_z1.0_13_sigma50_stride1,B,snapshot_z1.0,1,13,0.05,38,0.30078125,0.095064890431436,true,true
B_snapshot_z1.0_13_sigma50_stride1,B,snapshot_z1.0,1,13,0.05,39,0.30859375,0.0771736907118095,true,true
B_snapshot_z1.0_13_sigma50_stride1,B,snapshot_z1.0,1,13,0.05,40,0.31640625,0.0505606339837361,false,true
B_snapshot_z1.0_13_sigma50_stride1,B,snapshot_z1.0,1,13,0.05,41,0.32421875,0.0776956149236393,true,true
B_snapshot_z1.0_13_sigma50_stride1,B,snapshot_z1.0,1,13,0.05,42,0.33203125,0.0681588383415268,true,true
B_snapshot_z1.0_13_sigma50_stride1,B,snapshot_z1.0,1,13,0.05,43,0.33984375,0.0559858644141147,true,true
B_snapshot_z1.0_13_sigma50_stride1,B,snapshot_z1.0,1,13,0.05,44,0.34765625,0.0361295516817391,false,false
B_snapshot_z1.0_13_sigma50_stride1,B,snapshot_z1.0,1,13,0.05,45,0.35546875,0.0865836246576466,true,true
B_snapshot_z1.0_13_sigma50_stride1,B,snapshot_z1.0,1,13,0.05,46,0.36328125,0.0865836246576466,true,true
B_snapshot_z1.0_13_sigma50_stride1,B,snapshot_z1.0,1,13,0.05,47,0.37109375,0.0360277096211318,false,false
B_snapshot_z1.0_13_sigma50_stride1,B,snapshot_z1.0,1,13,0.05,48,0.37890625,0.0508998543338306,false,true
B_snapshot_z1.0_13_sigma50_stride1,B,snapshot_z1.0,1,13,0.05,49,0.38671875,0.0574464778137912,true,true
B_snapshot_z1.0_13_sigma50_stride1,B,snapshot_z1.0,1,13,0.05,50,0.39453125,0.0574464778137912,true,true
B_snapshot_z1.0_13_sigma50_stride1,B,snapshot_z1.0,1,13,0.05,51,0.40234375,0.0671748538919761,true,true
B_snapshot_z1.0_13_sigma50_stride1,B,snapshot_z1.0,1,13,0.05,52,0.41015625,0.0566879095723382,true,true
B_snapshot_z1.0_13_sigma50_stride1,B,snapshot_z1.0,1,13,0.05,53,0.41796875,0.0450711974152012,false,false
B_snapshot_z1.0_13_sigma50_stride1,B,snapshot_z1.0,1,13,0.05,54,0.42578125,0.078407665112141,true,true
B_snapshot_z1.0_13_sigma50_stride1,B,snapshot_z1.0,1,13,0.05,55,0.43359375,0.028836126451069,false,false
B_snapshot_z1.0_13_sigma50_stride1,B,snapshot_z1.0,1,13,0.05,56,0.44140625,0.0726854795994883,true,true
B_snapshot_z1.0_13_sigma50_stride1,B,snapshot_z1.0,1,13,0.05,57,0.44921875,0.133878099326198,true,true
B_snapshot_z1.0_13_sigma50_stride1,B,snapshot_z1.0,1,13,0.05,58,0.45703125,0.0989646877759147,true,true
B_snapshot_z1.0_13_sigma50_stride1,B,snapshot_z1.0,1,13,0.05,59,0.46484375,0.0294117140765459,false,false
B_snapshot_z1.0_13_sigma50_stride1,B,snapshot_z1.0,1,13,0.05,60,0.47265625,0.0721313686190996,true,true
B_snapshot_z1.0_13_sigma50_stride1,B,snapshot_z1.0,1,13,0.05,61,0.48046875,0.0599263540932478,true,true
B_snapshot_z1.0_13_sigma50_stride1,B,snapshot_z1.0,1,13,0.05,62,0.48828125,0.032414301509816,false,false
B_snapshot_z1.0_13_sigma50_stride1,B,snapshot_z1.0,1,13,0.05,63,0.49609375,0.0395787091886414,false,false
B_snapshot_z1.0_13_sigma50_stride1,B,snapshot_z1.0,1,13,0.05,64,0.50390625,0.0352833966879383,false,false
B_snapshot_z1.0_13_sigma50_stride1,B,snapshot_z1.0,1,13,0.05,65,0.51171875,0.0808107817721231,true,true
B_snapshot_z1.0_13_sigma50_stride1,B,snapshot_z1.0,1,13,0.05,66,0.51953125,0.0250368788570723,false,false
B_snapshot_z1.0_13_sigma50_stride1,B,snapshot_z1.0,1,13,0.05,67,0.52734375,0.0702294337233041,true,true
B_snapshot_z1.0_13_sigma50_stride1,B,snapshot_z1.0,1,13,0.05,68,0.53515625,0.043442989160685,false,false
B_snapshot_z1.0_13_sigma50_stride1,B,snapshot_z1.0,1,13,0.05,69,0.54296875,0.0326953462257113,false,false
B_snapshot_z1.0_13_sigma50_stride1,B,snapshot_z1.0,1,13,0.05,70,0.55078125,0.0394873112903438,false,false
B_snapshot_z1.0_13_sigma50_stride1,B,snapshot_z1.0,1,13,0.05,71,0.55859375,0.049738381048526,false,true
B_snapshot_z1.0_13_sigma50_stride1,B,snapshot_z1.0,1,13,0.05,72,0.56640625,0.0382491782190211,false,false
B_snapshot_z1.0_13_sigma50_stride1,B,snapshot_z1.0,1,13,0.05,73,0.57421875,0.0526369369780758,false,true
B_snapshot_z1.0_13_sigma50_stride1,B,snapshot_z1.0,1,13,0.05,74,0.58203125,0.0705816340636024,true,true
B_snapshot_z1.0_13_sigma50_stride1,B,snapshot_z1.0,1,13,0.05,75,0.58984375,0.0484019500579768,false,true
B_snapshot_z1.0_13_sigma50_stride1,B,snapshot_z1.0,1,13,0.05,76,0.59765625,0.0256040398197368,false,false
B_snapshot_z1.0_13_sigma50_stride1,B,snapshot_z1.0,1,13,0.05,77,0.60546875,0.0382307940131179,false,false
B_snapshot_z1.0_13_sigma50_stride1,B,snapshot_z1.0,1,13,0.05,78,0.61328125,0.0365888173071513,false,false
B_snapshot_z1.0_13_sigma50_stride1,B,snapshot_z1.0,1,13,0.05,79,0.62109375,0.0696557327771736,true,true
B_snapshot_z1.0_13_sigma50_stride1,B,snapshot_z1.0,1,13,0.05,80,0.62890625,0.0691494188411511,true,true
B_snapshot_z1.0_13_sigma50_stride1,B,snapshot_z1.0,1,13,0.05,81,0.63671875,0.0325741697468964,false,false
B_snapshot_z1.0_13_sigma50_stride1,B,snapshot_z1.0,1,13,0.05,82,0.64453125,0.0544614471870793,true,true
B_snapshot_z1.0_13_sigma50_stride1,B,snapshot_z1.0,1,13,0.05,83,0.65234375,0.0962144895097993,true,true
B_snapshot_z1.0_13_sigma50_stride1,B,snapshot_z1.0,1,13,0.05,84,0.66015625,0.0676328404155355,true,true
B_snapshot_z1.0_13_sigma50_stride1,B,snapshot_z1.0,1,13,0.05,85,0.66796875,0.0660145100711415,true,true
B_snapshot_z1.0_13_sigma50_stride1,B,snapshot_z1.0,1,13,0.05,86,0.67578125,0.0435682233248664,false,false
B_snapshot_z1.0_13_sigma50_stride1,B,snapshot_z1.0,1,13,0.05,87,0.68359375,0.0885786856020376,true,true
B_snapshot_z1.0_13_sigma50_stride1,B,snapshot_z1.0,1,13,0.05,88,0.69140625,0.0451292138719237,false,false
B_snapshot_z1.0_13_sigma50_stride1,B,snapshot_z1.0,1,13,0.05,89,0.69921875,0.0464577263711743,false,false
B_snapshot_z1.0_13_sigma50_stride1,B,snapshot_z1.0,1,13,0.05,90,0.70703125,0.0221565762452985,false,false
B_snapshot_z1.0_13_sigma50_stride1,B,snapshot_z1.0,1,13,0.05,91,0.71484375,0.0689115860568204,true,true
B_snapshot_z1.0_13_sigma50_stride1,B,snapshot_z1.0,1,13,0.05,92,0.72265625,0.0405764839684902,false,false
B_snapshot_z1.0_13_sigma50_stride1,B,snapshot_z1.0,1,13,0.05,93,0.73046875,0.0386375536678677,false,false
B_snapshot_z1.0_13_sigma50_stride1,B,snapshot_z1.0,1,13,0.05,94,0.73828125,0.0395470396839784,false,false
B_snapshot_z1.0_13_sigma50_stride1,B,snapshot_z1.0,1,13,0.05,95,0.74609375,0.0462473322695073,false,false
B_snapshot_z1.0_13_sigma50_stride1,B,snapshot_z1.0,1,13,0.05,96,0.75390625,0.0879697936514581,true,true
B_snapshot_z1.0_13_sigma50_stride1,B,snapshot_z1.0,1,13,0.05,97,0.76171875,0.0389391804302988,false,false
B_snapshot_z1.0_13_sigma50_stride1,B,snapshot_z1.0,1,13,0.05,98,0.76953125,0.049491777421336,false,true
B_snapshot_z1.0_13_sigma50_stride1,B,snapshot_z1.0,1,13,0.05,99,0.77734375,0.0258708791081228,false,false
B_snapshot_z1.0_13_sigma50_stride1,B,snapshot_z1.0,1,13,0.05,100,0.78515625,0.080378531352603,true,true
B_snapshot_z1.0_13_sigma50_stride1,B,snapshot_z1.0,1,13,0.05,101,0.79296875,0.0324375698418312,false,false
B_snapshot_z1.0_13_sigma50_stride1,B,snapshot_z1.0,1,13,0.05,102,0.80078125,0.040506819417446,false,false
B_snapshot_z1.0_13_sigma50_stride1,B,snapshot_z1.0,1,13,0.05,103,0.80859375,0.0373708879273229,false,false
B_snapshot_z1.0_13_sigma50_stride1,B,snapshot_z1.0,1,13,0.05,104,0.81640625,0.0906153449689414,true,true
B_snapshot_z1.0_13_sigma50_stride1,B,snapshot_z1.0,1,13,0.05,105,0.82421875,0.0785050883329749,true,true
B_snapshot_z1.0_13_sigma50_stride1,B,snapshot_z1.0,1,13,0.05,106,0.83203125,0.0438775220615077,false,false
B_snapshot_z1.0_13_sigma50_stride1,B,snapshot_z1.0,1,13,0.05,107,0.83984375,0.0425342351972094,false,false
B_snapshot_z1.0_13_sigma50_stride1,B,snapshot_z1.0,1,13,0.05,108,0.84765625,0.0375315859753646,false,false
B_snapshot_z1.0_13_sigma50_stride1,B,snapshot_z1.0,1,13,0.05,109,0.85546875,0.0341667548082679,false,false
B_snapshot_z1.0_13_sigma50_stride1,B,snapshot_z1.0,1,13,0.05,110,0.86328125,0.0498629525926077,false,true
B_snapshot_z1.0_13_sigma50_stride1,B,snapshot_z1.0,1,13,0.05,111,0.87109375,0.0359330223337484,false,false
B_snapshot_z1.0_13_sigma50_stride1,B,snapshot_z1.0,1,13,0.05,112,0.87890625,0.07512370264506,true,true
B_snapshot_z1.0_13_sigma50_stride1,B,snapshot_z1.0,1,13,0.05,113,0.88671875,0.0831068747381001,true,true
B_snapshot_z1.0_13_sigma50_stride1,B,snapshot_z1.0,1,13,0.05,114,0.89453125,0.0833765864572429,true,true
B_snapshot_z1.0_13_sigma50_stride1,B,snapshot_z1.0,1,13,0.05,115,0.90234375,0.0220631963953463,false,false
B_snapshot_z1.0_13_sigma50_stride1,B,snapshot_z1.0,1,13,0.05,116,0.91015625,0.0914775336125793,true,true
B_snapshot_z1.0_13_sigma50_stride1,B,snapshot_z1.0,1,13,0.05,117,0.91796875,0.0411367710470664,false,false
B_snapshot_z1.0_13_sigma50_stride1,B,snapshot_z1.0,1,13,0.05,118,0.92578125,0.032042902686074,false,false
B_snapshot_z1.0_13_sigma50_stride1,B,snapshot_z1.0,1,13,0.05,119,0.93359375,0.104313318056016,true,true
B_snapshot_z1.0_13_sigma50_stride1,B,snapshot_z1.0,1,13,0.05,120,0.94140625,0.037689108574971,false,false
B_snapshot_z1.0_13_sigma50_stride1,B,snapshot_z1.0,1,13,0.05,121,0.94921875,0.0419179232250494,false,false
B_snapshot_z1.0_13_sigma50_stride1,B,snapshot_z1.0,1,13,0.05,122,0.95703125,0.0449223929981635,false,false
B_snapshot_z1.0_13_sigma50_stride1,B,snapshot_z1.0,1,13,0.05,123,0.96484375,0.120905474177203,true,true
B_snapshot_z1.0_13_sigma50_stride1,B,snapshot_z1.0,1,13,0.05,124,0.97265625,0.073447143120259,true,true
B_snapshot_z1.0_13_sigma50_stride1,B,snapshot_z1.0,1,13,0.05,125,0.98046875,0.0224025647058376,false,false
B_snapshot_z1.0_13_sigma50_stride1,B,snapshot_z1.0,1,13,0.05,126,0.98828125,0.0753839935706209,true,true
B_snapshot_z1.0_13_sigma50_stride1,B,snapshot_z1.0,1,13,0.05,127,0.99609375,0.102516474477446,true,true
B_snapshot_z2.0_13_sigma50_stride1,B,snapshot_z2.0,2,13,0.05,0,0.00390625,0.0249217938186525,false,false
B_snapshot_z2.0_13_sigma50_stride1,B,snapshot_z2.0,2,13,0.05,1,0.01171875,0.0286828053485761,false,false
B_snapshot_z2.0_13_sigma50_stride1,B,snapshot_z2.0,2,13,0.05,2,0.01953125,0.0597191726417965,true,true
B_snapshot_z2.0_13_sigma50_stride1,B,snapshot_z2.0,2,13,0.05,3,0.02734375,0.0800500181325002,true,true
B_snapshot_z2.0_13_sigma50_stride1,B,snapshot_z2.0,2,13,0.05,4,0.03515625,0.0274123004774164,false,false
B_snapshot_z2.0_13_sigma50_stride1,B,snapshot_z2.0,2,13,0.05,5,0.04296875,0.0257909307200135,false,false
B_snapshot_z2.0_13_sigma50_stride1,B,snapshot_z2.0,2,13,0.05,6,0.05078125,0.0858876220146517,true,true
B_snapshot_z2.0_13_sigma50_stride1,B,snapshot_z2.0,2,13,0.05,7,0.05859375,0.0799212155146769,true,true
B_snapshot_z2.0_13_sigma50_stride1,B,snapshot_z2.0,2,13,0.05,8,0.06640625,0.11863429824675,true,true
B_snapshot_z2.0_13_sigma50_stride1,B,snapshot_z2.0,2,13,0.05,9,0.07421875,0.0368668832467891,false,false
B_snapshot_z2.0_13_sigma50_stride1,B,snapshot_z2.0,2,13,0.05,10,0.08203125,0.0426743027528126,false,false
B_snapshot_z2.0_13_sigma50_stride1,B,snapshot_z2.0,2,13,0.05,11,0.08984375,0.0509007141203223,false,true
B_snapshot_z2.0_13_sigma50_stride1,B,snapshot_z2.0,2,13,0.05,12,0.09765625,0.103114171527354,true,true
B_snapshot_z2.0_13_sigma50_stride1,B,snapshot_z2.0,2,13,0.05,13,0.10546875,0.0954027170633287,true,true
B_snapshot_z2.0_13_sigma50_stride1,B,snapshot_z2.0,2,13,0.05,14,0.11328125,0.0986682853074754,true,true
B_snapshot_z2.0_13_sigma50_stride1,B,snapshot_z2.0,2,13,0.05,15,0.12109375,0.11363144801418,true,true
B_snapshot_z2.0_13_sigma50_stride1,B,snapshot_z2.0,2,13,0.05,16,0.12890625,0.0447065701895081,false,false
B_snapshot_z2.0_13_sigma50_stride1,B,snapshot_z2.0,2,13,0.05,17,0.13671875,0.0226636329318858,false,false
B_snapshot_z2.0_13_sigma50_stride1,B,snapshot_z2.0,2,13,0.05,18,0.14453125,0.101677417475036,true,true
B_snapshot_z2.0_13_sigma50_stride1,B,snapshot_z2.0,2,13,0.05,19,0.15234375,0.142359623995212,true,true
B_snapshot_z2.0_13_sigma50_stride1,B,snapshot_z2.0,2,13,0.05,20,0.16015625,0.0586419044305298,true,true
B_snapshot_z2.0_13_sigma50_stride1,B,snapshot_z2.0,2,13,0.05,21,0.16796875,0.0561135341307454,true,true
B_snapshot_z2.0_13_sigma50_stride1,B,snapshot_z2.0,2,13,0.05,22,0.17578125,0.0552941659423695,true,true
B_snapshot_z2.0_13_sigma50_stride1,B,snapshot_z2.0,2,13,0.05,23,0.18359375,0.0614005994987935,true,true
B_snapshot_z2.0_13_sigma50_stride1,B,snapshot_z2.0,2,13,0.05,24,0.19140625,0.0939439725662522,true,true
B_snapshot_z2.0_13_sigma50_stride1,B,snapshot_z2.0,2,13,0.05,25,0.19921875,0.0974769414928053,true,true
B_snapshot_z2.0_13_sigma50_stride1,B,snapshot_z2.0,2,13,0.05,26,0.20703125,0.0241415525301631,false,false
B_snapshot_z2.0_13_sigma50_stride1,B,snapshot_z2.0,2,13,0.05,27,0.21484375,0.0285895656802061,false,false
B_snapshot_z2.0_13_sigma50_stride1,B,snapshot_z2.0,2,13,0.05,28,0.22265625,0.0426944935542619,false,false
B_snapshot_z2.0_13_sigma50_stride1,B,snapshot_z2.0,2,13,0.05,29,0.23046875,0.0782416735642321,true,true
B_snapshot_z2.0_13_sigma50_stride1,B,snapshot_z2.0,2,13,0.05,30,0.23828125,0.0303199099901729,false,false
B_snapshot_z2.0_13_sigma50_stride1,B,snapshot_z2.0,2,13,0.05,31,0.24609375,0.0391724060052338,false,false
B_snapshot_z2.0_13_sigma50_stride1,B,snapshot_z2.0,2,13,0.05,32,0.25390625,0.0691123915978973,true,true
B_snapshot_z2.0_13_sigma50_stride1,B,snapshot_z2.0,2,13,0.05,33,0.26171875,0.0293120988604328,false,false
B_snapshot_z2.0_13_sigma50_stride1,B,snapshot_z2.0,2,13,0.05,34,0.26953125,0.0412566546658562,false,false
B_snapshot_z2.0_13_sigma50_stride1,B,snapshot_z2.0,2,13,0.05,35,0.27734375,0.020619979445172,false,false
B_snapshot_z2.0_13_sigma50_stride1,B,snapshot_z2.0,2,13,0.05,36,0.28515625,0.0331379554664096,false,false
B_snapshot_z2.0_13_sigma50_stride1,B,snapshot_z2.0,2,13,0.05,37,0.29296875,0.0352463473384546,false,false
B_snapshot_z2.0_13_sigma50_stride1,B,snapshot_z2.0,2,13,0.05,38,0.30078125,0.0569108752305566,true,true
B_snapshot_z2.0_13_sigma50_stride1,B,snapshot_z2.0,2,13,0.05,39,0.30859375,0.0484598829959777,false,true
B_snapshot_z2.0_13_sigma50_stride1,B,snapshot_z2.0,2,13,0.05,40,0.31640625,0.0257322721738999,false,false
B_snapshot_z2.0_13_sigma50_stride1,B,snapshot_z2.0,2,13,0.05,41,0.32421875,0.0711103846193585,true,true
B_snapshot_z2.0_13_sigma50_stride1,B,snapshot_z2.0,2,13,0.05,42,0.33203125,0.0454583222348245,false,false
B_snapshot_z2.0_13_sigma50_stride1,B,snapshot_z2.0,2,13,0.05,43,0.33984375,0.0258335914426485,false,false
B_snapshot_z2.0_13_sigma50_stride1,B,snapshot_z2.0,2,13,0.05,44,0.34765625,0.07673477469413,true,true
B_snapshot_z2.0_13_sigma50_stride1,B,snapshot_z2.0,2,13,0.05,45,0.35546875,0.0570024784393345,true,true
B_snapshot_z2.0_13_sigma50_stride1,B,snapshot_z2.0,2,13,0.05,46,0.36328125,0.0447182204507222,false,false
B_snapshot_z2.0_13_sigma50_stride1,B,snapshot_z2.0,2,13,0.05,47,0.37109375,0.0333958408032972,false,false
B_snapshot_z2.0_13_sigma50_stride1,B,snapshot_z2.0,2,13,0.05,48,0.37890625,0.0562828726596276,true,true
B_snapshot_z2.0_13_sigma50_stride1,B,snapshot_z2.0,2,13,0.05,49,0.38671875,0.0417425978941136,false,false
B_snapshot_z2.0_13_sigma50_stride1,B,snapshot_z2.0,2,13,0.05,50,0.39453125,0.0388612291232445,false,false
B_snapshot_z2.0_13_sigma50_stride1,B,snapshot_z2.0,2,13,0.05,51,0.40234375,0.0620975177616083,true,true
B_snapshot_z2.0_13_sigma50_stride1,B,snapshot_z2.0,2,13,0.05,52,0.41015625,0.0587350006397682,true,true
B_snapshot_z2.0_13_sigma50_stride1,B,snapshot_z2.0,2,13,0.05,53,0.41796875,0.032366833630565,false,false
B_snapshot_z2.0_13_sigma50_stride1,B,snapshot_z2.0,2,13,0.05,54,0.42578125,0.0529251219129639,false,true
B_snapshot_z2.0_13_sigma50_stride1,B,snapshot_z2.0,2,13,0.05,55,0.43359375,0.032677821061901,false,false
B_snapshot_z2.0_13_sigma50_stride1,B,snapshot_z2.0,2,13,0.05,56,0.44140625,0.114006497180971,true,true
B_snapshot_z2.0_13_sigma50_stride1,B,snapshot_z2.0,2,13,0.05,57,0.44921875,0.0365868282688128,false,false
B_snapshot_z2.0_13_sigma50_stride1,B,snapshot_z2.0,2,13,0.05,58,0.45703125,0.0592524023407385,true,true
B_snapshot_z2.0_13_sigma50_stride1,B,snapshot_z2.0,2,13,0.05,59,0.46484375,0.0294131183589055,false,false
B_snapshot_z2.0_13_sigma50_stride1,B,snapshot_z2.0,2,13,0.05,60,0.47265625,0.0633466614203259,true,true
B_snapshot_z2.0_13_sigma50_stride1,B,snapshot_z2.0,2,13,0.05,61,0.48046875,0.0638936746041056,true,true
B_snapshot_z2.0_13_sigma50_stride1,B,snapshot_z2.0,2,13,0.05,62,0.48828125,0.0439959670656622,false,false
B_snapshot_z2.0_13_sigma50_stride1,B,snapshot_z2.0,2,13,0.05,63,0.49609375,0.0827583527618145,true,true
B_snapshot_z2.0_13_sigma50_stride1,B,snapshot_z2.0,2,13,0.05,64,0.50390625,0.132716253090327,true,true
B_snapshot_z2.0_13_sigma50_stride1,B,snapshot_z2.0,2,13,0.05,65,0.51171875,0.0579761367957703,true,true
B_snapshot_z2.0_13_sigma50_stride1,B,snapshot_z2.0,2,13,0.05,66,0.51953125,0.115374573227489,true,true
B_snapshot_z2.0_13_sigma50_stride1,B,snapshot_z2.0,2,13,0.05,67,0.52734375,0.0954941076922063,true,true
B_snapshot_z2.0_13_sigma50_stride1,B,snapshot_z2.0,2,13,0.05,68,0.53515625,0.0392662983208622,false,false
B_snapshot_z2.0_13_sigma50_stride1,B,snapshot_z2.0,2,13,0.05,69,0.54296875,0.0377532630006462,false,false
B_snapshot_z2.0_13_sigma50_stride1,B,snapshot_z2.0,2,13,0.05,70,0.55078125,0.0394873112903368,false,false
B_snapshot_z2.0_13_sigma50_stride1,B,snapshot_z2.0,2,13,0.05,71,0.55859375,0.0495100891399245,false,true
B_snapshot_z2.0_13_sigma50_stride1,B,snapshot_z2.0,2,13,0.05,72,0.56640625,0.0523096531895631,false,true
B_snapshot_z2.0_13_sigma50_stride1,B,snapshot_z2.0,2,13,0.05,73,0.57421875,0.027313881048493,false,false
B_snapshot_z2.0_13_sigma50_stride1,B,snapshot_z2.0,2,13,0.05,74,0.58203125,0.0373759529922209,false,false
B_snapshot_z2.0_13_sigma50_stride1,B,snapshot_z2.0,2,13,0.05,75,0.58984375,0.0462551586637184,false,false
B_snapshot_z2.0_13_sigma50_stride1,B,snapshot_z2.0,2,13,0.05,76,0.59765625,0.0184103624465012,false,false
B_snapshot_z2.0_13_sigma50_stride1,B,snapshot_z2.0,2,13,0.05,77,0.60546875,0.040120557395638,false,false
B_snapshot_z2.0_13_sigma50_stride1,B,snapshot_z2.0,2,13,0.05,78,0.61328125,0.0365888173071513,false,false
B_snapshot_z2.0_13_sigma50_stride1,B,snapshot_z2.0,2,13,0.05,79,0.62109375,0.0517059519865181,false,true
B_snapshot_z2.0_13_sigma50_stride1,B,snapshot_z2.0,2,13,0.05,80,0.62890625,0.0567499082771467,true,true
B_snapshot_z2.0_13_sigma50_stride1,B,snapshot_z2.0,2,13,0.05,81,0.63671875,0.0743376248119509,true,true
B_snapshot_z2.0_13_sigma50_stride1,B,snapshot_z2.0,2,13,0.05,82,0.64453125,0.0740179379781581,true,true
B_snapshot_z2.0_13_sigma50_stride1,B,snapshot_z2.0,2,13,0.05,83,0.65234375,0.030352465263262,false,false
B_snapshot_z2.0_13_sigma50_stride1,B,snapshot_z2.0,2,13,0.05,84,0.66015625,0.0292179639072415,false,false
B_snapshot_z2.0_13_sigma50_stride1,B,snapshot_z2.0,2,13,0.05,85,0.66796875,0.0669087699678385,true,true
B_snapshot_z2.0_13_sigma50_stride1,B,snapshot_z2.0,2,13,0.05,86,0.67578125,0.025695728735621,false,false
B_snapshot_z2.0_13_sigma50_stride1,B,snapshot_z2.0,2,13,0.05,87,0.68359375,0.0209075502745239,false,false
B_snapshot_z2.0_13_sigma50_stride1,B,snapshot_z2.0,2,13,0.05,88,0.69140625,0.0441632296996737,false,false
B_snapshot_z2.0_13_sigma50_stride1,B,snapshot_z2.0,2,13,0.05,89,0.69921875,0.0676442318112574,true,true
B_snapshot_z2.0_13_sigma50_stride1,B,snapshot_z2.0,2,13,0.05,90,0.70703125,0.0257641369102593,false,false
B_snapshot_z2.0_13_sigma50_stride1,B,snapshot_z2.0,2,13,0.05,91,0.71484375,0.0450506524344919,false,false
B_snapshot_z2.0_13_sigma50_stride1,B,snapshot_z2.0,2,13,0.05,92,0.72265625,0.0449593385467252,false,false
B_snapshot_z2.0_13_sigma50_stride1,B,snapshot_z2.0,2,13,0.05,93,0.73046875,0.0430204082461027,false,false
B_snapshot_z2.0_13_sigma50_stride1,B,snapshot_z2.0,2,13,0.05,94,0.73828125,0.0254124704906533,false,false
B_snapshot_z2.0_13_sigma50_stride1,B,snapshot_z2.0,2,13,0.05,95,0.74609375,0.0558255439761821,true,true
B_snapshot_z2.0_13_sigma50_stride1,B,snapshot_z2.0,2,13,0.05,96,0.75390625,0.0803971102070822,true,true
B_snapshot_z2.0_13_sigma50_stride1,B,snapshot_z2.0,2,13,0.05,97,0.76171875,0.0279305324820112,false,false
B_snapshot_z2.0_13_sigma50_stride1,B,snapshot_z2.0,2,13,0.05,98,0.76953125,0.0294125979355498,false,false
B_snapshot_z2.0_13_sigma50_stride1,B,snapshot_z2.0,2,13,0.05,99,0.77734375,0.0365081164308387,false,false
B_snapshot_z2.0_13_sigma50_stride1,B,snapshot_z2.0,2,13,0.05,100,0.78515625,0.156605454310069,true,true
B_snapshot_z2.0_13_sigma50_stride1,B,snapshot_z2.0,2,13,0.05,101,0.79296875,0.227014242161547,true,true
B_snapshot_z2.0_13_sigma50_stride1,B,snapshot_z2.0,2,13,0.05,102,0.80078125,0.0455951070546432,false,false
B_snapshot_z2.0_13_sigma50_stride1,B,snapshot_z2.0,2,13,0.05,103,0.80859375,0.033050011208484,false,false
B_snapshot_z2.0_13_sigma50_stride1,B,snapshot_z2.0,2,13,0.05,104,0.81640625,0.0309432263431631,false,false
B_snapshot_z2.0_13_sigma50_stride1,B,snapshot_z2.0,2,13,0.05,105,0.82421875,0.0563136900880038,true,true
B_snapshot_z2.0_13_sigma50_stride1,B,snapshot_z2.0,2,13,0.05,106,0.83203125,0.0258341365726528,false,false
B_snapshot_z2.0_13_sigma50_stride1,B,snapshot_z2.0,2,13,0.05,107,0.83984375,0.024236272965142,false,false
B_snapshot_z2.0_13_sigma50_stride1,B,snapshot_z2.0,2,13,0.05,108,0.84765625,0.0468893094302271,false,false
B_snapshot_z2.0_13_sigma50_stride1,B,snapshot_z2.0,2,13,0.05,109,0.85546875,0.0417237437526384,false,false
B_snapshot_z2.0_13_sigma50_stride1,B,snapshot_z2.0,2,13,0.05,110,0.86328125,0.0498629525926069,false,true
B_snapshot_z2.0_13_sigma50_stride1,B,snapshot_z2.0,2,13,0.05,111,0.87109375,0.030626336883424,false,false
B_snapshot_z2.0_13_sigma50_stride1,B,snapshot_z2.0,2,13,0.05,112,0.87890625,0.0496261289705001,false,true
B_snapshot_z2.0_13_sigma50_stride1,B,snapshot_z2.0,2,13,0.05,113,0.88671875,0.0253315858588998,false,false
B_snapshot_z2.0_13_sigma50_stride1,B,snapshot_z2.0,2,13,0.05,114,0.89453125,0.0470742553811789,false,false
B_snapshot_z2.0_13_sigma50_stride1,B,snapshot_z2.0,2,13,0.05,115,0.90234375,0.0251404035814775,false,false
B_snapshot_z2.0_13_sigma50_stride1,B,snapshot_z2.0,2,13,0.05,116,0.91015625,0.0758644166131945,true,true
B_snapshot_z2.0_13_sigma50_stride1,B,snapshot_z2.0,2,13,0.05,117,0.91796875,0.0597557941204042,true,true
B_snapshot_z2.0_13_sigma50_stride1,B,snapshot_z2.0,2,13,0.05,118,0.92578125,0.103363373113385,true,true
B_snapshot_z2.0_13_sigma50_stride1,B,snapshot_z2.0,2,13,0.05,119,0.93359375,0.0517424599124004,false,true
B_snapshot_z2.0_13_sigma50_stride1,B,snapshot_z2.0,2,13,0.05,120,0.94140625,0.0376966773587946,false,false
B_snapshot_z2.0_13_sigma50_stride1,B,snapshot_z2.0,2,13,0.05,121,0.94921875,0.0551824466579328,true,true
B_snapshot_z2.0_13_sigma50_stride1,B,snapshot_z2.0,2,13,0.05,122,0.95703125,0.0184920048027753,false,false
B_snapshot_z2.0_13_sigma50_stride1,B,snapshot_z2.0,2,13,0.05,123,0.96484375,0.0239284820297462,false,false
B_snapshot_z2.0_13_sigma50_stride1,B,snapshot_z2.0,2,13,0.05,124,0.97265625,0.0225069825090025,false,false
B_snapshot_z2.0_13_sigma50_stride1,B,snapshot_z2.0,2,13,0.05,125,0.98046875,0.0242691041553353,false,false
B_snapshot_z2.0_13_sigma50_stride1,B,snapshot_z2.0,2,13,0.05,126,0.98828125,0.0279968884127829,false,false
B_snapshot_z2.0_13_sigma50_stride1,B,snapshot_z2.0,2,13,0.05,127,0.99609375,0.0202847361769701,false,false
B_snapshot_z1.0_13_sigma100_stride1,B,snapshot_z1.0,1,13,0.1,0,0.00390625,0.10547359315398,,false
B_snapshot_z1.0_13_sigma100_stride1,B,snapshot_z1.0,1,13,0.1,1,0.01171875,0.10547359315398,,false
B_snapshot_z1.0_13_sigma100_stride1,B,snapshot_z1.0,1,13,0.1,2,0.01953125,0.152189492773133,,true
B_snapshot_z1.0_13_sigma100_stride1,B,snapshot_z1.0,1,13,0.1,3,0.02734375,0.152189492773133,,true
B_snapshot_z1.0_13_sigma100_stride1,B,snapshot_z1.0,1,13,0.1,4,0.03515625,0.141852022415795,,true
B_snapshot_z1.0_13_sigma100_stride1,B,snapshot_z1.0,1,13,0.1,5,0.04296875,0.114467620974483,,true
B_snapshot_z1.0_13_sigma100_stride1,B,snapshot_z1.0,1,13,0.1,6,0.05078125,0.0550848731597069,,false
B_snapshot_z1.0_13_sigma100_stride1,B,snapshot_z1.0,1,13,0.1,7,0.05859375,0.0857548030608029,,false
B_snapshot_z1.0_13_sigma100_stride1,B,snapshot_z1.0,1,13,0.1,8,0.06640625,0.0702780110213692,,false
B_snapshot_z1.0_13_sigma100_stride1,B,snapshot_z1.0,1,13,0.1,9,0.07421875,0.0701862574723173,,false
B_snapshot_z1.0_13_sigma100_stride1,B,snapshot_z1.0,1,13,0.1,10,0.08203125,0.118923458321742,,true
B_snapshot_z1.0_13_sigma100_stride1,B,snapshot_z1.0,1,13,0.1,11,0.08984375,0.0795288426714464,,false
B_snapshot_z1.0_13_sigma100_stride1,B,snapshot_z1.0,1,13,0.1,12,0.09765625,0.0547657945546264,,false
B_snapshot_z1.0_13_sigma100_stride1,B,snapshot_z1.0,1,13,0.1,13,0.10546875,0.155359186890159,,true
B_snapshot_z1.0_13_sigma100_stride1,B,snapshot_z1.0,1,13,0.1,14,0.11328125,0.076889454904938,,false
B_snapshot_z1.0_13_sigma100_stride1,B,snapshot_z1.0,1,13,0.1,15,0.12109375,0.123518334068093,,true
B_snapshot_z1.0_13_sigma100_stride1,B,snapshot_z1.0,1,13,0.1,16,0.12890625,0.0996168588976096,,false
B_snapshot_z1.0_13_sigma100_stride1,B,snapshot_z1.0,1,13,0.1,17,0.13671875,0.0798529937807005,,false
B_snapshot_z1.0_13_sigma100_stride1,B,snapshot_z1.0,1,13,0.1,18,0.14453125,0.0453385264360164,,false
B_snapshot_z1.0_13_sigma100_stride1,B,snapshot_z1.0,1,13,0.1,19,0.15234375,0.0800617802562449,,false
B_snapshot_z1.0_13_sigma100_stride1,B,snapshot_z1.0,1,13,0.1,20,0.16015625,0.0865955129813196,,false
B_snapshot_z1.0_13_sigma100_stride1,B,snapshot_z1.0,1,13,0.1,21,0.16796875,0.11846035766124,,true
B_snapshot_z1.0_13_sigma100_stride1,B,snapshot_z1.0,1,13,0.1,22,0.17578125,0.103556502230709,,false
B_snapshot_z1.0_13_sigma100_stride1,B,snapshot_z1.0,1,13,0.1,23,0.18359375,0.0737128579155555,,false
B_snapshot_z1.0_13_sigma100_stride1,B,snapshot_z1.0,1,13,0.1,24,0.19140625,0.0400939348076074,,false
B_snapshot_z1.0_13_sigma100_stride1,B,snapshot_z1.0,1,13,0.1,25,0.19921875,0.0766541896310606,,false
B_snapshot_z1.0_13_sigma100_stride1,B,snapshot_z1.0,1,13,0.1,26,0.20703125,0.128563103346399,,true
B_snapshot_z1.0_13_sigma100_stride1,B,snapshot_z1.0,1,13,0.1,27,0.21484375,0.104373913808377,,false
B_snapshot_z1.0_13_sigma100_stride1,B,snapshot_z1.0,1,13,0.1,28,0.22265625,0.0814030014400128,,false
B_snapshot_z1.0_13_sigma100_stride1,B,snapshot_z1.0,1,13,0.1,29,0.23046875,0.119500852494077,,true
B_snapshot_z1.0_13_sigma100_stride1,B,snapshot_z1.0,1,13,0.1,30,0.23828125,0.0564258948385838,,false
B_snapshot_z1.0_13_sigma100_stride1,B,snapshot_z1.0,1,13,0.1,31,0.24609375,0.0616223887703252,,false
B_snapshot_z1.0_13_sigma100_stride1,B,snapshot_z1.0,1,13,0.1,32,0.25390625,0.0635108479963366,,false
B_snapshot_z1.0_13_sigma100_stride1,B,snapshot_z1.0,1,13,0.1,33,0.26171875,0.0546406938607007,,false
B_snapshot_z1.0_13_sigma100_stride1,B,snapshot_z1.0,1,13,0.1,34,0.26953125,0.0544659580342275,,false
B_snapshot_z1.0_13_sigma100_stride1,B,snapshot_z1.0,1,13,0.1,35,0.27734375,0.0611716263073184,,false
B_snapshot_z1.0_13_sigma100_stride1,B,snapshot_z1.0,1,13,0.1,36,0.28515625,0.0743036186224533,,false
B_snapshot_z1.0_13_sigma100_stride1,B,snapshot_z1.0,1,13,0.1,37,0.29296875,0.173567222753617,,true
B_snapshot_z1.0_13_sigma100_stride1,B,snapshot_z1.0,1,13,0.1,38,0.30078125,0.0544968685839013,,false
B_snapshot_z1.0_13_sigma100_stride1,B,snapshot_z1.0,1,13,0.1,39,0.30859375,0.104102145324327,,false
B_snapshot_z1.0_13_sigma100_stride1,B,snapshot_z1.0,1,13,0.1,40,0.31640625,0.14283838798954,,true
B_snapshot_z1.0_13_sigma100_stride1,B,snapshot_z1.0,1,13,0.1,41,0.32421875,0.169201884533764,,true
B_snapshot_z1.0_13_sigma100_stride1,B,snapshot_z1.0,1,13,0.1,42,0.33203125,0.147105828438304,,true
B_snapshot_z1.0_13_sigma100_stride1,B,snapshot_z1.0,1,13,0.1,43,0.33984375,0.149269564090468,,true
B_snapshot_z1.0_13_sigma100_stride1,B,snapshot_z1.0,1,13,0.1,44,0.34765625,0.13196435174423,,true
B_snapshot_z1.0_13_sigma100_stride1,B,snapshot_z1.0,1,13,0.1,45,0.35546875,0.13196435174423,,true
B_snapshot_z1.0_13_sigma100_stride1,B,snapshot_z1.0,1,13,0.1,46,0.36328125,0.109908864458463,,true
B_snapshot_z1.0_13_sigma100_stride1,B,snapshot_z1.0,1,13,0.1,47,0.37109375,0.0954794501197795,,false
B_snapshot_z1.0_13_sigma100_stride1,B,snapshot_z1.0,1,13,0.1,48,0.37890625,0.0579459777365495,,false
B_snapshot_z1.0_13_sigma100_stride1,B,snapshot_z1.0,1,13,0.1,49,0.38671875,0.0881017715710271,,false
B_snapshot_z1.0_13_sigma100_stride1,B,snapshot_z1.0,1,13,0.1,50,0.39453125,0.075524706878222,,false
B_snapshot_z1.0_13_sigma100_stride1,B,snapshot_z1.0,1,13,0.1,51,0.40234375,0.064422225562701,,false
B_snapshot_z1.0_13_sigma100_stride1,B,snapshot_z1.0,1,13,0.1,52,0.41015625,0.0674160299277243,,false
B_snapshot_z1.0_13_sigma100_stride1,B,snapshot_z1.0,1,13,0.1,53,0.41796875,0.113237781192178,,true
B_snapshot_z1.0_13_sigma100_stride1,B,snapshot_z1.0,1,13,0.1,54,0.42578125,0.0654210501634119,,false
B_snapshot_z1.0_13_sigma100_stride1,B,snapshot_z1.0,1,13,0.1,55,0.43359375,0.0555268546439398,,false
B_snapshot_z1.0_13_sigma100_stride1,B,snapshot_z1.0,1,13,0.1,56,0.44140625,0.0864933667059765,,false
B_snapshot_z1.0_13_sigma100_stride1,B,snapshot_z1.0,1,13,0.1,57,0.44921875,0.0915833768339107,,false
B_snapshot_z1.0_13_sigma100_stride1,B,snapshot_z1.0,1,13,0.1,58,0.45703125,0.0684902063503808,,false
B_snapshot_z1.0_13_sigma100_stride1,B,snapshot_z1.0,1,13,0.1,59,0.46484375,0.132874878320827,,true
B_snapshot_z1.0_13_sigma100_stride1,B,snapshot_z1.0,1,13,0.1,60,0.47265625,0.102639318731714,,false
B_snapshot_z1.0_13_sigma100_stride1,B,snapshot_z1.0,1,13,0.1,61,0.48046875,0.0423165864478108,,false
B_snapshot_z1.0_13_sigma100_stride1,B,snapshot_z1.0,1,13,0.1,62,0.48828125,0.136707382758821,,true
B_snapshot_z1.0_13_sigma100_stride1,B,snapshot_z1.0,1,13,0.1,63,0.49609375,0.0736383238510926,,false
B_snapshot_z1.0_13_sigma100_stride1,B,snapshot_z1.0,1,13,0.1,64,0.50390625,0.106532613701773,,false
B_snapshot_z1.0_13_sigma100_stride1,B,snapshot_z1.0,1,13,0.1,65,0.51171875,0.151535007400783,,true
B_snapshot_z1.0_13_sigma100_stride1,B,snapshot_z1.0,1,13,0.1,66,0.51953125,0.151711908345016,,true
B_snapshot_z1.0_13_sigma100_stride1,B,snapshot_z1.0,1,13,0.1,67,0.52734375,0.061064626224862,,false
B_snapshot_z1.0_13_sigma100_stride1,B,snapshot_z1.0,1,13,0.1,68,0.53515625,0.0607621531151669,,false
B_snapshot_z1.0_13_sigma100_stride1,B,snapshot_z1.0,1,13,0.1,69,0.54296875,0.142359417889472,,true
B_snapshot_z1.0_13_sigma100_stride1,B,snapshot_z1.0,1,13,0.1,70,0.55078125,0.0636546668081743,,false
B_snapshot_z1.0_13_sigma100_stride1,B,snapshot_z1.0,1,13,0.1,71,0.55859375,0.0923548701906324,,false
B_snapshot_z1.0_13_sigma100_stride1,B,snapshot_z1.0,1,13,0.1,72,0.56640625,0.0906384101381671,,false
B_snapshot_z1.0_13_sigma100_stride1,B,snapshot_z1.0,1,13,0.1,73,0.57421875,0.185564536965606,,true
B_snapshot_z1.0_13_sigma100_stride1,B,snapshot_z1.0,1,13,0.1,74,0.58203125,0.155273226105715,,true
B_snapshot_z1.0_13_sigma100_stride1,B,snapshot_z1.0,1,13,0.1,75,0.58984375,0.0420716980803368,,false
B_snapshot_z1.0_13_sigma100_stride1,B,snapshot_z1.0,1,13,0.1,76,0.59765625,0.0759708007266703,,false
B_snapshot_z1.0_13_sigma100_stride1,B,snapshot_z1.0,1,13,0.1,77,0.60546875,0.0720634456822071,,false
B_snapshot_z1.0_13_sigma100_stride1,B,snapshot_z1.0,1,13,0.1,78,0.61328125,0.0639502103466316,,false
B_snapshot_z1.0_13_sigma100_stride1,B,snapshot_z1.0,1,13,0.1,79,0.62109375,0.0537766750004515,,false
B_snapshot_z1.0_13_sigma100_stride1,B,snapshot_z1.0,1,13,0.1,80,0.62890625,0.098549333396093,,false
B_snapshot_z1.0_13_sigma100_stride1,B,snapshot_z1.0,1,13,0.1,81,0.63671875,0.0826665332189579,,false
B_snapshot_z1.0_13_sigma100_stride1,B,snapshot_z1.0,1,13,0.1,82,0.64453125,0.121570832053261,,true
B_snapshot_z1.0_13_sigma100_stride1,B,snapshot_z1.0,1,13,0.1,83,0.65234375,0.107738960678638,,false
B_snapshot_z1.0_13_sigma100_stride1,B,snapshot_z1.0,1,13,0.1,84,0.66015625,0.16616923904226,,true
B_snapshot_z1.0_13_sigma100_stride1,B,snapshot_z1.0,1,13,0.1,85,0.66796875,0.098169911169709,,false
B_snapshot_z1.0_13_sigma100_stride1,B,snapshot_z1.0,1,13,0.1,86,0.67578125,0.106762146049079,,false
B_snapshot_z1.0_13_sigma100_stride1,B,snapshot_z1.0,1,13,0.1,87,0.68359375,0.0926623928437326,,false
B_snapshot_z1.0_13_sigma100_stride1,B,snapshot_z1.0,1,13,0.1,88,0.69140625,0.073091220040219,,false
B_snapshot_z1.0_13_sigma100_stride1,B,snapshot_z1.0,1,13,0.1,89,0.69921875,0.0474206781600209,,false
B_snapshot_z1.0_13_sigma100_stride1,B,snapshot_z1.0,1,13,0.1,90,0.70703125,0.0526651638499279,,false
B_snapshot_z1.0_13_sigma100_stride1,B,snapshot_z1.0,1,13,0.1,91,0.71484375,0.0770077132981598,,false
B_snapshot_z1.0_13_sigma100_stride1,B,snapshot_z1.0,1,13,0.1,92,0.72265625,0.0665777474618704,,false
B_snapshot_z1.0_13_sigma100_stride1,B,snapshot_z1.0,1,13,0.1,93,0.73046875,0.103573049385111,,false
B_snapshot_z1.0_13_sigma100_stride1,B,snapshot_z1.0,1,13,0.1,94,0.73828125,0.131180550983066,,true
B_snapshot_z1.0_13_sigma100_stride1,B,snapshot_z1.0,1,13,0.1,95,0.74609375,0.0561539267368176,,false
B_snapshot_z1.0_13_sigma100_stride1,B,snapshot_z1.0,1,13,0.1,96,0.75390625,0.0823707357898959,,false
B_snapshot_z1.0_13_sigma100_stride1,B,snapshot_z1.0,1,13,0.1,97,0.76171875,0.12286733911072,,true
B_snapshot_z1.0_13_sigma100_stride1,B,snapshot_z1.0,1,13,0.1,98,0.76953125,0.0761635216228468,,false
B_snapshot_z1.0_13_sigma100_stride1,B,snapshot_z1.0,1,13,0.1,99,0.77734375,0.0446676989264261,,false
B_snapshot_z1.0_13_sigma100_stride1,B,snapshot_z1.0,1,13,0.1,100,0.78515625,0.0460876428342962,,false
B_snapshot_z1.0_13_sigma100_stride1,B,snapshot_z1.0,1,13,0.1,101,0.79296875,0.0707707154957072,,false
B_snapshot_z1.0_13_sigma100_stride1,B,snapshot_z1.0,1,13,0.1,102,0.80078125,0.0450086247240483,,false
B_snapshot_z1.0_13_sigma100_stride1,B,snapshot_z1.0,1,13,0.1,103,0.80859375,0.0618161625179615,,false
B_snapshot_z1.0_13_sigma100_stride1,B,snapshot_z1.0,1,13,0.1,104,0.81640625,0.107697094706876,,false
B_snapshot_z1.0_13_sigma100_stride1,B,snapshot_z1.0,1,13,0.1,105,0.82421875,0.0874110812133717,,false
B_snapshot_z1.0_13_sigma100_stride1,B,snapshot_z1.0,1,13,0.1,106,0.83203125,0.131086133662506,,true
B_snapshot_z1.0_13_sigma100_stride1,B,snapshot_z1.0,1,13,0.1,107,0.83984375,0.18721809300695,,true
B_snapshot_z1.0_13_sigma100_stride1,B,snapshot_z1.0,1,13,0.1,108,0.84765625,0.0544755789758858,,false
B_snapshot_z1.0_13_sigma100_stride1,B,snapshot_z1.0,1,13,0.1,109,0.85546875,0.0738549431227827,,false
B_snapshot_z1.0_13_sigma100_stride1,B,snapshot_z1.0,1,13,0.1,110,0.86328125,0.0797630764782497,,false
B_snapshot_z1.0_13_sigma100_stride1,B,snapshot_z1.0,1,13,0.1,111,0.87109375,0.115541079993935,,true
B_snapshot_z1.0_13_sigma100_stride1,B,snapshot_z1.0,1,13,0.1,112,0.87890625,0.225765264394988,,true
B_snapshot_z1.0_13_sigma100_stride1,B,snapshot_z1.0,1,13,0.1,113,0.88671875,0.113688558933122,,true
B_snapshot_z1.0_13_sigma100_stride1,B,snapshot_z1.0,1,13,0.1,114,0.89453125,0.13325766042719,,true
B_snapshot_z1.0_13_sigma100_stride1,B,snapshot_z1.0,1,13,0.1,115,0.90234375,0.0673157252022512,,false
B_snapshot_z1.0_13_sigma100_stride1,B,snapshot_z1.0,1,13,0.1,116,0.91015625,0.122558327076952,,true
B_snapshot_z1.0_13_sigma100_stride1,B,snapshot_z1.0,1,13,0.1,117,0.91796875,0.0445474869195198,,false
B_snapshot_z1.0_13_sigma100_stride1,B,snapshot_z1.0,1,13,0.1,118,0.92578125,0.0566810005164698,,false
B_snapshot_z1.0_13_sigma100_stride1,B,snapshot_z1.0,1,13,0.1,119,0.93359375,0.0960619179751715,,false
B_snapshot_z1.0_13_sigma100_stride1,B,snapshot_z1.0,1,13,0.1,120,0.94140625,0.140564287570645,,true
B_snapshot_z1.0_13_sigma100_stride1,B,snapshot_z1.0,1,13,0.1,121,0.94921875,0.137529694054527,,true
B_snapshot_z1.0_13_sigma100_stride1,B,snapshot_z1.0,1,13,0.1,122,0.95703125,0.182447137698066,,true
B_snapshot_z1.0_13_sigma100_stride1,B,snapshot_z1.0,1,13,0.1,123,0.96484375,0.144424226734474,,true
B_snapshot_z1.0_13_sigma100_stride1,B,snapshot_z1.0,1,13,0.1,124,0.97265625,0.0592991963986573,,false
B_snapshot_z1.0_13_sigma100_stride1,B,snapshot_z1.0,1,13,0.1,125,0.98046875,0.0738922808175529,,false
B_snapshot_z1.0_13_sigma100_stride1,B,snapshot_z1.0,1,13,0.1,126,0.98828125,0.093946885943306,,false
B_snapshot_z1.0_13_sigma100_stride1,B,snapshot_z1.0,1,13,0.1,127,0.99609375,0.093946885943306,,false
B_snapshot_z2.0_13_sigma100_stride1,B,snapshot_z2.0,2,13,0.1,0,0.00390625,0.14897532704508,,true
B_snapshot_z2.0_13_sigma100_stride1,B,snapshot_z2.0,2,13,0.1,1,0.01171875,0.131297066512151,,true
B_snapshot_z2.0_13_sigma100_stride1,B,snapshot_z2.0,2,13,0.1,2,0.01953125,0.0774090978376559,,false
B_snapshot_z2.0_13_sigma100_stride1,B,snapshot_z2.0,2,13,0.1,3,0.02734375,0.0702498794172258,,false
B_snapshot_z2.0_13_sigma100_stride1,B,snapshot_z2.0,2,13,0.1,4,0.03515625,0.0507138536377559,,false
B_snapshot_z2.0_13_sigma100_stride1,B,snapshot_z2.0,2,13,0.1,5,0.04296875,0.157529606762342,,true
B_snapshot_z2.0_13_sigma100_stride1,B,snapshot_z2.0,2,13,0.1,6,0.05078125,0.163089349675061,,true
B_snapshot_z2.0_13_sigma100_stride1,B,snapshot_z2.0,2,13,0.1,7,0.05859375,0.110109474206052,,true
B_snapshot_z2.0_13_sigma100_stride1,B,snapshot_z2.0,2,13,0.1,8,0.06640625,0.0876442849422532,,false
B_snapshot_z2.0_13_sigma100_stride1,B,snapshot_z2.0,2,13,0.1,9,0.07421875,0.091743225120131,,false
B_snapshot_z2.0_13_sigma100_stride1,B,snapshot_z2.0,2,13,0.1,10,0.08203125,0.20383414394344,,true
B_snapshot_z2.0_13_sigma100_stride1,B,snapshot_z2.0,2,13,0.1,11,0.08984375,0.125232750865827,,true
B_snapshot_z2.0_13_sigma100_stride1,B,snapshot_z2.0,2,13,0.1,12,0.09765625,0.0553290090824307,,false
B_snapshot_z2.0_13_sigma100_stride1,B,snapshot_z2.0,2,13,0.1,13,0.10546875,0.10909720386272,,true
B_snapshot_z2.0_13_sigma100_stride1,B,snapshot_z2.0,2,13,0.1,14,0.11328125,0.053227278246557,,false
B_snapshot_z2.0_13_sigma100_stride1,B,snapshot_z2.0,2,13,0.1,15,0.12109375,0.123518334067985,,true
B_snapshot_z2.0_13_sigma100_stride1,B,snapshot_z2.0,2,13,0.1,16,0.12890625,0.0807177547304221,,false
B_snapshot_z2.0_13_sigma100_stride1,B,snapshot_z2.0,2,13,0.1,17,0.13671875,0.128531674109307,,true
B_snapshot_z2.0_13_sigma100_stride1,B,snapshot_z2.0,2,13,0.1,18,0.14453125,0.0858112063395822,,false
B_snapshot_z2.0_13_sigma100_stride1,B,snapshot_z2.0,2,13,0.1,19,0.15234375,0.0842100829462069,,false
B_snapshot_z2.0_13_sigma100_stride1,B,snapshot_z2.0,2,13,0.1,20,0.16015625,0.0980993873945655,,false
B_snapshot_z2.0_13_sigma100_stride1,B,snapshot_z2.0,2,13,0.1,21,0.16796875,0.132382394320669,,true
B_snapshot_z2.0_13_sigma100_stride1,B,snapshot_z2.0,2,13,0.1,22,0.17578125,0.0832892957484086,,false
B_snapshot_z2.0_13_sigma100_stride1,B,snapshot_z2.0,2,13,0.1,23,0.18359375,0.113185478934743,,true
B_snapshot_z2.0_13_sigma100_stride1,B,snapshot_z2.0,2,13,0.1,24,0.19140625,0.154119276020233,,true
B_snapshot_z2.0_13_sigma100_stride1,B,snapshot_z2.0,2,13,0.1,25,0.19921875,0.114042671035234,,true
B_snapshot_z2.0_13_sigma100_stride1,B,snapshot_z2.0,2,13,0.1,26,0.20703125,0.0624348273001949,,false
B_snapshot_z2.0_13_sigma100_stride1,B,snapshot_z2.0,2,13,0.1,27,0.21484375,0.187371056946062,,true
B_snapshot_z2.0_13_sigma100_stride1,B,snapshot_z2.0,2,13,0.1,28,0.22265625,0.146588840004821,,true
B_snapshot_z2.0_13_sigma100_stride1,B,snapshot_z2.0,2,13,0.1,29,0.23046875,0.119500852494076,,true
B_snapshot_z2.0_13_sigma100_stride1,B,snapshot_z2.0,2,13,0.1,30,0.23828125,0.057653483406766,,false
B_snapshot_z2.0_13_sigma100_stride1,B,snapshot_z2.0,2,13,0.1,31,0.24609375,0.136448645671958,,true
B_snapshot_z2.0_13_sigma100_stride1,B,snapshot_z2.0,2,13,0.1,32,0.25390625,0.119499214600619,,true
B_snapshot_z2.0_13_sigma100_stride1,B,snapshot_z2.0,2,13,0.1,33,0.26171875,0.0943957435914617,,false
B_snapshot_z2.0_13_sigma100_stride1,B,snapshot_z2.0,2,13,0.1,34,0.26953125,0.0783788279561356,,false
B_snapshot_z2.0_13_sigma100_stride1,B,snapshot_z2.0,2,13,0.1,35,0.27734375,0.0776010698383356,,false
B_snapshot_z2.0_13_sigma100_stride1,B,snapshot_z2.0,2,13,0.1,36,0.28515625,0.0845783987926783,,false
B_snapshot_z2.0_13_sigma100_stride1,B,snapshot_z2.0,2,13,0.1,37,0.29296875,0.0490504677697408,,false
B_snapshot_z2.0_13_sigma100_stride1,B,snapshot_z2.0,2,13,0.1,38,0.30078125,0.0637977114495234,,false
B_snapshot_z2.0_13_sigma100_stride1,B,snapshot_z2.0,2,13,0.1,39,0.30859375,0.058826234773203,,false
B_snapshot_z2.0_13_sigma100_stride1,B,snapshot_z2.0,2,13,0.1,40,0.31640625,0.046412661146265,,false
B_snapshot_z2.0_13_sigma100_stride1,B,snapshot_z2.0,2,13,0.1,41,0.32421875,0.0796940538930442,,false
B_snapshot_z2.0_13_sigma100_stride1,B,snapshot_z2.0,2,13,0.1,42,0.33203125,0.0640218829829103,,false
B_snapshot_z2.0_13_sigma100_stride1,B,snapshot_z2.0,2,13,0.1,43,0.33984375,0.0700445380266547,,false
B_snapshot_z2.0_13_sigma100_stride1,B,snapshot_z2.0,2,13,0.1,44,0.34765625,0.0889246167269515,,false
B_snapshot_z2.0_13_sigma100_stride1,B,snapshot_z2.0,2,13,0.1,45,0.35546875,0.124527189689016,,true
B_snapshot_z2.0_13_sigma100_stride1,B,snapshot_z2.0,2,13,0.1,46,0.36328125,0.124527189689016,,true
B_snapshot_z2.0_13_sigma100_stride1,B,snapshot_z2.0,2,13,0.1,47,0.37109375,0.0944313332470756,,false
B_snapshot_z2.0_13_sigma100_stride1,B,snapshot_z2.0,2,13,0.1,48,0.37890625,0.0434284511816452,,false
B_snapshot_z2.0_13_sigma100_stride1,B,snapshot_z2.0,2,13,0.1,49,0.38671875,0.152663552127517,,true
B_snapshot_z2.0_13_sigma100_stride1,B,snapshot_z2.0,2,13,0.1,50,0.39453125,0.0951822368522072,,false
B_snapshot_z2.0_13_sigma100_stride1,B,snapshot_z2.0,2,13,0.1,51,0.40234375,0.142730432785318,,true
B_snapshot_z2.0_13_sigma100_stride1,B,snapshot_z2.0,2,13,0.1,52,0.41015625,0.0719130749716808,,false
B_snapshot_z2.0_13_sigma100_stride1,B,snapshot_z2.0,2,13,0.1,53,0.41796875,0.0664631784799448,,false
B_snapshot_z2.0_13_sigma100_stride1,B,snapshot_z2.0,2,13,0.1,54,0.42578125,0.110954370695769,,true
B_snapshot_z2.0_13_sigma100_stride1,B,snapshot_z2.0,2,13,0.1,55,0.43359375,0.0825780897038943,,false
B_snapshot_z2.0_13_sigma100_stride1,B,snapshot_z2.0,2,13,0.1,56,0.44140625,0.0593962273177981,,false
B_snapshot_z2.0_13_sigma100_stride1,B,snapshot_z2.0,2,13,0.1,57,0.44921875,0.121416087118233,,true
B_snapshot_z2.0_13_sigma100_stride1,B,snapshot_z2.0,2,13,0.1,58,0.45703125,0.0684902063503808,,false
B_snapshot_z2.0_13_sigma100_stride1,B,snapshot_z2.0,2,13,0.1,59,0.46484375,0.0912369472644649,,false
B_snapshot_z2.0_13_sigma100_stride1,B,snapshot_z2.0,2,13,0.1,60,0.47265625,0.0441638246503948,,false
B_snapshot_z2.0_13_sigma100_stride1,B,snapshot_z2.0,2,13,0.1,61,0.48046875,0.0628247594638662,,false
B_snapshot_z2.0_13_sigma100_stride1,B,snapshot_z2.0,2,13,0.1,62,0.48828125,0.0961071256346625,,false
B_snapshot_z2.0_13_sigma100_stride1,B,snapshot_z2.0,2,13,0.1,63,0.49609375,0.132991135878124,,true
B_snapshot_z2.0_13_sigma100_stride1,B,snapshot_z2.0,2,13,0.1,64,0.50390625,0.116714590071949,,true
B_snapshot_z2.0_13_sigma100_stride1,B,snapshot_z2.0,2,13,0.1,65,0.51171875,0.0588632827652338,,false
B_snapshot_z2.0_13_sigma100_stride1,B,snapshot_z2.0,2,13,0.1,66,0.51953125,0.0902180223284725,,false
B_snapshot_z2.0_13_sigma100_stride1,B,snapshot_z2.0,2,13,0.1,67,0.52734375,0.0610646262248634,,false
B_snapshot_z2.0_13_sigma100_stride1,B,snapshot_z2.0,2,13,0.1,68,0.53515625,0.0908883581719179,,false
B_snapshot_z2.0_13_sigma100_stride1,B,snapshot_z2.0,2,13,0.1,69,0.54296875,0.106844720824242,,false
B_snapshot_z2.0_13_sigma100_stride1,B,snapshot_z2.0,2,13,0.1,70,0.55078125,0.0636558859820494,,false
B_snapshot_z2.0_13_sigma100_stride1,B,snapshot_z2.0,2,13,0.1,71,0.55859375,0.0923548682855081,,false
B_snapshot_z2.0_13_sigma100_stride1,B,snapshot_z2.0,2,13,0.1,72,0.56640625,0.0903483795553245,,false
B_snapshot_z2.0_13_sigma100_stride1,B,snapshot_z2.0,2,13,0.1,73,0.57421875,0.180170351768584,,true
B_snapshot_z2.0_13_sigma100_stride1,B,snapshot_z2.0,2,13,0.1,74,0.58203125,0.060639305217888,,false
B_snapshot_z2.0_13_sigma100_stride1,B,snapshot_z2.0,2,13,0.1,75,0.58984375,0.0700407679529689,,false
B_snapshot_z2.0_13_sigma100_stride1,B,snapshot_z2.0,2,13,0.1,76,0.59765625,0.0423023531237973,,false
B_snapshot_z2.0_13_sigma100_stride1,B,snapshot_z2.0,2,13,0.1,77,0.60546875,0.10856065383251,,false
B_snapshot_z2.0_13_sigma100_stride1,B,snapshot_z2.0,2,13,0.1,78,0.61328125,0.169127889101726,,true
B_snapshot_z2.0_13_sigma100_stride1,B,snapshot_z2.0,2,13,0.1,79,0.62109375,0.0677270684905682,,false
B_snapshot_z2.0_13_sigma100_stride1,B,snapshot_z2.0,2,13,0.1,80,0.62890625,0.0671466835975643,,false
B_snapshot_z2.0_13_sigma100_stride1,B,snapshot_z2.0,2,13,0.1,81,0.63671875,0.0826665332189579,,false
B_snapshot_z2.0_13_sigma100_stride1,B,snapshot_z2.0,2,13,0.1,82,0.64453125,0.0643854074901728,,false
B_snapshot_z2.0_13_sigma100_stride1,B,snapshot_z2.0,2,13,0.1,83,0.65234375,0.0820714520383165,,false
B_snapshot_z2.0_13_sigma100_stride1,B,snapshot_z2.0,2,13,0.1,84,0.66015625,0.0707278376700423,,false
B_snapshot_z2.0_13_sigma100_stride1,B,snapshot_z2.0,2,13,0.1,85,0.66796875,0.054069962615706,,false
B_snapshot_z2.0_13_sigma100_stride1,B,snapshot_z2.0,2,13,0.1,86,0.67578125,0.0862067493231181,,false
B_snapshot_z2.0_13_sigma100_stride1,B,snapshot_z2.0,2,13,0.1,87,0.68359375,0.0538642788735492,,false
B_snapshot_z2.0_13_sigma100_stride1,B,snapshot_z2.0,2,13,0.1,88,0.69140625,0.0483016349939334,,false
B_snapshot_z2.0_13_sigma100_stride1,B,snapshot_z2.0,2,13,0.1,89,0.69921875,0.137177051786198,,true
B_snapshot_z2.0_13_sigma100_stride1,B,snapshot_z2.0,2,13,0.1,90,0.70703125,0.167207233258788,,true
B_snapshot_z2.0_13_sigma100_stride1,B,snapshot_z2.0,2,13,0.1,91,0.71484375,0.0944530146475984,,false
B_snapshot_z2.0_13_sigma100_stride1,B,snapshot_z2.0,2,13,0.1,92,0.72265625,0.0589740892871741,,false
B_snapshot_z2.0_13_sigma100_stride1,B,snapshot_z2.0,2,13,0.1,93,0.73046875,0.068134865568115,,false
B_snapshot_z2.0_13_sigma100_stride1,B,snapshot_z2.0,2,13,0.1,94,0.73828125,0.131180550981273,,true
B_snapshot_z2.0_13_sigma100_stride1,B,snapshot_z2.0,2,13,0.1,95,0.74609375,0.0363406888590789,,false
B_snapshot_z2.0_13_sigma100_stride1,B,snapshot_z2.0,2,13,0.1,96,0.75390625,0.0692320659410575,,false
B_snapshot_z2.0_13_sigma100_stride1,B,snapshot_z2.0,2,13,0.1,97,0.76171875,0.0449008428069746,,false
B_snapshot_z2.0_13_sigma100_stride1,B,snapshot_z2.0,2,13,0.1,98,0.76953125,0.0513364299108191,,false
B_snapshot_z2.0_13_sigma100_stride1,B,snapshot_z2.0,2,13,0.1,99,0.77734375,0.0616536786674229,,false
B_snapshot_z2.0_13_sigma100_stride1,B,snapshot_z2.0,2,13,0.1,100,0.78515625,0.0409852919227347,,false
B_snapshot_z2.0_13_sigma100_stride1,B,snapshot_z2.0,2,13,0.1,101,0.79296875,0.065565372178486,,false
B_snapshot_z2.0_13_sigma100_stride1,B,snapshot_z2.0,2,13,0.1,102,0.80078125,0.0723307674853839,,false
B_snapshot_z2.0_13_sigma100_stride1,B,snapshot_z2.0,2,13,0.1,103,0.80859375,0.137418585293782,,true
B_snapshot_z2.0_13_sigma100_stride1,B,snapshot_z2.0,2,13,0.1,104,0.81640625,0.0484558917384324,,false
B_snapshot_z2.0_13_sigma100_stride1,B,snapshot_z2.0,2,13,0.1,105,0.82421875,0.249318976104222,,true
B_snapshot_z2.0_13_sigma100_stride1,B,snapshot_z2.0,2,13,0.1,106,0.83203125,0.125172295877005,,true
B_snapshot_z2.0_13_sigma100_stride1,B,snapshot_z2.0,2,13,0.1,107,0.83984375,0.0932347817048462,,false
B_snapshot_z2.0_13_sigma100_stride1,B,snapshot_z2.0,2,13,0.1,108,0.84765625,0.111618413438423,,true
B_snapshot_z2.0_13_sigma100_stride1,B,snapshot_z2.0,2,13,0.1,109,0.85546875,0.0475066325378423,,false
B_snapshot_z2.0_13_sigma100_stride1,B,snapshot_z2.0,2,13,0.1,110,0.86328125,0.104000076543529,,false
B_snapshot_z2.0_13_sigma100_stride1,B,snapshot_z2.0,2,13,0.1,111,0.87109375,0.219683345159714,,true
B_snapshot_z2.0_13_sigma100_stride1,B,snapshot_z2.0,2,13,0.1,112,0.87890625,0.225516957999957,,true
B_snapshot_z2.0_13_sigma100_stride1,B,snapshot_z2.0,2,13,0.1,113,0.88671875,0.147990065851403,,true
B_snapshot_z2.0_13_sigma100_stride1,B,snapshot_z2.0,2,13,0.1,114,0.89453125,0.101716554810727,,false
B_snapshot_z2.0_13_sigma100_stride1,B,snapshot_z2.0,2,13,0.1,115,0.90234375,0.0918293111174855,,false
B_snapshot_z2.0_13_sigma100_stride1,B,snapshot_z2.0,2,13,0.1,116,0.91015625,0.0860736593850395,,false
B_snapshot_z2.0_13_sigma100_stride1,B,snapshot_z2.0,2,13,0.1,117,0.91796875,0.140298187470522,,true
B_snapshot_z2.0_13_sigma100_stride1,B,snapshot_z2.0,2,13,0.1,118,0.92578125,0.127269403995043,,true
B_snapshot_z2.0_13_sigma100_stride1,B,snapshot_z2.0,2,13,0.1,119,0.93359375,0.15018834071609,,true
B_snapshot_z2.0_13_sigma100_stride1,B,snapshot_z2.0,2,13,0.1,120,0.94140625,0.100953808094119,,false
B_snapshot_z2.0_13_sigma100_stride1,B,snapshot_z2.0,2,13,0.1,121,0.94921875,0.0856830433044285,,false
B_snapshot_z2.0_13_sigma100_stride1,B,snapshot_z2.0,2,13,0.1,122,0.95703125,0.0856830433044285,,false
B_snapshot_z2.0_13_sigma100_stride1,B,snapshot_z2.0,2,13,0.1,123,0.96484375,0.0874746190108862,,false
B_snapshot_z2.0_13_sigma100_stride1,B,snapshot_z2.0,2,13,0.1,124,0.97265625,0.0590395479382864,,false
B_snapshot_z2.0_13_sigma100_stride1,B,snapshot_z2.0,2,13,0.1,125,0.98046875,0.0590160758607353,,false
B_snapshot_z2.0_13_sigma100_stride1,B,snapshot_z2.0,2,13,0.1,126,0.98828125,0.0852455668937758,,false
B_snapshot_z2.0_13_sigma100_stride1,B,snapshot_z2.0,2,13,0.1,127,0.99609375,0.168435594883152,,true
B_static_14_sigma0_stride1,B,static_z0.5,0.5,14,0,0,0.00390625,0,,
B_static_14_sigma0_stride1,B,static_z0.5,0.5,14,0,1,0.01171875,0,,
B_static_14_sigma0_stride1,B,static_z0.5,0.5,14,0,2,0.01953125,0,,
B_static_14_sigma0_stride1,B,static_z0.5,0.5,14,0,3,0.02734375,0,,
B_static_14_sigma0_stride1,B,static_z0.5,0.5,14,0,4,0.03515625,0,,
B_static_14_sigma0_stride1,B,static_z0.5,0.5,14,0,5,0.04296875,0,,
B_static_14_sigma0_stride1,B,static_z0.5,0.5,14,0,6,0.05078125,0,,
B_static_14_sigma0_stride1,B,static_z0.5,0.5,14,0,7,0.05859375,0,,
B_static_14_sigma0_stride1,B,static_z0.5,0.5,14,0,8,0.06640625,0,,
B_static_14_sigma0_stride1,B,static_z0.5,0.5,14,0,9,0.07421875,0,,
B_static_14_sigma0_stride1,B,static_z0.5,0.5,14,0,10,0.08203125,0,,
B_static_14_sigma0_stride1,B,static_z0.5,0.5,14,0,11,0.08984375,0,,
B_static_14_sigma0_stride1,B,static_z0.5,0.5,14,0,12,0.09765625,0,,
B_static_14_sigma0_stride1,B,static_z0.5,0.5,14,0,13,0.10546875,0,,
B_static_14_sigma0_stride1,B,static_z0.5,0.5,14,0,14,0.11328125,0,,
B_static_14_sigma0_stride1,B,static_z0.5,0.5,14,0,15,0.12109375,0,,
B_static_14_sigma0_stride1,B,static_z0.5,0.5,14,0,16,0.12890625,0,,
B_static_14_sigma0_stride1,B,static_z0.5,0.5,14,0,17,0.13671875,0,,
B_static_14_sigma0_stride1,B,static_z0.5,0.5,14,0,18,0.14453125,0,,
B_static_14_sigma0_stride1,B,static_z0.5,0.5,14,0,19,0.15234375,0,,
B_static_14_sigma0_stride1,B,static_z0.5,0.5,14,0,20,0.16015625,0,,
B_static_14_sigma0_stride1,B,static_z0.5,0.5,14,0,21,0.16796875,0,,
B_static_14_sigma0_stride1,B,static_z0.5,0.5,14,0,22,0.17578125,0,,
B_static_14_sigma0_stride1,B,static_z0.5,0.5,14,0,23,0.18359375,0,,
B_static_14_sigma0_stride1,B,static_z0.5,0.5,14,0,24,0.19140625,0,,
B_static_14_sigma0_stride1,B,static_z0.5,0.5,14,0,25,0.19921875,0,,
B_static_14_sigma0_stride1,B,static_z0.5,0.5,14,0,26,0.20703125,0,,
B_static_14_sigma0_stride1,B,static_z0.5,0.5,14,0,27,0.21484375,0,,
B_static_14_sigma0_stride1,B,static_z0.5,0.5,14,0,28,0.22265625,0,,
B_static_14_sigma0_stride1,B,static_z0.5,0.5,14,0,29,0.23046875,0,,
B_static_14_sigma0_stride1,B,static_z0.5,0.5,14,0,30,0.23828125,0,,
B_static_14_sigma0_stride1,B,static_z0.5,0.5,14,0,31,0.24609375,0,,
B_static_14_sigma0_stride1,B,static_z0.5,0.5,14,0,32,0.25390625,0,,
B_static_14_sigma0_stride1,B,static_z0.5,0.5,14,0,33,0.26171875,0,,
B_static_14_sigma0_stride1,B,static_z0.5,0.5,14,0,34,0.26953125,0,,
B_static_14_sigma0_stride1,B,static_z0.5,0.5,14,0,35,0.27734375,0,,
B_static_14_sigma0_stride1,B,static_z0.5,0.5,14,0,36,0.28515625,0,,
B_static_14_sigma0_stride1,B,static_z0.5,0.5,14,0,37,0.29296875,0,,
B_static_14_sigma0_stride1,B,static_z0.5,0.5,14,0,38,0.30078125,0,,
B_static_14_sigma0_stride1,B,static_z0.5,0.5,14,0,39,0.30859375,0,,
B_static_14_sigma0_stride1,B,static_z0.5,0.5,14,0,40,0.31640625,0,,
B_static_14_sigma0_stride1,B,static_z0.5,0.5,14,0,41,0.32421875,0,,
B_static_14_sigma0_stride1,B,static_z0.5,0.5,14,0,42,0.33203125,0,,
B_static_14_sigma0_stride1,B,static_z0.5,0.5,14,0,43,0.33984375,0,,
B_static_14_sigma0_stride1,B,static_z0.5,0.5,14,0,44,0.34765625,0,,
B_static_14_sigma0_stride1,B,static_z0.5,0.5,14,0,45,0.35546875,0,,
B_static_14_sigma0_stride1,B,static_z0.5,0.5,14,0,46,0.36328125,0,,
B_static_14_sigma0_stride1,B,static_z0.5,0.5,14,0,47,0.37109375,0,,
B_static_14_sigma0_stride1,B,static_z0.5,0.5,14,0,48,0.37890625,0,,
B_static_14_sigma0_stride1,B,static_z0.5,0.5,14,0,49,0.38671875,0,,
B_static_14_sigma0_stride1,B,static_z0.5,0.5,14,0,50,0.39453125,0,,
B_static_14_sigma0_stride1,B,static_z0.5,0.5,14,0,51,0.40234375,0,,
B_static_14_sigma0_stride1,B,static_z0.5,0.5,14,0,52,0.41015625,0,,
B_static_14_sigma0_stride1,B,static_z0.5,0.5,14,0,53,0.41796875,0,,
B_static_14_sigma0_stride1,B,static_z0.5,0.5,14,0,54,0.42578125,0,,
B_static_14_sigma0_stride1,B,static_z0.5,0.5,14,0,55,0.43359375,0,,
B_static_14_sigma0_stride1,B,static_z0.5,0.5,14,0,56,0.44140625,0,,
B_static_14_sigma0_stride1,B,static_z0.5,0.5,14,0,57,0.44921875,0,,
B_static_14_sigma0_stride1,B,static_z0.5,0.5,14,0,58,0.45703125,0,,
B_static_14_sigma0_stride1,B,static_z0.5,0.5,14,0,59,0.46484375,0,,
B_static_14_sigma0_stride1,B,static_z0.5,0.5,14,0,60,0.47265625,0,,
B_static_14_sigma0_stride1,B,static_z0.5,0.5,14,0,61,0.48046875,0,,
B_static_14_sigma0_stride1,B,static_z0.5,0.5,14,0,62,0.48828125,0,,
B_static_14_sigma0_stride1,B,static_z0.5,0.5,14,0,63,0.49609375,0,,
B_static_14_sigma0_stride1,B,static_z0.5,0.5,14,0,64,0.50390625,0,,
B_static_14_sigma0_stride1,B,static_z0.5,0.5,14,0,65,0.51171875,0,,
B_static_14_sigma0_stride1,B,static_z0.5,0.5,14,0,66,0.51953125,0,,
B_static_14_sigma0_stride1,B,static_z0.5,0.5,14,0,67,0.52734375,0,,
B_static_14_sigma0_stride1,B,static_z0.5,0.5,14,0,68,0.53515625,0,,
B_static_14_sigma0_stride1,B,static_z0.5,0.5,14,0,69,0.54296875,0,,
B_static_14_sigma0_stride1,B,static_z0.5,0.5,14,0,70,0.55078125,0,,
B_static_14_sigma0_stride1,B,static_z0.5,0.5,14,0,71,0.55859375,0,,
B_static_14_sigma0_stride1,B,static_z0.5,0.5,14,0,72,0.56640625,0,,
B_static_14_sigma0_stride1,B,static_z0.5,0.5,14,0,73,0.57421875,0,,
B_static_14_sigma0_stride1,B,static_z0.5,0.5,14,0,74,0.58203125,0,,
B_static_14_sigma0_stride1,B,static_z0.5,0.5,14,0,75,0.58984375,0,,
B_static_14_sigma0_stride1,B,static_z0.5,0.5,14,0,76,0.59765625,0,,
B_static_14_sigma0_stride1,B,static_z0.5,0.5,14,0,77,0.60546875,0,,
B_static_14_sigma0_stride1,B,static_z0.5,0.5,14,0,78,0.61328125,0,,
B_static_14_sigma0_stride1,B,static_z0.5,0.5,14,0,79,0.62109375,0,,
B_static_14_sigma0_stride1,B,static_z0.5,0.5,14,0,80,0.62890625,0,,
B_static_14_sigma0_stride1,B,static_z0.5,0.5,14,0,81,0.63671875,0,,
B_static_14_sigma0_stride1,B,static_z0.5,0.5,14,0,82,0.64453125,0,,
B_static_14_sigma0_stride1,B,static_z0.5,0.5,14,0,83,0.65234375,0,,
B_static_14_sigma0_stride1,B,static_z0.5,0.5,14,0,84,0.66015625,0,,
B_static_14_sigma0_stride1,B,static_z0.5,0.5,14,0,85,0.66796875,0,,
B_static_14_sigma0_stride1,B,static_z0.5,0.5,14,0,86,0.67578125,0,,
B_static_14_sigma0_stride1,B,static_z0.5,0.5,14,0,87,0.68359375,0,,
B_static_14_sigma0_stride1,B,static_z0.5,0.5,14,0,88,0.69140625,0,,
B_static_14_sigma0_stride1,B,static_z0.5,0.5,14,0,89,0.69921875,0,,
B_static_14_sigma0_stride1,B,static_z0.5,0.5,14,0,90,0.70703125,0,,
B_static_14_sigma0_stride1,B,static_z0.5,0.5,14,0,91,0.71484375,0,,
B_static_14_sigma0_stride1,B,static_z0.5,0.5,14,0,92,0.72265625,0,,
B_static_14_sigma0_stride1,B,static_z0.5,0.5,14,0,93,0.73046875,0,,
B_static_14_sigma0_stride1,B,static_z0.5,0.5,14,0,94,0.73828125,0,,
B_static_14_sigma0_stride1,B,static_z0.5,0.5,14,0,95,0.74609375,0,,
B_static_14_sigma0_stride1,B,static_z0.5,0.5,14,0,96,0.75390625,0,,
B_static_14_sigma0_stride1,B,static_z0.5,0.5,14,0,97,0.76171875,0,,
B_static_14_sigma0_stride1,B,static_z0.5,0.5,14,0,98,0.76953125,0,,
B_static_14_sigma0_stride1,B,static_z0.5,0.5,14,0,99,0.77734375,0,,
B_static_14_sigma0_stride1,B,static_z0.5,0.5,14,0,100,0.78515625,0,,
B_static_14_sigma0_stride1,B,static_z0.5,0.5,14,0,101,0.79296875,0,,
B_static_14_sigma0_stride1,B,static_z0.5,0.5,14,0,102,0.80078125,0,,
B_static_14_sigma0_stride1,B,static_z0.5,0.5,14,0,103,0.80859375,0,,
B_static_14_sigma0_stride1,B,static_z0.5,0.5,14,0,104,0.81640625,0,,
B_static_14_sigma0_stride1,B,static_z0.5,0.5,14,0,105,0.82421875,0,,
B_static_14_sigma0_stride1,B,static_z0.5,0.5,14,0,106,0.83203125,0,,
B_static_14_sigma0_stride1,B,static_z0.5,0.5,14,0,107,0.83984375,0,,
B_static_14_sigma0_stride1,B,static_z0.5,0.5,14,0,108,0.84765625,0,,
B_static_14_sigma0_stride1,B,static_z0.5,0.5,14,0,109,0.85546875,0,,
B_static_14_sigma0_stride1,B,static_z0.5,0.5,14,0,110,0.86328125,0,,
B_static_14_sigma0_stride1,B,static_z0.5,0.5,14,0,111,0.87109375,0,,
B_static_14_sigma0_stride1,B,static_z0.5,0.5,14,0,112,0.87890625,0,,
B_static_14_sigma0_stride1,B,static_z0.5,0.5,14,0,113,0.88671875,0,,
B_static_14_sigma0_stride1,B,static_z0.5,0.5,14,0,114,0.89453125,0,,
B_static_14_sigma0_stride1,B,static_z0.5,0.5,14,0,115,0.90234375,0,,
B_static_14_sigma0_stride1,B,static_z0.5,0.5,14,0,116,0.91015625,0,,
B_static_14_sigma0_stride1,B,static_z0.5,0.5,14,0,117,0.91796875,0,,
B_static_14_sigma0_stride1,B,static_z0.5,0.5,14,0,118,0.92578125,0,,
B_static_14_sigma0_stride1,B,static_z0.5,0.5,14,0,119,0.93359375,0,,
B_static_14_sigma0_stride1,B,static_z0.5,0.5,14,0,120,0.94140625,0,,
B_static_14_sigma0_stride1,B,static_z0.5,0.5,14,0,121,0.94921875,0,,
B_static_14_sigma0_stride1,B,static_z0.5,0.5,14,0,122,0.95703125,0,,
B_static_14_sigma0_stride1,B,static_z0.5,0.5,14,0,123,0.96484375,0,,
B_static_14_sigma0_stride1,B,static_z0.5,0.5,14,0,124,0.97265625,0,,
B_static_14_sigma0_stride1,B,static_z0.5,0.5,14,0,125,0.98046875,0,,
B_static_14_sigma0_stride1,B,static_z0.5,0.5,14,0,126,0.98828125,0,,
B_static_14_sigma0_stride1,B,static_z0.5,0.5,14,0,127,0.99609375,0,,
B_static_14_sigma50_stride1,B,static_z0.5,0.5,14,0.05,0,0.00390625,0.0233207027342334,false,false
B_static_14_sigma50_stride1,B,static_z0.5,0.5,14,0.05,1,0.01171875,0.046977646583488,false,false
B_static_14_sigma50_stride1,B,static_z0.5,0.5,14,0.05,2,0.01953125,0.0449823258416599,false,false
B_static_14_sigma50_stride1,B,static_z0.5,0.5,14,0.05,3,0.02734375,0.0456843945870837,false,false
B_static_14_sigma50_stride1,B,static_z0.5,0.5,14,0.05,4,0.03515625,0.0173404967394644,false,false
B_static_14_sigma50_stride1,B,static_z0.5,0.5,14,0.05,5,0.04296875,0.0212571490890911,false,false
B_static_14_sigma50_stride1,B,static_z0.5,0.5,14,0.05,6,0.05078125,0.0143122874772259,false,false
B_static_14_sigma50_stride1,B,static_z0.5,0.5,14,0.05,7,0.05859375,0.0174748322180349,false,false
B_static_14_sigma50_stride1,B,static_z0.5,0.5,14,0.05,8,0.06640625,0.0178603630463376,false,false
B_static_14_sigma50_stride1,B,static_z0.5,0.5,14,0.05,9,0.07421875,0.0316907906803508,false,false
B_static_14_sigma50_stride1,B,static_z0.5,0.5,14,0.05,10,0.08203125,0.0374516466295122,false,false
B_static_14_sigma50_stride1,B,static_z0.5,0.5,14,0.05,11,0.08984375,0.0266931481680942,false,false
B_static_14_sigma50_stride1,B,static_z0.5,0.5,14,0.05,12,0.09765625,0.0241703310165512,false,false
B_static_14_sigma50_stride1,B,static_z0.5,0.5,14,0.05,13,0.10546875,0.0194523983204074,false,false
B_static_14_sigma50_stride1,B,static_z0.5,0.5,14,0.05,14,0.11328125,0.0251779567781692,false,false
B_static_14_sigma50_stride1,B,static_z0.5,0.5,14,0.05,15,0.12109375,0.0319790282131568,false,false
B_static_14_sigma50_stride1,B,static_z0.5,0.5,14,0.05,16,0.12890625,0.0326779312690098,false,false
B_static_14_sigma50_stride1,B,static_z0.5,0.5,14,0.05,17,0.13671875,0.0160528883239168,false,false
B_static_14_sigma50_stride1,B,static_z0.5,0.5,14,0.05,18,0.14453125,0.0275742674782149,false,false
B_static_14_sigma50_stride1,B,static_z0.5,0.5,14,0.05,19,0.15234375,0.0305523272237765,false,false
B_static_14_sigma50_stride1,B,static_z0.5,0.5,14,0.05,20,0.16015625,0.027543295735142,false,false
B_static_14_sigma50_stride1,B,static_z0.5,0.5,14,0.05,21,0.16796875,0.0323171580752505,false,false
B_static_14_sigma50_stride1,B,static_z0.5,0.5,14,0.05,22,0.17578125,0.0181088291872027,false,false
B_static_14_sigma50_stride1,B,static_z0.5,0.5,14,0.05,23,0.18359375,0.0175439163192001,false,false
B_static_14_sigma50_stride1,B,static_z0.5,0.5,14,0.05,24,0.19140625,0.0300479111867728,false,false
B_static_14_sigma50_stride1,B,static_z0.5,0.5,14,0.05,25,0.19921875,0.0263783403308336,false,false
B_static_14_sigma50_stride1,B,static_z0.5,0.5,14,0.05,26,0.20703125,0.0289258979762133,false,false
B_static_14_sigma50_stride1,B,static_z0.5,0.5,14,0.05,27,0.21484375,0.0273890654432269,false,false
B_static_14_sigma50_stride1,B,static_z0.5,0.5,14,0.05,28,0.22265625,0.0308274986402766,false,false
B_static_14_sigma50_stride1,B,static_z0.5,0.5,14,0.05,29,0.23046875,0.0273632407308497,false,false
B_static_14_sigma50_stride1,B,static_z0.5,0.5,14,0.05,30,0.23828125,0.0355881294933739,false,false
B_static_14_sigma50_stride1,B,static_z0.5,0.5,14,0.05,31,0.24609375,0.0281940191405829,false,false
B_static_14_sigma50_stride1,B,static_z0.5,0.5,14,0.05,32,0.25390625,0.0286331898888419,false,false
B_static_14_sigma50_stride1,B,static_z0.5,0.5,14,0.05,33,0.26171875,0.0205448076934295,false,false
B_static_14_sigma50_stride1,B,static_z0.5,0.5,14,0.05,34,0.26953125,0.0309715289969791,false,false
B_static_14_sigma50_stride1,B,static_z0.5,0.5,14,0.05,35,0.27734375,0.03034467075936,false,false
B_static_14_sigma50_stride1,B,static_z0.5,0.5,14,0.05,36,0.28515625,0.0464389405261772,false,false
B_static_14_sigma50_stride1,B,static_z0.5,0.5,14,0.05,37,0.29296875,0.0165605198451657,false,false
B_static_14_sigma50_stride1,B,static_z0.5,0.5,14,0.05,38,0.30078125,0.0318267597099423,false,false
B_static_14_sigma50_stride1,B,static_z0.5,0.5,14,0.05,39,0.30859375,0.0244312134951462,false,false
B_static_14_sigma50_stride1,B,static_z0.5,0.5,14,0.05,40,0.31640625,0.0206478760558694,false,false
B_static_14_sigma50_stride1,B,static_z0.5,0.5,14,0.05,41,0.32421875,0.0212801768967957,false,false
B_static_14_sigma50_stride1,B,static_z0.5,0.5,14,0.05,42,0.33203125,0.0345081839461417,false,false
B_static_14_sigma50_stride1,B,static_z0.5,0.5,14,0.05,43,0.33984375,0.0383965055021141,false,false
B_static_14_sigma50_stride1,B,static_z0.5,0.5,14,0.05,44,0.34765625,0.0380352971550682,false,false
B_static_14_sigma50_stride1,B,static_z0.5,0.5,14,0.05,45,0.35546875,0.0282433151091848,false,false
B_static_14_sigma50_stride1,B,static_z0.5,0.5,14,0.05,46,0.36328125,0.0360410781298426,false,false
B_static_14_sigma50_stride1,B,static_z0.5,0.5,14,0.05,47,0.37109375,0.0257011761014278,false,false
B_static_14_sigma50_stride1,B,static_z0.5,0.5,14,0.05,48,0.37890625,0.0302674709637887,false,false
B_static_14_sigma50_stride1,B,static_z0.5,0.5,14,0.05,49,0.38671875,0.0263271762395481,false,false
B_static_14_sigma50_stride1,B,static_z0.5,0.5,14,0.05,50,0.39453125,0.0188837319388923,false,false
B_static_14_sigma50_stride1,B,static_z0.5,0.5,14,0.05,51,0.40234375,0.0199848793045732,false,false
B_static_14_sigma50_stride1,B,static_z0.5,0.5,14,0.05,52,0.41015625,0.0393804163190683,false,false
B_static_14_sigma50_stride1,B,static_z0.5,0.5,14,0.05,53,0.41796875,0.0516933110866564,false,false
B_static_14_sigma50_stride1,B,static_z0.5,0.5,14,0.05,54,0.42578125,0.0379351808831922,false,false
B_static_14_sigma50_stride1,B,static_z0.5,0.5,14,0.05,55,0.43359375,0.0351036163089883,false,false
B_static_14_sigma50_stride1,B,static_z0.5,0.5,14,0.05,56,0.44140625,0.0297773105554431,false,false
B_static_14_sigma50_stride1,B,static_z0.5,0.5,14,0.05,57,0.44921875,0.0279723654201786,false,false
B_static_14_sigma50_stride1,B,static_z0.5,0.5,14,0.05,58,0.45703125,0.0285086001974042,false,false
B_static_14_sigma50_stride1,B,static_z0.5,0.5,14,0.05,59,0.46484375,0.0173690514462908,false,false
B_static_14_sigma50_stride1,B,static_z0.5,0.5,14,0.05,60,0.47265625,0.0173347344511594,false,false
B_static_14_sigma50_stride1,B,static_z0.5,0.5,14,0.05,61,0.48046875,0.0275817813602329,false,false
B_static_14_sigma50_stride1,B,static_z0.5,0.5,14,0.05,62,0.48828125,0.0326104823671569,false,false
B_static_14_sigma50_stride1,B,static_z0.5,0.5,14,0.05,63,0.49609375,0.0361716545323944,false,false
B_static_14_sigma50_stride1,B,static_z0.5,0.5,14,0.05,64,0.50390625,0.0248497847155359,false,false
B_static_14_sigma50_stride1,B,static_z0.5,0.5,14,0.05,65,0.51171875,0.0211143173845075,false,false
B_static_14_sigma50_stride1,B,static_z0.5,0.5,14,0.05,66,0.51953125,0.0367719882444898,false,false
B_static_14_sigma50_stride1,B,static_z0.5,0.5,14,0.05,67,0.52734375,0.0240210751637576,false,false
B_static_14_sigma50_stride1,B,static_z0.5,0.5,14,0.05,68,0.53515625,0.0181432743088092,false,false
B_static_14_sigma50_stride1,B,static_z0.5,0.5,14,0.05,69,0.54296875,0.027668459363955,false,false
B_static_14_sigma50_stride1,B,static_z0.5,0.5,14,0.05,70,0.55078125,0.0288157569617891,false,false
B_static_14_sigma50_stride1,B,static_z0.5,0.5,14,0.05,71,0.55859375,0.0256901807324186,false,false
B_static_14_sigma50_stride1,B,static_z0.5,0.5,14,0.05,72,0.56640625,0.044436806238624,false,false
B_static_14_sigma50_stride1,B,static_z0.5,0.5,14,0.05,73,0.57421875,0.0290820070518416,false,false
B_static_14_sigma50_stride1,B,static_z0.5,0.5,14,0.05,74,0.58203125,0.0166035414502144,false,false
B_static_14_sigma50_stride1,B,static_z0.5,0.5,14,0.05,75,0.58984375,0.0212426764683893,false,false
B_static_14_sigma50_stride1,B,static_z0.5,0.5,14,0.05,76,0.59765625,0.0242493103897877,false,false
B_static_14_sigma50_stride1,B,static_z0.5,0.5,14,0.05,77,0.60546875,0.0314633122534898,false,false
B_static_14_sigma50_stride1,B,static_z0.5,0.5,14,0.05,78,0.61328125,0.0220426500053341,false,false
B_static_14_sigma50_stride1,B,static_z0.5,0.5,14,0.05,79,0.62109375,0.0344247254338492,false,false
B_static_14_sigma50_stride1,B,static_z0.5,0.5,14,0.05,80,0.62890625,0.0398317766169921,false,false
B_static_14_sigma50_stride1,B,static_z0.5,0.5,14,0.05,81,0.63671875,0.0209002476062082,false,false
B_static_14_sigma50_stride1,B,static_z0.5,0.5,14,0.05,82,0.64453125,0.0288414095613218,false,false
B_static_14_sigma50_stride1,B,static_z0.5,0.5,14,0.05,83,0.65234375,0.0279908750439491,false,false
B_static_14_sigma50_stride1,B,static_z0.5,0.5,14,0.05,84,0.66015625,0.0404394620794155,false,false
B_static_14_sigma50_stride1,B,static_z0.5,0.5,14,0.05,85,0.66796875,0.0347810148615268,false,false
B_static_14_sigma50_stride1,B,static_z0.5,0.5,14,0.05,86,0.67578125,0.0405127293049835,false,false
B_static_14_sigma50_stride1,B,static_z0.5,0.5,14,0.05,87,0.68359375,0.0318313017927079,false,false
B_static_14_sigma50_stride1,B,static_z0.5,0.5,14,0.05,88,0.69140625,0.0323106636092586,false,false
B_static_14_sigma50_stride1,B,static_z0.5,0.5,14,0.05,89,0.69921875,0.0484693303478962,false,false
B_static_14_sigma50_stride1,B,static_z0.5,0.5,14,0.05,90,0.70703125,0.0484693303478962,false,false
B_static_14_sigma50_stride1,B,static_z0.5,0.5,14,0.05,91,0.71484375,0.0274308236161382,false,false
B_static_14_sigma50_stride1,B,static_z0.5,0.5,14,0.05,92,0.72265625,0.080172003679897,true,true
B_static_14_sigma50_stride1,B,static_z0.5,0.5,14,0.05,93,0.73046875,0.0549859810981214,true,false
B_static_14_sigma50_stride1,B,static_z0.5,0.5,14,0.05,94,0.73828125,0.0259559763959295,false,false
B_static_14_sigma50_stride1,B,static_z0.5,0.5,14,0.05,95,0.74609375,0.050140015200812,false,false
B_static_14_sigma50_stride1,B,static_z0.5,0.5,14,0.05,96,0.75390625,0.022183044414655,false,false
B_static_14_sigma50_stride1,B,static_z0.5,0.5,14,0.05,97,0.76171875,0.0375465995949607,false,false
B_static_14_sigma50_stride1,B,static_z0.5,0.5,14,0.05,98,0.76953125,0.0435150588759491,false,false
B_static_14_sigma50_stride1,B,static_z0.5,0.5,14,0.05,99,0.77734375,0.036219998650295,false,false
B_static_14_sigma50_stride1,B,static_z0.5,0.5,14,0.05,100,0.78515625,0.0269849872921893,false,false
B_static_14_sigma50_stride1,B,static_z0.5,0.5,14,0.05,101,0.79296875,0.0378448451210589,false,false
B_static_14_sigma50_stride1,B,static_z0.5,0.5,14,0.05,102,0.80078125,0.038014438524262,false,false
B_static_14_sigma50_stride1,B,static_z0.5,0.5,14,0.05,103,0.80859375,0.0322707321850156,false,false
B_static_14_sigma50_stride1,B,static_z0.5,0.5,14,0.05,104,0.81640625,0.0285283692308323,false,false
B_static_14_sigma50_stride1,B,static_z0.5,0.5,14,0.05,105,0.82421875,0.0476769478177085,false,false
B_static_14_sigma50_stride1,B,static_z0.5,0.5,14,0.05,106,0.83203125,0.0288063615568908,false,false
B_static_14_sigma50_stride1,B,static_z0.5,0.5,14,0.05,107,0.83984375,0.0175509282233882,false,false
B_static_14_sigma50_stride1,B,static_z0.5,0.5,14,0.05,108,0.84765625,0.0226638284234141,false,false
B_static_14_sigma50_stride1,B,static_z0.5,0.5,14,0.05,109,0.85546875,0.0219598112759512,false,false
B_static_14_sigma50_stride1,B,static_z0.5,0.5,14,0.05,110,0.86328125,0.0298191244966433,false,false
B_static_14_sigma50_stride1,B,static_z0.5,0.5,14,0.05,111,0.87109375,0.0283301101056318,false,false
B_static_14_sigma50_stride1,B,static_z0.5,0.5,14,0.05,112,0.87890625,0.0411075086873086,false,false
B_static_14_sigma50_stride1,B,static_z0.5,0.5,14,0.05,113,0.88671875,0.0227171367873466,false,false
B_static_14_sigma50_stride1,B,static_z0.5,0.5,14,0.05,114,0.89453125,0.0385382196234612,false,false
B_static_14_sigma50_stride1,B,static_z0.5,0.5,14,0.05,115,0.90234375,0.0395214257903811,false,false
B_static_14_sigma50_stride1,B,static_z0.5,0.5,14,0.05,116,0.91015625,0.0212199230256938,false,false
B_static_14_sigma50_stride1,B,static_z0.5,0.5,14,0.05,117,0.91796875,0.0295493041321911,false,false
B_static_14_sigma50_stride1,B,static_z0.5,0.5,14,0.05,118,0.92578125,0.0342115702219005,false,false
B_static_14_sigma50_stride1,B,static_z0.5,0.5,14,0.05,119,0.93359375,0.041728764131704,false,false
B_static_14_sigma50_stride1,B,static_z0.5,0.5,14,0.05,120,0.94140625,0.0257410872634621,false,false
B_static_14_sigma50_stride1,B,static_z0.5,0.5,14,0.05,121,0.94921875,0.0261157187421487,false,false
B_static_14_sigma50_stride1,B,static_z0.5,0.5,14,0.05,122,0.95703125,0.0540224205927437,true,false
B_static_14_sigma50_stride1,B,static_z0.5,0.5,14,0.05,123,0.96484375,0.0306769191110038,false,false
B_static_14_sigma50_stride1,B,static_z0.5,0.5,14,0.05,124,0.97265625,0.0317436502237155,false,false
B_static_14_sigma50_stride1,B,static_z0.5,0.5,14,0.05,125,0.98046875,0.0308254690584772,false,false
B_static_14_sigma50_stride1,B,static_z0.5,0.5,14,0.05,126,0.98828125,0.023817639440558,false,false
B_static_14_sigma50_stride1,B,static_z0.5,0.5,14,0.05,127,0.99609375,0.0308581705702341,false,false
B_static_14_sigma100_stride1,B,static_z0.5,0.5,14,0.1,0,0.00390625,0.071555166124525,,false
B_static_14_sigma100_stride1,B,static_z0.5,0.5,14,0.1,1,0.01171875,0.0573419353153237,,false
B_static_14_sigma100_stride1,B,static_z0.5,0.5,14,0.1,2,0.01953125,0.0539872498302752,,false
B_static_14_sigma100_stride1,B,static_z0.5,0.5,14,0.1,3,0.02734375,0.0670900576807276,,false
B_static_14_sigma100_stride1,B,static_z0.5,0.5,14,0.1,4,0.03515625,0.061309957501276,,false
B_static_14_sigma100_stride1,B,static_z0.5,0.5,14,0.1,5,0.04296875,0.042036701835727,,false
B_static_14_sigma100_stride1,B,static_z0.5,0.5,14,0.1,6,0.05078125,0.0550138376674083,,false
B_static_14_sigma100_stride1,B,static_z0.5,0.5,14,0.1,7,0.05859375,0.0550138376674083,,false
B_static_14_sigma100_stride1,B,static_z0.5,0.5,14,0.1,8,0.06640625,0.0804689741329978,,false
B_static_14_sigma100_stride1,B,static_z0.5,0.5,14,0.1,9,0.07421875,0.0701129110809594,,false
B_static_14_sigma100_stride1,B,static_z0.5,0.5,14,0.1,10,0.08203125,0.0472753833196697,,false
B_static_14_sigma100_stride1,B,static_z0.5,0.5,14,0.1,11,0.08984375,0.049759488882127,,false
B_static_14_sigma100_stride1,B,static_z0.5,0.5,14,0.1,12,0.09765625,0.0650147315998637,,false
B_static_14_sigma100_stride1,B,static_z0.5,0.5,14,0.1,13,0.10546875,0.122522262876199,,true
B_static_14_sigma100_stride1,B,static_z0.5,0.5,14,0.1,14,0.11328125,0.0644549925163522,,false
B_static_14_sigma100_stride1,B,static_z0.5,0.5,14,0.1,15,0.12109375,0.0637868810526561,,false
B_static_14_sigma100_stride1,B,static_z0.5,0.5,14,0.1,16,0.12890625,0.0542805565124793,,false
B_static_14_sigma100_stride1,B,static_z0.5,0.5,14,0.1,17,0.13671875,0.0681945445100808,,false
B_static_14_sigma100_stride1,B,static_z0.5,0.5,14,0.1,18,0.14453125,0.0757757349782558,,false
B_static_14_sigma100_stride1,B,static_z0.5,0.5,14,0.1,19,0.15234375,0.0385296529126609,,false
B_static_14_sigma100_stride1,B,static_z0.5,0.5,14,0.1,20,0.16015625,0.0682018497124199,,false
B_static_14_sigma100_stride1,B,static_z0.5,0.5,14,0.1,21,0.16796875,0.0520948872173065,,false
B_static_14_sigma100_stride1,B,static_z0.5,0.5,14,0.1,22,0.17578125,0.0474092032006701,,false
B_static_14_sigma100_stride1,B,static_z0.5,0.5,14,0.1,23,0.18359375,0.0546513246315251,,false
B_static_14_sigma100_stride1,B,static_z0.5,0.5,14,0.1,24,0.19140625,0.0622375221951915,,false
B_static_14_sigma100_stride1,B,static_z0.5,0.5,14,0.1,25,0.19921875,0.0551057266969852,,false
B_static_14_sigma100_stride1,B,static_z0.5,0.5,14,0.1,26,0.20703125,0.0370159682412503,,false
B_static_14_sigma100_stride1,B,static_z0.5,0.5,14,0.1,27,0.21484375,0.0456454518313608,,false
B_static_14_sigma100_stride1,B,static_z0.5,0.5,14,0.1,28,0.22265625,0.0626779193994813,,false
B_static_14_sigma100_stride1,B,static_z0.5,0.5,14,0.1,29,0.23046875,0.0560552506423677,,false
B_static_14_sigma100_stride1,B,static_z0.5,0.5,14,0.1,30,0.23828125,0.049271953474702,,false
B_static_14_sigma100_stride1,B,static_z0.5,0.5,14,0.1,31,0.24609375,0.0828087014941971,,false
B_static_14_sigma100_stride1,B,static_z0.5,0.5,14,0.1,32,0.25390625,0.106624954647031,,true
B_static_14_sigma100_stride1,B,static_z0.5,0.5,14,0.1,33,0.26171875,0.107938090439012,,true
B_static_14_sigma100_stride1,B,static_z0.5,0.5,14,0.1,34,0.26953125,0.0313863966219763,,false
B_static_14_sigma100_stride1,B,static_z0.5,0.5,14,0.1,35,0.27734375,0.0387877461608528,,false
B_static_14_sigma100_stride1,B,static_z0.5,0.5,14,0.1,36,0.28515625,0.0331912060549024,,false
B_static_14_sigma100_stride1,B,static_z0.5,0.5,14,0.1,37,0.29296875,0.0410099239919697,,false
B_static_14_sigma100_stride1,B,static_z0.5,0.5,14,0.1,38,0.30078125,0.0632590414478018,,false
B_static_14_sigma100_stride1,B,static_z0.5,0.5,14,0.1,39,0.30859375,0.0504604348490185,,false
B_static_14_sigma100_stride1,B,static_z0.5,0.5,14,0.1,40,0.31640625,0.0391050257371799,,false
B_static_14_sigma100_stride1,B,static_z0.5,0.5,14,0.1,41,0.32421875,0.0871583350077097,,false
B_static_14_sigma100_stride1,B,static_z0.5,0.5,14,0.1,42,0.33203125,0.0887478512301431,,false
B_static_14_sigma100_stride1,B,static_z0.5,0.5,14,0.1,43,0.33984375,0.0595671648005592,,false
B_static_14_sigma100_stride1,B,static_z0.5,0.5,14,0.1,44,0.34765625,0.0590775635141157,,false
B_static_14_sigma100_stride1,B,static_z0.5,0.5,14,0.1,45,0.35546875,0.0600056448417551,,false
B_static_14_sigma100_stride1,B,static_z0.5,0.5,14,0.1,46,0.36328125,0.0392175514624672,,false
B_static_14_sigma100_stride1,B,static_z0.5,0.5,14,0.1,47,0.37109375,0.0497939043877298,,false
B_static_14_sigma100_stride1,B,static_z0.5,0.5,14,0.1,48,0.37890625,0.0653294839343067,,false
B_static_14_sigma100_stride1,B,static_z0.5,0.5,14,0.1,49,0.38671875,0.0544775889999966,,false
B_static_14_sigma100_stride1,B,static_z0.5,0.5,14,0.1,50,0.39453125,0.0350297063485855,,false
B_static_14_sigma100_stride1,B,static_z0.5,0.5,14,0.1,51,0.40234375,0.0486790895121287,,false
B_static_14_sigma100_stride1,B,static_z0.5,0.5,14,0.1,52,0.41015625,0.0667913329762967,,false
B_static_14_sigma100_stride1,B,static_z0.5,0.5,14,0.1,53,0.41796875,0.0445060991318241,,false
B_static_14_sigma100_stride1,B,static_z0.5,0.5,14,0.1,54,0.42578125,0.0548921212659028,,false
B_static_14_sigma100_stride1,B,static_z0.5,0.5,14,0.1,55,0.43359375,0.0694916355006859,,false
B_static_14_sigma100_stride1,B,static_z0.5,0.5,14,0.1,56,0.44140625,0.0663574823521467,,false
B_static_14_sigma100_stride1,B,static_z0.5,0.5,14,0.1,57,0.44921875,0.0716901817975543,,false
B_static_14_sigma100_stride1,B,static_z0.5,0.5,14,0.1,58,0.45703125,0.0426775348035676,,false
B_static_14_sigma100_stride1,B,static_z0.5,0.5,14,0.1,59,0.46484375,0.0403882559720533,,false
B_static_14_sigma100_stride1,B,static_z0.5,0.5,14,0.1,60,0.47265625,0.0459409726822181,,false
B_static_14_sigma100_stride1,B,static_z0.5,0.5,14,0.1,61,0.48046875,0.0471435054105178,,false
B_static_14_sigma100_stride1,B,static_z0.5,0.5,14,0.1,62,0.48828125,0.078155191925905,,false
B_static_14_sigma100_stride1,B,static_z0.5,0.5,14,0.1,63,0.49609375,0.0765340428540878,,false
B_static_14_sigma100_stride1,B,static_z0.5,0.5,14,0.1,64,0.50390625,0.0732130872274777,,false
B_static_14_sigma100_stride1,B,static_z0.5,0.5,14,0.1,65,0.51171875,0.0541435943643386,,false
B_static_14_sigma100_stride1,B,static_z0.5,0.5,14,0.1,66,0.51953125,0.11602046321211,,true
B_static_14_sigma100_stride1,B,static_z0.5,0.5,14,0.1,67,0.52734375,0.0892947103984928,,false
B_static_14_sigma100_stride1,B,static_z0.5,0.5,14,0.1,68,0.53515625,0.0606025347692821,,false
B_static_14_sigma100_stride1,B,static_z0.5,0.5,14,0.1,69,0.54296875,0.0487990768653523,,false
B_static_14_sigma100_stride1,B,static_z0.5,0.5,14,0.1,70,0.55078125,0.0587935457620168,,false
B_static_14_sigma100_stride1,B,static_z0.5,0.5,14,0.1,71,0.55859375,0.0587935457620168,,false
B_static_14_sigma100_stride1,B,static_z0.5,0.5,14,0.1,72,0.56640625,0.088498789182252,,false
B_static_14_sigma100_stride1,B,static_z0.5,0.5,14,0.1,73,0.57421875,0.0652281171102544,,false
B_static_14_sigma100_stride1,B,static_z0.5,0.5,14,0.1,74,0.58203125,0.0368995631117145,,false
B_static_14_sigma100_stride1,B,static_z0.5,0.5,14,0.1,75,0.58984375,0.0837922905859034,,false
B_static_14_sigma100_stride1,B,static_z0.5,0.5,14,0.1,76,0.59765625,0.0677594805322446,,false
B_static_14_sigma100_stride1,B,static_z0.5,0.5,14,0.1,77,0.60546875,0.0441167362156874,,false
B_static_14_sigma100_stride1,B,static_z0.5,0.5,14,0.1,78,0.61328125,0.0305343220526589,,false
B_static_14_sigma100_stride1,B,static_z0.5,0.5,14,0.1,79,0.62109375,0.0808078847286294,,false
B_static_14_sigma100_stride1,B,static_z0.5,0.5,14,0.1,80,0.62890625,0.0788930291818567,,false
B_static_14_sigma100_stride1,B,static_z0.5,0.5,14,0.1,81,0.63671875,0.0744472354393835,,false
B_static_14_sigma100_stride1,B,static_z0.5,0.5,14,0.1,82,0.64453125,0.0708188157322984,,false
B_static_14_sigma100_stride1,B,static_z0.5,0.5,14,0.1,83,0.65234375,0.164322252283428,,true
B_static_14_sigma100_stride1,B,static_z0.5,0.5,14,0.1,84,0.66015625,0.0848740842947158,,false
B_static_14_sigma100_stride1,B,static_z0.5,0.5,14,0.1,85,0.66796875,0.0685973955347799,,false
B_static_14_sigma100_stride1,B,static_z0.5,0.5,14,0.1,86,0.67578125,0.0554978522698453,,false
B_static_14_sigma100_stride1,B,static_z0.5,0.5,14,0.1,87,0.68359375,0.0389336611030897,,false
B_static_14_sigma100_stride1,B,static_z0.5,0.5,14,0.1,88,0.69140625,0.0731372952518746,,false
B_static_14_sigma100_stride1,B,static_z0.5,0.5,14,0.1,89,0.69921875,0.0731372952518746,,false
B_static_14_sigma100_stride1,B,static_z0.5,0.5,14,0.1,90,0.70703125,0.0634796570022425,,false
B_static_14_sigma100_stride1,B,static_z0.5,0.5,14,0.1,91,0.71484375,0.0715214599806592,,false
B_static_14_sigma100_stride1,B,static_z0.5,0.5,14,0.1,92,0.72265625,0.0510458873311441,,false
B_static_14_sigma100_stride1,B,static_z0.5,0.5,14,0.1,93,0.73046875,0.083779944552177,,false
B_static_14_sigma100_stride1,B,static_z0.5,0.5,14,0.1,94,0.73828125,0.0881197300231372,,false
B_static_14_sigma100_stride1,B,static_z0.5,0.5,14,0.1,95,0.74609375,0.0458556245227658,,false
B_static_14_sigma100_stride1,B,static_z0.5,0.5,14,0.1,96,0.75390625,0.0670101273294558,,false
B_static_14_sigma100_stride1,B,static_z0.5,0.5,14,0.1,97,0.76171875,0.14893773839532,,true
B_static_14_sigma100_stride1,B,static_z0.5,0.5,14,0.1,98,0.76953125,0.0699835180873683,,false
B_static_14_sigma100_stride1,B,static_z0.5,0.5,14,0.1,99,0.77734375,0.0803051599808233,,false
B_static_14_sigma100_stride1,B,static_z0.5,0.5,14,0.1,100,0.78515625,0.0572670955860855,,false
B_static_14_sigma100_stride1,B,static_z0.5,0.5,14,0.1,101,0.79296875,0.0961332430446283,,false
B_static_14_sigma100_stride1,B,static_z0.5,0.5,14,0.1,102,0.80078125,0.124206011657124,,true
B_static_14_sigma100_stride1,B,static_z0.5,0.5,14,0.1,103,0.80859375,0.0787313185724585,,false
B_static_14_sigma100_stride1,B,static_z0.5,0.5,14,0.1,104,0.81640625,0.0679973055869961,,false
B_static_14_sigma100_stride1,B,static_z0.5,0.5,14,0.1,105,0.82421875,0.0912580485796194,,false
B_static_14_sigma100_stride1,B,static_z0.5,0.5,14,0.1,106,0.83203125,0.0481652737450798,,false
B_static_14_sigma100_stride1,B,static_z0.5,0.5,14,0.1,107,0.83984375,0.0684967574365719,,false
B_static_14_sigma100_stride1,B,static_z0.5,0.5,14,0.1,108,0.84765625,0.0498209004841051,,false
B_static_14_sigma100_stride1,B,static_z0.5,0.5,14,0.1,109,0.85546875,0.0699780707663712,,false
B_static_14_sigma100_stride1,B,static_z0.5,0.5,14,0.1,110,0.86328125,0.0547874518965648,,false
B_static_14_sigma100_stride1,B,static_z0.5,0.5,14,0.1,111,0.87109375,0.0639406374551764,,false
B_static_14_sigma100_stride1,B,static_z0.5,0.5,14,0.1,112,0.87890625,0.0809929954959691,,false
B_static_14_sigma100_stride1,B,static_z0.5,0.5,14,0.1,113,0.88671875,0.0494184031380085,,false
B_static_14_sigma100_stride1,B,static_z0.5,0.5,14,0.1,114,0.89453125,0.0452286491485426,,false
B_static_14_sigma100_stride1,B,static_z0.5,0.5,14,0.1,115,0.90234375,0.0422641221479498,,false
B_static_14_sigma100_stride1,B,static_z0.5,0.5,14,0.1,116,0.91015625,0.054444780377166,,false
B_static_14_sigma100_stride1,B,static_z0.5,0.5,14,0.1,117,0.91796875,0.05049269908222,,false
B_static_14_sigma100_stride1,B,static_z0.5,0.5,14,0.1,118,0.92578125,0.0656497132461115,,false
B_static_14_sigma100_stride1,B,static_z0.5,0.5,14,0.1,119,0.93359375,0.0762807033443204,,false
B_static_14_sigma100_stride1,B,static_z0.5,0.5,14,0.1,120,0.94140625,0.0653516523661586,,false
B_static_14_sigma100_stride1,B,static_z0.5,0.5,14,0.1,121,0.94921875,0.0653444134409061,,false
B_static_14_sigma100_stride1,B,static_z0.5,0.5,14,0.1,122,0.95703125,0.0549218674901901,,false
B_static_14_sigma100_stride1,B,static_z0.5,0.5,14,0.1,123,0.96484375,0.0857995103354511,,false
B_static_14_sigma100_stride1,B,static_z0.5,0.5,14,0.1,124,0.97265625,0.113340136083604,,true
B_static_14_sigma100_stride1,B,static_z0.5,0.5,14,0.1,125,0.98046875,0.10968087109619,,true
B_static_14_sigma100_stride1,B,static_z0.5,0.5,14,0.1,126,0.98828125,0.075230795893079,,false
B_static_14_sigma100_stride1,B,static_z0.5,0.5,14,0.1,127,0.99609375,0.0560426706057224,,false
B_snapshot_z1.0_14_sigma0_stride1,B,snapshot_z1.0,1,14,0,0,0.00390625,0,,
B_snapshot_z1.0_14_sigma0_stride1,B,snapshot_z1.0,1,14,0,1,0.01171875,0,,
B_snapshot_z1.0_14_sigma0_stride1,B,snapshot_z1.0,1,14,0,2,0.01953125,0,,
B_snapshot_z1.0_14_sigma0_stride1,B,snapshot_z1.0,1,14,0,3,0.02734375,0,,
B_snapshot_z1.0_14_sigma0_stride1,B,snapshot_z1.0,1,14,0,4,0.03515625,0,,
B_snapshot_z1.0_14_sigma0_stride1,B,snapshot_z1.0,1,14,0,5,0.04296875,0,,
B_snapshot_z1.0_14_sigma0_stride1,B,snapshot_z1.0,1,14,0,6,0.05078125,0,,
B_snapshot_z1.0_14_sigma0_stride1,B,snapshot_z1.0,1,14,0,7,0.05859375,0,,
B_snapshot_z1.0_14_sigma0_stride1,B,snapshot_z1.0,1,14,0,8,0.06640625,0,,
B_snapshot_z1.0_14_sigma0_stride1,B,snapshot_z1.0,1,14,0,9,0.07421875,0,,
B_snapshot_z1.0_14_sigma0_stride1,B,snapshot_z1.0,1,14,0,10,0.08203125,0,,
B_snapshot_z1.0_14_sigma0_stride1,B,snapshot_z1.0,1,14,0,11,0.08984375,0,,
B_snapshot_z1.0_14_sigma0_stride1,B,snapshot_z1.0,1,14,0,12,0.09765625,0,,
B_snapshot_z1.0_14_sigma0_stride1,B,snapshot_z1.0,1,14,0,13,0.10546875,0,,
B_snapshot_z1.0_14_sigma0_stride1,B,snapshot_z1.0,1,14,0,14,0.11328125,0,,
B_snapshot_z1.0_14_sigma0_stride1,B,snapshot_z1.0,1,14,0,15,0.12109375,0,,
B_snapshot_z1.0_14_sigma0_stride1,B,snapshot_z1.0,1,14,0,16,0.12890625,0,,
B_snapshot_z1.0_14_sigma0_stride1,B,snapshot_z1.0,1,14,0,17,0.13671875,0,,
B_snapshot_z1.0_14_sigma0_stride1,B,snapshot_z1.0,1,14,0,18,0.14453125,0,,
B_snapshot_z1.0_14_sigma0_stride1,B,snapshot_z1.0,1,14,0,19,0.15234375,0,,
B_snapshot_z1.0_14_sigma0_stride1,B,snapshot_z1.0,1,14,0,20,0.16015625,0,,
B_snapshot_z1.0_14_sigma0_stride1,B,snapshot_z1.0,1,14,0,21,0.16796875,0,,
B_snapshot_z1.0_14_sigma0_stride1,B,snapshot_z1.0,1,14,0,22,0.17578125,0,,
B_snapshot_z1.0_14_sigma0_stride1,B,snapshot_z1.0,1,14,0,23,0.18359375,0,,
B_snapshot_z1.0_14_sigma0_stride1,B,snapshot_z1.0,1,14,0,24,0.19140625,0,,
B_snapshot_z1.0_14_sigma0_stride1,B,snapshot_z1.0,1,14,0,25,0.19921875,0,,
B_snapshot_z1.0_14_sigma0_stride1,B,snapshot_z1.0,1,14,0,26,0.20703125,0,,
B_snapshot_z1.0_14_sigma0_stride1,B,snapshot_z1.0,1,14,0,27,0.21484375,0,,
B_snapshot_z1.0_14_sigma0_stride1,B,snapshot_z1.0,1,14,0,28,0.22265625,0,,
B_snapshot_z1.0_14_sigma0_stride1,B,snapshot_z1.0,1,14,0,29,0.23046875,0,,
B_snapshot_z1.0_14_sigma0_stride1,B,snapshot_z1.0,1,14,0,30,0.23828125,0,,
B_snapshot_z1.0_14_sigma0_stride1,B,snapshot_z1.0,1,14,0,31,0.24609375,0,,
B_snapshot_z1.0_14_sigma0_stride1,B,snapshot_z1.0,1,14,0,32,0.25390625,0,,
B_snapshot_z1.0_14_sigma0_stride1,B,snapshot_z1.0,1,14,0,33,0.26171875,0,,
B_snapshot_z1.0_14_sigma0_stride1,B,snapshot_z1.0,1,14,0,34,0.26953125,0,,
B_snapshot_z1.0_14_sigma0_stride1,B,snapshot_z1.0,1,14,0,35,0.27734375,0,,
B_snapshot_z1.0_14_sigma0_stride1,B,snapshot_z1.0,1,14,0,36,0.28515625,0,,
B_snapshot_z1.0_14_sigma0_stride1,B,snapshot_z1.0,1,14,0,37,0.29296875,0,,
B_snapshot_z1.0_14_sigma0_stride1,B,snapshot_z1.0,1,14,0,38,0.30078125,0,,
B_snapshot_z1.0_14_sigma0_stride1,B,snapshot_z1.0,1,14,0,39,0.30859375,0,,
B_snapshot_z1.0_14_sigma0_stride1,B,snapshot_z1.0,1,14,0,40,0.31640625,0,,
B_snapshot_z1.0_14_sigma0_stride1,B,snapshot_z1.0,1,14,0,41,0.32421875,0,,
B_snapshot_z1.0_14_sigma0_stride1,B,snapshot_z1.0,1,14,0,42,0.33203125,0,,
B_snapshot_z1.0_14_sigma0_stride1,B,snapshot_z1.0,1,14,0,43,0.33984375,0,,
B_snapshot_z1.0_14_sigma0_stride1,B,snapshot_z1.0,1,14,0,44,0.34765625,0,,
B_snapshot_z1.0_14_sigma0_stride1,B,snapshot_z1.0,1,14,0,45,0.35546875,0,,
B_snapshot_z1.0_14_sigma0_stride1,B,snapshot_z1.0,1,14,0,46,0.36328125,0,,
B_snapshot_z1.0_14_sigma0_stride1,B,snapshot_z1.0,1,14,0,47,0.37109375,0,,
B_snapshot_z1.0_14_sigma0_stride1,B,snapshot_z1.0,1,14,0,48,0.37890625,0,,
B_snapshot_z1.0_14_sigma0_stride1,B,snapshot_z1.0,1,14,0,49,0.38671875,0,,
B_snapshot_z1.0_14_sigma0_stride1,B,snapshot_z1.0,1,14,0,50,0.39453125,0,,
B_snapshot_z1.0_14_sigma0_stride1,B,snapshot_z1.0,1,14,0,51,0.40234375,0,,
B_snapshot_z1.0_14_sigma0_stride1,B,snapshot_z1.0,1,14,0,52,0.41015625,0,,
B_snapshot_z1.0_14_sigma0_stride1,B,snapshot_z1.0,1,14,0,53,0.41796875,0,,
B_snapshot_z1.0_14_sigma0_stride1,B,snapshot_z1.0,1,14,0,54,0.42578125,0,,
B_snapshot_z1.0_14_sigma0_stride1,B,snapshot_z1.0,1,14,0,55,0.43359375,0,,
B_snapshot_z1.0_14_sigma0_stride1,B,snapshot_z1.0,1,14,0,56,0.44140625,0,,
B_snapshot_z1.0_14_sigma0_stride1,B,snapshot_z1.0,1,14,0,57,0.44921875,0,,
B_snapshot_z1.0_14_sigma0_stride1,B,snapshot_z1.0,1,14,0,58,0.45703125,0,,
B_snapshot_z1.0_14_sigma0_stride1,B,snapshot_z1.0,1,14,0,59,0.46484375,0,,
B_snapshot_z1.0_14_sigma0_stride1,B,snapshot_z1.0,1,14,0,60,0.47265625,0,,
B_snapshot_z1.0_14_sigma0_stride1,B,snapshot_z1.0,1,14,0,61,0.48046875,0,,
B_snapshot_z1.0_14_sigma0_stride1,B,snapshot_z1.0,1,14,0,62,0.48828125,0,,
B_snapshot_z1.0_14_sigma0_stride1,B,snapshot_z1.0,1,14,0,63,0.49609375,0,,
B_snapshot_z1.0_14_sigma0_stride1,B,snapshot_z1.0,1,14,0,64,0.50390625,0,,
B_snapshot_z1.0_14_sigma0_stride1,B,snapshot_z1.0,1,14,0,65,0.51171875,0,,
B_snapshot_z1.0_14_sigma0_stride1,B,snapshot_z1.0,1,14,0,66,0.51953125,0,,
B_snapshot_z1.0_14_sigma0_stride1,B,snapshot_z1.0,1,14,0,67,0.52734375,0,,
B_snapshot_z1.0_14_sigma0_stride1,B,snapshot_z1.0,1,14,0,68,0.53515625,0,,
B_snapshot_z1.0_14_sigma0_stride1,B,snapshot_z1.0,1,14,0,69,0.54296875,0,,
B_snapshot_z1.0_14_sigma0_stride1,B,snapshot_z1.0,1,14,0,70,0.55078125,0,,
B_snapshot_z1.0_14_sigma0_stride1,B,snapshot_z1.0,1,14,0,71,0.55859375,0,,
B_snapshot_z1.0_14_sigma0_stride1,B,snapshot_z1.0,1,14,0,72,0.56640625,0,,
B_snapshot_z1.0_14_sigma0_stride1,B,snapshot_z1.0,1,14,0,73,0.57421875,0,,
B_snapshot_z1.0_14_sigma0_stride1,B,snapshot_z1.0,1,14,0,74,0.58203125,0,,
B_snapshot_z1.0_14_sigma0_stride1,B,snapshot_z1.0,1,14,0,75,0.58984375,0,,
B_snapshot_z1.0_14_sigma0_stride1,B,snapshot_z1.0,1,14,0,76,0.59765625,0,,
B_snapshot_z1.0_14_sigma0_stride1,B,snapshot_z1.0,1,14,0,77,0.60546875,0,,
B_snapshot_z1.0_14_sigma0_stride1,B,snapshot_z1.0,1,14,0,78,0.61328125,0,,
B_snapshot_z1.0_14_sigma0_stride1,B,snapshot_z1.0,1,14,0,79,0.62109375,0,,
B_snapshot_z1.0_14_sigma0_stride1,B,snapshot_z1.0,1,14,0,80,0.62890625,0,,
B_snapshot_z1.0_14_sigma0_stride1,B,snapshot_z1.0,1,14,0,81,0.63671875,0,,
B_snapshot_z1.0_14_sigma0_stride1,B,snapshot_z1.0,1,14,0,82,0.64453125,0,,
B_snapshot_z1.0_14_sigma0_stride1,B,snapshot_z1.0,1,14,0,83,0.65234375,0,,
B_snapshot_z1.0_14_sigma0_stride1,B,snapshot_z1.0,1,14,0,84,0.66015625,0,,
B_snapshot_z1.0_14_sigma0_stride1,B,snapshot_z1.0,1,14,0,85,0.66796875,0,,
B_snapshot_z1.0_14_sigma0_stride1,B,snapshot_z1.0,1,14,0,86,0.67578125,0,,
B_snapshot_z1.0_14_sigma0_stride1,B,snapshot_z1.0,1,14,0,87,0.68359375,0,,
B_snapshot_z1.0_14_sigma0_stride1,B,snapshot_z1.0,1,14,0,88,0.69140625,0,,
B_snapshot_z1.0_14_sigma0_stride1,B,snapshot_z1.0,1,14,0,89,0.69921875,0,,
B_snapshot_z1.0_14_sigma0_stride1,B,snapshot_z1.0,1,14,0,90,0.70703125,0,,
B_snapshot_z1.0_14_sigma0_stride1,B,snapshot_z1.0,1,14,0,91,0.71484375,0,,
B_snapshot_z1.0_14_sigma0_stride1,B,snapshot_z1.0,1,14,0,92,0.72265625,0,,
B_snapshot_z1.0_14_sigma0_stride1,B,snapshot_z1.0,1,14,0,93,0.73046875,0,,
B_snapshot_z1.0_14_sigma0_stride1,B,snapshot_z1.0,1,14,0,94,0.73828125,0,,
B_snapshot_z1.0_14_sigma0_stride1,B,snapshot_z1.0,1,14,0,95,0.74609375,0,,
B_snapshot_z1.0_14_sigma0_stride1,B,snapshot_z1.0,1,14,0,96,0.75390625,0,,
B_snapshot_z1.0_14_sigma0_stride1,B,snapshot_z1.0,1,14,0,97,0.76171875,0,,
B_snapshot_z1.0_14_sigma0_stride1,B,snapshot_z1.0,1,14,0,98,0.76953125,0,,
B_snapshot_z1.0_14_sigma0_stride1,B,snapshot_z1.0,1,14,0,99,0.77734375,0,,
B_snapshot_z1.0_14_sigma0_stride1,B,snapshot_z1.0,1,14,0,100,0.78515625,0,,
B_snapshot_z1.0_14_sigma0_stride1,B,snapshot_z1.0,1,14,0,101,0.79296875,0,,
B_snapshot_z1.0_14_sigma0_stride1,B,snapshot_z1.0,1,14,0,102,0.80078125,0,,
B_snapshot_z1.0_14_sigma0_stride1,B,snapshot_z1.0,1,14,0,103,0.80859375,0,,
B_snapshot_z1.0_14_sigma0_stride1,B,snapshot_z1.0,1,14,0,104,0.81640625,0,,
B_snapshot_z1.0_14_sigma0_stride1,B,snapshot_z1.0,1,14,0,105,0.82421875,0,,
B_snapshot_z1.0_14_sigma0_stride1,B,snapshot_z1.0,1,14,0,106,0.83203125,0,,
B_snapshot_z1.0_14_sigma0_stride1,B,snapshot_z1.0,1,14,0,107,0.83984375,0,,
B_snapshot_z1.0_14_sigma0_stride1,B,snapshot_z1.0,1,14,0,108,0.84765625,0,,
B_snapshot_z1.0_14_sigma0_stride1,B,snapshot_z1.0,1,14,0,109,0.85546875,0,,
B_snapshot_z1.0_14_sigma0_stride1,B,snapshot_z1.0,1,14,0,110,0.86328125,0,,
B_snapshot_z1.0_14_sigma0_stride1,B,snapshot_z1.0,1,14,0,111,0.87109375,0,,
B_snapshot_z1.0_14_sigma0_stride1,B,snapshot_z1.0,1,14,0,112,0.87890625,0,,
B_snapshot_z1.0_14_sigma0_stride1,B,snapshot_z1.0,1,14,0,113,0.88671875,0,,
B_snapshot_z1.0_14_sigma0_stride1,B,snapshot_z1.0,1,14,0,114,0.89453125,0,,
B_snapshot_z1.0_14_sigma0_stride1,B,snapshot_z1.0,1,14,0,115,0.90234375,0,,
B_snapshot_z1.0_14_sigma0_stride1,B,snapshot_z1.0,1,14,0,116,0.91015625,0,,
B_snapshot_z1.0_14_sigma0_stride1,B,snapshot_z1.0,1,14,0,117,0.91796875,0,,
B_snapshot_z1.0_14_sigma0_stride1,B,snapshot_z1.0,1,14,0,118,0.92578125,0,,
B_snapshot_z1.0_14_sigma0_stride1,B,snapshot_z1.0,1,14,0,119,0.93359375,0,,
B_snapshot_z1.0_14_sigma0_stride1,B,snapshot_z1.0,1,14,0,120,0.94140625,0,,
B_snapshot_z1.0_14_sigma0_stride1,B,snapshot_z1.0,1,14,0,121,0.94921875,0,,
B_snapshot_z1.0_14_sigma0_stride1,B,snapshot_z1.0,1,14,0,122,0.95703125,0,,
B_snapshot_z1.0_14_sigma0_stride1,B,snapshot_z1.0,1,14,0,123,0.96484375,0,,
B_snapshot_z1.0_14_sigma0_stride1,B,snapshot_z1.0,1,14,0,124,0.97265625,0,,
B_snapshot_z1.0_14_sigma0_stride1,B,snapshot_z1.0,1,14,0,125,0.98046875,0,,
B_snapshot_z1.0_14_sigma0_stride1,B,snapshot_z1.0,1,14,0,126,0.98828125,0,,
B_snapshot_z1.0_14_sigma0_stride1,B,snapshot_z1.0,1,14,0,127,0.99609375,0,,
B_snapshot_z2.0_14_sigma0_stride1,B,snapshot_z2.0,2,14,0,0,0.00390625,0,,
B_snapshot_z2.0_14_sigma0_stride1,B,snapshot_z2.0,2,14,0,1,0.01171875,0,,
B_snapshot_z2.0_14_sigma0_stride1,B,snapshot_z2.0,2,14,0,2,0.01953125,0,,
B_snapshot_z2.0_14_sigma0_stride1,B,snapshot_z2.0,2,14,0,3,0.02734375,0,,
B_snapshot_z2.0_14_sigma0_stride1,B,snapshot_z2.0,2,14,0,4,0.03515625,0,,
B_snapshot_z2.0_14_sigma0_stride1,B,snapshot_z2.0,2,14,0,5,0.04296875,0,,
B_snapshot_z2.0_14_sigma0_stride1,B,snapshot_z2.0,2,14,0,6,0.05078125,0,,
B_snapshot_z2.0_14_sigma0_stride1,B,snapshot_z2.0,2,14,0,7,0.05859375,0,,
B_snapshot_z2.0_14_sigma0_stride1,B,snapshot_z2.0,2,14,0,8,0.06640625,0,,
B_snapshot_z2.0_14_sigma0_stride1,B,snapshot_z2.0,2,14,0,9,0.07421875,0,,
B_snapshot_z2.0_14_sigma0_stride1,B,snapshot_z2.0,2,14,0,10,0.08203125,0,,
B_snapshot_z2.0_14_sigma0_stride1,B,snapshot_z2.0,2,14,0,11,0.08984375,0,,
B_snapshot_z2.0_14_sigma0_stride1,B,snapshot_z2.0,2,14,0,12,0.09765625,0,,
B_snapshot_z2.0_14_sigma0_stride1,B,snapshot_z2.0,2,14,0,13,0.10546875,0,,
B_snapshot_z2.0_14_sigma0_stride1,B,snapshot_z2.0,2,14,0,14,0.11328125,0,,
B_snapshot_z2.0_14_sigma0_stride1,B,snapshot_z2.0,2,14,0,15,0.12109375,0,,
B_snapshot_z2.0_14_sigma0_stride1,B,snapshot_z2.0,2,14,0,16,0.12890625,0,,
B_snapshot_z2.0_14_sigma0_stride1,B,snapshot_z2.0,2,14,0,17,0.13671875,0,,
B_snapshot_z2.0_14_sigma0_stride1,B,snapshot_z2.0,2,14,0,18,0.14453125,0,,
B_snapshot_z2.0_14_sigma0_stride1,B,snapshot_z2.0,2,14,0,19,0.15234375,0,,
B_snapshot_z2.0_14_sigma0_stride1,B,snapshot_z2.0,2,14,0,20,0.16015625,0,,
B_snapshot_z2.0_14_sigma0_stride1,B,snapshot_z2.0,2,14,0,21,0.16796875,0,,
B_snapshot_z2.0_14_sigma0_stride1,B,snapshot_z2.0,2,14,0,22,0.17578125,0,,
B_snapshot_z2.0_14_sigma0_stride1,B,snapshot_z2.0,2,14,0,23,0.18359375,0,,
B_snapshot_z2.0_14_sigma0_stride1,B,snapshot_z2.0,2,14,0,24,0.19140625,0,,
B_snapshot_z2.0_14_sigma0_stride1,B,snapshot_z2.0,2,14,0,25,0.19921875,0,,
B_snapshot_z2.0_14_sigma0_stride1,B,snapshot_z2.0,2,14,0,26,0.20703125,0,,
B_snapshot_z2.0_14_sigma0_stride1,B,snapshot_z2.0,2,14,0,27,0.21484375,0,,
B_snapshot_z2.0_14_sigma0_stride1,B,snapshot_z2.0,2,14,0,28,0.22265625,0,,
B_snapshot_z2.0_14_sigma0_stride1,B,snapshot_z2.0,2,14,0,29,0.23046875,0,,
B_snapshot_z2.0_14_sigma0_stride1,B,snapshot_z2.0,2,14,0,30,0.23828125,0,,
B_snapshot_z2.0_14_sigma0_stride1,B,snapshot_z2.0,2,14,0,31,0.24609375,0,,
B_snapshot_z2.0_14_sigma0_stride1,B,snapshot_z2.0,2,14,0,32,0.25390625,0,,
B_snapshot_z2.0_14_sigma0_stride1,B,snapshot_z2.0,2,14,0,33,0.26171875,0,,
B_snapshot_z2.0_14_sigma0_stride1,B,snapshot_z2.0,2,14,0,34,0.26953125,0,,
B_snapshot_z2.0_14_sigma0_stride1,B,snapshot_z2.0,2,14,0,35,0.27734375,0,,
B_snapshot_z2.0_14_sigma0_stride1,B,snapshot_z2.0,2,14,0,36,0.28515625,0,,
B_snapshot_z2.0_14_sigma0_stride1,B,snapshot_z2.0,2,14,0,37,0.29296875,0,,
B_snapshot_z2.0_14_sigma0_stride1,B,snapshot_z2.0,2,14,0,38,0.30078125,0,,
B_snapshot_z2.0_14_sigma0_stride1,B,snapshot_z2.0,2,14,0,39,0.30859375,0,,
B_snapshot_z2.0_14_sigma0_stride1,B,snapshot_z2.0,2,14,0,40,0.31640625,0,,
B_snapshot_z2.0_14_sigma0_stride1,B,snapshot_z2.0,2,14,0,41,0.32421875,0,,
B_snapshot_z2.0_14_sigma0_stride1,B,snapshot_z2.0,2,14,0,42,0.33203125,0,,
B_snapshot_z2.0_14_sigma0_stride1,B,snapshot_z2.0,2,14,0,43,0.33984375,0,,
B_snapshot_z2.0_14_sigma0_stride1,B,snapshot_z2.0,2,14,0,44,0.34765625,0,,
B_snapshot_z2.0_14_sigma0_stride1,B,snapshot_z2.0,2,14,0,45,0.35546875,0,,
B_snapshot_z2.0_14_sigma0_stride1,B,snapshot_z2.0,2,14,0,46,0.36328125,0,,
B_snapshot_z2.0_14_sigma0_stride1,B,snapshot_z2.0,2,14,0,47,0.37109375,0,,
B_snapshot_z2.0_14_sigma0_stride1,B,snapshot_z2.0,2,14,0,48,0.37890625,0,,
B_snapshot_z2.0_14_sigma0_stride1,B,snapshot_z2.0,2,14,0,49,0.38671875,0,,
B_snapshot_z2.0_14_sigma0_stride1,B,snapshot_z2.0,2,14,0,50,0.39453125,0,,
B_snapshot_z2.0_14_sigma0_stride1,B,snapshot_z2.0,2,14,0,51,0.40234375,0,,
B_snapshot_z2.0_14_sigma0_stride1,B,snapshot_z2.0,2,14,0,52,0.41015625,0,,
B_snapshot_z2.0_14_sigma0_stride1,B,snapshot_z2.0,2,14,0,53,0.41796875,0,,
B_snapshot_z2.0_14_sigma0_stride1,B,snapshot_z2.0,2,14,0,54,0.42578125,0,,
B_snapshot_z2.0_14_sigma0_stride1,B,snapshot_z2.0,2,14,0,55,0.43359375,0,,
B_snapshot_z2.0_14_sigma0_stride1,B,snapshot_z2.0,2,14,0,56,0.44140625,0,,
B_snapshot_z2.0_14_sigma0_stride1,B,snapshot_z2.0,2,14,0,57,0.44921875,0,,
B_snapshot_z2.0_14_sigma0_stride1,B,snapshot_z2.0,2,14,0,58,0.45703125,0,,
B_snapshot_z2.0_14_sigma0_stride1,B,snapshot_z2.0,2,14,0,59,0.46484375,0,,
B_snapshot_z2.0_14_sigma0_stride1,B,snapshot_z2.0,2,14,0,60,0.47265625,0,,
B_snapshot_z2.0_14_sigma0_stride1,B,snapshot_z2.0,2,14,0,61,0.48046875,0,,
B_snapshot_z2.0_14_sigma0_stride1,B,snapshot_z2.0,2,14,0,62,0.48828125,0,,
B_snapshot_z2.0_14_sigma0_stride1,B,snapshot_z2.0,2,14,0,63,0.49609375,0,,
B_snapshot_z2.0_14_sigma0_stride1,B,snapshot_z2.0,2,14,0,64,0.50390625,0,,
B_snapshot_z2.0_14_sigma0_stride1,B,snapshot_z2.0,2,14,0,65,0.51171875,0,,
B_snapshot_z2.0_14_sigma0_stride1,B,snapshot_z2.0,2,14,0,66,0.51953125,0,,
B_snapshot_z2.0_14_sigma0_stride1,B,snapshot_z2.0,2,14,0,67,0.52734375,0,,
B_snapshot_z2.0_14_sigma0_stride1,B,snapshot_z2.0,2,14,0,68,0.53515625,0,,
B_snapshot_z2.0_14_sigma0_stride1,B,snapshot_z2.0,2,14,0,69,0.54296875,0,,
B_snapshot_z2.0_14_sigma0_stride1,B,snapshot_z2.0,2,14,0,70,0.55078125,0,,
B_snapshot_z2.0_14_sigma0_stride1,B,snapshot_z2.0,2,14,0,71,0.55859375,0,,
B_snapshot_z2.0_14_sigma0_stride1,B,snapshot_z2.0,2,14,0,72,0.56640625,0,,
B_snapshot_z2.0_14_sigma0_stride1,B,snapshot_z2.0,2,14,0,73,0.57421875,0,,
B_snapshot_z2.0_14_sigma0_stride1,B,snapshot_z2.0,2,14,0,74,0.58203125,0,,
B_snapshot_z2.0_14_sigma0_stride1,B,snapshot_z2.0,2,14,0,75,0.58984375,0,,
B_snapshot_z2.0_14_sigma0_stride1,B,snapshot_z2.0,2,14,0,76,0.59765625,0,,
B_snapshot_z2.0_14_sigma0_stride1,B,snapshot_z2.0,2,14,0,77,0.60546875,0,,
B_snapshot_z2.0_14_sigma0_stride1,B,snapshot_z2.0,2,14,0,78,0.61328125,0,,
B_snapshot_z2.0_14_sigma0_stride1,B,snapshot_z2.0,2,14,0,79,0.62109375,0,,
B_snapshot_z2.0_14_sigma0_stride1,B,snapshot_z2.0,2,14,0,80,0.62890625,0,,
B_snapshot_z2.0_14_sigma0_stride1,B,snapshot_z2.0,2,14,0,81,0.63671875,0,,
B_snapshot_z2.0_14_sigma0_stride1,B,snapshot_z2.0,2,14,0,82,0.64453125,0,,
B_snapshot_z2.0_14_sigma0_stride1,B,snapshot_z2.0,2,14,0,83,0.65234375,0,,
B_snapshot_z2.0_14_sigma0_stride1,B,snapshot_z2.0,2,14,0,84,0.66015625,0,,
B_snapshot_z2.0_14_sigma0_stride1,B,snapshot_z2.0,2,14,0,85,0.66796875,0,,
B_snapshot_z2.0_14_sigma0_stride1,B,snapshot_z2.0,2,14,0,86,0.67578125,0,,
B_snapshot_z2.0_14_sigma0_stride1,B,snapshot_z2.0,2,14,0,87,0.68359375,0,,
B_snapshot_z2.0_14_sigma0_stride1,B,snapshot_z2.0,2,14,0,88,0.69140625,0,,
B_snapshot_z2.0_14_sigma0_stride1,B,snapshot_z2.0,2,14,0,89,0.69921875,0,,
B_snapshot_z2.0_14_sigma0_stride1,B,snapshot_z2.0,2,14,0,90,0.70703125,0,,
B_snapshot_z2.0_14_sigma0_stride1,B,snapshot_z2.0,2,14,0,91,0.71484375,0,,
B_snapshot_z2.0_14_sigma0_stride1,B,snapshot_z2.0,2,14,0,92,0.72265625,0,,
B_snapshot_z2.0_14_sigma0_stride1,B,snapshot_z2.0,2,14,0,93,0.73046875,0,,
B_snapshot_z2.0_14_sigma0_stride1,B,snapshot_z2.0,2,14,0,94,0.73828125,0,,
B_snapshot_z2.0_14_sigma0_stride1,B,snapshot_z2.0,2,14,0,95,0.74609375,0,,
B_snapshot_z2.0_14_sigma0_stride1,B,snapshot_z2.0,2,14,0,96,0.75390625,0,,
B_snapshot_z2.0_14_sigma0_stride1,B,snapshot_z2.0,2,14,0,97,0.76171875,0,,
B_snapshot_z2.0_14_sigma0_stride1,B,snapshot_z2.0,2,14,0,98,0.76953125,0,,
B_snapshot_z2.0_14_sigma0_stride1,B,snapshot_z2.0,2,14,0,99,0.77734375,0,,
B_snapshot_z2.0_14_sigma0_stride1,B,snapshot_z2.0,2,14,0,100,0.78515625,0,,
B_snapshot_z2.0_14_sigma0_stride1,B,snapshot_z2.0,2,14,0,101,0.79296875,0,,
B_snapshot_z2.0_14_sigma0_stride1,B,snapshot_z2.0,2,14,0,102,0.80078125,0,,
B_snapshot_z2.0_14_sigma0_stride1,B,snapshot_z2.0,2,14,0,103,0.80859375,0,,
B_snapshot_z2.0_14_sigma0_stride1,B,snapshot_z2.0,2,14,0,104,0.81640625,0,,
B_snapshot_z2.0_14_sigma0_stride1,B,snapshot_z2.0,2,14,0,105,0.82421875,0,,
B_snapshot_z2.0_14_sigma0_stride1,B,snapshot_z2.0,2,14,0,106,0.83203125,0,,
B_snapshot_z2.0_14_sigma0_stride1,B,snapshot_z2.0,2,14,0,107,0.83984375,0,,
B_snapshot_z2.0_14_sigma0_stride1,B,snapshot_z2.0,2,14,0,108,0.84765625,0,,
B_snapshot_z2.0_14_sigma0_stride1,B,snapshot_z2.0,2,14,0,109,0.85546875,0,,
B_snapshot_z2.0_14_sigma0_stride1,B,snapshot_z2.0,2,14,0,110,0.86328125,0,,
B_snapshot_z2.0_14_sigma0_stride1,B,snapshot_z2.0,2,14,0,111,0.87109375,0,,
B_snapshot_z2.0_14_sigma0_stride1,B,snapshot_z2.0,2,14,0,112,0.87890625,0,,
B_snapshot_z2.0_14_sigma0_stride1,B,snapshot_z2.0,2,14,0,113,0.88671875,0,,
B_snapshot_z2.0_14_sigma0_stride1,B,snapshot_z2.0,2,14,0,114,0.89453125,0,,
B_snapshot_z2.0_14_sigma0_stride1,B,snapshot_z2.0,2,14,0,115,0.90234375,0,,
B_snapshot_z2.0_14_sigma0_stride1,B,snapshot_z2.0,2,14,0,116,0.91015625,0,,
B_snapshot_z2.0_14_sigma0_stride1,B,snapshot_z2.0,2,14,0,117,0.91796875,0,,
B_snapshot_z2.0_14_sigma0_stride1,B,snapshot_z2.0,2,14,0,118,0.92578125,0,,
B_snapshot_z2.0_14_sigma0_stride1,B,snapshot_z2.0,2,14,0,119,0.93359375,0,,
B_snapshot_z2.0_14_sigma0_stride1,B,snapshot_z2.0,2,14,0,120,0.94140625,0,,
B_snapshot_z2.0_14_sigma0_stride1,B,snapshot_z2.0,2,14,0,121,0.94921875,0,,
B_snapshot_z2.0_14_sigma0_stride1,B,snapshot_z2.0,2,14,0,122,0.95703125,0,,
B_snapshot_z2.0_14_sigma0_stride1,B,snapshot_z2.0,2,14,0,123,0.96484375,0,,
B_snapshot_z2.0_14_sigma0_stride1,B,snapshot_z2.0,2,14,0,124,0.97265625,0,,
B_snapshot_z2.0_14_sigma0_stride1,B,snapshot_z2.0,2,14,0,125,0.98046875,0,,
B_snapshot_z2.0_14_sigma0_stride1,B,snapshot_z2.0,2,14,0,126,0.98828125,0,,
B_snapshot_z2.0_14_sigma0_stride1,B,snapshot_z2.0,2,14,0,127,0.99609375,0,,
B_snapshot_z1.0_14_sigma50_stride1,B,snapshot_z1.0,1,14,0.05,0,0.00390625,0.0536063173837902,false,false
B_snapshot_z1.0_14_sigma50_stride1,B,snapshot_z1.0,1,14,0.05,1,0.01171875,0.0438501851239785,false,false
B_snapshot_z1.0_14_sigma50_stride1,B,snapshot_z1.0,1,14,0.05,2,0.01953125,0.0530840137637814,false,false
B_snapshot_z1.0_14_sigma50_stride1,B,snapshot_z1.0,1,14,0.05,3,0.02734375,0.0535622941110695,false,false
B_snapshot_z1.0_14_sigma50_stride1,B,snapshot_z1.0,1,14,0.05,4,0.03515625,0.025990031139947,false,false
B_snapshot_z1.0_14_sigma50_stride1,B,snapshot_z1.0,1,14,0.05,5,0.04296875,0.0301399254052022,false,false
B_snapshot_z1.0_14_sigma50_stride1,B,snapshot_z1.0,1,14,0.05,6,0.05078125,0.0345241580299889,false,false
B_snapshot_z1.0_14_sigma50_stride1,B,snapshot_z1.0,1,14,0.05,7,0.05859375,0.0228759125337769,false,false
B_snapshot_z1.0_14_sigma50_stride1,B,snapshot_z1.0,1,14,0.05,8,0.06640625,0.0507169379494525,false,false
B_snapshot_z1.0_14_sigma50_stride1,B,snapshot_z1.0,1,14,0.05,9,0.07421875,0.0360985752804398,false,false
B_snapshot_z1.0_14_sigma50_stride1,B,snapshot_z1.0,1,14,0.05,10,0.08203125,0.032084368647569,false,false
B_snapshot_z1.0_14_sigma50_stride1,B,snapshot_z1.0,1,14,0.05,11,0.08984375,0.0303457246601771,false,false
B_snapshot_z1.0_14_sigma50_stride1,B,snapshot_z1.0,1,14,0.05,12,0.09765625,0.0216602268108053,false,false
B_snapshot_z1.0_14_sigma50_stride1,B,snapshot_z1.0,1,14,0.05,13,0.10546875,0.021862447922076,false,false
B_snapshot_z1.0_14_sigma50_stride1,B,snapshot_z1.0,1,14,0.05,14,0.11328125,0.0484263046615518,false,false
B_snapshot_z1.0_14_sigma50_stride1,B,snapshot_z1.0,1,14,0.05,15,0.12109375,0.0257377490622452,false,false
B_snapshot_z1.0_14_sigma50_stride1,B,snapshot_z1.0,1,14,0.05,16,0.12890625,0.0540672918381339,true,false
B_snapshot_z1.0_14_sigma50_stride1,B,snapshot_z1.0,1,14,0.05,17,0.13671875,0.0311657786663847,false,false
B_snapshot_z1.0_14_sigma50_stride1,B,snapshot_z1.0,1,14,0.05,18,0.14453125,0.0298557020122153,false,false
B_snapshot_z1.0_14_sigma50_stride1,B,snapshot_z1.0,1,14,0.05,19,0.15234375,0.0280611666156027,false,false
B_snapshot_z1.0_14_sigma50_stride1,B,snapshot_z1.0,1,14,0.05,20,0.16015625,0.0340299117357314,false,false
B_snapshot_z1.0_14_sigma50_stride1,B,snapshot_z1.0,1,14,0.05,21,0.16796875,0.0340299117357314,false,false
B_snapshot_z1.0_14_sigma50_stride1,B,snapshot_z1.0,1,14,0.05,22,0.17578125,0.0219024952100288,false,false
B_snapshot_z1.0_14_sigma50_stride1,B,snapshot_z1.0,1,14,0.05,23,0.18359375,0.0338394949096832,false,false
B_snapshot_z1.0_14_sigma50_stride1,B,snapshot_z1.0,1,14,0.05,24,0.19140625,0.0228618962686336,false,false
B_snapshot_z1.0_14_sigma50_stride1,B,snapshot_z1.0,1,14,0.05,25,0.19921875,0.029815428583427,false,false
B_snapshot_z1.0_14_sigma50_stride1,B,snapshot_z1.0,1,14,0.05,26,0.20703125,0.0367496290138897,false,false
B_snapshot_z1.0_14_sigma50_stride1,B,snapshot_z1.0,1,14,0.05,27,0.21484375,0.0352244223841502,false,false
B_snapshot_z1.0_14_sigma50_stride1,B,snapshot_z1.0,1,14,0.05,28,0.22265625,0.0492189006254936,false,false
B_snapshot_z1.0_14_sigma50_stride1,B,snapshot_z1.0,1,14,0.05,29,0.23046875,0.0331453449469082,false,false
B_snapshot_z1.0_14_sigma50_stride1,B,snapshot_z1.0,1,14,0.05,30,0.23828125,0.0308453313365049,false,false
B_snapshot_z1.0_14_sigma50_stride1,B,snapshot_z1.0,1,14,0.05,31,0.24609375,0.0308453313365049,false,false
B_snapshot_z1.0_14_sigma50_stride1,B,snapshot_z1.0,1,14,0.05,32,0.25390625,0.0268167154417636,false,false
B_snapshot_z1.0_14_sigma50_stride1,B,snapshot_z1.0,1,14,0.05,33,0.26171875,0.028211089969305,false,false
B_snapshot_z1.0_14_sigma50_stride1,B,snapshot_z1.0,1,14,0.05,34,0.26953125,0.0522921960773062,false,false
B_snapshot_z1.0_14_sigma50_stride1,B,snapshot_z1.0,1,14,0.05,35,0.27734375,0.0431802850383047,false,false
B_snapshot_z1.0_14_sigma50_stride1,B,snapshot_z1.0,1,14,0.05,36,0.28515625,0.0322486336671557,false,false
B_snapshot_z1.0_14_sigma50_stride1,B,snapshot_z1.0,1,14,0.05,37,0.29296875,0.0532795038149281,false,false
B_snapshot_z1.0_14_sigma50_stride1,B,snapshot_z1.0,1,14,0.05,38,0.30078125,0.046818143534291,false,false
B_snapshot_z1.0_14_sigma50_stride1,B,snapshot_z1.0,1,14,0.05,39,0.30859375,0.0559845577230333,true,false
B_snapshot_z1.0_14_sigma50_stride1,B,snapshot_z1.0,1,14,0.05,40,0.31640625,0.0305784593250051,false,false
B_snapshot_z1.0_14_sigma50_stride1,B,snapshot_z1.0,1,14,0.05,41,0.32421875,0.037624948479958,false,false
B_snapshot_z1.0_14_sigma50_stride1,B,snapshot_z1.0,1,14,0.05,42,0.33203125,0.0338747476651174,false,false
B_snapshot_z1.0_14_sigma50_stride1,B,snapshot_z1.0,1,14,0.05,43,0.33984375,0.0263295884087197,false,false
B_snapshot_z1.0_14_sigma50_stride1,B,snapshot_z1.0,1,14,0.05,44,0.34765625,0.0624296431166747,true,true
B_snapshot_z1.0_14_sigma50_stride1,B,snapshot_z1.0,1,14,0.05,45,0.35546875,0.0410409754398604,false,false
B_snapshot_z1.0_14_sigma50_stride1,B,snapshot_z1.0,1,14,0.05,46,0.36328125,0.0545852512247055,true,false
B_snapshot_z1.0_14_sigma50_stride1,B,snapshot_z1.0,1,14,0.05,47,0.37109375,0.0162138493469319,false,false
B_snapshot_z1.0_14_sigma50_stride1,B,snapshot_z1.0,1,14,0.05,48,0.37890625,0.0258870998414511,false,false
B_snapshot_z1.0_14_sigma50_stride1,B,snapshot_z1.0,1,14,0.05,49,0.38671875,0.0952017162357283,true,true
B_snapshot_z1.0_14_sigma50_stride1,B,snapshot_z1.0,1,14,0.05,50,0.39453125,0.0952017162357283,true,true
B_snapshot_z1.0_14_sigma50_stride1,B,snapshot_z1.0,1,14,0.05,51,0.40234375,0.0515559716098228,false,false
B_snapshot_z1.0_14_sigma50_stride1,B,snapshot_z1.0,1,14,0.05,52,0.41015625,0.0625782026573435,true,true
B_snapshot_z1.0_14_sigma50_stride1,B,snapshot_z1.0,1,14,0.05,53,0.41796875,0.0271818670623921,false,false
B_snapshot_z1.0_14_sigma50_stride1,B,snapshot_z1.0,1,14,0.05,54,0.42578125,0.0224563080846699,false,false
B_snapshot_z1.0_14_sigma50_stride1,B,snapshot_z1.0,1,14,0.05,55,0.43359375,0.0313392746134449,false,false
B_snapshot_z1.0_14_sigma50_stride1,B,snapshot_z1.0,1,14,0.05,56,0.44140625,0.0289668989480895,false,false
B_snapshot_z1.0_14_sigma50_stride1,B,snapshot_z1.0,1,14,0.05,57,0.44921875,0.0424332318238509,false,false
B_snapshot_z1.0_14_sigma50_stride1,B,snapshot_z1.0,1,14,0.05,58,0.45703125,0.0404911717602393,false,false
B_snapshot_z1.0_14_sigma50_stride1,B,snapshot_z1.0,1,14,0.05,59,0.46484375,0.0282261459028208,false,false
B_snapshot_z1.0_14_sigma50_stride1,B,snapshot_z1.0,1,14,0.05,60,0.47265625,0.0235073417554935,false,false
B_snapshot_z1.0_14_sigma50_stride1,B,snapshot_z1.0,1,14,0.05,61,0.48046875,0.0352437525501042,false,false
B_snapshot_z1.0_14_sigma50_stride1,B,snapshot_z1.0,1,14,0.05,62,0.48828125,0.0446382380099314,false,false
B_snapshot_z1.0_14_sigma50_stride1,B,snapshot_z1.0,1,14,0.05,63,0.49609375,0.0446382380099314,false,false
B_snapshot_z1.0_14_sigma50_stride1,B,snapshot_z1.0,1,14,0.05,64,0.50390625,0.0375911256459823,false,false
B_snapshot_z1.0_14_sigma50_stride1,B,snapshot_z1.0,1,14,0.05,65,0.51171875,0.0343892034518897,false,false
B_snapshot_z1.0_14_sigma50_stride1,B,snapshot_z1.0,1,14,0.05,66,0.51953125,0.0523367446310882,false,false
B_snapshot_z1.0_14_sigma50_stride1,B,snapshot_z1.0,1,14,0.05,67,0.52734375,0.0512176540519556,false,false
B_snapshot_z1.0_14_sigma50_stride1,B,snapshot_z1.0,1,14,0.05,68,0.53515625,0.0433498944386715,false,false
B_snapshot_z1.0_14_sigma50_stride1,B,snapshot_z1.0,1,14,0.05,69,0.54296875,0.0374698954032138,false,false
B_snapshot_z1.0_14_sigma50_stride1,B,snapshot_z1.0,1,14,0.05,70,0.55078125,0.0344635642178891,false,false
B_snapshot_z1.0_14_sigma50_stride1,B,snapshot_z1.0,1,14,0.05,71,0.55859375,0.0269517995666639,false,false
B_snapshot_z1.0_14_sigma50_stride1,B,snapshot_z1.0,1,14,0.05,72,0.56640625,0.0206357167326595,false,false
B_snapshot_z1.0_14_sigma50_stride1,B,snapshot_z1.0,1,14,0.05,73,0.57421875,0.0294741674342751,false,false
B_snapshot_z1.0_14_sigma50_stride1,B,snapshot_z1.0,1,14,0.05,74,0.58203125,0.0372362664030941,false,false
B_snapshot_z1.0_14_sigma50_stride1,B,snapshot_z1.0,1,14,0.05,75,0.58984375,0.0457769397075014,false,false
B_snapshot_z1.0_14_sigma50_stride1,B,snapshot_z1.0,1,14,0.05,76,0.59765625,0.0505145726378188,false,false
B_snapshot_z1.0_14_sigma50_stride1,B,snapshot_z1.0,1,14,0.05,77,0.60546875,0.0445378513541169,false,false
B_snapshot_z1.0_14_sigma50_stride1,B,snapshot_z1.0,1,14,0.05,78,0.61328125,0.0503577239206254,false,false
B_snapshot_z1.0_14_sigma50_stride1,B,snapshot_z1.0,1,14,0.05,79,0.62109375,0.041434089366372,false,false
B_snapshot_z1.0_14_sigma50_stride1,B,snapshot_z1.0,1,14,0.05,80,0.62890625,0.0221087479834368,false,false
B_snapshot_z1.0_14_sigma50_stride1,B,snapshot_z1.0,1,14,0.05,81,0.63671875,0.0815384480408308,true,true
B_snapshot_z1.0_14_sigma50_stride1,B,snapshot_z1.0,1,14,0.05,82,0.64453125,0.0783556294201049,true,true
B_snapshot_z1.0_14_sigma50_stride1,B,snapshot_z1.0,1,14,0.05,83,0.65234375,0.0553695803142792,true,false
B_snapshot_z1.0_14_sigma50_stride1,B,snapshot_z1.0,1,14,0.05,84,0.66015625,0.0553695803142792,true,false
B_snapshot_z1.0_14_sigma50_stride1,B,snapshot_z1.0,1,14,0.05,85,0.66796875,0.0235978376107629,false,false
B_snapshot_z1.0_14_sigma50_stride1,B,snapshot_z1.0,1,14,0.05,86,0.67578125,0.0235978376107629,false,false
B_snapshot_z1.0_14_sigma50_stride1,B,snapshot_z1.0,1,14,0.05,87,0.68359375,0.021569805120761,false,false
B_snapshot_z1.0_14_sigma50_stride1,B,snapshot_z1.0,1,14,0.05,88,0.69140625,0.023912125929838,false,false
B_snapshot_z1.0_14_sigma50_stride1,B,snapshot_z1.0,1,14,0.05,89,0.69921875,0.0286116763441622,false,false
B_snapshot_z1.0_14_sigma50_stride1,B,snapshot_z1.0,1,14,0.05,90,0.70703125,0.0346498263269968,false,false
B_snapshot_z1.0_14_sigma50_stride1,B,snapshot_z1.0,1,14,0.05,91,0.71484375,0.0566286939968257,true,false
B_snapshot_z1.0_14_sigma50_stride1,B,snapshot_z1.0,1,14,0.05,92,0.72265625,0.0407223443148456,false,false
B_snapshot_z1.0_14_sigma50_stride1,B,snapshot_z1.0,1,14,0.05,93,0.73046875,0.0245522568478155,false,false
B_snapshot_z1.0_14_sigma50_stride1,B,snapshot_z1.0,1,14,0.05,94,0.73828125,0.036423100114896,false,false
B_snapshot_z1.0_14_sigma50_stride1,B,snapshot_z1.0,1,14,0.05,95,0.74609375,0.036423100114896,false,false
B_snapshot_z1.0_14_sigma50_stride1,B,snapshot_z1.0,1,14,0.05,96,0.75390625,0.0389460749603414,false,false
B_snapshot_z1.0_14_sigma50_stride1,B,snapshot_z1.0,1,14,0.05,97,0.76171875,0.0510913817432543,false,false
B_snapshot_z1.0_14_sigma50_stride1,B,snapshot_z1.0,1,14,0.05,98,0.76953125,0.0553494774363544,true,false
B_snapshot_z1.0_14_sigma50_stride1,B,snapshot_z1.0,1,14,0.05,99,0.77734375,0.0553912594796182,true,false
B_snapshot_z1.0_14_sigma50_stride1,B,snapshot_z1.0,1,14,0.05,100,0.78515625,0.0486050603943383,false,false
B_snapshot_z1.0_14_sigma50_stride1,B,snapshot_z1.0,1,14,0.05,101,0.79296875,0.0519587614483657,false,false
B_snapshot_z1.0_14_sigma50_stride1,B,snapshot_z1.0,1,14,0.05,102,0.80078125,0.0282405582274889,false,false
B_snapshot_z1.0_14_sigma50_stride1,B,snapshot_z1.0,1,14,0.05,103,0.80859375,0.0300916738017966,false,false
B_snapshot_z1.0_14_sigma50_stride1,B,snapshot_z1.0,1,14,0.05,104,0.81640625,0.0279420795057216,false,false
B_snapshot_z1.0_14_sigma50_stride1,B,snapshot_z1.0,1,14,0.05,105,0.82421875,0.0343605312601532,false,false
B_snapshot_z1.0_14_sigma50_stride1,B,snapshot_z1.0,1,14,0.05,106,0.83203125,0.0368890108303522,false,false
B_snapshot_z1.0_14_sigma50_stride1,B,snapshot_z1.0,1,14,0.05,107,0.83984375,0.0368890108303522,false,false
B_snapshot_z1.0_14_sigma50_stride1,B,snapshot_z1.0,1,14,0.05,108,0.84765625,0.0219648954194054,false,false
B_snapshot_z1.0_14_sigma50_stride1,B,snapshot_z1.0,1,14,0.05,109,0.85546875,0.0208530188552951,false,false
B_snapshot_z1.0_14_sigma50_stride1,B,snapshot_z1.0,1,14,0.05,110,0.86328125,0.0438162838024325,false,false
B_snapshot_z1.0_14_sigma50_stride1,B,snapshot_z1.0,1,14,0.05,111,0.87109375,0.0401782668360324,false,false
B_snapshot_z1.0_14_sigma50_stride1,B,snapshot_z1.0,1,14,0.05,112,0.87890625,0.0685190256690738,true,true
B_snapshot_z1.0_14_sigma50_stride1,B,snapshot_z1.0,1,14,0.05,113,0.88671875,0.0419057021641905,false,false
B_snapshot_z1.0_14_sigma50_stride1,B,snapshot_z1.0,1,14,0.05,114,0.89453125,0.0451198866798329,false,false
B_snapshot_z1.0_14_sigma50_stride1,B,snapshot_z1.0,1,14,0.05,115,0.90234375,0.0360349255932861,false,false
B_snapshot_z1.0_14_sigma50_stride1,B,snapshot_z1.0,1,14,0.05,116,0.91015625,0.0305992597678371,false,false
B_snapshot_z1.0_14_sigma50_stride1,B,snapshot_z1.0,1,14,0.05,117,0.91796875,0.0331575529290627,false,false
B_snapshot_z1.0_14_sigma50_stride1,B,snapshot_z1.0,1,14,0.05,118,0.92578125,0.0447502703483375,false,false
B_snapshot_z1.0_14_sigma50_stride1,B,snapshot_z1.0,1,14,0.05,119,0.93359375,0.0460566352380718,false,false
B_snapshot_z1.0_14_sigma50_stride1,B,snapshot_z1.0,1,14,0.05,120,0.94140625,0.0430599268267644,false,false
B_snapshot_z1.0_14_sigma50_stride1,B,snapshot_z1.0,1,14,0.05,121,0.94921875,0.0447998549278624,false,false
B_snapshot_z1.0_14_sigma50_stride1,B,snapshot_z1.0,1,14,0.05,122,0.95703125,0.0632900482427217,true,true
B_snapshot_z1.0_14_sigma50_stride1,B,snapshot_z1.0,1,14,0.05,123,0.96484375,0.0745100834988338,true,true
B_snapshot_z1.0_14_sigma50_stride1,B,snapshot_z1.0,1,14,0.05,124,0.97265625,0.0353832129792879,false,false
B_snapshot_z1.0_14_sigma50_stride1,B,snapshot_z1.0,1,14,0.05,125,0.98046875,0.0684106312957512,true,true
B_snapshot_z1.0_14_sigma50_stride1,B,snapshot_z1.0,1,14,0.05,126,0.98828125,0.0690927992323059,true,true
B_snapshot_z1.0_14_sigma50_stride1,B,snapshot_z1.0,1,14,0.05,127,0.99609375,0.0290265560545512,false,false
B_snapshot_z2.0_14_sigma50_stride1,B,snapshot_z2.0,2,14,0.05,0,0.00390625,0.0393324657449901,false,false
B_snapshot_z2.0_14_sigma50_stride1,B,snapshot_z2.0,2,14,0.05,1,0.01171875,0.0332685420153462,false,false
B_snapshot_z2.0_14_sigma50_stride1,B,snapshot_z2.0,2,14,0.05,2,0.01953125,0.0562016853653088,true,false
B_snapshot_z2.0_14_sigma50_stride1,B,snapshot_z2.0,2,14,0.05,3,0.02734375,0.0339207761712798,false,false
B_snapshot_z2.0_14_sigma50_stride1,B,snapshot_z2.0,2,14,0.05,4,0.03515625,0.0213083953877301,false,false
B_snapshot_z2.0_14_sigma50_stride1,B,snapshot_z2.0,2,14,0.05,5,0.04296875,0.0371609828779486,false,false
B_snapshot_z2.0_14_sigma50_stride1,B,snapshot_z2.0,2,14,0.05,6,0.05078125,0.0345241471903441,false,false
B_snapshot_z2.0_14_sigma50_stride1,B,snapshot_z2.0,2,14,0.05,7,0.05859375,0.0286613970974327,false,false
B_snapshot_z2.0_14_sigma50_stride1,B,snapshot_z2.0,2,14,0.05,8,0.06640625,0.0590862497155367,true,false
B_snapshot_z2.0_14_sigma50_stride1,B,snapshot_z2.0,2,14,0.05,9,0.07421875,0.0280869424785983,false,false
B_snapshot_z2.0_14_sigma50_stride1,B,snapshot_z2.0,2,14,0.05,10,0.08203125,0.0841691747123673,true,true
B_snapshot_z2.0_14_sigma50_stride1,B,snapshot_z2.0,2,14,0.05,11,0.08984375,0.0303457246601842,false,false
B_snapshot_z2.0_14_sigma50_stride1,B,snapshot_z2.0,2,14,0.05,12,0.09765625,0.0530740021772512,false,false
B_snapshot_z2.0_14_sigma50_stride1,B,snapshot_z2.0,2,14,0.05,13,0.10546875,0.0242634886386351,false,false
B_snapshot_z2.0_14_sigma50_stride1,B,snapshot_z2.0,2,14,0.05,14,0.11328125,0.0572376094060115,true,false
B_snapshot_z2.0_14_sigma50_stride1,B,snapshot_z2.0,2,14,0.05,15,0.12109375,0.0602928047026234,true,false
B_snapshot_z2.0_14_sigma50_stride1,B,snapshot_z2.0,2,14,0.05,16,0.12890625,0.0610453008973023,true,false
B_snapshot_z2.0_14_sigma50_stride1,B,snapshot_z2.0,2,14,0.05,17,0.13671875,0.0290119673641397,false,false
B_snapshot_z2.0_14_sigma50_stride1,B,snapshot_z2.0,2,14,0.05,18,0.14453125,0.0382245094657038,false,false
B_snapshot_z2.0_14_sigma50_stride1,B,snapshot_z2.0,2,14,0.05,19,0.15234375,0.0800572068807905,true,true
B_snapshot_z2.0_14_sigma50_stride1,B,snapshot_z2.0,2,14,0.05,20,0.16015625,0.0545100910913797,true,false
B_snapshot_z2.0_14_sigma50_stride1,B,snapshot_z2.0,2,14,0.05,21,0.16796875,0.0434944629387943,false,false
B_snapshot_z2.0_14_sigma50_stride1,B,snapshot_z2.0,2,14,0.05,22,0.17578125,0.0527386691837547,false,false
B_snapshot_z2.0_14_sigma50_stride1,B,snapshot_z2.0,2,14,0.05,23,0.18359375,0.0338395078185341,false,false
B_snapshot_z2.0_14_sigma50_stride1,B,snapshot_z2.0,2,14,0.05,24,0.19140625,0.0386264779434018,false,false
B_snapshot_z2.0_14_sigma50_stride1,B,snapshot_z2.0,2,14,0.05,25,0.19921875,0.0295131147973348,false,false
B_snapshot_z2.0_14_sigma50_stride1,B,snapshot_z2.0,2,14,0.05,26,0.20703125,0.057009722147097,true,false
B_snapshot_z2.0_14_sigma50_stride1,B,snapshot_z2.0,2,14,0.05,27,0.21484375,0.0289380773727531,false,false
B_snapshot_z2.0_14_sigma50_stride1,B,snapshot_z2.0,2,14,0.05,28,0.22265625,0.0764114877464618,true,true
B_snapshot_z2.0_14_sigma50_stride1,B,snapshot_z2.0,2,14,0.05,29,0.23046875,0.0441241717294901,false,false
B_snapshot_z2.0_14_sigma50_stride1,B,snapshot_z2.0,2,14,0.05,30,0.23828125,0.0391244482446793,false,false
B_snapshot_z2.0_14_sigma50_stride1,B,snapshot_z2.0,2,14,0.05,31,0.24609375,0.0382122687499098,false,false
B_snapshot_z2.0_14_sigma50_stride1,B,snapshot_z2.0,2,14,0.05,32,0.25390625,0.0520078896625329,false,false
B_snapshot_z2.0_14_sigma50_stride1,B,snapshot_z2.0,2,14,0.05,33,0.26171875,0.0344987197850826,false,false
B_snapshot_z2.0_14_sigma50_stride1,B,snapshot_z2.0,2,14,0.05,34,0.26953125,0.0855570042584882,true,true
B_snapshot_z2.0_14_sigma50_stride1,B,snapshot_z2.0,2,14,0.05,35,0.27734375,0.0248063931358369,false,false
B_snapshot_z2.0_14_sigma50_stride1,B,snapshot_z2.0,2,14,0.05,36,0.28515625,0.0307509861093916,false,false
B_snapshot_z2.0_14_sigma50_stride1,B,snapshot_z2.0,2,14,0.05,37,0.29296875,0.0636821466458445,true,true
B_snapshot_z2.0_14_sigma50_stride1,B,snapshot_z2.0,2,14,0.05,38,0.30078125,0.0514861459100956,false,false
B_snapshot_z2.0_14_sigma50_stride1,B,snapshot_z2.0,2,14,0.05,39,0.30859375,0.0559845577230333,true,false
B_snapshot_z2.0_14_sigma50_stride1,B,snapshot_z2.0,2,14,0.05,40,0.31640625,0.059559134237526,true,false
B_snapshot_z2.0_14_sigma50_stride1,B,snapshot_z2.0,2,14,0.05,41,0.32421875,0.0827955442842583,true,true
B_snapshot_z2.0_14_sigma50_stride1,B,snapshot_z2.0,2,14,0.05,42,0.33203125,0.114862766265537,true,true
B_snapshot_z2.0_14_sigma50_stride1,B,snapshot_z2.0,2,14,0.05,43,0.33984375,0.115417760890869,true,true
B_snapshot_z2.0_14_sigma50_stride1,B,snapshot_z2.0,2,14,0.05,44,0.34765625,0.0882899760360629,true,true
B_snapshot_z2.0_14_sigma50_stride1,B,snapshot_z2.0,2,14,0.05,45,0.35546875,0.0408536357637936,false,false
B_snapshot_z2.0_14_sigma50_stride1,B,snapshot_z2.0,2,14,0.05,46,0.36328125,0.0474053582247015,false,false
B_snapshot_z2.0_14_sigma50_stride1,B,snapshot_z2.0,2,14,0.05,47,0.37109375,0.051497502181696,false,false
B_snapshot_z2.0_14_sigma50_stride1,B,snapshot_z2.0,2,14,0.05,48,0.37890625,0.0442667248745481,false,false
B_snapshot_z2.0_14_sigma50_stride1,B,snapshot_z2.0,2,14,0.05,49,0.38671875,0.1205136563069,true,true
B_snapshot_z2.0_14_sigma50_stride1,B,snapshot_z2.0,2,14,0.05,50,0.39453125,0.0854371987984478,true,true
B_snapshot_z2.0_14_sigma50_stride1,B,snapshot_z2.0,2,14,0.05,51,0.40234375,0.051568849597649,false,false
B_snapshot_z2.0_14_sigma50_stride1,B,snapshot_z2.0,2,14,0.05,52,0.41015625,0.0638206320916883,true,true
B_snapshot_z2.0_14_sigma50_stride1,B,snapshot_z2.0,2,14,0.05,53,0.41796875,0.0679681806569293,true,true
B_snapshot_z2.0_14_sigma50_stride1,B,snapshot_z2.0,2,14,0.05,54,0.42578125,0.0316326730317906,false,false
B_snapshot_z2.0_14_sigma50_stride1,B,snapshot_z2.0,2,14,0.05,55,0.43359375,0.0610931907353575,true,false
B_snapshot_z2.0_14_sigma50_stride1,B,snapshot_z2.0,2,14,0.05,56,0.44140625,0.0674922916075896,true,true
B_snapshot_z2.0_14_sigma50_stride1,B,snapshot_z2.0,2,14,0.05,57,0.44921875,0.0420085847234083,false,false
B_snapshot_z2.0_14_sigma50_stride1,B,snapshot_z2.0,2,14,0.05,58,0.45703125,0.0513714598760229,false,false
B_snapshot_z2.0_14_sigma50_stride1,B,snapshot_z2.0,2,14,0.05,59,0.46484375,0.0426186882740962,false,false
B_snapshot_z2.0_14_sigma50_stride1,B,snapshot_z2.0,2,14,0.05,60,0.47265625,0.0235073417554935,false,false
B_snapshot_z2.0_14_sigma50_stride1,B,snapshot_z2.0,2,14,0.05,61,0.48046875,0.0670353297571487,true,true
B_snapshot_z2.0_14_sigma50_stride1,B,snapshot_z2.0,2,14,0.05,62,0.48828125,0.0790210253015376,true,true
B_snapshot_z2.0_14_sigma50_stride1,B,snapshot_z2.0,2,14,0.05,63,0.49609375,0.0338926168992544,false,false
B_snapshot_z2.0_14_sigma50_stride1,B,snapshot_z2.0,2,14,0.05,64,0.50390625,0.0757561686850651,true,true
B_snapshot_z2.0_14_sigma50_stride1,B,snapshot_z2.0,2,14,0.05,65,0.51171875,0.0208881726762286,false,false
B_snapshot_z2.0_14_sigma50_stride1,B,snapshot_z2.0,2,14,0.05,66,0.51953125,0.0681033245832395,true,true
B_snapshot_z2.0_14_sigma50_stride1,B,snapshot_z2.0,2,14,0.05,67,0.52734375,0.0512173586244782,false,false
B_snapshot_z2.0_14_sigma50_stride1,B,snapshot_z2.0,2,14,0.05,68,0.53515625,0.051694967770632,false,false
B_snapshot_z2.0_14_sigma50_stride1,B,snapshot_z2.0,2,14,0.05,69,0.54296875,0.0374698954032138,false,false
B_snapshot_z2.0_14_sigma50_stride1,B,snapshot_z2.0,2,14,0.05,70,0.55078125,0.0377792535561261,false,false
B_snapshot_z2.0_14_sigma50_stride1,B,snapshot_z2.0,2,14,0.05,71,0.55859375,0.0561961847761526,true,false
B_snapshot_z2.0_14_sigma50_stride1,B,snapshot_z2.0,2,14,0.05,72,0.56640625,0.0960520579251042,true,true
B_snapshot_z2.0_14_sigma50_stride1,B,snapshot_z2.0,2,14,0.05,73,0.57421875,0.0863379431485898,true,true
B_snapshot_z2.0_14_sigma50_stride1,B,snapshot_z2.0,2,14,0.05,74,0.58203125,0.0771484337270841,true,true
B_snapshot_z2.0_14_sigma50_stride1,B,snapshot_z2.0,2,14,0.05,75,0.58984375,0.0567700333120605,true,false
B_snapshot_z2.0_14_sigma50_stride1,B,snapshot_z2.0,2,14,0.05,76,0.59765625,0.0606221966706372,true,false
B_snapshot_z2.0_14_sigma50_stride1,B,snapshot_z2.0,2,14,0.05,77,0.60546875,0.0282863772790694,false,false
B_snapshot_z2.0_14_sigma50_stride1,B,snapshot_z2.0,2,14,0.05,78,0.61328125,0.0454583763905381,false,false
B_snapshot_z2.0_14_sigma50_stride1,B,snapshot_z2.0,2,14,0.05,79,0.62109375,0.0895783337547984,true,true
B_snapshot_z2.0_14_sigma50_stride1,B,snapshot_z2.0,2,14,0.05,80,0.62890625,0.0476708774447794,false,false
B_snapshot_z2.0_14_sigma50_stride1,B,snapshot_z2.0,2,14,0.05,81,0.63671875,0.0815361187603818,true,true
B_snapshot_z2.0_14_sigma50_stride1,B,snapshot_z2.0,2,14,0.05,82,0.64453125,0.0783556261657275,true,true
B_snapshot_z2.0_14_sigma50_stride1,B,snapshot_z2.0,2,14,0.05,83,0.65234375,0.0403686635293824,false,false
B_snapshot_z2.0_14_sigma50_stride1,B,snapshot_z2.0,2,14,0.05,84,0.66015625,0.0502298391160526,false,false
B_snapshot_z2.0_14_sigma50_stride1,B,snapshot_z2.0,2,14,0.05,85,0.66796875,0.0616698443002516,true,false
B_snapshot_z2.0_14_sigma50_stride1,B,snapshot_z2.0,2,14,0.05,86,0.67578125,0.0641436269961528,true,true
B_snapshot_z2.0_14_sigma50_stride1,B,snapshot_z2.0,2,14,0.05,87,0.68359375,0.0292584770471759,false,false
B_snapshot_z2.0_14_sigma50_stride1,B,snapshot_z2.0,2,14,0.05,88,0.69140625,0.0230365952971732,false,false
B_snapshot_z2.0_14_sigma50_stride1,B,snapshot_z2.0,2,14,0.05,89,0.69921875,0.0712233567926226,true,true
B_snapshot_z2.0_14_sigma50_stride1,B,snapshot_z2.0,2,14,0.05,90,0.70703125,0.0350003002476773,false,false
B_snapshot_z2.0_14_sigma50_stride1,B,snapshot_z2.0,2,14,0.05,91,0.71484375,0.0612943289247309,true,false
B_snapshot_z2.0_14_sigma50_stride1,B,snapshot_z2.0,2,14,0.05,92,0.72265625,0.0818008825543109,true,true
B_snapshot_z2.0_14_sigma50_stride1,B,snapshot_z2.0,2,14,0.05,93,0.73046875,0.0258710039294236,false,false
B_snapshot_z2.0_14_sigma50_stride1,B,snapshot_z2.0,2,14,0.05,94,0.73828125,0.0425391163072603,false,false
B_snapshot_z2.0_14_sigma50_stride1,B,snapshot_z2.0,2,14,0.05,95,0.74609375,0.109794557667372,true,true
B_snapshot_z2.0_14_sigma50_stride1,B,snapshot_z2.0,2,14,0.05,96,0.75390625,0.0900432592849132,true,true
B_snapshot_z2.0_14_sigma50_stride1,B,snapshot_z2.0,2,14,0.05,97,0.76171875,0.0510680004840729,false,false
B_snapshot_z2.0_14_sigma50_stride1,B,snapshot_z2.0,2,14,0.05,98,0.76953125,0.0553127938192382,true,false
B_snapshot_z2.0_14_sigma50_stride1,B,snapshot_z2.0,2,14,0.05,99,0.77734375,0.0561461019609592,true,false
B_snapshot_z2.0_14_sigma50_stride1,B,snapshot_z2.0,2,14,0.05,100,0.78515625,0.0471600294099936,false,false
B_snapshot_z2.0_14_sigma50_stride1,B,snapshot_z2.0,2,14,0.05,101,0.79296875,0.0565043462773295,true,false
B_snapshot_z2.0_14_sigma50_stride1,B,snapshot_z2.0,2,14,0.05,102,0.80078125,0.0413245989882373,false,false
B_snapshot_z2.0_14_sigma50_stride1,B,snapshot_z2.0,2,14,0.05,103,0.80859375,0.0324308890094334,false,false
B_snapshot_z2.0_14_sigma50_stride1,B,snapshot_z2.0,2,14,0.05,104,0.81640625,0.0324876824922985,false,false
B_snapshot_z2.0_14_sigma50_stride1,B,snapshot_z2.0,2,14,0.05,105,0.82421875,0.0340205533590533,false,false
B_snapshot_z2.0_14_sigma50_stride1,B,snapshot_z2.0,2,14,0.05,106,0.83203125,0.0191875506655823,false,false
B_snapshot_z2.0_14_sigma50_stride1,B,snapshot_z2.0,2,14,0.05,107,0.83984375,0.0801217591650657,true,true
B_snapshot_z2.0_14_sigma50_stride1,B,snapshot_z2.0,2,14,0.05,108,0.84765625,0.0346410918415168,false,false
B_snapshot_z2.0_14_sigma50_stride1,B,snapshot_z2.0,2,14,0.05,109,0.85546875,0.0899334831110394,true,true
B_snapshot_z2.0_14_sigma50_stride1,B,snapshot_z2.0,2,14,0.05,110,0.86328125,0.0824787213584863,true,true
B_snapshot_z2.0_14_sigma50_stride1,B,snapshot_z2.0,2,14,0.05,111,0.87109375,0.027815118112625,false,false
B_snapshot_z2.0_14_sigma50_stride1,B,snapshot_z2.0,2,14,0.05,112,0.87890625,0.0650543927848123,true,true
B_snapshot_z2.0_14_sigma50_stride1,B,snapshot_z2.0,2,14,0.05,113,0.88671875,0.0953555402458245,true,true
B_snapshot_z2.0_14_sigma50_stride1,B,snapshot_z2.0,2,14,0.05,114,0.89453125,0.102298696575479,true,true
B_snapshot_z2.0_14_sigma50_stride1,B,snapshot_z2.0,2,14,0.05,115,0.90234375,0.0552943238603604,true,false
B_snapshot_z2.0_14_sigma50_stride1,B,snapshot_z2.0,2,14,0.05,116,0.91015625,0.0398797260144309,false,false
B_snapshot_z2.0_14_sigma50_stride1,B,snapshot_z2.0,2,14,0.05,117,0.91796875,0.0542998688645452,true,false
B_snapshot_z2.0_14_sigma50_stride1,B,snapshot_z2.0,2,14,0.05,118,0.92578125,0.0704789443143103,true,true
B_snapshot_z2.0_14_sigma50_stride1,B,snapshot_z2.0,2,14,0.05,119,0.93359375,0.0486387184700141,false,false
B_snapshot_z2.0_14_sigma50_stride1,B,snapshot_z2.0,2,14,0.05,120,0.94140625,0.0339589647452385,false,false
B_snapshot_z2.0_14_sigma50_stride1,B,snapshot_z2.0,2,14,0.05,121,0.94921875,0.0715931582748637,true,true
B_snapshot_z2.0_14_sigma50_stride1,B,snapshot_z2.0,2,14,0.05,122,0.95703125,0.0465496405262574,false,false
B_snapshot_z2.0_14_sigma50_stride1,B,snapshot_z2.0,2,14,0.05,123,0.96484375,0.0268037173336604,false,false
B_snapshot_z2.0_14_sigma50_stride1,B,snapshot_z2.0,2,14,0.05,124,0.97265625,0.0774211655253082,true,true
B_snapshot_z2.0_14_sigma50_stride1,B,snapshot_z2.0,2,14,0.05,125,0.98046875,0.0602608406627407,true,false
B_snapshot_z2.0_14_sigma50_stride1,B,snapshot_z2.0,2,14,0.05,126,0.98828125,0.0892202178118714,true,true
B_snapshot_z2.0_14_sigma50_stride1,B,snapshot_z2.0,2,14,0.05,127,0.99609375,0.0290265560529695,false,false
B_snapshot_z1.0_14_sigma100_stride1,B,snapshot_z1.0,1,14,0.1,0,0.00390625,0.0643860539651842,,false
B_snapshot_z1.0_14_sigma100_stride1,B,snapshot_z1.0,1,14,0.1,1,0.01171875,0.059796007700565,,false
B_snapshot_z1.0_14_sigma100_stride1,B,snapshot_z1.0,1,14,0.1,2,0.01953125,0.12114440486874,,true
B_snapshot_z1.0_14_sigma100_stride1,B,snapshot_z1.0,1,14,0.1,3,0.02734375,0.12114440486874,,true
B_snapshot_z1.0_14_sigma100_stride1,B,snapshot_z1.0,1,14,0.1,4,0.03515625,0.0604913914288973,,false
B_snapshot_z1.0_14_sigma100_stride1,B,snapshot_z1.0,1,14,0.1,5,0.04296875,0.0496440636948715,,false
B_snapshot_z1.0_14_sigma100_stride1,B,snapshot_z1.0,1,14,0.1,6,0.05078125,0.0491773859074314,,false
B_snapshot_z1.0_14_sigma100_stride1,B,snapshot_z1.0,1,14,0.1,7,0.05859375,0.0548552902584571,,false
B_snapshot_z1.0_14_sigma100_stride1,B,snapshot_z1.0,1,14,0.1,8,0.06640625,0.0597816211049959,,false
B_snapshot_z1.0_14_sigma100_stride1,B,snapshot_z1.0,1,14,0.1,9,0.07421875,0.0711052863660472,,false
B_snapshot_z1.0_14_sigma100_stride1,B,snapshot_z1.0,1,14,0.1,10,0.08203125,0.0776047927708128,,false
B_snapshot_z1.0_14_sigma100_stride1,B,snapshot_z1.0,1,14,0.1,11,0.08984375,0.0695504337502391,,false
B_snapshot_z1.0_14_sigma100_stride1,B,snapshot_z1.0,1,14,0.1,12,0.09765625,0.0828985598397023,,false
B_snapshot_z1.0_14_sigma100_stride1,B,snapshot_z1.0,1,14,0.1,13,0.10546875,0.0681380073832563,,false
B_snapshot_z1.0_14_sigma100_stride1,B,snapshot_z1.0,1,14,0.1,14,0.11328125,0.0715972030675519,,false
B_snapshot_z1.0_14_sigma100_stride1,B,snapshot_z1.0,1,14,0.1,15,0.12109375,0.0594075624727623,,false
B_snapshot_z1.0_14_sigma100_stride1,B,snapshot_z1.0,1,14,0.1,16,0.12890625,0.0979984284107432,,false
B_snapshot_z1.0_14_sigma100_stride1,B,snapshot_z1.0,1,14,0.1,17,0.13671875,0.0780305741821619,,false
B_snapshot_z1.0_14_sigma100_stride1,B,snapshot_z1.0,1,14,0.1,18,0.14453125,0.0781594778118658,,false
B_snapshot_z1.0_14_sigma100_stride1,B,snapshot_z1.0,1,14,0.1,19,0.15234375,0.0793387925741681,,false
B_snapshot_z1.0_14_sigma100_stride1,B,snapshot_z1.0,1,14,0.1,20,0.16015625,0.0863408146622716,,false
B_snapshot_z1.0_14_sigma100_stride1,B,snapshot_z1.0,1,14,0.1,21,0.16796875,0.106071365523287,,true
B_snapshot_z1.0_14_sigma100_stride1,B,snapshot_z1.0,1,14,0.1,22,0.17578125,0.064572401941526,,false
B_snapshot_z1.0_14_sigma100_stride1,B,snapshot_z1.0,1,14,0.1,23,0.18359375,0.0674212367482232,,false
B_snapshot_z1.0_14_sigma100_stride1,B,snapshot_z1.0,1,14,0.1,24,0.19140625,0.0582348927965341,,false
B_snapshot_z1.0_14_sigma100_stride1,B,snapshot_z1.0,1,14,0.1,25,0.19921875,0.0827154702245515,,false
B_snapshot_z1.0_14_sigma100_stride1,B,snapshot_z1.0,1,14,0.1,26,0.20703125,0.0567808996436641,,false
B_snapshot_z1.0_14_sigma100_stride1,B,snapshot_z1.0,1,14,0.1,27,0.21484375,0.0639848543747858,,false
B_snapshot_z1.0_14_sigma100_stride1,B,snapshot_z1.0,1,14,0.1,28,0.22265625,0.0472987463308953,,false
B_snapshot_z1.0_14_sigma100_stride1,B,snapshot_z1.0,1,14,0.1,29,0.23046875,0.0715007744983934,,false
B_snapshot_z1.0_14_sigma100_stride1,B,snapshot_z1.0,1,14,0.1,30,0.23828125,0.0583431351587528,,false
B_snapshot_z1.0_14_sigma100_stride1,B,snapshot_z1.0,1,14,0.1,31,0.24609375,0.0671747479028422,,false
B_snapshot_z1.0_14_sigma100_stride1,B,snapshot_z1.0,1,14,0.1,32,0.25390625,0.0640639097235463,,false
B_snapshot_z1.0_14_sigma100_stride1,B,snapshot_z1.0,1,14,0.1,33,0.26171875,0.0623934535033153,,false
B_snapshot_z1.0_14_sigma100_stride1,B,snapshot_z1.0,1,14,0.1,34,0.26953125,0.0714618523140092,,false
B_snapshot_z1.0_14_sigma100_stride1,B,snapshot_z1.0,1,14,0.1,35,0.27734375,0.0880582926647573,,false
B_snapshot_z1.0_14_sigma100_stride1,B,snapshot_z1.0,1,14,0.1,36,0.28515625,0.0700681816645773,,false
B_snapshot_z1.0_14_sigma100_stride1,B,snapshot_z1.0,1,14,0.1,37,0.29296875,0.0607434492221813,,false
B_snapshot_z1.0_14_sigma100_stride1,B,snapshot_z1.0,1,14,0.1,38,0.30078125,0.0676986842450232,,false
B_snapshot_z1.0_14_sigma100_stride1,B,snapshot_z1.0,1,14,0.1,39,0.30859375,0.0862853539076007,,false
B_snapshot_z1.0_14_sigma100_stride1,B,snapshot_z1.0,1,14,0.1,40,0.31640625,0.0635072929059508,,false
B_snapshot_z1.0_14_sigma100_stride1,B,snapshot_z1.0,1,14,0.1,41,0.32421875,0.0645006429667109,,false
B_snapshot_z1.0_14_sigma100_stride1,B,snapshot_z1.0,1,14,0.1,42,0.33203125,0.0647686099579425,,false
B_snapshot_z1.0_14_sigma100_stride1,B,snapshot_z1.0,1,14,0.1,43,0.33984375,0.101153896417877,,true
B_snapshot_z1.0_14_sigma100_stride1,B,snapshot_z1.0,1,14,0.1,44,0.34765625,0.121738584470212,,true
B_snapshot_z1.0_14_sigma100_stride1,B,snapshot_z1.0,1,14,0.1,45,0.35546875,0.0985263732341749,,false
B_snapshot_z1.0_14_sigma100_stride1,B,snapshot_z1.0,1,14,0.1,46,0.36328125,0.0828430729526938,,false
B_snapshot_z1.0_14_sigma100_stride1,B,snapshot_z1.0,1,14,0.1,47,0.37109375,0.0756901442075498,,false
B_snapshot_z1.0_14_sigma100_stride1,B,snapshot_z1.0,1,14,0.1,48,0.37890625,0.0805771561225415,,false
B_snapshot_z1.0_14_sigma100_stride1,B,snapshot_z1.0,1,14,0.1,49,0.38671875,0.0578278313569873,,false
B_snapshot_z1.0_14_sigma100_stride1,B,snapshot_z1.0,1,14,0.1,50,0.39453125,0.111414461978443,,true
B_snapshot_z1.0_14_sigma100_stride1,B,snapshot_z1.0,1,14,0.1,51,0.40234375,0.08314667183922,,false
B_snapshot_z1.0_14_sigma100_stride1,B,snapshot_z1.0,1,14,0.1,52,0.41015625,0.100299404503766,,true
B_snapshot_z1.0_14_sigma100_stride1,B,snapshot_z1.0,1,14,0.1,53,0.41796875,0.0698939594590492,,false
B_snapshot_z1.0_14_sigma100_stride1,B,snapshot_z1.0,1,14,0.1,54,0.42578125,0.148249704546855,,true
B_snapshot_z1.0_14_sigma100_stride1,B,snapshot_z1.0,1,14,0.1,55,0.43359375,0.148249704546855,,true
B_snapshot_z1.0_14_sigma100_stride1,B,snapshot_z1.0,1,14,0.1,56,0.44140625,0.060128169483719,,false
B_snapshot_z1.0_14_sigma100_stride1,B,snapshot_z1.0,1,14,0.1,57,0.44921875,0.0653174914276365,,false
B_snapshot_z1.0_14_sigma100_stride1,B,snapshot_z1.0,1,14,0.1,58,0.45703125,0.0466428666086559,,false
B_snapshot_z1.0_14_sigma100_stride1,B,snapshot_z1.0,1,14,0.1,59,0.46484375,0.0534279527997941,,false
B_snapshot_z1.0_14_sigma100_stride1,B,snapshot_z1.0,1,14,0.1,60,0.47265625,0.0746674511877522,,false
B_snapshot_z1.0_14_sigma100_stride1,B,snapshot_z1.0,1,14,0.1,61,0.48046875,0.122136808691889,,true
B_snapshot_z1.0_14_sigma100_stride1,B,snapshot_z1.0,1,14,0.1,62,0.48828125,0.0842079122201465,,false
B_snapshot_z1.0_14_sigma100_stride1,B,snapshot_z1.0,1,14,0.1,63,0.49609375,0.0595515070668165,,false
B_snapshot_z1.0_14_sigma100_stride1,B,snapshot_z1.0,1,14,0.1,64,0.50390625,0.067746714283341,,false
B_snapshot_z1.0_14_sigma100_stride1,B,snapshot_z1.0,1,14,0.1,65,0.51171875,0.056909616863098,,false
B_snapshot_z1.0_14_sigma100_stride1,B,snapshot_z1.0,1,14,0.1,66,0.51953125,0.0583048680095885,,false
B_snapshot_z1.0_14_sigma100_stride1,B,snapshot_z1.0,1,14,0.1,67,0.52734375,0.0612395867857672,,false
B_snapshot_z1.0_14_sigma100_stride1,B,snapshot_z1.0,1,14,0.1,68,0.53515625,0.0488653332080105,,false
B_snapshot_z1.0_14_sigma100_stride1,B,snapshot_z1.0,1,14,0.1,69,0.54296875,0.0697354303526036,,false
B_snapshot_z1.0_14_sigma100_stride1,B,snapshot_z1.0,1,14,0.1,70,0.55078125,0.0721896467698727,,false
B_snapshot_z1.0_14_sigma100_stride1,B,snapshot_z1.0,1,14,0.1,71,0.55859375,0.0582883533255412,,false
B_snapshot_z1.0_14_sigma100_stride1,B,snapshot_z1.0,1,14,0.1,72,0.56640625,0.0529130293660764,,false
B_snapshot_z1.0_14_sigma100_stride1,B,snapshot_z1.0,1,14,0.1,73,0.57421875,0.0555502494505739,,false
B_snapshot_z1.0_14_sigma100_stride1,B,snapshot_z1.0,1,14,0.1,74,0.58203125,0.0751017971463224,,false
B_snapshot_z1.0_14_sigma100_stride1,B,snapshot_z1.0,1,14,0.1,75,0.58984375,0.0477852229497008,,false
B_snapshot_z1.0_14_sigma100_stride1,B,snapshot_z1.0,1,14,0.1,76,0.59765625,0.0423374089647379,,false
B_snapshot_z1.0_14_sigma100_stride1,B,snapshot_z1.0,1,14,0.1,77,0.60546875,0.0451013041669954,,false
B_snapshot_z1.0_14_sigma100_stride1,B,snapshot_z1.0,1,14,0.1,78,0.61328125,0.0459618602660707,,false
B_snapshot_z1.0_14_sigma100_stride1,B,snapshot_z1.0,1,14,0.1,79,0.62109375,0.0632110591305932,,false
B_snapshot_z1.0_14_sigma100_stride1,B,snapshot_z1.0,1,14,0.1,80,0.62890625,0.0608142293763312,,false
B_snapshot_z1.0_14_sigma100_stride1,B,snapshot_z1.0,1,14,0.1,81,0.63671875,0.105412371207218,,true
B_snapshot_z1.0_14_sigma100_stride1,B,snapshot_z1.0,1,14,0.1,82,0.64453125,0.0891945042231252,,false
B_snapshot_z1.0_14_sigma100_stride1,B,snapshot_z1.0,1,14,0.1,83,0.65234375,0.120021392184412,,true
B_snapshot_z1.0_14_sigma100_stride1,B,snapshot_z1.0,1,14,0.1,84,0.66015625,0.0824081468136675,,false
B_snapshot_z1.0_14_sigma100_stride1,B,snapshot_z1.0,1,14,0.1,85,0.66796875,0.0824081468136675,,false
B_snapshot_z1.0_14_sigma100_stride1,B,snapshot_z1.0,1,14,0.1,86,0.67578125,0.071065323611987,,false
B_snapshot_z1.0_14_sigma100_stride1,B,snapshot_z1.0,1,14,0.1,87,0.68359375,0.0780466004342621,,false
B_snapshot_z1.0_14_sigma100_stride1,B,snapshot_z1.0,1,14,0.1,88,0.69140625,0.0780466004342621,,false
B_snapshot_z1.0_14_sigma100_stride1,B,snapshot_z1.0,1,14,0.1,89,0.69921875,0.0574389050204428,,false
B_snapshot_z1.0_14_sigma100_stride1,B,snapshot_z1.0,1,14,0.1,90,0.70703125,0.052860535202479,,false
B_snapshot_z1.0_14_sigma100_stride1,B,snapshot_z1.0,1,14,0.1,91,0.71484375,0.0650980889090214,,false
B_snapshot_z1.0_14_sigma100_stride1,B,snapshot_z1.0,1,14,0.1,92,0.72265625,0.065823925396699,,false
B_snapshot_z1.0_14_sigma100_stride1,B,snapshot_z1.0,1,14,0.1,93,0.73046875,0.0784521598733595,,false
B_snapshot_z1.0_14_sigma100_stride1,B,snapshot_z1.0,1,14,0.1,94,0.73828125,0.154798194145844,,true
B_snapshot_z1.0_14_sigma100_stride1,B,snapshot_z1.0,1,14,0.1,95,0.74609375,0.111834190910692,,true
B_snapshot_z1.0_14_sigma100_stride1,B,snapshot_z1.0,1,14,0.1,96,0.75390625,0.149869488081376,,true
B_snapshot_z1.0_14_sigma100_stride1,B,snapshot_z1.0,1,14,0.1,97,0.76171875,0.0358074189009446,,false
B_snapshot_z1.0_14_sigma100_stride1,B,snapshot_z1.0,1,14,0.1,98,0.76953125,0.0961721039112028,,false
B_snapshot_z1.0_14_sigma100_stride1,B,snapshot_z1.0,1,14,0.1,99,0.77734375,0.0961721039112028,,false
B_snapshot_z1.0_14_sigma100_stride1,B,snapshot_z1.0,1,14,0.1,100,0.78515625,0.113761929235121,,true
B_snapshot_z1.0_14_sigma100_stride1,B,snapshot_z1.0,1,14,0.1,101,0.79296875,0.113761929235121,,true
B_snapshot_z1.0_14_sigma100_stride1,B,snapshot_z1.0,1,14,0.1,102,0.80078125,0.0994395380898616,,false
B_snapshot_z1.0_14_sigma100_stride1,B,snapshot_z1.0,1,14,0.1,103,0.80859375,0.0994395380898616,,false
B_snapshot_z1.0_14_sigma100_stride1,B,snapshot_z1.0,1,14,0.1,104,0.81640625,0.0567850897084531,,false
B_snapshot_z1.0_14_sigma100_stride1,B,snapshot_z1.0,1,14,0.1,105,0.82421875,0.0600590752382516,,false
B_snapshot_z1.0_14_sigma100_stride1,B,snapshot_z1.0,1,14,0.1,106,0.83203125,0.0768974255231794,,false
B_snapshot_z1.0_14_sigma100_stride1,B,snapshot_z1.0,1,14,0.1,107,0.83984375,0.107946553594388,,true
B_snapshot_z1.0_14_sigma100_stride1,B,snapshot_z1.0,1,14,0.1,108,0.84765625,0.146978328156293,,true
B_snapshot_z1.0_14_sigma100_stride1,B,snapshot_z1.0,1,14,0.1,109,0.85546875,0.146978328156293,,true
B_snapshot_z1.0_14_sigma100_stride1,B,snapshot_z1.0,1,14,0.1,110,0.86328125,0.0439348505235292,,false
B_snapshot_z1.0_14_sigma100_stride1,B,snapshot_z1.0,1,14,0.1,111,0.87109375,0.0360262765539217,,false
B_snapshot_z1.0_14_sigma100_stride1,B,snapshot_z1.0,1,14,0.1,112,0.87890625,0.0618431307182237,,false
B_snapshot_z1.0_14_sigma100_stride1,B,snapshot_z1.0,1,14,0.1,113,0.88671875,0.122135936746487,,true
B_snapshot_z1.0_14_sigma100_stride1,B,snapshot_z1.0,1,14,0.1,114,0.89453125,0.0577519509702804,,false
B_snapshot_z1.0_14_sigma100_stride1,B,snapshot_z1.0,1,14,0.1,115,0.90234375,0.124944736480873,,true
B_snapshot_z1.0_14_sigma100_stride1,B,snapshot_z1.0,1,14,0.1,116,0.91015625,0.0450621054258171,,false
B_snapshot_z1.0_14_sigma100_stride1,B,snapshot_z1.0,1,14,0.1,117,0.91796875,0.0386306077743436,,false
B_snapshot_z1.0_14_sigma100_stride1,B,snapshot_z1.0,1,14,0.1,118,0.92578125,0.0719757323501172,,false
B_snapshot_z1.0_14_sigma100_stride1,B,snapshot_z1.0,1,14,0.1,119,0.93359375,0.0657466276944004,,false
B_snapshot_z1.0_14_sigma100_stride1,B,snapshot_z1.0,1,14,0.1,120,0.94140625,0.0516973237892154,,false
B_snapshot_z1.0_14_sigma100_stride1,B,snapshot_z1.0,1,14,0.1,121,0.94921875,0.0774664350932366,,false
B_snapshot_z1.0_14_sigma100_stride1,B,snapshot_z1.0,1,14,0.1,122,0.95703125,0.0658186546449441,,false
B_snapshot_z1.0_14_sigma100_stride1,B,snapshot_z1.0,1,14,0.1,123,0.96484375,0.0360434994551937,,false
B_snapshot_z1.0_14_sigma100_stride1,B,snapshot_z1.0,1,14,0.1,124,0.97265625,0.0470342960825308,,false
B_snapshot_z1.0_14_sigma100_stride1,B,snapshot_z1.0,1,14,0.1,125,0.98046875,0.0826050770571891,,false
B_snapshot_z1.0_14_sigma100_stride1,B,snapshot_z1.0,1,14,0.1,126,0.98828125,0.0802479845730732,,false
B_snapshot_z1.0_14_sigma100_stride1,B,snapshot_z1.0,1,14,0.1,127,0.99609375,0.0670741521453581,,false
B_snapshot_z2.0_14_sigma100_stride1,B,snapshot_z2.0,2,14,0.1,0,0.00390625,0.0834410059519796,,false
B_snapshot_z2.0_14_sigma100_stride1,B,snapshot_z2.0,2,14,0.1,1,0.01171875,0.059796007700565,,false
B_snapshot_z2.0_14_sigma100_stride1,B,snapshot_z2.0,2,14,0.1,2,0.01953125,0.0721625626819138,,false
B_snapshot_z2.0_14_sigma100_stride1,B,snapshot_z2.0,2,14,0.1,3,0.02734375,0.0613062411399714,,false
B_snapshot_z2.0_14_sigma100_stride1,B,snapshot_z2.0,2,14,0.1,4,0.03515625,0.0606677150742947,,false
B_snapshot_z2.0_14_sigma100_stride1,B,snapshot_z2.0,2,14,0.1,5,0.04296875,0.0690086389979051,,false
B_snapshot_z2.0_14_sigma100_stride1,B,snapshot_z2.0,2,14,0.1,6,0.05078125,0.0536675206819111,,false
B_snapshot_z2.0_14_sigma100_stride1,B,snapshot_z2.0,2,14,0.1,7,0.05859375,0.101318635905431,,true
B_snapshot_z2.0_14_sigma100_stride1,B,snapshot_z2.0,2,14,0.1,8,0.06640625,0.108250758374696,,true
B_snapshot_z2.0_14_sigma100_stride1,B,snapshot_z2.0,2,14,0.1,9,0.07421875,0.0656884422649082,,false
B_snapshot_z2.0_14_sigma100_stride1,B,snapshot_z2.0,2,14,0.1,10,0.08203125,0.109432104508502,,true
B_snapshot_z2.0_14_sigma100_stride1,B,snapshot_z2.0,2,14,0.1,11,0.08984375,0.18195081994845,,true
B_snapshot_z2.0_14_sigma100_stride1,B,snapshot_z2.0,2,14,0.1,12,0.09765625,0.114670392512296,,true
B_snapshot_z2.0_14_sigma100_stride1,B,snapshot_z2.0,2,14,0.1,13,0.10546875,0.0681380073832562,,false
B_snapshot_z2.0_14_sigma100_stride1,B,snapshot_z2.0,2,14,0.1,14,0.11328125,0.0715972022086186,,false
B_snapshot_z2.0_14_sigma100_stride1,B,snapshot_z2.0,2,14,0.1,15,0.12109375,0.0610971785673993,,false
B_snapshot_z2.0_14_sigma100_stride1,B,snapshot_z2.0,2,14,0.1,16,0.12890625,0.105513762732943,,true
B_snapshot_z2.0_14_sigma100_stride1,B,snapshot_z2.0,2,14,0.1,17,0.13671875,0.126753676133863,,true
B_snapshot_z2.0_14_sigma100_stride1,B,snapshot_z2.0,2,14,0.1,18,0.14453125,0.126753676133863,,true
B_snapshot_z2.0_14_sigma100_stride1,B,snapshot_z2.0,2,14,0.1,19,0.15234375,0.0793387925741681,,false
B_snapshot_z2.0_14_sigma100_stride1,B,snapshot_z2.0,2,14,0.1,20,0.16015625,0.0863408146622716,,false
B_snapshot_z2.0_14_sigma100_stride1,B,snapshot_z2.0,2,14,0.1,21,0.16796875,0.10607136552329,,true
B_snapshot_z2.0_14_sigma100_stride1,B,snapshot_z2.0,2,14,0.1,22,0.17578125,0.0645733798664244,,false
B_snapshot_z2.0_14_sigma100_stride1,B,snapshot_z2.0,2,14,0.1,23,0.18359375,0.0674212367482232,,false
B_snapshot_z2.0_14_sigma100_stride1,B,snapshot_z2.0,2,14,0.1,24,0.19140625,0.0548117289608409,,false
B_snapshot_z2.0_14_sigma100_stride1,B,snapshot_z2.0,2,14,0.1,25,0.19921875,0.0681516871194241,,false
B_snapshot_z2.0_14_sigma100_stride1,B,snapshot_z2.0,2,14,0.1,26,0.20703125,0.0854855090722276,,false
B_snapshot_z2.0_14_sigma100_stride1,B,snapshot_z2.0,2,14,0.1,27,0.21484375,0.119453080156461,,true
B_snapshot_z2.0_14_sigma100_stride1,B,snapshot_z2.0,2,14,0.1,28,0.22265625,0.0595474234023275,,false
B_snapshot_z2.0_14_sigma100_stride1,B,snapshot_z2.0,2,14,0.1,29,0.23046875,0.0879431939404766,,false
B_snapshot_z2.0_14_sigma100_stride1,B,snapshot_z2.0,2,14,0.1,30,0.23828125,0.154250842042081,,true
B_snapshot_z2.0_14_sigma100_stride1,B,snapshot_z2.0,2,14,0.1,31,0.24609375,0.0825648150895237,,false
B_snapshot_z2.0_14_sigma100_stride1,B,snapshot_z2.0,2,14,0.1,32,0.25390625,0.099550515318637,,false
B_snapshot_z2.0_14_sigma100_stride1,B,snapshot_z2.0,2,14,0.1,33,0.26171875,0.062405815958119,,false
B_snapshot_z2.0_14_sigma100_stride1,B,snapshot_z2.0,2,14,0.1,34,0.26953125,0.122225315494261,,true
B_snapshot_z2.0_14_sigma100_stride1,B,snapshot_z2.0,2,14,0.1,35,0.27734375,0.0880568412431465,,false
B_snapshot_z2.0_14_sigma100_stride1,B,snapshot_z2.0,2,14,0.1,36,0.28515625,0.0700335040619383,,false
B_snapshot_z2.0_14_sigma100_stride1,B,snapshot_z2.0,2,14,0.1,37,0.29296875,0.0858842042728549,,false
B_snapshot_z2.0_14_sigma100_stride1,B,snapshot_z2.0,2,14,0.1,38,0.30078125,0.120611145603427,,true
B_snapshot_z2.0_14_sigma100_stride1,B,snapshot_z2.0,2,14,0.1,39,0.30859375,0.107153417426331,,true
B_snapshot_z2.0_14_sigma100_stride1,B,snapshot_z2.0,2,14,0.1,40,0.31640625,0.0788745458939051,,false
B_snapshot_z2.0_14_sigma100_stride1,B,snapshot_z2.0,2,14,0.1,41,0.32421875,0.0966612300242838,,false
B_snapshot_z2.0_14_sigma100_stride1,B,snapshot_z2.0,2,14,0.1,42,0.33203125,0.118073713628634,,true
B_snapshot_z2.0_14_sigma100_stride1,B,snapshot_z2.0,2,14,0.1,43,0.33984375,0.174029783100502,,true
B_snapshot_z2.0_14_sigma100_stride1,B,snapshot_z2.0,2,14,0.1,44,0.34765625,0.0420323472948729,,false
B_snapshot_z2.0_14_sigma100_stride1,B,snapshot_z2.0,2,14,0.1,45,0.35546875,0.0695051471133662,,false
B_snapshot_z2.0_14_sigma100_stride1,B,snapshot_z2.0,2,14,0.1,46,0.36328125,0.123179520197958,,true
B_snapshot_z2.0_14_sigma100_stride1,B,snapshot_z2.0,2,14,0.1,47,0.37109375,0.0993706806258764,,false
B_snapshot_z2.0_14_sigma100_stride1,B,snapshot_z2.0,2,14,0.1,48,0.37890625,0.0805912350257921,,false
B_snapshot_z2.0_14_sigma100_stride1,B,snapshot_z2.0,2,14,0.1,49,0.38671875,0.0954811402795872,,false
B_snapshot_z2.0_14_sigma100_stride1,B,snapshot_z2.0,2,14,0.1,50,0.39453125,0.12863036036239,,true
B_snapshot_z2.0_14_sigma100_stride1,B,snapshot_z2.0,2,14,0.1,51,0.40234375,0.0828714158510018,,false
B_snapshot_z2.0_14_sigma100_stride1,B,snapshot_z2.0,2,14,0.1,52,0.41015625,0.0584273477686291,,false
B_snapshot_z2.0_14_sigma100_stride1,B,snapshot_z2.0,2,14,0.1,53,0.41796875,0.0698949558917342,,false
B_snapshot_z2.0_14_sigma100_stride1,B,snapshot_z2.0,2,14,0.1,54,0.42578125,0.0942512331138591,,false
B_snapshot_z2.0_14_sigma100_stride1,B,snapshot_z2.0,2,14,0.1,55,0.43359375,0.130737015904519,,true
B_snapshot_z2.0_14_sigma100_stride1,B,snapshot_z2.0,2,14,0.1,56,0.44140625,0.131639095578738,,true
B_snapshot_z2.0_14_sigma100_stride1,B,snapshot_z2.0,2,14,0.1,57,0.44921875,0.0795856806876588,,false
B_snapshot_z2.0_14_sigma100_stride1,B,snapshot_z2.0,2,14,0.1,58,0.45703125,0.0474383060717334,,false
B_snapshot_z2.0_14_sigma100_stride1,B,snapshot_z2.0,2,14,0.1,59,0.46484375,0.0564225907802051,,false
B_snapshot_z2.0_14_sigma100_stride1,B,snapshot_z2.0,2,14,0.1,60,0.47265625,0.0773118831989004,,false
B_snapshot_z2.0_14_sigma100_stride1,B,snapshot_z2.0,2,14,0.1,61,0.48046875,0.113012177581904,,true
B_snapshot_z2.0_14_sigma100_stride1,B,snapshot_z2.0,2,14,0.1,62,0.48828125,0.109200874075971,,true
B_snapshot_z2.0_14_sigma100_stride1,B,snapshot_z2.0,2,14,0.1,63,0.49609375,0.15840615232863,,true
B_snapshot_z2.0_14_sigma100_stride1,B,snapshot_z2.0,2,14,0.1,64,0.50390625,0.107340518762595,,true
B_snapshot_z2.0_14_sigma100_stride1,B,snapshot_z2.0,2,14,0.1,65,0.51171875,0.112893251546302,,true
B_snapshot_z2.0_14_sigma100_stride1,B,snapshot_z2.0,2,14,0.1,66,0.51953125,0.120949712275334,,true
B_snapshot_z2.0_14_sigma100_stride1,B,snapshot_z2.0,2,14,0.1,67,0.52734375,0.0535587283339425,,false
B_snapshot_z2.0_14_sigma100_stride1,B,snapshot_z2.0,2,14,0.1,68,0.53515625,0.151599894666753,,true
B_snapshot_z2.0_14_sigma100_stride1,B,snapshot_z2.0,2,14,0.1,69,0.54296875,0.072407837647598,,false
B_snapshot_z2.0_14_sigma100_stride1,B,snapshot_z2.0,2,14,0.1,70,0.55078125,0.0676652129766108,,false
B_snapshot_z2.0_14_sigma100_stride1,B,snapshot_z2.0,2,14,0.1,71,0.55859375,0.0582896927253181,,false
B_snapshot_z2.0_14_sigma100_stride1,B,snapshot_z2.0,2,14,0.1,72,0.56640625,0.0828280842886194,,false
B_snapshot_z2.0_14_sigma100_stride1,B,snapshot_z2.0,2,14,0.1,73,0.57421875,0.0784129752907182,,false
B_snapshot_z2.0_14_sigma100_stride1,B,snapshot_z2.0,2,14,0.1,74,0.58203125,0.0738384165441441,,false
B_snapshot_z2.0_14_sigma100_stride1,B,snapshot_z2.0,2,14,0.1,75,0.58984375,0.154360422871907,,true
B_snapshot_z2.0_14_sigma100_stride1,B,snapshot_z2.0,2,14,0.1,76,0.59765625,0.124726388714526,,true
B_snapshot_z2.0_14_sigma100_stride1,B,snapshot_z2.0,2,14,0.1,77,0.60546875,0.0517160744163954,,false
B_snapshot_z2.0_14_sigma100_stride1,B,snapshot_z2.0,2,14,0.1,78,0.61328125,0.0780431794722313,,false
B_snapshot_z2.0_14_sigma100_stride1,B,snapshot_z2.0,2,14,0.1,79,0.62109375,0.119759822452767,,true
B_snapshot_z2.0_14_sigma100_stride1,B,snapshot_z2.0,2,14,0.1,80,0.62890625,0.084481080283411,,false
B_snapshot_z2.0_14_sigma100_stride1,B,snapshot_z2.0,2,14,0.1,81,0.63671875,0.161805784817779,,true
B_snapshot_z2.0_14_sigma100_stride1,B,snapshot_z2.0,2,14,0.1,82,0.64453125,0.0891945046132422,,false
B_snapshot_z2.0_14_sigma100_stride1,B,snapshot_z2.0,2,14,0.1,83,0.65234375,0.120021392570106,,true
B_snapshot_z2.0_14_sigma100_stride1,B,snapshot_z2.0,2,14,0.1,84,0.66015625,0.0819111541011425,,false
B_snapshot_z2.0_14_sigma100_stride1,B,snapshot_z2.0,2,14,0.1,85,0.66796875,0.184790998211557,,true
B_snapshot_z2.0_14_sigma100_stride1,B,snapshot_z2.0,2,14,0.1,86,0.67578125,0.0733771833456368,,false
B_snapshot_z2.0_14_sigma100_stride1,B,snapshot_z2.0,2,14,0.1,87,0.68359375,0.0490685391829008,,false
B_snapshot_z2.0_14_sigma100_stride1,B,snapshot_z2.0,2,14,0.1,88,0.69140625,0.0719978366513674,,false
B_snapshot_z2.0_14_sigma100_stride1,B,snapshot_z2.0,2,14,0.1,89,0.69921875,0.0736545424660597,,false
B_snapshot_z2.0_14_sigma100_stride1,B,snapshot_z2.0,2,14,0.1,90,0.70703125,0.0825483662418149,,false
B_snapshot_z2.0_14_sigma100_stride1,B,snapshot_z2.0,2,14,0.1,91,0.71484375,0.0658805815737769,,false
B_snapshot_z2.0_14_sigma100_stride1,B,snapshot_z2.0,2,14,0.1,92,0.72265625,0.0658239253960195,,false
B_snapshot_z2.0_14_sigma100_stride1,B,snapshot_z2.0,2,14,0.1,93,0.73046875,0.0813213666153114,,false
B_snapshot_z2.0_14_sigma100_stride1,B,snapshot_z2.0,2,14,0.1,94,0.73828125,0.085997044488987,,false
B_snapshot_z2.0_14_sigma100_stride1,B,snapshot_z2.0,2,14,0.1,95,0.74609375,0.0857305483372662,,false
B_snapshot_z2.0_14_sigma100_stride1,B,snapshot_z2.0,2,14,0.1,96,0.75390625,0.137583765568075,,true
B_snapshot_z2.0_14_sigma100_stride1,B,snapshot_z2.0,2,14,0.1,97,0.76171875,0.075250574480591,,false
B_snapshot_z2.0_14_sigma100_stride1,B,snapshot_z2.0,2,14,0.1,98,0.76953125,0.0713082699717821,,false
B_snapshot_z2.0_14_sigma100_stride1,B,snapshot_z2.0,2,14,0.1,99,0.77734375,0.0357103392551169,,false
B_snapshot_z2.0_14_sigma100_stride1,B,snapshot_z2.0,2,14,0.1,100,0.78515625,0.0857934305432026,,false
B_snapshot_z2.0_14_sigma100_stride1,B,snapshot_z2.0,2,14,0.1,101,0.79296875,0.0887619801096473,,false
B_snapshot_z2.0_14_sigma100_stride1,B,snapshot_z2.0,2,14,0.1,102,0.80078125,0.165244274760909,,true
B_snapshot_z2.0_14_sigma100_stride1,B,snapshot_z2.0,2,14,0.1,103,0.80859375,0.15215864092059,,true
B_snapshot_z2.0_14_sigma100_stride1,B,snapshot_z2.0,2,14,0.1,104,0.81640625,0.143550898841549,,true
B_snapshot_z2.0_14_sigma100_stride1,B,snapshot_z2.0,2,14,0.1,105,0.82421875,0.0719095731044987,,false
B_snapshot_z2.0_14_sigma100_stride1,B,snapshot_z2.0,2,14,0.1,106,0.83203125,0.0694608228666716,,false
B_snapshot_z2.0_14_sigma100_stride1,B,snapshot_z2.0,2,14,0.1,107,0.83984375,0.242381109206986,,true
B_snapshot_z2.0_14_sigma100_stride1,B,snapshot_z2.0,2,14,0.1,108,0.84765625,0.13922389719167,,true
B_snapshot_z2.0_14_sigma100_stride1,B,snapshot_z2.0,2,14,0.1,109,0.85546875,0.0841924860063788,,false
B_snapshot_z2.0_14_sigma100_stride1,B,snapshot_z2.0,2,14,0.1,110,0.86328125,0.0511306042037439,,false
B_snapshot_z2.0_14_sigma100_stride1,B,snapshot_z2.0,2,14,0.1,111,0.87109375,0.112090087136499,,true
B_snapshot_z2.0_14_sigma100_stride1,B,snapshot_z2.0,2,14,0.1,112,0.87890625,0.0877773460250931,,false
B_snapshot_z2.0_14_sigma100_stride1,B,snapshot_z2.0,2,14,0.1,113,0.88671875,0.122135936746487,,true
B_snapshot_z2.0_14_sigma100_stride1,B,snapshot_z2.0,2,14,0.1,114,0.89453125,0.0602517317814176,,false
B_snapshot_z2.0_14_sigma100_stride1,B,snapshot_z2.0,2,14,0.1,115,0.90234375,0.124510538921668,,true
B_snapshot_z2.0_14_sigma100_stride1,B,snapshot_z2.0,2,14,0.1,116,0.91015625,0.146812151290055,,true
B_snapshot_z2.0_14_sigma100_stride1,B,snapshot_z2.0,2,14,0.1,117,0.91796875,0.186859597884847,,true
B_snapshot_z2.0_14_sigma100_stride1,B,snapshot_z2.0,2,14,0.1,118,0.92578125,0.0665819770668017,,false
B_snapshot_z2.0_14_sigma100_stride1,B,snapshot_z2.0,2,14,0.1,119,0.93359375,0.0404184097205362,,false
B_snapshot_z2.0_14_sigma100_stride1,B,snapshot_z2.0,2,14,0.1,120,0.94140625,0.0560546642920251,,false
B_snapshot_z2.0_14_sigma100_stride1,B,snapshot_z2.0,2,14,0.1,121,0.94921875,0.0944308891987579,,false
B_snapshot_z2.0_14_sigma100_stride1,B,snapshot_z2.0,2,14,0.1,122,0.95703125,0.057915605324414,,false
B_snapshot_z2.0_14_sigma100_stride1,B,snapshot_z2.0,2,14,0.1,123,0.96484375,0.0411378828142132,,false
B_snapshot_z2.0_14_sigma100_stride1,B,snapshot_z2.0,2,14,0.1,124,0.97265625,0.082465071295942,,false
B_snapshot_z2.0_14_sigma100_stride1,B,snapshot_z2.0,2,14,0.1,125,0.98046875,0.116257158679084,,true
B_snapshot_z2.0_14_sigma100_stride1,B,snapshot_z2.0,2,14,0.1,126,0.98828125,0.108118708772692,,true
B_snapshot_z2.0_14_sigma100_stride1,B,snapshot_z2.0,2,14,0.1,127,0.99609375,0.0610034554765553,,false
