run_id,family,seed,sigma,degree,interval,u_mid,distance
A_static_11_sigma0_stride1,A,11,0,0,0,0.00390625,0
A_static_11_sigma0_stride1,A,11,0,0,1,0.01171875,0
A_static_11_sigma0_stride1,A,11,0,0,2,0.01953125,0
A_static_11_sigma0_stride1,A,11,0,0,3,0.02734375,0
A_static_11_sigma0_stride1,A,11,0,0,4,0.03515625,0
A_static_11_sigma0_stride1,A,11,0,0,5,0.04296875,0
A_static_11_sigma0_stride1,A,11,0,0,6,0.05078125,0
A_static_11_sigma0_stride1,A,11,0,0,7,0.05859375,0
A_static_11_sigma0_stride1,A,11,0,0,8,0.06640625,0
A_static_11_sigma0_stride1,A,11,0,0,9,0.07421875,0
A_static_11_sigma0_stride1,A,11,0,0,10,0.08203125,0
A_static_11_sigma0_stride1,A,11,0,0,11,0.08984375,0
A_static_11_sigma0_stride1,A,11,0,0,12,0.09765625,0
A_static_11_sigma0_stride1,A,11,0,0,13,0.10546875,0
A_static_11_sigma0_stride1,A,11,0,0,14,0.11328125,0
A_static_11_sigma0_stride1,A,11,0,0,15,0.12109375,0
A_static_11_sigma0_stride1,A,11,0,0,16,0.12890625,0
A_static_11_sigma0_stride1,A,11,0,0,17,0.13671875,0
A_static_11_sigma0_stride1,A,11,0,0,18,0.14453125,0
A_static_11_sigma0_stride1,A,11,0,0,19,0.15234375,0
A_static_11_sigma0_stride1,A,11,0,0,20,0.16015625,0
A_static_11_sigma0_stride1,A,11,0,0,21,0.16796875,0
A_static_11_sigma0_stride1,A,11,0,0,22,0.17578125,0
A_static_11_sigma0_stride1,A,11,0,0,23,0.18359375,0
A_static_11_sigma0_stride1,A,11,0,0,24,0.19140625,0
A_static_11_sigma0_stride1,A,11,0,0,25,0.19921875,0
A_static_11_sigma0_stride1,A,11,0,0,26,0.20703125,0
A_static_11_sigma0_stride1,A,11,0,0,27,0.21484375,0
A_static_11_sigma0_stride1,A,11,0,0,28,0.22265625,0
A_static_11_sigma0_stride1,A,11,0,0,29,0.23046875,0
A_static_11_sigma0_stride1,A,11,0,0,30,0.23828125,0
A_static_11_sigma0_stride1,A,11,0,0,31,0.24609375,0
A_static_11_sigma0_stride1,A,11,0,0,32,0.25390625,0
A_static_11_sigma0_stride1,A,11,0,0,33,0.26171875,0
A_static_11_sigma0_stride1,A,11,0,0,34,0.26953125,0
A_static_11_sigma0_stride1,A,11,0,0,35,0.27734375,0
A_static_11_sigma0_stride1,A,11,0,0,36,0.28515625,0
A_static_11_sigma0_stride1,A,11,0,0,37,0.29296875,0
A_static_11_sigma0_stride1,A,11,0,0,38,0.30078125,0
A_static_11_sigma0_stride1,A,11,0,0,39,0.30859375,0
A_static_11_sigma0_stride1,A,11,0,0,40,0.31640625,0
A_static_11_sigma0_stride1,A,11,0,0,41,0.32421875,0
A_static_11_sigma0_stride1,A,11,0,0,42,0.33203125,0
A_static_11_sigma0_stride1,A,11,0,0,43,0.33984375,0
A_static_11_sigma0_stride1,A,11,0,0,44,0.34765625,0
A_static_11_sigma0_stride1,A,11,0,0,45,0.35546875,0
A_static_11_sigma0_stride1,A,11,0,0,46,0.36328125,0
A_static_11_sigma0_stride1,A,11,0,0,47,0.37109375,0
A_static_11_sigma0_stride1,A,11,0,0,48,0.37890625,0
A_static_11_sigma0_stride1,A,11,0,0,49,0.38671875,0
A_static_11_sigma0_stride1,A,11,0,0,50,0.39453125,0
A_static_11_sigma0_stride1,A,11,0,0,51,0.40234375,0
A_static_11_sigma0_stride1,A,11,0,0,52,0.41015625,0
A_static_11_sigma0_stride1,A,11,0,0,53,0.41796875,0
A_static_11_sigma0_stride1,A,11,0,0,54,0.42578125,0
A_static_11_sigma0_stride1,A,11,0,0,55,0.43359375,0
A_static_11_sigma0_stride1,A,11,0,0,56,0.44140625,0
A_static_11_sigma0_stride1,A,11,0,0,57,0.44921875,0
A_static_11_sigma0_stride1,A,11,0,0,58,0.45703125,0
A_static_11_sigma0_stride1,A,11,0,0,59,0.46484375,0
A_static_11_sigma0_stride1,A,11,0,0,60,0.47265625,0
A_static_11_sigma0_stride1,A,11,0,0,61,0.48046875,0
A_static_11_sigma0_stride1,A,11,0,0,62,0.48828125,0
A_static_11_sigma0_stride1,A,11,0,0,63,0.49609375,0
A_static_11_sigma0_stride1,A,11,0,0,64,0.50390625,0
A_static_11_sigma0_stride1,A,11,0,0,65,0.51171875,0
A_static_11_sigma0_stride1,A,11,0,0,66,0.51953125,0
A_static_11_sigma0_stride1,A,11,0,0,67,0.52734375,0
A_static_11_sigma0_stride1,A,11,0,0,68,0.53515625,0
A_static_11_sigma0_stride1,A,11,0,0,69,0.54296875,0
A_static_11_sigma0_stride1,A,11,0,0,70,0.55078125,0
A_static_11_sigma0_stride1,A,11,0,0,71,0.55859375,0
A_static_11_sigma0_stride1,A,11,0,0,72,0.56640625,0
A_static_11_sigma0_stride1,A,11,0,0,73,0.57421875,0
A_static_11_sigma0_stride1,A,11,0,0,74,0.58203125,0
A_static_11_sigma0_stride1,A,11,0,0,75,0.58984375,0
A_static_11_sigma0_stride1,A,11,0,0,76,0.59765625,0
A_static_11_sigma0_stride1,A,11,0,0,77,0.60546875,0
A_static_11_sigma0_stride1,A,11,0,0,78,0.61328125,0
A_static_11_sigma0_stride1,A,11,0,0,79,0.62109375,0
A_static_11_sigma0_stride1,A,11,0,0,80,0.62890625,0
A_static_11_sigma0_stride1,A,11,0,0,81,0.63671875,0
A_static_11_sigma0_stride1,A,11,0,0,82,0.64453125,0
A_static_11_sigma0_stride1,A,11,0,0,83,0.65234375,0
A_static_11_sigma0_stride1,A,11,0,0,84,0.66015625,0
A_static_11_sigma0_stride1,A,11,0,0,85,0.66796875,0
A_static_11_sigma0_stride1,A,11,0,0,86,0.67578125,0
A_static_11_sigma0_stride1,A,11,0,0,87,0.68359375,0
A_static_11_sigma0_stride1,A,11,0,0,88,0.69140625,0
A_static_11_sigma0_stride1,A,11,0,0,89,0.69921875,0
A_static_11_sigma0_stride1,A,11,0,0,90,0.70703125,0
A_static_11_sigma0_stride1,A,11,0,0,91,0.71484375,0
A_static_11_sigma0_stride1,A,11,0,0,92,0.72265625,0
A_static_11_sigma0_stride1,A,11,0,0,93,0.73046875,0
A_static_11_sigma0_stride1,A,11,0,0,94,0.73828125,0
A_static_11_sigma0_stride1,A,11,0,0,95,0.74609375,0
A_static_11_sigma0_stride1,A,11,0,0,96,0.75390625,0
A_static_11_sigma0_stride1,A,11,0,0,97,0.76171875,0
A_static_11_sigma0_stride1,A,11,0,0,98,0.76953125,0
A_static_11_sigma0_stride1,A,11,0,0,99,0.77734375,0
A_static_11_sigma0_stride1,A,11,0,0,100,0.78515625,0
A_static_11_sigma0_stride1,A,11,0,0,101,0.79296875,0
A_static_11_sigma0_stride1,A,11,0,0,102,0.80078125,0
A_static_11_sigma0_stride1,A,11,0,0,103,0.80859375,0
A_static_11_sigma0_stride1,A,11,0,0,104,0.81640625,0
A_static_11_sigma0_stride1,A,11,0,0,105,0.82421875,0
A_static_11_sigma0_stride1,A,11,0,0,106,0.83203125,0
A_static_11_sigma0_stride1,A,11,0,0,107,0.83984375,0
A_static_11_sigma0_stride1,A,11,0,0,108,0.84765625,0
A_static_11_sigma0_stride1,A,11,0,0,109,0.85546875,0
A_static_11_sigma0_stride1,A,11,0,0,110,0.86328125,0
A_static_11_sigma0_stride1,A,11,0,0,111,0.87109375,0
A_static_11_sigma0_stride1,A,11,0,0,112,0.87890625,0
A_static_11_sigma0_stride1,A,11,0,0,113,0.88671875,0
A_static_11_sigma0_stride1,A,11,0,0,114,0.89453125,0
A_static_11_sigma0_stride1,A,11,0,0,115,0.90234375,0
A_static_11_sigma0_stride1,A,11,0,0,116,0.91015625,0
A_static_11_sigma0_stride1,A,11,0,0,117,0.91796875,0
A_static_11_sigma0_stride1,A,11,0,0,118,0.92578125,0
A_static_11_sigma0_stride1,A,11,0,0,119,0.93359375,0
A_static_11_sigma0_stride1,A,11,0,0,120,0.94140625,0
A_static_11_sigma0_stride1,A,11,0,0,121,0.94921875,0
A_static_11_sigma0_stride1,A,11,0,0,122,0.95703125,0
A_static_11_sigma0_stride1,A,11,0,0,123,0.96484375,0
A_static_11_sigma0_stride1,A,11,0,0,124,0.97265625,0
A_static_11_sigma0_stride1,A,11,0,0,125,0.98046875,0
A_static_11_sigma0_stride1,A,11,0,0,126,0.98828125,0
A_static_11_sigma0_stride1,A,11,0,0,127,0.99609375,0
A_static_11_sigma0_stride1,A,11,0,1,0,0.00390625,0
A_static_11_sigma0_stride1,A,11,0,1,1,0.01171875,0
A_static_11_sigma0_stride1,A,11,0,1,2,0.01953125,0
A_static_11_sigma0_stride1,A,11,0,1,3,0.02734375,0
A_static_11_sigma0_stride1,A,11,0,1,4,0.03515625,0
A_static_11_sigma0_stride1,A,11,0,1,5,0.04296875,0
A_static_11_sigma0_stride1,A,11,0,1,6,0.05078125,0
A_static_11_sigma0_stride1,A,11,0,1,7,0.05859375,0
A_static_11_sigma0_stride1,A,11,0,1,8,0.06640625,0
A_static_11_sigma0_stride1,A,11,0,1,9,0.07421875,0
A_static_11_sigma0_stride1,A,11,0,1,10,0.08203125,0
A_static_11_sigma0_stride1,A,11,0,1,11,0.08984375,0
A_static_11_sigma0_stride1,A,11,0,1,12,0.09765625,0
A_static_11_sigma0_stride1,A,11,0,1,13,0.10546875,0
A_static_11_sigma0_stride1,A,11,0,1,14,0.11328125,0
A_static_11_sigma0_stride1,A,11,0,1,15,0.12109375,0
A_static_11_sigma0_stride1,A,11,0,1,16,0.12890625,0
A_static_11_sigma0_stride1,A,11,0,1,17,0.13671875,0
A_static_11_sigma0_stride1,A,11,0,1,18,0.14453125,0
A_static_11_sigma0_stride1,A,11,0,1,19,0.15234375,0
A_static_11_sigma0_stride1,A,11,0,1,20,0.16015625,0
A_static_11_sigma0_stride1,A,11,0,1,21,0.16796875,0
A_static_11_sigma0_stride1,A,11,0,1,22,0.17578125,0
A_static_11_sigma0_stride1,A,11,0,1,23,0.18359375,0
A_static_11_sigma0_stride1,A,11,0,1,24,0.19140625,0
A_static_11_sigma0_stride1,A,11,0,1,25,0.19921875,0
A_static_11_sigma0_stride1,A,11,0,1,26,0.20703125,0
A_static_11_sigma0_stride1,A,11,0,1,27,0.21484375,0
A_static_11_sigma0_stride1,A,11,0,1,28,0.22265625,0
A_static_11_sigma0_stride1,A,11,0,1,29,0.23046875,0
A_static_11_sigma0_stride1,A,11,0,1,30,0.23828125,0
A_static_11_sigma0_stride1,A,11,0,1,31,0.24609375,0
A_static_11_sigma0_stride1,A,11,0,1,32,0.25390625,0
A_static_11_sigma0_stride1,A,11,0,1,33,0.26171875,0
A_static_11_sigma0_stride1,A,11,0,1,34,0.26953125,0
A_static_11_sigma0_stride1,A,11,0,1,35,0.27734375,0
A_static_11_sigma0_stride1,A,11,0,1,36,0.28515625,0
A_static_11_sigma0_stride1,A,11,0,1,37,0.29296875,0
A_static_11_sigma0_stride1,A,11,0,1,38,0.30078125,0
A_static_11_sigma0_stride1,A,11,0,1,39,0.30859375,0
A_static_11_sigma0_stride1,A,11,0,1,40,0.31640625,0
A_static_11_sigma0_stride1,A,11,0,1,41,0.32421875,0
A_static_11_sigma0_stride1,A,11,0,1,42,0.33203125,0
A_static_11_sigma0_stride1,A,11,0,1,43,0.33984375,0
A_static_11_sigma0_stride1,A,11,0,1,44,0.34765625,0
A_static_11_sigma0_stride1,A,11,0,1,45,0.35546875,0
A_static_11_sigma0_stride1,A,11,0,1,46,0.36328125,0
A_static_11_sigma0_stride1,A,11,0,1,47,0.37109375,0
A_static_11_sigma0_stride1,A,11,0,1,48,0.37890625,0
A_static_11_sigma0_stride1,A,11,0,1,49,0.38671875,0
A_static_11_sigma0_stride1,A,11,0,1,50,0.39453125,0
A_static_11_sigma0_stride1,A,11,0,1,51,0.40234375,0
A_static_11_sigma0_stride1,A,11,0,1,52,0.41015625,0
A_static_11_sigma0_stride1,A,11,0,1,53,0.41796875,0
A_static_11_sigma0_stride1,A,11,0,1,54,0.42578125,0
A_static_11_sigma0_stride1,A,11,0,1,55,0.43359375,0
A_static_11_sigma0_stride1,A,11,0,1,56,0.44140625,0
A_static_11_sigma0_stride1,A,11,0,1,57,0.44921875,0
A_static_11_sigma0_stride1,A,11,0,1,58,0.45703125,0
A_static_11_sigma0_stride1,A,11,0,1,59,0.46484375,0
A_static_11_sigma0_stride1,A,11,0,1,60,0.47265625,0
A_static_11_sigma0_stride1,A,11,0,1,61,0.48046875,0
A_static_11_sigma0_stride1,A,11,0,1,62,0.48828125,0
A_static_11_sigma0_stride1,A,11,0,1,63,0.49609375,0
A_static_11_sigma0_stride1,A,11,0,1,64,0.50390625,0
A_static_11_sigma0_stride1,A,11,0,1,65,0.51171875,0
A_static_11_sigma0_stride1,A,11,0,1,66,0.51953125,0
A_static_11_sigma0_stride1,A,11,0,1,67,0.52734375,0
A_static_11_sigma0_stride1,A,11,0,1,68,0.53515625,0
A_static_11_sigma0_stride1,A,11,0,1,69,0.54296875,0
A_static_11_sigma0_stride1,A,11,0,1,70,0.55078125,0
A_static_11_sigma0_stride1,A,11,0,1,71,0.55859375,0
A_static_11_sigma0_stride1,A,11,0,1,72,0.56640625,0
A_static_11_sigma0_stride1,A,11,0,1,73,0.57421875,0
A_static_11_sigma0_stride1,A,11,0,1,74,0.58203125,0
A_static_11_sigma0_stride1,A,11,0,1,75,0.58984375,0
A_static_11_sigma0_stride1,A,11,0,1,76,0.59765625,0
A_static_11_sigma0_stride1,A,11,0,1,77,0.60546875,0
A_static_11_sigma0_stride1,A,11,0,1,78,0.61328125,0
A_static_11_sigma0_stride1,A,11,0,1,79,0.62109375,0
A_static_11_sigma0_stride1,A,11,0,1,80,0.62890625,0
A_static_11_sigma0_stride1,A,11,0,1,81,0.63671875,0
A_static_11_sigma0_stride1,A,11,0,1,82,0.64453125,0
A_static_11_sigma0_stride1,A,11,0,1,83,0.65234375,0
A_static_11_sigma0_stride1,A,11,0,1,84,0.66015625,0
A_static_11_sigma0_stride1,A,11,0,1,85,0.66796875,0
A_static_11_sigma0_stride1,A,11,0,1,86,0.67578125,0
A_static_11_sigma0_stride1,A,11,0,1,87,0.68359375,0
A_static_11_sigma0_stride1,A,11,0,1,88,0.69140625,0
A_static_11_sigma0_stride1,A,11,0,1,89,0.69921875,0
A_static_11_sigma0_stride1,A,11,0,1,90,0.70703125,0
A_static_11_sigma0_stride1,A,11,0,1,91,0.71484375,0
A_static_11_sigma0_stride1,A,11,0,1,92,0.72265625,0
A_static_11_sigma0_stride1,A,11,0,1,93,0.73046875,0
A_static_11_sigma0_stride1,A,11,0,1,94,0.73828125,0
A_static_11_sigma0_stride1,A,11,0,1,95,0.74609375,0
A_static_11_sigma0_stride1,A,11,0,1,96,0.75390625,0
A_static_11_sigma0_stride1,A,11,0,1,97,0.76171875,0
A_static_11_sigma0_stride1,A,11,0,1,98,0.76953125,0
A_static_11_sigma0_stride1,A,11,0,1,99,0.77734375,0
A_static_11_sigma0_stride1,A,11,0,1,100,0.78515625,0
A_static_11_sigma0_stride1,A,11,0,1,101,0.79296875,0
A_static_11_sigma0_stride1,A,11,0,1,102,0.80078125,0
A_static_11_sigma0_stride1,A,11,0,1,103,0.80859375,0
A_static_11_sigma0_stride1,A,11,0,1,104,0.81640625,0
A_static_11_sigma0_stride1,A,11,0,1,105,0.82421875,0
A_static_11_sigma0_stride1,A,11,0,1,106,0.83203125,0
A_static_11_sigma0_stride1,A,11,0,1,107,0.83984375,0
A_static_11_sigma0_stride1,A,11,0,1,108,0.84765625,0
A_static_11_sigma0_stride1,A,11,0,1,109,0.85546875,0
A_static_11_sigma0_stride1,A,11,0,1,110,0.86328125,0
A_static_11_sigma0_stride1,A,11,0,1,111,0.87109375,0
A_static_11_sigma0_stride1,A,11,0,1,112,0.87890625,0
A_static_11_sigma0_stride1,A,11,0,1,113,0.88671875,0
A_static_11_sigma0_stride1,A,11,0,1,114,0.89453125,0
A_static_11_sigma0_stride1,A,11,0,1,115,0.90234375,0
A_static_11_sigma0_stride1,A,11,0,1,116,0.91015625,0
A_static_11_sigma0_stride1,A,11,0,1,117,0.91796875,0
A_static_11_sigma0_stride1,A,11,0,1,118,0.92578125,0
A_static_11_sigma0_stride1,A,11,0,1,119,0.93359375,0
A_static_11_sigma0_stride1,A,11,0,1,120,0.94140625,0
A_static_11_sigma0_stride1,A,11,0,1,121,0.94921875,0
A_static_11_sigma0_stride1,A,11,0,1,122,0.95703125,0
A_static_11_sigma0_stride1,A,11,0,1,123,0.96484375,0
A_static_11_sigma0_stride1,A,11,0,1,124,0.97265625,0
A_static_11_sigma0_stride1,A,11,0,1,125,0.98046875,0
A_static_11_sigma0_stride1,A,11,0,1,126,0.98828125,0
A_static_11_sigma0_stride1,A,11,0,1,127,0.99609375,0
A_static_11_sigma50_stride1,A,11,0.05,0,0,0.00390625,0.0483157161965315
A_static_11_sigma50_stride1,A,11,0.05,0,1,0.01171875,0.0386687411096094
A_static_11_sigma50_stride1,A,11,0.05,0,2,0.01953125,0.0448709044301792
A_static_11_sigma50_stride1,A,11,0.05,0,3,0.02734375,0.0514329842737087
A_static_11_sigma50_stride1,A,11,0.05,0,4,0.03515625,0.0269596949288738
A_static_11_sigma50_stride1,A,11,0.05,0,5,0.04296875,0.0221982625477394
A_static_11_sigma50_stride1,A,11,0.05,0,6,0.05078125,0.0194894842286328
A_static_11_sigma50_stride1,A,11,0.05,0,7,0.05859375,0.0270995974963901
A_static_11_sigma50_stride1,A,11,0.05,0,8,0.06640625,0.0392374652768601
A_static_11_sigma50_stride1,A,11,0.05,0,9,0.07421875,0.0264207109425614
A_static_11_sigma50_stride1,A,11,0.05,0,10,0.08203125,0.0343094395779676
A_static_11_sigma50_stride1,A,11,0.05,0,11,0.08984375,0.0246155762290976
A_static_11_sigma50_stride1,A,11,0.05,0,12,0.09765625,0.0445696860873867
A_static_11_sigma50_stride1,A,11,0.05,0,13,0.10546875,0.0422533770081293
A_static_11_sigma50_stride1,A,11,0.05,0,14,0.11328125,0.0496955056604276
A_static_11_sigma50_stride1,A,11,0.05,0,15,0.12109375,0.0594537270655665
A_static_11_sigma50_stride1,A,11,0.05,0,16,0.12890625,0.0190450064255991
A_static_11_sigma50_stride1,A,11,0.05,0,17,0.13671875,0.0441620150976819
A_static_11_sigma50_stride1,A,11,0.05,0,18,0.14453125,0.0335634132087773
A_static_11_sigma50_stride1,A,11,0.05,0,19,0.15234375,0.0369523024719644
A_static_11_sigma50_stride1,A,11,0.05,0,20,0.16015625,0.0227157099759865
A_static_11_sigma50_stride1,A,11,0.05,0,21,0.16796875,0.0397342221333672
A_static_11_sigma50_stride1,A,11,0.05,0,22,0.17578125,0.0286967872993935
A_static_11_sigma50_stride1,A,11,0.05,0,23,0.18359375,0.045834095226938
A_static_11_sigma50_stride1,A,11,0.05,0,24,0.19140625,0.0342860756650425
A_static_11_sigma50_stride1,A,11,0.05,0,25,0.19921875,0.0327611070051273
A_static_11_sigma50_stride1,A,11,0.05,0,26,0.20703125,0.0264324403625121
A_static_11_sigma50_stride1,A,11,0.05,0,27,0.21484375,0.0327116209262468
A_static_11_sigma50_stride1,A,11,0.05,0,28,0.22265625,0.0214845489027523
A_static_11_sigma50_stride1,A,11,0.05,0,29,0.23046875,0.0399923028068191
A_static_11_sigma50_stride1,A,11,0.05,0,30,0.23828125,0.0344923845306114
A_static_11_sigma50_stride1,A,11,0.05,0,31,0.24609375,0.0387449883186384
A_static_11_sigma50_stride1,A,11,0.05,0,32,0.25390625,0.0406803766979263
A_static_11_sigma50_stride1,A,11,0.05,0,33,0.26171875,0.0351833388338309
A_static_11_sigma50_stride1,A,11,0.05,0,34,0.26953125,0.0294421482091155
A_static_11_sigma50_stride1,A,11,0.05,0,35,0.27734375,0.0373646826586899
A_static_11_sigma50_stride1,A,11,0.05,0,36,0.28515625,0.0299936284446304
A_static_11_sigma50_stride1,A,11,0.05,0,37,0.29296875,0.0432356745621888
A_static_11_sigma50_stride1,A,11,0.05,0,38,0.30078125,0.042073605303727
A_static_11_sigma50_stride1,A,11,0.05,0,39,0.30859375,0.0270810000300484
A_static_11_sigma50_stride1,A,11,0.05,0,40,0.31640625,0.0339432922375583
A_static_11_sigma50_stride1,A,11,0.05,0,41,0.32421875,0.0374094045141462
A_static_11_sigma50_stride1,A,11,0.05,0,42,0.33203125,0.0400661679836013
A_static_11_sigma50_stride1,A,11,0.05,0,43,0.33984375,0.0274229115264272
A_static_11_sigma50_stride1,A,11,0.05,0,44,0.34765625,0.0589894982767197
A_static_11_sigma50_stride1,A,11,0.05,0,45,0.35546875,0.0336107023708608
A_static_11_sigma50_stride1,A,11,0.05,0,46,0.36328125,0.036804269075182
A_static_11_sigma50_stride1,A,11,0.05,0,47,0.37109375,0.0243165308957614
A_static_11_sigma50_stride1,A,11,0.05,0,48,0.37890625,0.0273459548887612
A_static_11_sigma50_stride1,A,11,0.05,0,49,0.38671875,0.0278463421480042
A_static_11_sigma50_stride1,A,11,0.05,0,50,0.39453125,0.0241104642349676
A_static_11_sigma50_stride1,A,11,0.05,0,51,0.40234375,0.0505457078405882
A_static_11_sigma50_stride1,A,11,0.05,0,52,0.41015625,0.0357505688420437
A_static_11_sigma50_stride1,A,11,0.05,0,53,0.41796875,0.0420419671222845
A_static_11_sigma50_stride1,A,11,0.05,0,54,0.42578125,0.0353708319743542
A_static_11_sigma50_stride1,A,11,0.05,0,55,0.43359375,0.0295989029583596
A_static_11_sigma50_stride1,A,11,0.05,0,56,0.44140625,0.0326219359468372
A_static_11_sigma50_stride1,A,11,0.05,0,57,0.44921875,0.0305442634635315
A_static_11_sigma50_stride1,A,11,0.05,0,58,0.45703125,0.0659298413329711
A_static_11_sigma50_stride1,A,11,0.05,0,59,0.46484375,0.0301279724805123
A_static_11_sigma50_stride1,A,11,0.05,0,60,0.47265625,0.027828236169193
A_static_11_sigma50_stride1,A,11,0.05,0,61,0.48046875,0.0321056914107694
A_static_11_sigma50_stride1,A,11,0.05,0,62,0.48828125,0.0239458650918654
A_static_11_sigma50_stride1,A,11,0.05,0,63,0.49609375,0.0396744358938672
A_static_11_sigma50_stride1,A,11,0.05,0,64,0.50390625,0.0345526369543045
A_static_11_sigma50_stride1,A,11,0.05,0,65,0.51171875,0.0495981723297871
A_static_11_sigma50_stride1,A,11,0.05,0,66,0.51953125,0.0628669402777346
A_static_11_sigma50_stride1,A,11,0.05,0,67,0.52734375,0.0247293552651624
A_static_11_sigma50_stride1,A,11,0.05,0,68,0.53515625,0.0416109416418158
A_static_11_sigma50_stride1,A,11,0.05,0,69,0.54296875,0.0362076266591867
A_static_11_sigma50_stride1,A,11,0.05,0,70,0.55078125,0.0284973024190572
A_static_11_sigma50_stride1,A,11,0.05,0,71,0.55859375,0.0394714204110643
A_static_11_sigma50_stride1,A,11,0.05,0,72,0.56640625,0.0294328860955095
A_static_11_sigma50_stride1,A,11,0.05,0,73,0.57421875,0.034444592638755
A_static_11_sigma50_stride1,A,11,0.05,0,74,0.58203125,0.0291855885841419
A_static_11_sigma50_stride1,A,11,0.05,0,75,0.58984375,0.0387237605575385
A_static_11_sigma50_stride1,A,11,0.05,0,76,0.59765625,0.044978055323235
A_static_11_sigma50_stride1,A,11,0.05,0,77,0.60546875,0.0487573931446896
A_static_11_sigma50_stride1,A,11,0.05,0,78,0.61328125,0.0342583779201713
A_static_11_sigma50_stride1,A,11,0.05,0,79,0.62109375,0.0339021634336738
A_static_11_sigma50_stride1,A,11,0.05,0,80,0.62890625,0.0642126017937883
A_static_11_sigma50_stride1,A,11,0.05,0,81,0.63671875,0.0523122559848625
A_static_11_sigma50_stride1,A,11,0.05,0,82,0.64453125,0.0336257725815645
A_static_11_sigma50_stride1,A,11,0.05,0,83,0.65234375,0.0322924864552882
A_static_11_sigma50_stride1,A,11,0.05,0,84,0.66015625,0.0306063965538905
A_static_11_sigma50_stride1,A,11,0.05,0,85,0.66796875,0.0333644694120034
A_static_11_sigma50_stride1,A,11,0.05,0,86,0.67578125,0.0461595040668694
A_static_11_sigma50_stride1,A,11,0.05,0,87,0.68359375,0.0481047942440611
A_static_11_sigma50_stride1,A,11,0.05,0,88,0.69140625,0.0411034725213711
A_static_11_sigma50_stride1,A,11,0.05,0,89,0.69921875,0.051860226955918
A_static_11_sigma50_stride1,A,11,0.05,0,90,0.70703125,0.0714755523180386
A_static_11_sigma50_stride1,A,11,0.05,0,91,0.71484375,0.0521602194541068
A_static_11_sigma50_stride1,A,11,0.05,0,92,0.72265625,0.0634357822277775
A_static_11_sigma50_stride1,A,11,0.05,0,93,0.73046875,0.0533129215298042
A_static_11_sigma50_stride1,A,11,0.05,0,94,0.73828125,0.0498049395313255
A_static_11_sigma50_stride1,A,11,0.05,0,95,0.74609375,0.027031591236167
A_static_11_sigma50_stride1,A,11,0.05,0,96,0.75390625,0.0278642840348138
A_static_11_sigma50_stride1,A,11,0.05,0,97,0.76171875,0.0400594893467359
A_static_11_sigma50_stride1,A,11,0.05,0,98,0.76953125,0.0352628459821208
A_static_11_sigma50_stride1,A,11,0.05,0,99,0.77734375,0.0229560099615388
A_static_11_sigma50_stride1,A,11,0.05,0,100,0.78515625,0.0423920395966653
A_static_11_sigma50_stride1,A,11,0.05,0,101,0.79296875,0.0548668175608667
A_static_11_sigma50_stride1,A,11,0.05,0,102,0.80078125,0.0267636012241166
A_static_11_sigma50_stride1,A,11,0.05,0,103,0.80859375,0.0331417583992298
A_static_11_sigma50_stride1,A,11,0.05,0,104,0.81640625,0.0314949158425906
A_static_11_sigma50_stride1,A,11,0.05,0,105,0.82421875,0.029721931396934
A_static_11_sigma50_stride1,A,11,0.05,0,106,0.83203125,0.0284894381005294
A_static_11_sigma50_stride1,A,11,0.05,0,107,0.83984375,0.0347405353255966
A_static_11_sigma50_stride1,A,11,0.05,0,108,0.84765625,0.0376945774185327
A_static_11_sigma50_stride1,A,11,0.05,0,109,0.85546875,0.0486682508497642
A_static_11_sigma50_stride1,A,11,0.05,0,110,0.86328125,0.0484123260475652
A_static_11_sigma50_stride1,A,11,0.05,0,111,0.87109375,0.0238039011680013
A_static_11_sigma50_stride1,A,11,0.05,0,112,0.87890625,0.0408997949220916
A_static_11_sigma50_stride1,A,11,0.05,0,113,0.88671875,0.0355028291523659
A_static_11_sigma50_stride1,A,11,0.05,0,114,0.89453125,0.0411504860925082
A_static_11_sigma50_stride1,A,11,0.05,0,115,0.90234375,0.0245431218428079
A_static_11_sigma50_stride1,A,11,0.05,0,116,0.91015625,0.0392010046667612
A_static_11_sigma50_stride1,A,11,0.05,0,117,0.91796875,0.0395693217497609
A_static_11_sigma50_stride1,A,11,0.05,0,118,0.92578125,0.0465652872953857
A_static_11_sigma50_stride1,A,11,0.05,0,119,0.93359375,0.0257668388650032
A_static_11_sigma50_stride1,A,11,0.05,0,120,0.94140625,0.0431655853785997
A_static_11_sigma50_stride1,A,11,0.05,0,121,0.94921875,0.047586433890381
A_static_11_sigma50_stride1,A,11,0.05,0,122,0.95703125,0.0306136639347187
A_static_11_sigma50_stride1,A,11,0.05,0,123,0.96484375,0.0415877539010928
A_static_11_sigma50_stride1,A,11,0.05,0,124,0.97265625,0.0246357024463881
A_static_11_sigma50_stride1,A,11,0.05,0,125,0.98046875,0.0389143323976167
A_static_11_sigma50_stride1,A,11,0.05,0,126,0.98828125,0.0345904941586464
A_static_11_sigma50_stride1,A,11,0.05,0,127,0.99609375,0.0297923629481934
A_static_11_sigma50_stride1,A,11,0.05,1,0,0.00390625,0.0332184758901175
A_static_11_sigma50_stride1,A,11,0.05,1,1,0.01171875,0.0389173670228766
A_static_11_sigma50_stride1,A,11,0.05,1,2,0.01953125,0.0571377174104478
A_static_11_sigma50_stride1,A,11,0.05,1,3,0.02734375,0.0858886084390887
A_static_11_sigma50_stride1,A,11,0.05,1,4,0.03515625,0.0840143544440928
A_static_11_sigma50_stride1,A,11,0.05,1,5,0.04296875,0.0786178531976496
A_static_11_sigma50_stride1,A,11,0.05,1,6,0.05078125,0.0459841895755457
A_static_11_sigma50_stride1,A,11,0.05,1,7,0.05859375,0.0388379740369427
A_static_11_sigma50_stride1,A,11,0.05,1,8,0.06640625,0.0620205132195795
A_static_11_sigma50_stride1,A,11,0.05,1,9,0.07421875,0.0488559852560969
A_static_11_sigma50_stride1,A,11,0.05,1,10,0.08203125,0.0497185896552005
A_static_11_sigma50_stride1,A,11,0.05,1,11,0.08984375,0.0530398979628655
A_static_11_sigma50_stride1,A,11,0.05,1,12,0.09765625,0.076115622536377
A_static_11_sigma50_stride1,A,11,0.05,1,13,0.10546875,0.0568700116779297
A_static_11_sigma50_stride1,A,11,0.05,1,14,0.11328125,0.0719121649512474
A_static_11_sigma50_stride1,A,11,0.05,1,15,0.12109375,0.0600114019393502
A_static_11_sigma50_stride1,A,11,0.05,1,16,0.12890625,0.0525277435936506
A_static_11_sigma50_stride1,A,11,0.05,1,17,0.13671875,0.0634021622672782
A_static_11_sigma50_stride1,A,11,0.05,1,18,0.14453125,0.129084866123311
A_static_11_sigma50_stride1,A,11,0.05,1,19,0.15234375,0.103171716533162
A_static_11_sigma50_stride1,A,11,0.05,1,20,0.16015625,0.119996917481811
A_static_11_sigma50_stride1,A,11,0.05,1,21,0.16796875,0.105280406605519
A_static_11_sigma50_stride1,A,11,0.05,1,22,0.17578125,0.0756125324788661
A_static_11_sigma50_stride1,A,11,0.05,1,23,0.18359375,0.0483540132954159
A_static_11_sigma50_stride1,A,11,0.05,1,24,0.19140625,0.0849822396929955
A_static_11_sigma50_stride1,A,11,0.05,1,25,0.19921875,0.0512210962055825
A_static_11_sigma50_stride1,A,11,0.05,1,26,0.20703125,0.0492575706061812
A_static_11_sigma50_stride1,A,11,0.05,1,27,0.21484375,0.0749919919726394
A_static_11_sigma50_stride1,A,11,0.05,1,28,0.22265625,0.0678064525882195
A_static_11_sigma50_stride1,A,11,0.05,1,29,0.23046875,0.0940393070921923
A_static_11_sigma50_stride1,A,11,0.05,1,30,0.23828125,0.0487241348133257
A_static_11_sigma50_stride1,A,11,0.05,1,31,0.24609375,0.0480658806092165
A_static_11_sigma50_stride1,A,11,0.05,1,32,0.25390625,0.0726347692991169
A_static_11_sigma50_stride1,A,11,0.05,1,33,0.26171875,0.0829852748316212
A_static_11_sigma50_stride1,A,11,0.05,1,34,0.26953125,0.0575639136645183
A_static_11_sigma50_stride1,A,11,0.05,1,35,0.27734375,0.049394086027309
A_static_11_sigma50_stride1,A,11,0.05,1,36,0.28515625,0.0543904657564256
A_static_11_sigma50_stride1,A,11,0.05,1,37,0.29296875,0.0409934917481845
A_static_11_sigma50_stride1,A,11,0.05,1,38,0.30078125,0.0599435223962465
A_static_11_sigma50_stride1,A,11,0.05,1,39,0.30859375,0.0523388747200597
A_static_11_sigma50_stride1,A,11,0.05,1,40,0.31640625,0.0640619823764361
A_static_11_sigma50_stride1,A,11,0.05,1,41,0.32421875,0.0657505322643003
A_static_11_sigma50_stride1,A,11,0.05,1,42,0.33203125,0.0680083718084754
A_static_11_sigma50_stride1,A,11,0.05,1,43,0.33984375,0.0681240308789879
A_static_11_sigma50_stride1,A,11,0.05,1,44,0.34765625,0.0693533403274793
A_static_11_sigma50_stride1,A,11,0.05,1,45,0.35546875,0.0905729631213634
A_static_11_sigma50_stride1,A,11,0.05,1,46,0.36328125,0.0516585021701134
A_static_11_sigma50_stride1,A,11,0.05,1,47,0.37109375,0.0580023837950542
A_static_11_sigma50_stride1,A,11,0.05,1,48,0.37890625,0.0557610743798203
A_static_11_sigma50_stride1,A,11,0.05,1,49,0.38671875,0.0557610743798203
A_static_11_sigma50_stride1,A,11,0.05,1,50,0.39453125,0.0541297258436045
A_static_11_sigma50_stride1,A,11,0.05,1,51,0.40234375,0.0554169168961571
A_static_11_sigma50_stride1,A,11,0.05,1,52,0.41015625,0.0561052707204825
A_static_11_sigma50_stride1,A,11,0.05,1,53,0.41796875,0.0721022563167908
A_static_11_sigma50_stride1,A,11,0.05,1,54,0.42578125,0.0656846881517268
A_static_11_sigma50_stride1,A,11,0.05,1,55,0.43359375,0.069068924052715
A_static_11_sigma50_stride1,A,11,0.05,1,56,0.44140625,0.0569965255131549
A_static_11_sigma50_stride1,A,11,0.05,1,57,0.44921875,0.0455001773217468
A_static_11_sigma50_stride1,A,11,0.05,1,58,0.45703125,0.0582440778413265
A_static_11_sigma50_stride1,A,11,0.05,1,59,0.46484375,0.0415733444464793
A_static_11_sigma50_stride1,A,11,0.05,1,60,0.47265625,0.080187205966965
A_static_11_sigma50_stride1,A,11,0.05,1,61,0.48046875,0.0585115624138229
A_static_11_sigma50_stride1,A,11,0.05,1,62,0.48828125,0.0816854382590412
A_static_11_sigma50_stride1,A,11,0.05,1,63,0.49609375,0.101813689652248
A_static_11_sigma50_stride1,A,11,0.05,1,64,0.50390625,0.0824312457881252
A_static_11_sigma50_stride1,A,11,0.05,1,65,0.51171875,0.0679151827043484
A_static_11_sigma50_stride1,A,11,0.05,1,66,0.51953125,0.05502928020644
A_static_11_sigma50_stride1,A,11,0.05,1,67,0.52734375,0.0571405226097108
A_static_11_sigma50_stride1,A,11,0.05,1,68,0.53515625,0.0376979094620415
A_static_11_sigma50_stride1,A,11,0.05,1,69,0.54296875,0.0463239076085753
A_static_11_sigma50_stride1,A,11,0.05,1,70,0.55078125,0.0649907747458135
A_static_11_sigma50_stride1,A,11,0.05,1,71,0.55859375,0.0476080327211793
A_static_11_sigma50_stride1,A,11,0.05,1,72,0.56640625,0.0653125824094101
A_static_11_sigma50_stride1,A,11,0.05,1,73,0.57421875,0.0783948443831861
A_static_11_sigma50_stride1,A,11,0.05,1,74,0.58203125,0.0502030279482439
A_static_11_sigma50_stride1,A,11,0.05,1,75,0.58984375,0.0706006894821113
A_static_11_sigma50_stride1,A,11,0.05,1,76,0.59765625,0.0798791618574445
A_static_11_sigma50_stride1,A,11,0.05,1,77,0.60546875,0.0828526756820406
A_static_11_sigma50_stride1,A,11,0.05,1,78,0.61328125,0.101370982960075
A_static_11_sigma50_stride1,A,11,0.05,1,79,0.62109375,0.085574619892929
A_static_11_sigma50_stride1,A,11,0.05,1,80,0.62890625,0.0913422113655306
A_static_11_sigma50_stride1,A,11,0.05,1,81,0.63671875,0.0870849479158999
A_static_11_sigma50_stride1,A,11,0.05,1,82,0.64453125,0.0769122653645078
A_static_11_sigma50_stride1,A,11,0.05,1,83,0.65234375,0.0794831879442919
A_static_11_sigma50_stride1,A,11,0.05,1,84,0.66015625,0.0509390373887827
A_static_11_sigma50_stride1,A,11,0.05,1,85,0.66796875,0.0581552178617923
A_static_11_sigma50_stride1,A,11,0.05,1,86,0.67578125,0.0847651798086251
A_static_11_sigma50_stride1,A,11,0.05,1,87,0.68359375,0.0872116427772563
A_static_11_sigma50_stride1,A,11,0.05,1,88,0.69140625,0.0624616026869665
A_static_11_sigma50_stride1,A,11,0.05,1,89,0.69921875,0.0797213700758593
A_static_11_sigma50_stride1,A,11,0.05,1,90,0.70703125,0.071141375257839
A_static_11_sigma50_stride1,A,11,0.05,1,91,0.71484375,0.0486678790021577
A_static_11_sigma50_stride1,A,11,0.05,1,92,0.72265625,0.0533916977609076
A_static_11_sigma50_stride1,A,11,0.05,1,93,0.73046875,0.0568624704879604
A_static_11_sigma50_stride1,A,11,0.05,1,94,0.73828125,0.0480771906216944
A_static_11_sigma50_stride1,A,11,0.05,1,95,0.74609375,0.0389590786660763
A_static_11_sigma50_stride1,A,11,0.05,1,96,0.75390625,0.067011891024407
A_static_11_sigma50_stride1,A,11,0.05,1,97,0.76171875,0.069076515735733
A_static_11_sigma50_stride1,A,11,0.05,1,98,0.76953125,0.0856457835959334
A_static_11_sigma50_stride1,A,11,0.05,1,99,0.77734375,0.0542602229367682
A_static_11_sigma50_stride1,A,11,0.05,1,100,0.78515625,0.0721616348894354
A_static_11_sigma50_stride1,A,11,0.05,1,101,0.79296875,0.0860003978027614
A_static_11_sigma50_stride1,A,11,0.05,1,102,0.80078125,0.0776001975811453
A_static_11_sigma50_stride1,A,11,0.05,1,103,0.80859375,0.0748952335548604
A_static_11_sigma50_stride1,A,11,0.05,1,104,0.81640625,0.0524147785995344
A_static_11_sigma50_stride1,A,11,0.05,1,105,0.82421875,0.0398045300705798
A_static_11_sigma50_stride1,A,11,0.05,1,106,0.83203125,0.0385627668454146
A_static_11_sigma50_stride1,A,11,0.05,1,107,0.83984375,0.0574459518903577
A_static_11_sigma50_stride1,A,11,0.05,1,108,0.84765625,0.0709911634685441
A_static_11_sigma50_stride1,A,11,0.05,1,109,0.85546875,0.0779327854261672
A_static_11_sigma50_stride1,A,11,0.05,1,110,0.86328125,0.0638198794953544
A_static_11_sigma50_stride1,A,11,0.05,1,111,0.87109375,0.0638045894960339
A_static_11_sigma50_stride1,A,11,0.05,1,112,0.87890625,0.058926622263649
A_static_11_sigma50_stride1,A,11,0.05,1,113,0.88671875,0.0665450343396094
A_static_11_sigma50_stride1,A,11,0.05,1,114,0.89453125,0.0484263856543913
A_static_11_sigma50_stride1,A,11,0.05,1,115,0.90234375,0.0683835095626688
A_static_11_sigma50_stride1,A,11,0.05,1,116,0.91015625,0.050535559175054
A_static_11_sigma50_stride1,A,11,0.05,1,117,0.91796875,0.051995463218004
A_static_11_sigma50_stride1,A,11,0.05,1,118,0.92578125,0.0633029667739821
A_static_11_sigma50_stride1,A,11,0.05,1,119,0.93359375,0.0662867724816817
A_static_11_sigma50_stride1,A,11,0.05,1,120,0.94140625,0.0722723632238235
A_static_11_sigma50_stride1,A,11,0.05,1,121,0.94921875,0.074802716042917
A_static_11_sigma50_stride1,A,11,0.05,1,122,0.95703125,0.0646998041587415
A_static_11_sigma50_stride1,A,11,0.05,1,123,0.96484375,0.0665538857782182
A_static_11_sigma50_stride1,A,11,0.05,1,124,0.97265625,0.0631338670250805
A_static_11_sigma50_stride1,A,11,0.05,1,125,0.98046875,0.0442641295683377
A_static_11_sigma50_stride1,A,11,0.05,1,126,0.98828125,0.073474846833143
A_static_11_sigma50_stride1,A,11,0.05,1,127,0.99609375,0.111846861649299
A_static_12_sigma0_stride1,A,12,0,0,0,0.00390625,0
A_static_12_sigma0_stride1,A,12,0,0,1,0.01171875,0
A_static_12_sigma0_stride1,A,12,0,0,2,0.01953125,0
A_static_12_sigma0_stride1,A,12,0,0,3,0.02734375,0
A_static_12_sigma0_stride1,A,12,0,0,4,0.03515625,0
A_static_12_sigma0_stride1,A,12,0,0,5,0.04296875,0
A_static_12_sigma0_stride1,A,12,0,0,6,0.05078125,0
A_static_12_sigma0_stride1,A,12,0,0,7,0.05859375,0
A_static_12_sigma0_stride1,A,12,0,0,8,0.06640625,0
A_static_12_sigma0_stride1,A,12,0,0,9,0.07421875,0
A_static_12_sigma0_stride1,A,12,0,0,10,0.08203125,0
A_static_12_sigma0_stride1,A,12,0,0,11,0.08984375,0
A_static_12_sigma0_stride1,A,12,0,0,12,0.09765625,0
A_static_12_sigma0_stride1,A,12,0,0,13,0.10546875,0
A_static_12_sigma0_stride1,A,12,0,0,14,0.11328125,0
A_static_12_sigma0_stride1,A,12,0,0,15,0.12109375,0
A_static_12_sigma0_stride1,A,12,0,0,16,0.12890625,0
A_static_12_sigma0_stride1,A,12,0,0,17,0.13671875,0
A_static_12_sigma0_stride1,A,12,0,0,18,0.14453125,0
A_static_12_sigma0_stride1,A,12,0,0,19,0.15234375,0
A_static_12_sigma0_stride1,A,12,0,0,20,0.16015625,0
A_static_12_sigma0_stride1,A,12,0,0,21,0.16796875,0
A_static_12_sigma0_stride1,A,12,0,0,22,0.17578125,0
A_static_12_sigma0_stride1,A,12,0,0,23,0.18359375,0
A_static_12_sigma0_stride1,A,12,0,0,24,0.19140625,0
A_static_12_sigma0_stride1,A,12,0,0,25,0.19921875,0
A_static_12_sigma0_stride1,A,12,0,0,26,0.20703125,0
A_static_12_sigma0_stride1,A,12,0,0,27,0.21484375,0
A_static_12_sigma0_stride1,A,12,0,0,28,0.22265625,0
A_static_12_sigma0_stride1,A,12,0,0,29,0.23046875,0
A_static_12_sigma0_stride1,A,12,0,0,30,0.23828125,0
A_static_12_sigma0_stride1,A,12,0,0,31,0.24609375,0
A_static_12_sigma0_stride1,A,12,0,0,32,0.25390625,0
A_static_12_sigma0_stride1,A,12,0,0,33,0.26171875,0
A_static_12_sigma0_stride1,A,12,0,0,34,0.26953125,0
A_static_12_sigma0_stride1,A,12,0,0,35,0.27734375,0
A_static_12_sigma0_stride1,A,12,0,0,36,0.28515625,0
A_static_12_sigma0_stride1,A,12,0,0,37,0.29296875,0
A_static_12_sigma0_stride1,A,12,0,0,38,0.30078125,0
A_static_12_sigma0_stride1,A,12,0,0,39,0.30859375,0
A_static_12_sigma0_stride1,A,12,0,0,40,0.31640625,0
A_static_12_sigma0_stride1,A,12,0,0,41,0.32421875,0
A_static_12_sigma0_stride1,A,12,0,0,42,0.33203125,0
A_static_12_sigma0_stride1,A,12,0,0,43,0.33984375,0
A_static_12_sigma0_stride1,A,12,0,0,44,0.34765625,0
A_static_12_sigma0_stride1,A,12,0,0,45,0.35546875,0
A_static_12_sigma0_stride1,A,12,0,0,46,0.36328125,0
A_static_12_sigma0_stride1,A,12,0,0,47,0.37109375,0
A_static_12_sigma0_stride1,A,12,0,0,48,0.37890625,0
A_static_12_sigma0_stride1,A,12,0,0,49,0.38671875,0
A_static_12_sigma0_stride1,A,12,0,0,50,0.39453125,0
A_static_12_sigma0_stride1,A,12,0,0,51,0.40234375,0
A_static_12_sigma0_stride1,A,12,0,0,52,0.41015625,0
A_static_12_sigma0_stride1,A,12,0,0,53,0.41796875,0
A_static_12_sigma0_stride1,A,12,0,0,54,0.42578125,0
A_static_12_sigma0_stride1,A,12,0,0,55,0.43359375,0
A_static_12_sigma0_stride1,A,12,0,0,56,0.44140625,0
A_static_12_sigma0_stride1,A,12,0,0,57,0.44921875,0
A_static_12_sigma0_stride1,A,12,0,0,58,0.45703125,0
A_static_12_sigma0_stride1,A,12,0,0,59,0.46484375,0
A_static_12_sigma0_stride1,A,12,0,0,60,0.47265625,0
A_static_12_sigma0_stride1,A,12,0,0,61,0.48046875,0
A_static_12_sigma0_stride1,A,12,0,0,62,0.48828125,0
A_static_12_sigma0_stride1,A,12,0,0,63,0.49609375,0
A_static_12_sigma0_stride1,A,12,0,0,64,0.50390625,0
A_static_12_sigma0_stride1,A,12,0,0,65,0.51171875,0
A_static_12_sigma0_stride1,A,12,0,0,66,0.51953125,0
A_static_12_sigma0_stride1,A,12,0,0,67,0.52734375,0
A_static_12_sigma0_stride1,A,12,0,0,68,0.53515625,0
A_static_12_sigma0_stride1,A,12,0,0,69,0.54296875,0
A_static_12_sigma0_stride1,A,12,0,0,70,0.55078125,0
A_static_12_sigma0_stride1,A,12,0,0,71,0.55859375,0
A_static_12_sigma0_stride1,A,12,0,0,72,0.56640625,0
A_static_12_sigma0_stride1,A,12,0,0,73,0.57421875,0
A_static_12_sigma0_stride1,A,12,0,0,74,0.58203125,0
A_static_12_sigma0_stride1,A,12,0,0,75,0.58984375,0
A_static_12_sigma0_stride1,A,12,0,0,76,0.59765625,0
A_static_12_sigma0_stride1,A,12,0,0,77,0.60546875,0
A_static_12_sigma0_stride1,A,12,0,0,78,0.61328125,0
A_static_12_sigma0_stride1,A,12,0,0,79,0.62109375,0
A_static_12_sigma0_stride1,A,12,0,0,80,0.62890625,0
A_static_12_sigma0_stride1,A,12,0,0,81,0.63671875,0
A_static_12_sigma0_stride1,A,12,0,0,82,0.64453125,0
A_static_12_sigma0_stride1,A,12,0,0,83,0.65234375,0
A_static_12_sigma0_stride1,A,12,0,0,84,0.66015625,0
A_static_12_sigma0_stride1,A,12,0,0,85,0.66796875,0
A_static_12_sigma0_stride1,A,12,0,0,86,0.67578125,0
A_static_12_sigma0_stride1,A,12,0,0,87,0.68359375,0
A_static_12_sigma0_stride1,A,12,0,0,88,0.69140625,0
A_static_12_sigma0_stride1,A,12,0,0,89,0.69921875,0
A_static_12_sigma0_stride1,A,12,0,0,90,0.70703125,0
A_static_12_sigma0_stride1,A,12,0,0,91,0.71484375,0
A_static_12_sigma0_stride1,A,12,0,0,92,0.72265625,0
A_static_12_sigma0_stride1,A,12,0,0,93,0.73046875,0
A_static_12_sigma0_stride1,A,12,0,0,94,0.73828125,0
A_static_12_sigma0_stride1,A,12,0,0,95,0.74609375,0
A_static_12_sigma0_stride1,A,12,0,0,96,0.75390625,0
A_static_12_sigma0_stride1,A,12,0,0,97,0.76171875,0
A_static_12_sigma0_stride1,A,12,0,0,98,0.76953125,0
A_static_12_sigma0_stride1,A,12,0,0,99,0.77734375,0
A_static_12_sigma0_stride1,A,12,0,0,100,0.78515625,0
A_static_12_sigma0_stride1,A,12,0,0,101,0.79296875,0
A_static_12_sigma0_stride1,A,12,0,0,102,0.80078125,0
A_static_12_sigma0_stride1,A,12,0,0,103,0.80859375,0
A_static_12_sigma0_stride1,A,12,0,0,104,0.81640625,0
A_static_12_sigma0_stride1,A,12,0,0,105,0.82421875,0
A_static_12_sigma0_stride1,A,12,0,0,106,0.83203125,0
A_static_12_sigma0_stride1,A,12,0,0,107,0.83984375,0
A_static_12_sigma0_stride1,A,12,0,0,108,0.84765625,0
A_static_12_sigma0_stride1,A,12,0,0,109,0.85546875,0
A_static_12_sigma0_stride1,A,12,0,0,110,0.86328125,0
A_static_12_sigma0_stride1,A,12,0,0,111,0.87109375,0
A_static_12_sigma0_stride1,A,12,0,0,112,0.87890625,0
A_static_12_sigma0_stride1,A,12,0,0,113,0.88671875,0
A_static_12_sigma0_stride1,A,12,0,0,114,0.89453125,0
A_static_12_sigma0_stride1,A,12,0,0,115,0.90234375,0
A_static_12_sigma0_stride1,A,12,0,0,116,0.91015625,0
A_static_12_sigma0_stride1,A,12,0,0,117,0.91796875,0
A_static_12_sigma0_stride1,A,12,0,0,118,0.92578125,0
A_static_12_sigma0_stride1,A,12,0,0,119,0.93359375,0
A_static_12_sigma0_stride1,A,12,0,0,120,0.94140625,0
A_static_12_sigma0_stride1,A,12,0,0,121,0.94921875,0
A_static_12_sigma0_stride1,A,12,0,0,122,0.95703125,0
A_static_12_sigma0_stride1,A,12,0,0,123,0.96484375,0
A_static_12_sigma0_stride1,A,12,0,0,124,0.97265625,0
A_static_12_sigma0_stride1,A,12,0,0,125,0.98046875,0
A_static_12_sigma0_stride1,A,12,0,0,126,0.98828125,0
A_static_12_sigma0_stride1,A,12,0,0,127,0.99609375,0
A_static_12_sigma0_stride1,A,12,0,1,0,0.00390625,0
A_static_12_sigma0_stride1,A,12,0,1,1,0.01171875,0
A_static_12_sigma0_stride1,A,12,0,1,2,0.01953125,0
A_static_12_sigma0_stride1,A,12,0,1,3,0.02734375,0
A_static_12_sigma0_stride1,A,12,0,1,4,0.03515625,0
A_static_12_sigma0_stride1,A,12,0,1,5,0.04296875,0
A_static_12_sigma0_stride1,A,12,0,1,6,0.05078125,0
A_static_12_sigma0_stride1,A,12,0,1,7,0.05859375,0
A_static_12_sigma0_stride1,A,12,0,1,8,0.06640625,0
A_static_12_sigma0_stride1,A,12,0,1,9,0.07421875,0
A_static_12_sigma0_stride1,A,12,0,1,10,0.08203125,0
A_static_12_sigma0_stride1,A,12,0,1,11,0.08984375,0
A_static_12_sigma0_stride1,A,12,0,1,12,0.09765625,0
A_static_12_sigma0_stride1,A,12,0,1,13,0.10546875,0
A_static_12_sigma0_stride1,A,12,0,1,14,0.11328125,0
A_static_12_sigma0_stride1,A,12,0,1,15,0.12109375,0
A_static_12_sigma0_stride1,A,12,0,1,16,0.12890625,0
A_static_12_sigma0_stride1,A,12,0,1,17,0.13671875,0
A_static_12_sigma0_stride1,A,12,0,1,18,0.14453125,0
A_static_12_sigma0_stride1,A,12,0,1,19,0.15234375,0
A_static_12_sigma0_stride1,A,12,0,1,20,0.16015625,0
A_static_12_sigma0_stride1,A,12,0,1,21,0.16796875,0
A_static_12_sigma0_stride1,A,12,0,1,22,0.17578125,0
A_static_12_sigma0_stride1,A,12,0,1,23,0.18359375,0
A_static_12_sigma0_stride1,A,12,0,1,24,0.19140625,0
A_static_12_sigma0_stride1,A,12,0,1,25,0.19921875,0
A_static_12_sigma0_stride1,A,12,0,1,26,0.20703125,0
A_static_12_sigma0_stride1,A,12,0,1,27,0.21484375,0
A_static_12_sigma0_stride1,A,12,0,1,28,0.22265625,0
A_static_12_sigma0_stride1,A,12,0,1,29,0.23046875,0
A_static_12_sigma0_stride1,A,12,0,1,30,0.23828125,0
A_static_12_sigma0_stride1,A,12,0,1,31,0.24609375,0
A_static_12_sigma0_stride1,A,12,0,1,32,0.25390625,0
A_static_12_sigma0_stride1,A,12,0,1,33,0.26171875,0
A_static_12_sigma0_stride1,A,12,0,1,34,0.26953125,0
A_static_12_sigma0_stride1,A,12,0,1,35,0.27734375,0
A_static_12_sigma0_stride1,A,12,0,1,36,0.28515625,0
A_static_12_sigma0_stride1,A,12,0,1,37,0.29296875,0
A_static_12_sigma0_stride1,A,12,0,1,38,0.30078125,0
A_static_12_sigma0_stride1,A,12,0,1,39,0.30859375,0
A_static_12_sigma0_stride1,A,12,0,1,40,0.31640625,0
A_static_12_sigma0_stride1,A,12,0,1,41,0.32421875,0
A_static_12_sigma0_stride1,A,12,0,1,42,0.33203125,0
A_static_12_sigma0_stride1,A,12,0,1,43,0.33984375,0
A_static_12_sigma0_stride1,A,12,0,1,44,0.34765625,0
A_static_12_sigma0_stride1,A,12,0,1,45,0.35546875,0
A_static_12_sigma0_stride1,A,12,0,1,46,0.36328125,0
A_static_12_sigma0_stride1,A,12,0,1,47,0.37109375,0
A_static_12_sigma0_stride1,A,12,0,1,48,0.37890625,0
A_static_12_sigma0_stride1,A,12,0,1,49,0.38671875,0
A_static_12_sigma0_stride1,A,12,0,1,50,0.39453125,0
A_static_12_sigma0_stride1,A,12,0,1,51,0.40234375,0
A_static_12_sigma0_stride1,A,12,0,1,52,0.41015625,0
A_static_12_sigma0_stride1,A,12,0,1,53,0.41796875,0
A_static_12_sigma0_stride1,A,12,0,1,54,0.42578125,0
A_static_12_sigma0_stride1,A,12,0,1,55,0.43359375,0
A_static_12_sigma0_stride1,A,12,0,1,56,0.44140625,0
A_static_12_sigma0_stride1,A,12,0,1,57,0.44921875,0
A_static_12_sigma0_stride1,A,12,0,1,58,0.45703125,0
A_static_12_sigma0_stride1,A,12,0,1,59,0.46484375,0
A_static_12_sigma0_stride1,A,12,0,1,60,0.47265625,0
A_static_12_sigma0_stride1,A,12,0,1,61,0.48046875,0
A_static_12_sigma0_stride1,A,12,0,1,62,0.48828125,0
A_static_12_sigma0_stride1,A,12,0,1,63,0.49609375,0
A_static_12_sigma0_stride1,A,12,0,1,64,0.50390625,0
A_static_12_sigma0_stride1,A,12,0,1,65,0.51171875,0
A_static_12_sigma0_stride1,A,12,0,1,66,0.51953125,0
A_static_12_sigma0_stride1,A,12,0,1,67,0.52734375,0
A_static_12_sigma0_stride1,A,12,0,1,68,0.53515625,0
A_static_12_sigma0_stride1,A,12,0,1,69,0.54296875,0
A_static_12_sigma0_stride1,A,12,0,1,70,0.55078125,0
A_static_12_sigma0_stride1,A,12,0,1,71,0.55859375,0
A_static_12_sigma0_stride1,A,12,0,1,72,0.56640625,0
A_static_12_sigma0_stride1,A,12,0,1,73,0.57421875,0
A_static_12_sigma0_stride1,A,12,0,1,74,0.58203125,0
A_static_12_sigma0_stride1,A,12,0,1,75,0.58984375,0
A_static_12_sigma0_stride1,A,12,0,1,76,0.59765625,0
A_static_12_sigma0_stride1,A,12,0,1,77,0.60546875,0
A_static_12_sigma0_stride1,A,12,0,1,78,0.61328125,0
A_static_12_sigma0_stride1,A,12,0,1,79,0.62109375,0
A_static_12_sigma0_stride1,A,12,0,1,80,0.62890625,0
A_static_12_sigma0_stride1,A,12,0,1,81,0.63671875,0
A_static_12_sigma0_stride1,A,12,0,1,82,0.64453125,0
A_static_12_sigma0_stride1,A,12,0,1,83,0.65234375,0
A_static_12_sigma0_stride1,A,12,0,1,84,0.66015625,0
A_static_12_sigma0_stride1,A,12,0,1,85,0.66796875,0
A_static_12_sigma0_stride1,A,12,0,1,86,0.67578125,0
A_static_12_sigma0_stride1,A,12,0,1,87,0.68359375,0
A_static_12_sigma0_stride1,A,12,0,1,88,0.69140625,0
A_static_12_sigma0_stride1,A,12,0,1,89,0.69921875,0
A_static_12_sigma0_stride1,A,12,0,1,90,0.70703125,0
A_static_12_sigma0_stride1,A,12,0,1,91,0.71484375,0
A_static_12_sigma0_stride1,A,12,0,1,92,0.72265625,0
A_static_12_sigma0_stride1,A,12,0,1,93,0.73046875,0
A_static_12_sigma0_stride1,A,12,0,1,94,0.73828125,0
A_static_12_sigma0_stride1,A,12,0,1,95,0.74609375,0
A_static_12_sigma0_stride1,A,12,0,1,96,0.75390625,0
A_static_12_sigma0_stride1,A,12,0,1,97,0.76171875,0
A_static_12_sigma0_stride1,A,12,0,1,98,0.76953125,0
A_static_12_sigma0_stride1,A,12,0,1,99,0.77734375,0
A_static_12_sigma0_stride1,A,12,0,1,100,0.78515625,0
A_static_12_sigma0_stride1,A,12,0,1,101,0.79296875,0
A_static_12_sigma0_stride1,A,12,0,1,102,0.80078125,0
A_static_12_sigma0_stride1,A,12,0,1,103,0.80859375,0
A_static_12_sigma0_stride1,A,12,0,1,104,0.81640625,0
A_static_12_sigma0_stride1,A,12,0,1,105,0.82421875,0
A_static_12_sigma0_stride1,A,12,0,1,106,0.83203125,0
A_static_12_sigma0_stride1,A,12,0,1,107,0.83984375,0
A_static_12_sigma0_stride1,A,12,0,1,108,0.84765625,0
A_static_12_sigma0_stride1,A,12,0,1,109,0.85546875,0
A_static_12_sigma0_stride1,A,12,0,1,110,0.86328125,0
A_static_12_sigma0_stride1,A,12,0,1,111,0.87109375,0
A_static_12_sigma0_stride1,A,12,0,1,112,0.87890625,0
A_static_12_sigma0_stride1,A,12,0,1,113,0.88671875,0
A_static_12_sigma0_stride1,A,12,0,1,114,0.89453125,0
A_static_12_sigma0_stride1,A,12,0,1,115,0.90234375,0
A_static_12_sigma0_stride1,A,12,0,1,116,0.91015625,0
A_static_12_sigma0_stride1,A,12,0,1,117,0.91796875,0
A_static_12_sigma0_stride1,A,12,0,1,118,0.92578125,0
A_static_12_sigma0_stride1,A,12,0,1,119,0.93359375,0
A_static_12_sigma0_stride1,A,12,0,1,120,0.94140625,0
A_static_12_sigma0_stride1,A,12,0,1,121,0.94921875,0
A_static_12_sigma0_stride1,A,12,0,1,122,0.95703125,0
A_static_12_sigma0_stride1,A,12,0,1,123,0.96484375,0
A_static_12_sigma0_stride1,A,12,0,1,124,0.97265625,0
A_static_12_sigma0_stride1,A,12,0,1,125,0.98046875,0
A_static_12_sigma0_stride1,A,12,0,1,126,0.98828125,0
A_static_12_sigma0_stride1,A,12,0,1,127,0.99609375,0
A_static_12_sigma50_stride1,A,12,0.05,0,0,0.00390625,0.0620598946578524
A_static_12_sigma50_stride1,A,12,0.05,0,1,0.01171875,0.034674127128057
A_static_12_sigma50_stride1,A,12,0.05,0,2,0.01953125,0.0251330201962085
A_static_12_sigma50_stride1,A,12,0.05,0,3,0.02734375,0.0273196382898887
A_static_12_sigma50_stride1,A,12,0.05,0,4,0.03515625,0.0565368464308822
A_static_12_sigma50_stride1,A,12,0.05,0,5,0.04296875,0.0349055904503865
A_static_12_sigma50_stride1,A,12,0.05,0,6,0.05078125,0.0531444622316301
A_static_12_sigma50_stride1,A,12,0.05,0,7,0.05859375,0.0609625641645497
A_static_12_sigma50_stride1,A,12,0.05,0,8,0.06640625,0.0325274995766213
A_static_12_sigma50_stride1,A,12,0.05,0,9,0.07421875,0.0257360870398026
A_static_12_sigma50_stride1,A,12,0.05,0,10,0.08203125,0.040769511520385
A_static_12_sigma50_stride1,A,12,0.05,0,11,0.08984375,0.0398051522214436
A_static_12_sigma50_stride1,A,12,0.05,0,12,0.09765625,0.0294451790437622
A_static_12_sigma50_stride1,A,12,0.05,0,13,0.10546875,0.0282094339634952
A_static_12_sigma50_stride1,A,12,0.05,0,14,0.11328125,0.0318252173716599
A_static_12_sigma50_stride1,A,12,0.05,0,15,0.12109375,0.0381288092346425
A_static_12_sigma50_stride1,A,12,0.05,0,16,0.12890625,0.0403221636217376
A_static_12_sigma50_stride1,A,12,0.05,0,17,0.13671875,0.0398385660763323
A_static_12_sigma50_stride1,A,12,0.05,0,18,0.14453125,0.0340840698696463
A_static_12_sigma50_stride1,A,12,0.05,0,19,0.15234375,0.0433652625386675
A_static_12_sigma50_stride1,A,12,0.05,0,20,0.16015625,0.0183758514639581
A_static_12_sigma50_stride1,A,12,0.05,0,21,0.16796875,0.0218152349204769
A_static_12_sigma50_stride1,A,12,0.05,0,22,0.17578125,0.0306086855206611
A_static_12_sigma50_stride1,A,12,0.05,0,23,0.18359375,0.0325922193293862
A_static_12_sigma50_stride1,A,12,0.05,0,24,0.19140625,0.0390788723422494
A_static_12_sigma50_stride1,A,12,0.05,0,25,0.19921875,0.0396977671140972
A_static_12_sigma50_stride1,A,12,0.05,0,26,0.20703125,0.0418932104564411
A_static_12_sigma50_stride1,A,12,0.05,0,27,0.21484375,0.0458986048942383
A_static_12_sigma50_stride1,A,12,0.05,0,28,0.22265625,0.0491726492505392
A_static_12_sigma50_stride1,A,12,0.05,0,29,0.23046875,0.0196909555258464
A_static_12_sigma50_stride1,A,12,0.05,0,30,0.23828125,0.0458912893243362
A_static_12_sigma50_stride1,A,12,0.05,0,31,0.24609375,0.050669100196769
A_static_12_sigma50_stride1,A,12,0.05,0,32,0.25390625,0.0364488663618309
A_static_12_sigma50_stride1,A,12,0.05,0,33,0.26171875,0.0356312046806226
A_static_12_sigma50_stride1,A,12,0.05,0,34,0.26953125,0.0284500561782404
A_static_12_sigma50_stride1,A,12,0.05,0,35,0.27734375,0.050370684282478
A_static_12_sigma50_stride1,A,12,0.05,0,36,0.28515625,0.0441015128541558
A_static_12_sigma50_stride1,A,12,0.05,0,37,0.29296875,0.0356624431366601
A_static_12_sigma50_stride1,A,12,0.05,0,38,0.30078125,0.0321294034559417
A_static_12_sigma50_stride1,A,12,0.05,0,39,0.30859375,0.025257911340791
A_static_12_sigma50_stride1,A,12,0.05,0,40,0.31640625,0.0336151198441885
A_static_12_sigma50_stride1,A,12,0.05,0,41,0.32421875,0.0480195118349333
A_static_12_sigma50_stride1,A,12,0.05,0,42,0.33203125,0.0201632814631966
A_static_12_sigma50_stride1,A,12,0.05,0,43,0.33984375,0.0317743146115402
A_static_12_sigma50_stride1,A,12,0.05,0,44,0.34765625,0.043698023458436
A_static_12_sigma50_stride1,A,12,0.05,0,45,0.35546875,0.0292662242257749
A_static_12_sigma50_stride1,A,12,0.05,0,46,0.36328125,0.0337016167721592
A_static_12_sigma50_stride1,A,12,0.05,0,47,0.37109375,0.0384983778381027
A_static_12_sigma50_stride1,A,12,0.05,0,48,0.37890625,0.0486047312092478
A_static_12_sigma50_stride1,A,12,0.05,0,49,0.38671875,0.0494116598197176
A_static_12_sigma50_stride1,A,12,0.05,0,50,0.39453125,0.0373169484034104
A_static_12_sigma50_stride1,A,12,0.05,0,51,0.40234375,0.0209966756005064
A_static_12_sigma50_stride1,A,12,0.05,0,52,0.41015625,0.0337222107391357
A_static_12_sigma50_stride1,A,12,0.05,0,53,0.41796875,0.0452721952928236
A_static_12_sigma50_stride1,A,12,0.05,0,54,0.42578125,0.0275239370256414
A_static_12_sigma50_stride1,A,12,0.05,0,55,0.43359375,0.0313425369657185
A_static_12_sigma50_stride1,A,12,0.05,0,56,0.44140625,0.0420612639490076
A_static_12_sigma50_stride1,A,12,0.05,0,57,0.44921875,0.0346076012313864
A_static_12_sigma50_stride1,A,12,0.05,0,58,0.45703125,0.0375016394368211
A_static_12_sigma50_stride1,A,12,0.05,0,59,0.46484375,0.0254195590535847
A_static_12_sigma50_stride1,A,12,0.05,0,60,0.47265625,0.0524830912002295
A_static_12_sigma50_stride1,A,12,0.05,0,61,0.48046875,0.0247054431676925
A_static_12_sigma50_stride1,A,12,0.05,0,62,0.48828125,0.0315880421448069
A_static_12_sigma50_stride1,A,12,0.05,0,63,0.49609375,0.0288155800382584
A_static_12_sigma50_stride1,A,12,0.05,0,64,0.50390625,0.0340991247398518
A_static_12_sigma50_stride1,A,12,0.05,0,65,0.51171875,0.0238981356020237
A_static_12_sigma50_stride1,A,12,0.05,0,66,0.51953125,0.0382247044241684
A_static_12_sigma50_stride1,A,12,0.05,0,67,0.52734375,0.0416690266269269
A_static_12_sigma50_stride1,A,12,0.05,0,68,0.53515625,0.0252068073410898
A_static_12_sigma50_stride1,A,12,0.05,0,69,0.54296875,0.0255379154468191
A_static_12_sigma50_stride1,A,12,0.05,0,70,0.55078125,0.0264998052958545
A_static_12_sigma50_stride1,A,12,0.05,0,71,0.55859375,0.0186862005890214
A_static_12_sigma50_stride1,A,12,0.05,0,72,0.56640625,0.0253056889315983
A_static_12_sigma50_stride1,A,12,0.05,0,73,0.57421875,0.0273777683659549
A_static_12_sigma50_stride1,A,12,0.05,0,74,0.58203125,0.0392827182333368
A_static_12_sigma50_stride1,A,12,0.05,0,75,0.58984375,0.0418996837879428
A_static_12_sigma50_stride1,A,12,0.05,0,76,0.59765625,0.0223677359266203
A_static_12_sigma50_stride1,A,12,0.05,0,77,0.60546875,0.0441753889248789
A_static_12_sigma50_stride1,A,12,0.05,0,78,0.61328125,0.0531422757553026
A_static_12_sigma50_stride1,A,12,0.05,0,79,0.62109375,0.0491331684410246
A_static_12_sigma50_stride1,A,12,0.05,0,80,0.62890625,0.0367059375986161
A_static_12_sigma50_stride1,A,12,0.05,0,81,0.63671875,0.0314637873261249
A_static_12_sigma50_stride1,A,12,0.05,0,82,0.64453125,0.0552539223708432
A_static_12_sigma50_stride1,A,12,0.05,0,83,0.65234375,0.0543516901474296
A_static_12_sigma50_stride1,A,12,0.05,0,84,0.66015625,0.0482477099026731
A_static_12_sigma50_stride1,A,12,0.05,0,85,0.66796875,0.04629139625131
A_static_12_sigma50_stride1,A,12,0.05,0,86,0.67578125,0.0459175607959036
A_static_12_sigma50_stride1,A,12,0.05,0,87,0.68359375,0.0701367048218924
A_static_12_sigma50_stride1,A,12,0.05,0,88,0.69140625,0.0649098906469145
A_static_12_sigma50_stride1,A,12,0.05,0,89,0.69921875,0.0397896246576398
A_static_12_sigma50_stride1,A,12,0.05,0,90,0.70703125,0.0249771945572729
A_static_12_sigma50_stride1,A,12,0.05,0,91,0.71484375,0.0401784342505814
A_static_12_sigma50_stride1,A,12,0.05,0,92,0.72265625,0.0348876605920097
A_static_12_sigma50_stride1,A,12,0.05,0,93,0.73046875,0.0405427714085775
A_static_12_sigma50_stride1,A,12,0.05,0,94,0.73828125,0.029908215119749
A_static_12_sigma50_stride1,A,12,0.05,0,95,0.74609375,0.0547086331615133
A_static_12_sigma50_stride1,A,12,0.05,0,96,0.75390625,0.0416740140402132
A_static_12_sigma50_stride1,A,12,0.05,0,97,0.76171875,0.0469003379074267
A_static_12_sigma50_stride1,A,12,0.05,0,98,0.76953125,0.0533995306761501
A_static_12_sigma50_stride1,A,12,0.05,0,99,0.77734375,0.0219989074288858
A_static_12_sigma50_stride1,A,12,0.05,0,100,0.78515625,0.0308967738736671
A_static_12_sigma50_stride1,A,12,0.05,0,101,0.79296875,0.0361855434510318
A_static_12_sigma50_stride1,A,12,0.05,0,102,0.80078125,0.0344860084385438
A_static_12_sigma50_stride1,A,12,0.05,0,103,0.80859375,0.0379624294743596
A_static_12_sigma50_stride1,A,12,0.05,0,104,0.81640625,0.0396545737060837
A_static_12_sigma50_stride1,A,12,0.05,0,105,0.82421875,0.061873766567556
A_static_12_sigma50_stride1,A,12,0.05,0,106,0.83203125,0.067279957774135
A_static_12_sigma50_stride1,A,12,0.05,0,107,0.83984375,0.0398100682394506
A_static_12_sigma50_stride1,A,12,0.05,0,108,0.84765625,0.0336141507170585
A_static_12_sigma50_stride1,A,12,0.05,0,109,0.85546875,0.0248331366678146
A_static_12_sigma50_stride1,A,12,0.05,0,110,0.86328125,0.0258875742782932
A_static_12_sigma50_stride1,A,12,0.05,0,111,0.87109375,0.0269752943471894
A_static_12_sigma50_stride1,A,12,0.05,0,112,0.87890625,0.0330389860506547
A_static_12_sigma50_stride1,A,12,0.05,0,113,0.88671875,0.0355058769546201
A_static_12_sigma50_stride1,A,12,0.05,0,114,0.89453125,0.0261863612637573
A_static_12_sigma50_stride1,A,12,0.05,0,115,0.90234375,0.0264899151222222
A_static_12_sigma50_stride1,A,12,0.05,0,116,0.91015625,0.0426729169365961
A_static_12_sigma50_stride1,A,12,0.05,0,117,0.91796875,0.0409897172696311
A_static_12_sigma50_stride1,A,12,0.05,0,118,0.92578125,0.0330525911755633
A_static_12_sigma50_stride1,A,12,0.05,0,119,0.93359375,0.0332180025096234
A_static_12_sigma50_stride1,A,12,0.05,0,120,0.94140625,0.044271305930713
A_static_12_sigma50_stride1,A,12,0.05,0,121,0.94921875,0.0266437936095767
A_static_12_sigma50_stride1,A,12,0.05,0,122,0.95703125,0.0397754367854864
A_static_12_sigma50_stride1,A,12,0.05,0,123,0.96484375,0.0474375635342076
A_static_12_sigma50_stride1,A,12,0.05,0,124,0.97265625,0.0238911618104939
A_static_12_sigma50_stride1,A,12,0.05,0,125,0.98046875,0.0412643197996343
A_static_12_sigma50_stride1,A,12,0.05,0,126,0.98828125,0.0427354726649143
A_static_12_sigma50_stride1,A,12,0.05,0,127,0.99609375,0.0562435578926878
A_static_12_sigma50_stride1,A,12,0.05,1,0,0.00390625,0.0666522140694128
A_static_12_sigma50_stride1,A,12,0.05,1,1,0.01171875,0.0716226340043815
A_static_12_sigma50_stride1,A,12,0.05,1,2,0.01953125,0.0487967761690194
A_static_12_sigma50_stride1,A,12,0.05,1,3,0.02734375,0.100488184931618
A_static_12_sigma50_stride1,A,12,0.05,1,4,0.03515625,0.0944166882584274
A_static_12_sigma50_stride1,A,12,0.05,1,5,0.04296875,0.0940337212402383
A_static_12_sigma50_stride1,A,12,0.05,1,6,0.05078125,0.0605963535028334
A_static_12_sigma50_stride1,A,12,0.05,1,7,0.05859375,0.0623447059880735
A_static_12_sigma50_stride1,A,12,0.05,1,8,0.06640625,0.0577783844740407
A_static_12_sigma50_stride1,A,12,0.05,1,9,0.07421875,0.0773241747285742
A_static_12_sigma50_stride1,A,12,0.05,1,10,0.08203125,0.068742116689309
A_static_12_sigma50_stride1,A,12,0.05,1,11,0.08984375,0.0685753677430963
A_static_12_sigma50_stride1,A,12,0.05,1,12,0.09765625,0.0890657426906988
A_static_12_sigma50_stride1,A,12,0.05,1,13,0.10546875,0.0469060156895962
A_static_12_sigma50_stride1,A,12,0.05,1,14,0.11328125,0.071120618422376
A_static_12_sigma50_stride1,A,12,0.05,1,15,0.12109375,0.0465076181085559
A_static_12_sigma50_stride1,A,12,0.05,1,16,0.12890625,0.0547353625004047
A_static_12_sigma50_stride1,A,12,0.05,1,17,0.13671875,0.054891855258507
A_static_12_sigma50_stride1,A,12,0.05,1,18,0.14453125,0.0658764902092058
A_static_12_sigma50_stride1,A,12,0.05,1,19,0.15234375,0.0629386053192883
A_static_12_sigma50_stride1,A,12,0.05,1,20,0.16015625,0.0523259677513452
A_static_12_sigma50_stride1,A,12,0.05,1,21,0.16796875,0.0377144975188252
A_static_12_sigma50_stride1,A,12,0.05,1,22,0.17578125,0.104533208416414
A_static_12_sigma50_stride1,A,12,0.05,1,23,0.18359375,0.111348462396542
A_static_12_sigma50_stride1,A,12,0.05,1,24,0.19140625,0.0492275946713593
A_static_12_sigma50_stride1,A,12,0.05,1,25,0.19921875,0.057351995992211
A_static_12_sigma50_stride1,A,12,0.05,1,26,0.20703125,0.0711503945405083
A_static_12_sigma50_stride1,A,12,0.05,1,27,0.21484375,0.0490994979892549
A_static_12_sigma50_stride1,A,12,0.05,1,28,0.22265625,0.0491978452569153
A_static_12_sigma50_stride1,A,12,0.05,1,29,0.23046875,0.0563948145705704
A_static_12_sigma50_stride1,A,12,0.05,1,30,0.23828125,0.0742297091780303
A_static_12_sigma50_stride1,A,12,0.05,1,31,0.24609375,0.0724245313883722
A_static_12_sigma50_stride1,A,12,0.05,1,32,0.25390625,0.0688527404804753
A_static_12_sigma50_stride1,A,12,0.05,1,33,0.26171875,0.0661829620011785
A_static_12_sigma50_stride1,A,12,0.05,1,34,0.26953125,0.123022445541737
A_static_12_sigma50_stride1,A,12,0.05,1,35,0.27734375,0.0680805075586462
A_static_12_sigma50_stride1,A,12,0.05,1,36,0.28515625,0.0598142050893186
A_static_12_sigma50_stride1,A,12,0.05,1,37,0.29296875,0.116771426012388
A_static_12_sigma50_stride1,A,12,0.05,1,38,0.30078125,0.113394574564478
A_static_12_sigma50_stride1,A,12,0.05,1,39,0.30859375,0.0768614611561026
A_static_12_sigma50_stride1,A,12,0.05,1,40,0.31640625,0.0722376842729838
A_static_12_sigma50_stride1,A,12,0.05,1,41,0.32421875,0.103901466886912
A_static_12_sigma50_stride1,A,12,0.05,1,42,0.33203125,0.0649383408132642
A_static_12_sigma50_stride1,A,12,0.05,1,43,0.33984375,0.0913824014988735
A_static_12_sigma50_stride1,A,12,0.05,1,44,0.34765625,0.0441405697639374
A_static_12_sigma50_stride1,A,12,0.05,1,45,0.35546875,0.0607395359275522
A_static_12_sigma50_stride1,A,12,0.05,1,46,0.36328125,0.048087707397283
A_static_12_sigma50_stride1,A,12,0.05,1,47,0.37109375,0.0543099484544314
A_static_12_sigma50_stride1,A,12,0.05,1,48,0.37890625,0.0454700794339636
A_static_12_sigma50_stride1,A,12,0.05,1,49,0.38671875,0.0786094231323243
A_static_12_sigma50_stride1,A,12,0.05,1,50,0.39453125,0.0777092234437608
A_static_12_sigma50_stride1,A,12,0.05,1,51,0.40234375,0.0881693684322146
A_static_12_sigma50_stride1,A,12,0.05,1,52,0.41015625,0.0663024924726117
A_static_12_sigma50_stride1,A,12,0.05,1,53,0.41796875,0.052881945690234
A_static_12_sigma50_stride1,A,12,0.05,1,54,0.42578125,0.0687633774383441
A_static_12_sigma50_stride1,A,12,0.05,1,55,0.43359375,0.0613550014943485
A_static_12_sigma50_stride1,A,12,0.05,1,56,0.44140625,0.0756864316507214
A_static_12_sigma50_stride1,A,12,0.05,1,57,0.44921875,0.0779751734949279
A_static_12_sigma50_stride1,A,12,0.05,1,58,0.45703125,0.0729721549852154
A_static_12_sigma50_stride1,A,12,0.05,1,59,0.46484375,0.0871949886967418
A_static_12_sigma50_stride1,A,12,0.05,1,60,0.47265625,0.0808425831676563
A_static_12_sigma50_stride1,A,12,0.05,1,61,0.48046875,0.0869475187163633
A_static_12_sigma50_stride1,A,12,0.05,1,62,0.48828125,0.0817446449155744
A_static_12_sigma50_stride1,A,12,0.05,1,63,0.49609375,0.0542458231909093
A_static_12_sigma50_stride1,A,12,0.05,1,64,0.50390625,0.0636199825182336
A_static_12_sigma50_stride1,A,12,0.05,1,65,0.51171875,0.0521002507113107
A_static_12_sigma50_stride1,A,12,0.05,1,66,0.51953125,0.0644453333688208
A_static_12_sigma50_stride1,A,12,0.05,1,67,0.52734375,0.0677110917441977
A_static_12_sigma50_stride1,A,12,0.05,1,68,0.53515625,0.0709718700140769
A_static_12_sigma50_stride1,A,12,0.05,1,69,0.54296875,0.0666611581074908
A_static_12_sigma50_stride1,A,12,0.05,1,70,0.55078125,0.0632305617258607
A_static_12_sigma50_stride1,A,12,0.05,1,71,0.55859375,0.0996871829278443
A_static_12_sigma50_stride1,A,12,0.05,1,72,0.56640625,0.0709104000867278
A_static_12_sigma50_stride1,A,12,0.05,1,73,0.57421875,0.0816257342754552
A_static_12_sigma50_stride1,A,12,0.05,1,74,0.58203125,0.126601388937159
A_static_12_sigma50_stride1,A,12,0.05,1,75,0.58984375,0.0886969207871215
A_static_12_sigma50_stride1,A,12,0.05,1,76,0.59765625,0.0925049320605164
A_static_12_sigma50_stride1,A,12,0.05,1,77,0.60546875,0.0719374993018136
A_static_12_sigma50_stride1,A,12,0.05,1,78,0.61328125,0.0715245618274121
A_static_12_sigma50_stride1,A,12,0.05,1,79,0.62109375,0.0818007389805644
A_static_12_sigma50_stride1,A,12,0.05,1,80,0.62890625,0.0729000653402569
A_static_12_sigma50_stride1,A,12,0.05,1,81,0.63671875,0.0615536412195935
A_static_12_sigma50_stride1,A,12,0.05,1,82,0.64453125,0.0678836410574781
A_static_12_sigma50_stride1,A,12,0.05,1,83,0.65234375,0.0614700451475436
A_static_12_sigma50_stride1,A,12,0.05,1,84,0.66015625,0.0475731004796132
A_static_12_sigma50_stride1,A,12,0.05,1,85,0.66796875,0.065192982056393
A_static_12_sigma50_stride1,A,12,0.05,1,86,0.67578125,0.0506044695858575
A_static_12_sigma50_stride1,A,12,0.05,1,87,0.68359375,0.0852758727142918
A_static_12_sigma50_stride1,A,12,0.05,1,88,0.69140625,0.0967912155138799
A_static_12_sigma50_stride1,A,12,0.05,1,89,0.69921875,0.0579881462410614
A_static_12_sigma50_stride1,A,12,0.05,1,90,0.70703125,0.0539854174208761
A_static_12_sigma50_stride1,A,12,0.05,1,91,0.71484375,0.0797672719428433
A_static_12_sigma50_stride1,A,12,0.05,1,92,0.72265625,0.069334766380426
A_static_12_sigma50_stride1,A,12,0.05,1,93,0.73046875,0.0600260947394434
A_static_12_sigma50_stride1,A,12,0.05,1,94,0.73828125,0.0953021721029241
A_static_12_sigma50_stride1,A,12,0.05,1,95,0.74609375,0.113937993201919
A_static_12_sigma50_stride1,A,12,0.05,1,96,0.75390625,0.060456662301043
A_static_12_sigma50_stride1,A,12,0.05,1,97,0.76171875,0.0781920680155896
A_static_12_sigma50_stride1,A,12,0.05,1,98,0.76953125,0.0559072870395416
A_static_12_sigma50_stride1,A,12,0.05,1,99,0.77734375,0.0652938946543707
A_static_12_sigma50_stride1,A,12,0.05,1,100,0.78515625,0.0571343600769099
A_static_12_sigma50_stride1,A,12,0.05,1,101,0.79296875,0.091617665169725
A_static_12_sigma50_stride1,A,12,0.05,1,102,0.80078125,0.0863304673282594
A_static_12_sigma50_stride1,A,12,0.05,1,103,0.80859375,0.0450805133670859
A_static_12_sigma50_stride1,A,12,0.05,1,104,0.81640625,0.0559078039304398
A_static_12_sigma50_stride1,A,12,0.05,1,105,0.82421875,0.0586052578189001
A_static_12_sigma50_stride1,A,12,0.05,1,106,0.83203125,0.0632939841935819
A_static_12_sigma50_stride1,A,12,0.05,1,107,0.83984375,0.0583363313682022
A_static_12_sigma50_stride1,A,12,0.05,1,108,0.84765625,0.0762231246551283
A_static_12_sigma50_stride1,A,12,0.05,1,109,0.85546875,0.0563969961377945
A_static_12_sigma50_stride1,A,12,0.05,1,110,0.86328125,0.0629469582879261
A_static_12_sigma50_stride1,A,12,0.05,1,111,0.87109375,0.0783345565165474
A_static_12_sigma50_stride1,A,12,0.05,1,112,0.87890625,0.079444621733086
A_static_12_sigma50_stride1,A,12,0.05,1,113,0.88671875,0.115073099983975
A_static_12_sigma50_stride1,A,12,0.05,1,114,0.89453125,0.0522181155326912
A_static_12_sigma50_stride1,A,12,0.05,1,115,0.90234375,0.0645868096840453
A_static_12_sigma50_stride1,A,12,0.05,1,116,0.91015625,0.0526375477352302
A_static_12_sigma50_stride1,A,12,0.05,1,117,0.91796875,0.0680916809616499
A_static_12_sigma50_stride1,A,12,0.05,1,118,0.92578125,0.0638224871606817
A_static_12_sigma50_stride1,A,12,0.05,1,119,0.93359375,0.0581411883492735
A_static_12_sigma50_stride1,A,12,0.05,1,120,0.94140625,0.0539118396814937
A_static_12_sigma50_stride1,A,12,0.05,1,121,0.94921875,0.0772334423616287
A_static_12_sigma50_stride1,A,12,0.05,1,122,0.95703125,0.0692193354074673
A_static_12_sigma50_stride1,A,12,0.05,1,123,0.96484375,0.0693121015601388
A_static_12_sigma50_stride1,A,12,0.05,1,124,0.97265625,0.0484570262330933
A_static_12_sigma50_stride1,A,12,0.05,1,125,0.98046875,0.0650876208363411
A_static_12_sigma50_stride1,A,12,0.05,1,126,0.98828125,0.0650876208363411
A_static_12_sigma50_stride1,A,12,0.05,1,127,0.99609375,0.0752093895040413
B_static_11_sigma0_stride1,B,11,0,0,0,0.00390625,0
B_static_11_sigma0_stride1,B,11,0,0,1,0.01171875,0
B_static_11_sigma0_stride1,B,11,0,0,2,0.01953125,0
B_static_11_sigma0_stride1,B,11,0,0,3,0.02734375,0
B_static_11_sigma0_stride1,B,11,0,0,4,0.03515625,0
B_static_11_sigma0_stride1,B,11,0,0,5,0.04296875,0
B_static_11_sigma0_stride1,B,11,0,0,6,0.05078125,0
B_static_11_sigma0_stride1,B,11,0,0,7,0.05859375,0
B_static_11_sigma0_stride1,B,11,0,0,8,0.06640625,0
B_static_11_sigma0_stride1,B,11,0,0,9,0.07421875,0
B_static_11_sigma0_stride1,B,11,0,0,10,0.08203125,0
B_static_11_sigma0_stride1,B,11,0,0,11,0.08984375,0
B_static_11_sigma0_stride1,B,11,0,0,12,0.09765625,0
B_static_11_sigma0_stride1,B,11,0,0,13,0.10546875,0
B_static_11_sigma0_stride1,B,11,0,0,14,0.11328125,0
B_static_11_sigma0_stride1,B,11,0,0,15,0.12109375,0
B_static_11_sigma0_stride1,B,11,0,0,16,0.12890625,0
B_static_11_sigma0_stride1,B,11,0,0,17,0.13671875,0
B_static_11_sigma0_stride1,B,11,0,0,18,0.14453125,0
B_static_11_sigma0_stride1,B,11,0,0,19,0.15234375,0
B_static_11_sigma0_stride1,B,11,0,0,20,0.16015625,0
B_static_11_sigma0_stride1,B,11,0,0,21,0.16796875,0
B_static_11_sigma0_stride1,B,11,0,0,22,0.17578125,0
B_static_11_sigma0_stride1,B,11,0,0,23,0.18359375,0
B_static_11_sigma0_stride1,B,11,0,0,24,0.19140625,0
B_static_11_sigma0_stride1,B,11,0,0,25,0.19921875,0
B_static_11_sigma0_stride1,B,11,0,0,26,0.20703125,0
B_static_11_sigma0_stride1,B,11,0,0,27,0.21484375,0
B_static_11_sigma0_stride1,B,11,0,0,28,0.22265625,0
B_static_11_sigma0_stride1,B,11,0,0,29,0.23046875,0
B_static_11_sigma0_stride1,B,11,0,0,30,0.23828125,0
B_static_11_sigma0_stride1,B,11,0,0,31,0.24609375,0
B_static_11_sigma0_stride1,B,11,0,0,32,0.25390625,0
B_static_11_sigma0_stride1,B,11,0,0,33,0.26171875,0
B_static_11_sigma0_stride1,B,11,0,0,34,0.26953125,0
B_static_11_sigma0_stride1,B,11,0,0,35,0.27734375,0
B_static_11_sigma0_stride1,B,11,0,0,36,0.28515625,0
B_static_11_sigma0_stride1,B,11,0,0,37,0.29296875,0
B_static_11_sigma0_stride1,B,11,0,0,38,0.30078125,0
B_static_11_sigma0_stride1,B,11,0,0,39,0.30859375,0
B_static_11_sigma0_stride1,B,11,0,0,40,0.31640625,0
B_static_11_sigma0_stride1,B,11,0,0,41,0.32421875,0
B_static_11_sigma0_stride1,B,11,0,0,42,0.33203125,0
B_static_11_sigma0_stride1,B,11,0,0,43,0.33984375,0
B_static_11_sigma0_stride1,B,11,0,0,44,0.34765625,0
B_static_11_sigma0_stride1,B,11,0,0,45,0.35546875,0
B_static_11_sigma0_stride1,B,11,0,0,46,0.36328125,0
B_static_11_sigma0_stride1,B,11,0,0,47,0.37109375,0
B_static_11_sigma0_stride1,B,11,0,0,48,0.37890625,0
B_static_11_sigma0_stride1,B,11,0,0,49,0.38671875,0
B_static_11_sigma0_stride1,B,11,0,0,50,0.39453125,0
B_static_11_sigma0_stride1,B,11,0,0,51,0.40234375,0
B_static_11_sigma0_stride1,B,11,0,0,52,0.41015625,0
B_static_11_sigma0_stride1,B,11,0,0,53,0.41796875,0
B_static_11_sigma0_stride1,B,11,0,0,54,0.42578125,0
B_static_11_sigma0_stride1,B,11,0,0,55,0.43359375,0
B_static_11_sigma0_stride1,B,11,0,0,56,0.44140625,0
B_static_11_sigma0_stride1,B,11,0,0,57,0.44921875,0
B_static_11_sigma0_stride1,B,11,0,0,58,0.45703125,0
B_static_11_sigma0_stride1,B,11,0,0,59,0.46484375,0
B_static_11_sigma0_stride1,B,11,0,0,60,0.47265625,0
B_static_11_sigma0_stride1,B,11,0,0,61,0.48046875,0
B_static_11_sigma0_stride1,B,11,0,0,62,0.48828125,0
B_static_11_sigma0_stride1,B,11,0,0,63,0.49609375,0
B_static_11_sigma0_stride1,B,11,0,0,64,0.50390625,0
B_static_11_sigma0_stride1,B,11,0,0,65,0.51171875,0
B_static_11_sigma0_stride1,B,11,0,0,66,0.51953125,0
B_static_11_sigma0_stride1,B,11,0,0,67,0.52734375,0
B_static_11_sigma0_stride1,B,11,0,0,68,0.53515625,0
B_static_11_sigma0_stride1,B,11,0,0,69,0.54296875,0
B_static_11_sigma0_stride1,B,11,0,0,70,0.55078125,0
B_static_11_sigma0_stride1,B,11,0,0,71,0.55859375,0
B_static_11_sigma0_stride1,B,11,0,0,72,0.56640625,0
B_static_11_sigma0_stride1,B,11,0,0,73,0.57421875,0
B_static_11_sigma0_stride1,B,11,0,0,74,0.58203125,0
B_static_11_sigma0_stride1,B,11,0,0,75,0.58984375,0
B_static_11_sigma0_stride1,B,11,0,0,76,0.59765625,0
B_static_11_sigma0_stride1,B,11,0,0,77,0.60546875,0
B_static_11_sigma0_stride1,B,11,0,0,78,0.61328125,0
B_static_11_sigma0_stride1,B,11,0,0,79,0.62109375,0
B_static_11_sigma0_stride1,B,11,0,0,80,0.62890625,0
B_static_11_sigma0_stride1,B,11,0,0,81,0.63671875,0
B_static_11_sigma0_stride1,B,11,0,0,82,0.64453125,0
B_static_11_sigma0_stride1,B,11,0,0,83,0.65234375,0
B_static_11_sigma0_stride1,B,11,0,0,84,0.66015625,0
B_static_11_sigma0_stride1,B,11,0,0,85,0.66796875,0
B_static_11_sigma0_stride1,B,11,0,0,86,0.67578125,0
B_static_11_sigma0_stride1,B,11,0,0,87,0.68359375,0
B_static_11_sigma0_stride1,B,11,0,0,88,0.69140625,0
B_static_11_sigma0_stride1,B,11,0,0,89,0.69921875,0
B_static_11_sigma0_stride1,B,11,0,0,90,0.70703125,0
B_static_11_sigma0_stride1,B,11,0,0,91,0.71484375,0
B_static_11_sigma0_stride1,B,11,0,0,92,0.72265625,0
B_static_11_sigma0_stride1,B,11,0,0,93,0.73046875,0
B_static_11_sigma0_stride1,B,11,0,0,94,0.73828125,0
B_static_11_sigma0_stride1,B,11,0,0,95,0.74609375,0
B_static_11_sigma0_stride1,B,11,0,0,96,0.75390625,0
B_static_11_sigma0_stride1,B,11,0,0,97,0.76171875,0
B_static_11_sigma0_stride1,B,11,0,0,98,0.76953125,0
B_static_11_sigma0_stride1,B,11,0,0,99,0.77734375,0
B_static_11_sigma0_stride1,B,11,0,0,100,0.78515625,0
B_static_11_sigma0_stride1,B,11,0,0,101,0.79296875,0
B_static_11_sigma0_stride1,B,11,0,0,102,0.80078125,0
B_static_11_sigma0_stride1,B,11,0,0,103,0.80859375,0
B_static_11_sigma0_stride1,B,11,0,0,104,0.81640625,0
B_static_11_sigma0_stride1,B,11,0,0,105,0.82421875,0
B_static_11_sigma0_stride1,B,11,0,0,106,0.83203125,0
B_static_11_sigma0_stride1,B,11,0,0,107,0.83984375,0
B_static_11_sigma0_stride1,B,11,0,0,108,0.84765625,0
B_static_11_sigma0_stride1,B,11,0,0,109,0.85546875,0
B_static_11_sigma0_stride1,B,11,0,0,110,0.86328125,0
B_static_11_sigma0_stride1,B,11,0,0,111,0.87109375,0
B_static_11_sigma0_stride1,B,11,0,0,112,0.87890625,0
B_static_11_sigma0_stride1,B,11,0,0,113,0.88671875,0
B_static_11_sigma0_stride1,B,11,0,0,114,0.89453125,0
B_static_11_sigma0_stride1,B,11,0,0,115,0.90234375,0
B_static_11_sigma0_stride1,B,11,0,0,116,0.91015625,0
B_static_11_sigma0_stride1,B,11,0,0,117,0.91796875,0
B_static_11_sigma0_stride1,B,11,0,0,118,0.92578125,0
B_static_11_sigma0_stride1,B,11,0,0,119,0.93359375,0
B_static_11_sigma0_stride1,B,11,0,0,120,0.94140625,0
B_static_11_sigma0_stride1,B,11,0,0,121,0.94921875,0
B_static_11_sigma0_stride1,B,11,0,0,122,0.95703125,0
B_static_11_sigma0_stride1,B,11,0,0,123,0.96484375,0
B_static_11_sigma0_stride1,B,11,0,0,124,0.97265625,0
B_static_11_sigma0_stride1,B,11,0,0,125,0.98046875,0
B_static_11_sigma0_stride1,B,11,0,0,126,0.98828125,0
B_static_11_sigma0_stride1,B,11,0,0,127,0.99609375,0
B_static_11_sigma0_stride1,B,11,0,1,0,0.00390625,0
B_static_11_sigma0_stride1,B,11,0,1,1,0.01171875,0
B_static_11_sigma0_stride1,B,11,0,1,2,0.01953125,0
B_static_11_sigma0_stride1,B,11,0,1,3,0.02734375,0
B_static_11_sigma0_stride1,B,11,0,1,4,0.03515625,0
B_static_11_sigma0_stride1,B,11,0,1,5,0.04296875,0
B_static_11_sigma0_stride1,B,11,0,1,6,0.05078125,0
B_static_11_sigma0_stride1,B,11,0,1,7,0.05859375,0
B_static_11_sigma0_stride1,B,11,0,1,8,0.06640625,0
B_static_11_sigma0_stride1,B,11,0,1,9,0.07421875,0
B_static_11_sigma0_stride1,B,11,0,1,10,0.08203125,0
B_static_11_sigma0_stride1,B,11,0,1,11,0.08984375,0
B_static_11_sigma0_stride1,B,11,0,1,12,0.09765625,0
B_static_11_sigma0_stride1,B,11,0,1,13,0.10546875,0
B_static_11_sigma0_stride1,B,11,0,1,14,0.11328125,0
B_static_11_sigma0_stride1,B,11,0,1,15,0.12109375,0
B_static_11_sigma0_stride1,B,11,0,1,16,0.12890625,0
B_static_11_sigma0_stride1,B,11,0,1,17,0.13671875,0
B_static_11_sigma0_stride1,B,11,0,1,18,0.14453125,0
B_static_11_sigma0_stride1,B,11,0,1,19,0.15234375,0
B_static_11_sigma0_stride1,B,11,0,1,20,0.16015625,0
B_static_11_sigma0_stride1,B,11,0,1,21,0.16796875,0
B_static_11_sigma0_stride1,B,11,0,1,22,0.17578125,0
B_static_11_sigma0_stride1,B,11,0,1,23,0.18359375,0
B_static_11_sigma0_stride1,B,11,0,1,24,0.19140625,0
B_static_11_sigma0_stride1,B,11,0,1,25,0.19921875,0
B_static_11_sigma0_stride1,B,11,0,1,26,0.20703125,0
B_static_11_sigma0_stride1,B,11,0,1,27,0.21484375,0
B_static_11_sigma0_stride1,B,11,0,1,28,0.22265625,0
B_static_11_sigma0_stride1,B,11,0,1,29,0.23046875,0
B_static_11_sigma0_stride1,B,11,0,1,30,0.23828125,0
B_static_11_sigma0_stride1,B,11,0,1,31,0.24609375,0
B_static_11_sigma0_stride1,B,11,0,1,32,0.25390625,0
B_static_11_sigma0_stride1,B,11,0,1,33,0.26171875,0
B_static_11_sigma0_stride1,B,11,0,1,34,0.26953125,0
B_static_11_sigma0_stride1,B,11,0,1,35,0.27734375,0
B_static_11_sigma0_stride1,B,11,0,1,36,0.28515625,0
B_static_11_sigma0_stride1,B,11,0,1,37,0.29296875,0
B_static_11_sigma0_stride1,B,11,0,1,38,0.30078125,0
B_static_11_sigma0_stride1,B,11,0,1,39,0.30859375,0
B_static_11_sigma0_stride1,B,11,0,1,40,0.31640625,0
B_static_11_sigma0_stride1,B,11,0,1,41,0.32421875,0
B_static_11_sigma0_stride1,B,11,0,1,42,0.33203125,0
B_static_11_sigma0_stride1,B,11,0,1,43,0.33984375,0
B_static_11_sigma0_stride1,B,11,0,1,44,0.34765625,0
B_static_11_sigma0_stride1,B,11,0,1,45,0.35546875,0
B_static_11_sigma0_stride1,B,11,0,1,46,0.36328125,0
B_static_11_sigma0_stride1,B,11,0,1,47,0.37109375,0
B_static_11_sigma0_stride1,B,11,0,1,48,0.37890625,0
B_static_11_sigma0_stride1,B,11,0,1,49,0.38671875,0
B_static_11_sigma0_stride1,B,11,0,1,50,0.39453125,0
B_static_11_sigma0_stride1,B,11,0,1,51,0.40234375,0
B_static_11_sigma0_stride1,B,11,0,1,52,0.41015625,0
B_static_11_sigma0_stride1,B,11,0,1,53,0.41796875,0
B_static_11_sigma0_stride1,B,11,0,1,54,0.42578125,0
B_static_11_sigma0_stride1,B,11,0,1,55,0.43359375,0
B_static_11_sigma0_stride1,B,11,0,1,56,0.44140625,0
B_static_11_sigma0_stride1,B,11,0,1,57,0.44921875,0
B_static_11_sigma0_stride1,B,11,0,1,58,0.45703125,0
B_static_11_sigma0_stride1,B,11,0,1,59,0.46484375,0
B_static_11_sigma0_stride1,B,11,0,1,60,0.47265625,0
B_static_11_sigma0_stride1,B,11,0,1,61,0.48046875,0
B_static_11_sigma0_stride1,B,11,0,1,62,0.48828125,0
B_static_11_sigma0_stride1,B,11,0,1,63,0.49609375,0
B_static_11_sigma0_stride1,B,11,0,1,64,0.50390625,0
B_static_11_sigma0_stride1,B,11,0,1,65,0.51171875,0
B_static_11_sigma0_stride1,B,11,0,1,66,0.51953125,0
B_static_11_sigma0_stride1,B,11,0,1,67,0.52734375,0
B_static_11_sigma0_stride1,B,11,0,1,68,0.53515625,0
B_static_11_sigma0_stride1,B,11,0,1,69,0.54296875,0
B_static_11_sigma0_stride1,B,11,0,1,70,0.55078125,0
B_static_11_sigma0_stride1,B,11,0,1,71,0.55859375,0
B_static_11_sigma0_stride1,B,11,0,1,72,0.56640625,0
B_static_11_sigma0_stride1,B,11,0,1,73,0.57421875,0
B_static_11_sigma0_stride1,B,11,0,1,74,0.58203125,0
B_static_11_sigma0_stride1,B,11,0,1,75,0.58984375,0
B_static_11_sigma0_stride1,B,11,0,1,76,0.59765625,0
B_static_11_sigma0_stride1,B,11,0,1,77,0.60546875,0
B_static_11_sigma0_stride1,B,11,0,1,78,0.61328125,0
B_static_11_sigma0_stride1,B,11,0,1,79,0.62109375,0
B_static_11_sigma0_stride1,B,11,0,1,80,0.62890625,0
B_static_11_sigma0_stride1,B,11,0,1,81,0.63671875,0
B_static_11_sigma0_stride1,B,11,0,1,82,0.64453125,0
B_static_11_sigma0_stride1,B,11,0,1,83,0.65234375,0
B_static_11_sigma0_stride1,B,11,0,1,84,0.66015625,0
B_static_11_sigma0_stride1,B,11,0,1,85,0.66796875,0
B_static_11_sigma0_stride1,B,11,0,1,86,0.67578125,0
B_static_11_sigma0_stride1,B,11,0,1,87,0.68359375,0
B_static_11_sigma0_stride1,B,11,0,1,88,0.69140625,0
B_static_11_sigma0_stride1,B,11,0,1,89,0.69921875,0
B_static_11_sigma0_stride1,B,11,0,1,90,0.70703125,0
B_static_11_sigma0_stride1,B,11,0,1,91,0.71484375,0
B_static_11_sigma0_stride1,B,11,0,1,92,0.72265625,0
B_static_11_sigma0_stride1,B,11,0,1,93,0.73046875,0
B_static_11_sigma0_stride1,B,11,0,1,94,0.73828125,0
B_static_11_sigma0_stride1,B,11,0,1,95,0.74609375,0
B_static_11_sigma0_stride1,B,11,0,1,96,0.75390625,0
B_static_11_sigma0_stride1,B,11,0,1,97,0.76171875,0
B_static_11_sigma0_stride1,B,11,0,1,98,0.76953125,0
B_static_11_sigma0_stride1,B,11,0,1,99,0.77734375,0
B_static_11_sigma0_stride1,B,11,0,1,100,0.78515625,0
B_static_11_sigma0_stride1,B,11,0,1,101,0.79296875,0
B_static_11_sigma0_stride1,B,11,0,1,102,0.80078125,0
B_static_11_sigma0_stride1,B,11,0,1,103,0.80859375,0
B_static_11_sigma0_stride1,B,11,0,1,104,0.81640625,0
B_static_11_sigma0_stride1,B,11,0,1,105,0.82421875,0
B_static_11_sigma0_stride1,B,11,0,1,106,0.83203125,0
B_static_11_sigma0_stride1,B,11,0,1,107,0.83984375,0
B_static_11_sigma0_stride1,B,11,0,1,108,0.84765625,0
B_static_11_sigma0_stride1,B,11,0,1,109,0.85546875,0
B_static_11_sigma0_stride1,B,11,0,1,110,0.86328125,0
B_static_11_sigma0_stride1,B,11,0,1,111,0.87109375,0
B_static_11_sigma0_stride1,B,11,0,1,112,0.87890625,0
B_static_11_sigma0_stride1,B,11,0,1,113,0.88671875,0
B_static_11_sigma0_stride1,B,11,0,1,114,0.89453125,0
B_static_11_sigma0_stride1,B,11,0,1,115,0.90234375,0
B_static_11_sigma0_stride1,B,11,0,1,116,0.91015625,0
B_static_11_sigma0_stride1,B,11,0,1,117,0.91796875,0
B_static_11_sigma0_stride1,B,11,0,1,118,0.92578125,0
B_static_11_sigma0_stride1,B,11,0,1,119,0.93359375,0
B_static_11_sigma0_stride1,B,11,0,1,120,0.94140625,0
B_static_11_sigma0_stride1,B,11,0,1,121,0.94921875,0
B_static_11_sigma0_stride1,B,11,0,1,122,0.95703125,0
B_static_11_sigma0_stride1,B,11,0,1,123,0.96484375,0
B_static_11_sigma0_stride1,B,11,0,1,124,0.97265625,0
B_static_11_sigma0_stride1,B,11,0,1,125,0.98046875,0
B_static_11_sigma0_stride1,B,11,0,1,126,0.98828125,0
B_static_11_sigma0_stride1,B,11,0,1,127,0.99609375,0
B_static_11_sigma50_stride1,B,11,0.05,0,0,0.00390625,0.0259212726957909
B_static_11_sigma50_stride1,B,11,0.05,0,1,0.01171875,0.0725942636298554
B_static_11_sigma50_stride1,B,11,0.05,0,2,0.01953125,0.0210264004149965
B_static_11_sigma50_stride1,B,11,0.05,0,3,0.02734375,0.034535330918026
B_static_11_sigma50_stride1,B,11,0.05,0,4,0.03515625,0.0241720561211109
B_static_11_sigma50_stride1,B,11,0.05,0,5,0.04296875,0.0228280501492058
B_static_11_sigma50_stride1,B,11,0.05,0,6,0.05078125,0.0244796329517963
B_static_11_sigma50_stride1,B,11,0.05,0,7,0.05859375,0.0379097816635712
B_static_11_sigma50_stride1,B,11,0.05,0,8,0.06640625,0.0386659778666839
B_static_11_sigma50_stride1,B,11,0.05,0,9,0.07421875,0.0405335276977628
B_static_11_sigma50_stride1,B,11,0.05,0,10,0.08203125,0.0336003429342102
B_static_11_sigma50_stride1,B,11,0.05,0,11,0.08984375,0.0153524125757315
B_static_11_sigma50_stride1,B,11,0.05,0,12,0.09765625,0.0317395209080675
B_static_11_sigma50_stride1,B,11,0.05,0,13,0.10546875,0.049281045353445
B_static_11_sigma50_stride1,B,11,0.05,0,14,0.11328125,0.023387873946906
B_static_11_sigma50_stride1,B,11,0.05,0,15,0.12109375,0.0270531482386581
B_static_11_sigma50_stride1,B,11,0.05,0,16,0.12890625,0.0247490986757631
B_static_11_sigma50_stride1,B,11,0.05,0,17,0.13671875,0.0248299128654068
B_static_11_sigma50_stride1,B,11,0.05,0,18,0.14453125,0.0261010600660478
B_static_11_sigma50_stride1,B,11,0.05,0,19,0.15234375,0.0193900699718672
B_static_11_sigma50_stride1,B,11,0.05,0,20,0.16015625,0.0191474763727446
B_static_11_sigma50_stride1,B,11,0.05,0,21,0.16796875,0.0399859548103806
B_static_11_sigma50_stride1,B,11,0.05,0,22,0.17578125,0.0753031521015257
B_static_11_sigma50_stride1,B,11,0.05,0,23,0.18359375,0.0367980696865877
B_static_11_sigma50_stride1,B,11,0.05,0,24,0.19140625,0.0406381034693582
B_static_11_sigma50_stride1,B,11,0.05,0,25,0.19921875,0.0184196196224849
B_static_11_sigma50_stride1,B,11,0.05,0,26,0.20703125,0.0237629452428632
B_static_11_sigma50_stride1,B,11,0.05,0,27,0.21484375,0.029252377014224
B_static_11_sigma50_stride1,B,11,0.05,0,28,0.22265625,0.0328622284003537
B_static_11_sigma50_stride1,B,11,0.05,0,29,0.23046875,0.0253752685963486
B_static_11_sigma50_stride1,B,11,0.05,0,30,0.23828125,0.0201077797043391
B_static_11_sigma50_stride1,B,11,0.05,0,31,0.24609375,0.0180743118596836
B_static_11_sigma50_stride1,B,11,0.05,0,32,0.25390625,0.0228040296782484
B_static_11_sigma50_stride1,B,11,0.05,0,33,0.26171875,0.0172820219505938
B_static_11_sigma50_stride1,B,11,0.05,0,34,0.26953125,0.0312382397373266
B_static_11_sigma50_stride1,B,11,0.05,0,35,0.27734375,0.0393986556625898
B_static_11_sigma50_stride1,B,11,0.05,0,36,0.28515625,0.0539442178788976
B_static_11_sigma50_stride1,B,11,0.05,0,37,0.29296875,0.0215230195596459
B_static_11_sigma50_stride1,B,11,0.05,0,38,0.30078125,0.0481778870071728
B_static_11_sigma50_stride1,B,11,0.05,0,39,0.30859375,0.0468869137384229
B_static_11_sigma50_stride1,B,11,0.05,0,40,0.31640625,0.0333043959736709
B_static_11_sigma50_stride1,B,11,0.05,0,41,0.32421875,0.0335957624569172
B_static_11_sigma50_stride1,B,11,0.05,0,42,0.33203125,0.0322288262752899
B_static_11_sigma50_stride1,B,11,0.05,0,43,0.33984375,0.0649814866819196
B_static_11_sigma50_stride1,B,11,0.05,0,44,0.34765625,0.0387918297260007
B_static_11_sigma50_stride1,B,11,0.05,0,45,0.35546875,0.0224783890883887
B_static_11_sigma50_stride1,B,11,0.05,0,46,0.36328125,0.0232821457630789
B_static_11_sigma50_stride1,B,11,0.05,0,47,0.37109375,0.051107853221017
B_static_11_sigma50_stride1,B,11,0.05,0,48,0.37890625,0.0262564388477255
B_static_11_sigma50_stride1,B,11,0.05,0,49,0.38671875,0.0188645024998431
B_static_11_sigma50_stride1,B,11,0.05,0,50,0.39453125,0.0320067644301936
B_static_11_sigma50_stride1,B,11,0.05,0,51,0.40234375,0.019457348783889
B_static_11_sigma50_stride1,B,11,0.05,0,52,0.41015625,0.0349744052569572
B_static_11_sigma50_stride1,B,11,0.05,0,53,0.41796875,0.0349744052569572
B_static_11_sigma50_stride1,B,11,0.05,0,54,0.42578125,0.0224493481036977
B_static_11_sigma50_stride1,B,11,0.05,0,55,0.43359375,0.0303716635083054
B_static_11_sigma50_stride1,B,11,0.05,0,56,0.44140625,0.0299473574146845
B_static_11_sigma50_stride1,B,11,0.05,0,57,0.44921875,0.019979729192172
B_static_11_sigma50_stride1,B,11,0.05,0,58,0.45703125,0.0363400358648724
B_static_11_sigma50_stride1,B,11,0.05,0,59,0.46484375,0.0317637974958342
B_static_11_sigma50_stride1,B,11,0.05,0,60,0.47265625,0.030881185703617
B_static_11_sigma50_stride1,B,11,0.05,0,61,0.48046875,0.0297831038395358
B_static_11_sigma50_stride1,B,11,0.05,0,62,0.48828125,0.0297831038395358
B_static_11_sigma50_stride1,B,11,0.05,0,63,0.49609375,0.0269019340264376
B_static_11_sigma50_stride1,B,11,0.05,0,64,0.50390625,0.0217775897467541
B_static_11_sigma50_stride1,B,11,0.05,0,65,0.51171875,0.0448292371223141
B_static_11_sigma50_stride1,B,11,0.05,0,66,0.51953125,0.0370786655191218
B_static_11_sigma50_stride1,B,11,0.05,0,67,0.52734375,0.0320403644975044
B_static_11_sigma50_stride1,B,11,0.05,0,68,0.53515625,0.0199834409271742
B_static_11_sigma50_stride1,B,11,0.05,0,69,0.54296875,0.0223215592902151
B_static_11_sigma50_stride1,B,11,0.05,0,70,0.55078125,0.0251659890402969
B_static_11_sigma50_stride1,B,11,0.05,0,71,0.55859375,0.0250154991946547
B_static_11_sigma50_stride1,B,11,0.05,0,72,0.56640625,0.048267241804011
B_static_11_sigma50_stride1,B,11,0.05,0,73,0.57421875,0.0497041989039072
B_static_11_sigma50_stride1,B,11,0.05,0,74,0.58203125,0.0385129219617189
B_static_11_sigma50_stride1,B,11,0.05,0,75,0.58984375,0.0532953329706256
B_static_11_sigma50_stride1,B,11,0.05,0,76,0.59765625,0.053497404285259
B_static_11_sigma50_stride1,B,11,0.05,0,77,0.60546875,0.0271741727637824
B_static_11_sigma50_stride1,B,11,0.05,0,78,0.61328125,0.0353294779575461
B_static_11_sigma50_stride1,B,11,0.05,0,79,0.62109375,0.0243344131762761
B_static_11_sigma50_stride1,B,11,0.05,0,80,0.62890625,0.0241757254882958
B_static_11_sigma50_stride1,B,11,0.05,0,81,0.63671875,0.0224663330590751
B_static_11_sigma50_stride1,B,11,0.05,0,82,0.64453125,0.0410897089012165
B_static_11_sigma50_stride1,B,11,0.05,0,83,0.65234375,0.032251820704833
B_static_11_sigma50_stride1,B,11,0.05,0,84,0.66015625,0.0280169065145899
B_static_11_sigma50_stride1,B,11,0.05,0,85,0.66796875,0.0258100400690508
B_static_11_sigma50_stride1,B,11,0.05,0,86,0.67578125,0.0337156851865113
B_static_11_sigma50_stride1,B,11,0.05,0,87,0.68359375,0.0613038815341808
B_static_11_sigma50_stride1,B,11,0.05,0,88,0.69140625,0.031720261833716
B_static_11_sigma50_stride1,B,11,0.05,0,89,0.69921875,0.0376813263491686
B_static_11_sigma50_stride1,B,11,0.05,0,90,0.70703125,0.0320188059048694
B_static_11_sigma50_stride1,B,11,0.05,0,91,0.71484375,0.022960009921658
B_static_11_sigma50_stride1,B,11,0.05,0,92,0.72265625,0.0208418501334699
B_static_11_sigma50_stride1,B,11,0.05,0,93,0.73046875,0.0203229739430021
B_static_11_sigma50_stride1,B,11,0.05,0,94,0.73828125,0.0458887187612995
B_static_11_sigma50_stride1,B,11,0.05,0,95,0.74609375,0.0250724992082924
B_static_11_sigma50_stride1,B,11,0.05,0,96,0.75390625,0.0217273933182548
B_static_11_sigma50_stride1,B,11,0.05,0,97,0.76171875,0.0517152410955465
B_static_11_sigma50_stride1,B,11,0.05,0,98,0.76953125,0.0629187602804742
B_static_11_sigma50_stride1,B,11,0.05,0,99,0.77734375,0.0775340156281997
B_static_11_sigma50_stride1,B,11,0.05,0,100,0.78515625,0.0184358257498715
B_static_11_sigma50_stride1,B,11,0.05,0,101,0.79296875,0.0219624409232106
B_static_11_sigma50_stride1,B,11,0.05,0,102,0.80078125,0.0413251800164553
B_static_11_sigma50_stride1,B,11,0.05,0,103,0.80859375,0.0354105219843996
B_static_11_sigma50_stride1,B,11,0.05,0,104,0.81640625,0.0507579475845067
B_static_11_sigma50_stride1,B,11,0.05,0,105,0.82421875,0.0360813461001429
B_static_11_sigma50_stride1,B,11,0.05,0,106,0.83203125,0.025561431836548
B_static_11_sigma50_stride1,B,11,0.05,0,107,0.83984375,0.026457395926572
B_static_11_sigma50_stride1,B,11,0.05,0,108,0.84765625,0.0294728874152562
B_static_11_sigma50_stride1,B,11,0.05,0,109,0.85546875,0.0370812679557259
B_static_11_sigma50_stride1,B,11,0.05,0,110,0.86328125,0.0467010922837417
B_static_11_sigma50_stride1,B,11,0.05,0,111,0.87109375,0.0600874797362004
B_static_11_sigma50_stride1,B,11,0.05,0,112,0.87890625,0.0194142546476227
B_static_11_sigma50_stride1,B,11,0.05,0,113,0.88671875,0.0299276933460652
B_static_11_sigma50_stride1,B,11,0.05,0,114,0.89453125,0.0262704833811847
B_static_11_sigma50_stride1,B,11,0.05,0,115,0.90234375,0.0272751521955005
B_static_11_sigma50_stride1,B,11,0.05,0,116,0.91015625,0.0231730544672152
B_static_11_sigma50_stride1,B,11,0.05,0,117,0.91796875,0.0361443303149406
B_static_11_sigma50_stride1,B,11,0.05,0,118,0.92578125,0.0393989326677119
B_static_11_sigma50_stride1,B,11,0.05,0,119,0.93359375,0.0267304279754507
B_static_11_sigma50_stride1,B,11,0.05,0,120,0.94140625,0.0171911880408779
B_static_11_sigma50_stride1,B,11,0.05,0,121,0.94921875,0.0333783930073079
B_static_11_sigma50_stride1,B,11,0.05,0,122,0.95703125,0.0498931533691812
B_static_11_sigma50_stride1,B,11,0.05,0,123,0.96484375,0.0423245179598739
B_static_11_sigma50_stride1,B,11,0.05,0,124,0.97265625,0.0343363609576505
B_static_11_sigma50_stride1,B,11,0.05,0,125,0.98046875,0.0333714693261661
B_static_11_sigma50_stride1,B,11,0.05,0,126,0.98828125,0.0224448841787545
B_static_11_sigma50_stride1,B,11,0.05,0,127,0.99609375,0.0232469017391523
B_static_11_sigma50_stride1,B,11,0.05,1,0,0.00390625,0.0211091305955662
B_static_11_sigma50_stride1,B,11,0.05,1,1,0.01171875,0.0279688077243084
B_static_11_sigma50_stride1,B,11,0.05,1,2,0.01953125,0.0492634284151362
B_static_11_sigma50_stride1,B,11,0.05,1,3,0.02734375,0.0329023136568782
B_static_11_sigma50_stride1,B,11,0.05,1,4,0.03515625,0.0185104507334096
B_static_11_sigma50_stride1,B,11,0.05,1,5,0.04296875,0.027165040991274
B_static_11_sigma50_stride1,B,11,0.05,1,6,0.05078125,0.0476887326944335
B_static_11_sigma50_stride1,B,11,0.05,1,7,0.05859375,0.0369041423870461
B_static_11_sigma50_stride1,B,11,0.05,1,8,0.06640625,0.025564060859527
B_static_11_sigma50_stride1,B,11,0.05,1,9,0.07421875,0.0261993496585303
B_static_11_sigma50_stride1,B,11,0.05,1,10,0.08203125,0.0289059556640568
B_static_11_sigma50_stride1,B,11,0.05,1,11,0.08984375,0.0391275353151536
B_static_11_sigma50_stride1,B,11,0.05,1,12,0.09765625,0.043441067081686
B_static_11_sigma50_stride1,B,11,0.05,1,13,0.10546875,0.0298312441457506
B_static_11_sigma50_stride1,B,11,0.05,1,14,0.11328125,0.0259886076923594
B_static_11_sigma50_stride1,B,11,0.05,1,15,0.12109375,0.0407614451904233
B_static_11_sigma50_stride1,B,11,0.05,1,16,0.12890625,0.0329550958551301
B_static_11_sigma50_stride1,B,11,0.05,1,17,0.13671875,0.0496136634391582
B_static_11_sigma50_stride1,B,11,0.05,1,18,0.14453125,0.0309783169299299
B_static_11_sigma50_stride1,B,11,0.05,1,19,0.15234375,0.0248542329516762
B_static_11_sigma50_stride1,B,11,0.05,1,20,0.16015625,0.0230034611715184
B_static_11_sigma50_stride1,B,11,0.05,1,21,0.16796875,0.0265519058191806
B_static_11_sigma50_stride1,B,11,0.05,1,22,0.17578125,0.0301892451286344
B_static_11_sigma50_stride1,B,11,0.05,1,23,0.18359375,0.0301892451286344
B_static_11_sigma50_stride1,B,11,0.05,1,24,0.19140625,0.0284074108475564
B_static_11_sigma50_stride1,B,11,0.05,1,25,0.19921875,0.0231913514202131
B_static_11_sigma50_stride1,B,11,0.05,1,26,0.20703125,0.0468185292231576
B_static_11_sigma50_stride1,B,11,0.05,1,27,0.21484375,0.0468185292231576
B_static_11_sigma50_stride1,B,11,0.05,1,28,0.22265625,0.0371379464955605
B_static_11_sigma50_stride1,B,11,0.05,1,29,0.23046875,0.028913722610787
B_static_11_sigma50_stride1,B,11,0.05,1,30,0.23828125,0.0232829191622743
B_static_11_sigma50_stride1,B,11,0.05,1,31,0.24609375,0.0261990538198975
B_static_11_sigma50_stride1,B,11,0.05,1,32,0.25390625,0.0361969213770429
B_static_11_sigma50_stride1,B,11,0.05,1,33,0.26171875,0.0325336896841585
B_static_11_sigma50_stride1,B,11,0.05,1,34,0.26953125,0.0417540728400805
B_static_11_sigma50_stride1,B,11,0.05,1,35,0.27734375,0.0471675857412134
B_static_11_sigma50_stride1,B,11,0.05,1,36,0.28515625,0.0296265996107537
B_static_11_sigma50_stride1,B,11,0.05,1,37,0.29296875,0.0372071832043328
B_static_11_sigma50_stride1,B,11,0.05,1,38,0.30078125,0.0205073604428583
B_static_11_sigma50_stride1,B,11,0.05,1,39,0.30859375,0.0366142735317868
B_static_11_sigma50_stride1,B,11,0.05,1,40,0.31640625,0.027769764943877
B_static_11_sigma50_stride1,B,11,0.05,1,41,0.32421875,0.0303831742708582
B_static_11_sigma50_stride1,B,11,0.05,1,42,0.33203125,0.0377761962568431
B_static_11_sigma50_stride1,B,11,0.05,1,43,0.33984375,0.0286255533939519
B_static_11_sigma50_stride1,B,11,0.05,1,44,0.34765625,0.0212089734905442
B_static_11_sigma50_stride1,B,11,0.05,1,45,0.35546875,0.0213829997532842
B_static_11_sigma50_stride1,B,11,0.05,1,46,0.36328125,0.0259229529334872
B_static_11_sigma50_stride1,B,11,0.05,1,47,0.37109375,0.0315507888182388
B_static_11_sigma50_stride1,B,11,0.05,1,48,0.37890625,0.0363737647662282
B_static_11_sigma50_stride1,B,11,0.05,1,49,0.38671875,0.0558008281415123
B_static_11_sigma50_stride1,B,11,0.05,1,50,0.39453125,0.0507644537694688
B_static_11_sigma50_stride1,B,11,0.05,1,51,0.40234375,0.0445603217942848
B_static_11_sigma50_stride1,B,11,0.05,1,52,0.41015625,0.0532816497536474
B_static_11_sigma50_stride1,B,11,0.05,1,53,0.41796875,0.0527320414089686
B_static_11_sigma50_stride1,B,11,0.05,1,54,0.42578125,0.0397425556058901
B_static_11_sigma50_stride1,B,11,0.05,1,55,0.43359375,0.0397425556058901
B_static_11_sigma50_stride1,B,11,0.05,1,56,0.44140625,0.0375040913718432
B_static_11_sigma50_stride1,B,11,0.05,1,57,0.44921875,0.0341562880383941
B_static_11_sigma50_stride1,B,11,0.05,1,58,0.45703125,0.0445304156899042
B_static_11_sigma50_stride1,B,11,0.05,1,59,0.46484375,0.0420141809491739
B_static_11_sigma50_stride1,B,11,0.05,1,60,0.47265625,0.0292853334052081
B_static_11_sigma50_stride1,B,11,0.05,1,61,0.48046875,0.0255887341469118
B_static_11_sigma50_stride1,B,11,0.05,1,62,0.48828125,0.0192938376080408
B_static_11_sigma50_stride1,B,11,0.05,1,63,0.49609375,0.0231730915525856
B_static_11_sigma50_stride1,B,11,0.05,1,64,0.50390625,0.0240293589125883
B_static_11_sigma50_stride1,B,11,0.05,1,65,0.51171875,0.0359428647383591
B_static_11_sigma50_stride1,B,11,0.05,1,66,0.51953125,0.028930614586407
B_static_11_sigma50_stride1,B,11,0.05,1,67,0.52734375,0.0391304158831777
B_static_11_sigma50_stride1,B,11,0.05,1,68,0.53515625,0.0246425935322715
B_static_11_sigma50_stride1,B,11,0.05,1,69,0.54296875,0.0209759017332091
B_static_11_sigma50_stride1,B,11,0.05,1,70,0.55078125,0.0255302782174193
B_static_11_sigma50_stride1,B,11,0.05,1,71,0.55859375,0.0394528961405413
B_static_11_sigma50_stride1,B,11,0.05,1,72,0.56640625,0.0377584060014122
B_static_11_sigma50_stride1,B,11,0.05,1,73,0.57421875,0.0425482053145045
B_static_11_sigma50_stride1,B,11,0.05,1,74,0.58203125,0.0555594563477313
B_static_11_sigma50_stride1,B,11,0.05,1,75,0.58984375,0.0415469156054026
B_static_11_sigma50_stride1,B,11,0.05,1,76,0.59765625,0.0378688200474625
B_static_11_sigma50_stride1,B,11,0.05,1,77,0.60546875,0.0378688200474625
B_static_11_sigma50_stride1,B,11,0.05,1,78,0.61328125,0.0241779568914208
B_static_11_sigma50_stride1,B,11,0.05,1,79,0.62109375,0.0279684329924427
B_static_11_sigma50_stride1,B,11,0.05,1,80,0.62890625,0.0304330667634754
B_static_11_sigma50_stride1,B,11,0.05,1,81,0.63671875,0.0233046773765331
B_static_11_sigma50_stride1,B,11,0.05,1,82,0.64453125,0.0358603314190342
B_static_11_sigma50_stride1,B,11,0.05,1,83,0.65234375,0.0312575795782456
B_static_11_sigma50_stride1,B,11,0.05,1,84,0.66015625,0.0283628560170159
B_static_11_sigma50_stride1,B,11,0.05,1,85,0.66796875,0.0508322691576819
B_static_11_sigma50_stride1,B,11,0.05,1,86,0.67578125,0.0450092265650826
B_static_11_sigma50_stride1,B,11,0.05,1,87,0.68359375,0.0244685234572939
B_static_11_sigma50_stride1,B,11,0.05,1,88,0.69140625,0.022867242407951
B_static_11_sigma50_stride1,B,11,0.05,1,89,0.69921875,0.0209305795276685
B_static_11_sigma50_stride1,B,11,0.05,1,90,0.70703125,0.0246141366179452
B_static_11_sigma50_stride1,B,11,0.05,1,91,0.71484375,0.0244805613537028
B_static_11_sigma50_stride1,B,11,0.05,1,92,0.72265625,0.0275763434135456
B_static_11_sigma50_stride1,B,11,0.05,1,93,0.73046875,0.0199044106598339
B_static_11_sigma50_stride1,B,11,0.05,1,94,0.73828125,0.0222890687849917
B_static_11_sigma50_stride1,B,11,0.05,1,95,0.74609375,0.0376548141622576
B_static_11_sigma50_stride1,B,11,0.05,1,96,0.75390625,0.0380472772151958
B_static_11_sigma50_stride1,B,11,0.05,1,97,0.76171875,0.0269718965250807
B_static_11_sigma50_stride1,B,11,0.05,1,98,0.76953125,0.0261305234273333
B_static_11_sigma50_stride1,B,11,0.05,1,99,0.77734375,0.0287219667004556
B_static_11_sigma50_stride1,B,11,0.05,1,100,0.78515625,0.023135533384677
B_static_11_sigma50_stride1,B,11,0.05,1,101,0.79296875,0.0204005319922893
B_static_11_sigma50_stride1,B,11,0.05,1,102,0.80078125,0.030773269915696
B_static_11_sigma50_stride1,B,11,0.05,1,103,0.80859375,0.0481061243849802
B_static_11_sigma50_stride1,B,11,0.05,1,104,0.81640625,0.0401195826105615
B_static_11_sigma50_stride1,B,11,0.05,1,105,0.82421875,0.0456530407275946
B_static_11_sigma50_stride1,B,11,0.05,1,106,0.83203125,0.0428223997762216
B_static_11_sigma50_stride1,B,11,0.05,1,107,0.83984375,0.0889978224062547
B_static_11_sigma50_stride1,B,11,0.05,1,108,0.84765625,0.0815495968581859
B_static_11_sigma50_stride1,B,11,0.05,1,109,0.85546875,0.0564207634612712
B_static_11_sigma50_stride1,B,11,0.05,1,110,0.86328125,0.0561295109667017
B_static_11_sigma50_stride1,B,11,0.05,1,111,0.87109375,0.0276116261385588
B_static_11_sigma50_stride1,B,11,0.05,1,112,0.87890625,0.0321123613199279
B_static_11_sigma50_stride1,B,11,0.05,1,113,0.88671875,0.026318769956188
B_static_11_sigma50_stride1,B,11,0.05,1,114,0.89453125,0.0385371631661456
B_static_11_sigma50_stride1,B,11,0.05,1,115,0.90234375,0.0234814679592478
B_static_11_sigma50_stride1,B,11,0.05,1,116,0.91015625,0.0238145890530203
B_static_11_sigma50_stride1,B,11,0.05,1,117,0.91796875,0.0214356954768863
B_static_11_sigma50_stride1,B,11,0.05,1,118,0.92578125,0.022526384803273
B_static_11_sigma50_stride1,B,11,0.05,1,119,0.93359375,0.0326211769461587
B_static_11_sigma50_stride1,B,11,0.05,1,120,0.94140625,0.0418302591887374
B_static_11_sigma50_stride1,B,11,0.05,1,121,0.94921875,0.0387611854367632
B_static_11_sigma50_stride1,B,11,0.05,1,122,0.95703125,0.0568585088459205
B_static_11_sigma50_stride1,B,11,0.05,1,123,0.96484375,0.0528564161727344
B_static_11_sigma50_stride1,B,11,0.05,1,124,0.97265625,0.0475174076572991
B_static_11_sigma50_stride1,B,11,0.05,1,125,0.98046875,0.0305241658146301
B_static_11_sigma50_stride1,B,11,0.05,1,126,0.98828125,0.0211242378861466
B_static_11_sigma50_stride1,B,11,0.05,1,127,0.99609375,0.0189103245004597
B_static_12_sigma0_stride1,B,12,0,0,0,0.00390625,0
B_static_12_sigma0_stride1,B,12,0,0,1,0.01171875,0
B_static_12_sigma0_stride1,B,12,0,0,2,0.01953125,0
B_static_12_sigma0_stride1,B,12,0,0,3,0.02734375,0
B_static_12_sigma0_stride1,B,12,0,0,4,0.03515625,0
B_static_12_sigma0_stride1,B,12,0,0,5,0.04296875,0
B_static_12_sigma0_stride1,B,12,0,0,6,0.05078125,0
B_static_12_sigma0_stride1,B,12,0,0,7,0.05859375,0
B_static_12_sigma0_stride1,B,12,0,0,8,0.06640625,0
B_static_12_sigma0_stride1,B,12,0,0,9,0.07421875,0
B_static_12_sigma0_stride1,B,12,0,0,10,0.08203125,0
B_static_12_sigma0_stride1,B,12,0,0,11,0.08984375,0
B_static_12_sigma0_stride1,B,12,0,0,12,0.09765625,0
B_static_12_sigma0_stride1,B,12,0,0,13,0.10546875,0
B_static_12_sigma0_stride1,B,12,0,0,14,0.11328125,0
B_static_12_sigma0_stride1,B,12,0,0,15,0.12109375,0
B_static_12_sigma0_stride1,B,12,0,0,16,0.12890625,0
B_static_12_sigma0_stride1,B,12,0,0,17,0.13671875,0
B_static_12_sigma0_stride1,B,12,0,0,18,0.14453125,0
B_static_12_sigma0_stride1,B,12,0,0,19,0.15234375,0
B_static_12_sigma0_stride1,B,12,0,0,20,0.16015625,0
B_static_12_sigma0_stride1,B,12,0,0,21,0.16796875,0
B_static_12_sigma0_stride1,B,12,0,0,22,0.17578125,0
B_static_12_sigma0_stride1,B,12,0,0,23,0.18359375,0
B_static_12_sigma0_stride1,B,12,0,0,24,0.19140625,0
B_static_12_sigma0_stride1,B,12,0,0,25,0.19921875,0
B_static_12_sigma0_stride1,B,12,0,0,26,0.20703125,0
B_static_12_sigma0_stride1,B,12,0,0,27,0.21484375,0
B_static_12_sigma0_stride1,B,12,0,0,28,0.22265625,0
B_static_12_sigma0_stride1,B,12,0,0,29,0.23046875,0
B_static_12_sigma0_stride1,B,12,0,0,30,0.23828125,0
B_static_12_sigma0_stride1,B,12,0,0,31,0.24609375,0
B_static_12_sigma0_stride1,B,12,0,0,32,0.25390625,0
B_static_12_sigma0_stride1,B,12,0,0,33,0.26171875,0
B_static_12_sigma0_stride1,B,12,0,0,34,0.26953125,0
B_static_12_sigma0_stride1,B,12,0,0,35,0.27734375,0
B_static_12_sigma0_stride1,B,12,0,0,36,0.28515625,0
B_static_12_sigma0_stride1,B,12,0,0,37,0.29296875,0
B_static_12_sigma0_stride1,B,12,0,0,38,0.30078125,0
B_static_12_sigma0_stride1,B,12,0,0,39,0.30859375,0
B_static_12_sigma0_stride1,B,12,0,0,40,0.31640625,0
B_static_12_sigma0_stride1,B,12,0,0,41,0.32421875,0
B_static_12_sigma0_stride1,B,12,0,0,42,0.33203125,0
B_static_12_sigma0_stride1,B,12,0,0,43,0.33984375,0
B_static_12_sigma0_stride1,B,12,0,0,44,0.34765625,0
B_static_12_sigma0_stride1,B,12,0,0,45,0.35546875,0
B_static_12_sigma0_stride1,B,12,0,0,46,0.36328125,0
B_static_12_sigma0_stride1,B,12,0,0,47,0.37109375,0
B_static_12_sigma0_stride1,B,12,0,0,48,0.37890625,0
B_static_12_sigma0_stride1,B,12,0,0,49,0.38671875,0
B_static_12_sigma0_stride1,B,12,0,0,50,0.39453125,0
B_static_12_sigma0_stride1,B,12,0,0,51,0.40234375,0
B_static_12_sigma0_stride1,B,12,0,0,52,0.41015625,0
B_static_12_sigma0_stride1,B,12,0,0,53,0.41796875,0
B_static_12_sigma0_stride1,B,12,0,0,54,0.42578125,0
B_static_12_sigma0_stride1,B,12,0,0,55,0.43359375,0
B_static_12_sigma0_stride1,B,12,0,0,56,0.44140625,0
B_static_12_sigma0_stride1,B,12,0,0,57,0.44921875,0
B_static_12_sigma0_stride1,B,12,0,0,58,0.45703125,0
B_static_12_sigma0_stride1,B,12,0,0,59,0.46484375,0
B_static_12_sigma0_stride1,B,12,0,0,60,0.47265625,0
B_static_12_sigma0_stride1,B,12,0,0,61,0.48046875,0
B_static_12_sigma0_stride1,B,12,0,0,62,0.48828125,0
B_static_12_sigma0_stride1,B,12,0,0,63,0.49609375,0
B_static_12_sigma0_stride1,B,12,0,0,64,0.50390625,0
B_static_12_sigma0_stride1,B,12,0,0,65,0.51171875,0
B_static_12_sigma0_stride1,B,12,0,0,66,0.51953125,0
B_static_12_sigma0_stride1,B,12,0,0,67,0.52734375,0
B_static_12_sigma0_stride1,B,12,0,0,68,0.53515625,0
B_static_12_sigma0_stride1,B,12,0,0,69,0.54296875,0
B_static_12_sigma0_stride1,B,12,0,0,70,0.55078125,0
B_static_12_sigma0_stride1,B,12,0,0,71,0.55859375,0
B_static_12_sigma0_stride1,B,12,0,0,72,0.56640625,0
B_static_12_sigma0_stride1,B,12,0,0,73,0.57421875,0
B_static_12_sigma0_stride1,B,12,0,0,74,0.58203125,0
B_static_12_sigma0_stride1,B,12,0,0,75,0.58984375,0
B_static_12_sigma0_stride1,B,12,0,0,76,0.59765625,0
B_static_12_sigma0_stride1,B,12,0,0,77,0.60546875,0
B_static_12_sigma0_stride1,B,12,0,0,78,0.61328125,0
B_static_12_sigma0_stride1,B,12,0,0,79,0.62109375,0
B_static_12_sigma0_stride1,B,12,0,0,80,0.62890625,0
B_static_12_sigma0_stride1,B,12,0,0,81,0.63671875,0
B_static_12_sigma0_stride1,B,12,0,0,82,0.64453125,0
B_static_12_sigma0_stride1,B,12,0,0,83,0.65234375,0
B_static_12_sigma0_stride1,B,12,0,0,84,0.66015625,0
B_static_12_sigma0_stride1,B,12,0,0,85,0.66796875,0
B_static_12_sigma0_stride1,B,12,0,0,86,0.67578125,0
B_static_12_sigma0_stride1,B,12,0,0,87,0.68359375,0
B_static_12_sigma0_stride1,B,12,0,0,88,0.69140625,0
B_static_12_sigma0_stride1,B,12,0,0,89,0.69921875,0
B_static_12_sigma0_stride1,B,12,0,0,90,0.70703125,0
B_static_12_sigma0_stride1,B,12,0,0,91,0.71484375,0
B_static_12_sigma0_stride1,B,12,0,0,92,0.72265625,0
B_static_12_sigma0_stride1,B,12,0,0,93,0.73046875,0
B_static_12_sigma0_stride1,B,12,0,0,94,0.73828125,0
B_static_12_sigma0_stride1,B,12,0,0,95,0.74609375,0
B_static_12_sigma0_stride1,B,12,0,0,96,0.75390625,0
B_static_12_sigma0_stride1,B,12,0,0,97,0.76171875,0
B_static_12_sigma0_stride1,B,12,0,0,98,0.76953125,0
B_static_12_sigma0_stride1,B,12,0,0,99,0.77734375,0
B_static_12_sigma0_stride1,B,12,0,0,100,0.78515625,0
B_static_12_sigma0_stride1,B,12,0,0,101,0.79296875,0
B_static_12_sigma0_stride1,B,12,0,0,102,0.80078125,0
B_static_12_sigma0_stride1,B,12,0,0,103,0.80859375,0
B_static_12_sigma0_stride1,B,12,0,0,104,0.81640625,0
B_static_12_sigma0_stride1,B,12,0,0,105,0.82421875,0
B_static_12_sigma0_stride1,B,12,0,0,106,0.83203125,0
B_static_12_sigma0_stride1,B,12,0,0,107,0.83984375,0
B_static_12_sigma0_stride1,B,12,0,0,108,0.84765625,0
B_static_12_sigma0_stride1,B,12,0,0,109,0.85546875,0
B_static_12_sigma0_stride1,B,12,0,0,110,0.86328125,0
B_static_12_sigma0_stride1,B,12,0,0,111,0.87109375,0
B_static_12_sigma0_stride1,B,12,0,0,112,0.87890625,0
B_static_12_sigma0_stride1,B,12,0,0,113,0.88671875,0
B_static_12_sigma0_stride1,B,12,0,0,114,0.89453125,0
B_static_12_sigma0_stride1,B,12,0,0,115,0.90234375,0
B_static_12_sigma0_stride1,B,12,0,0,116,0.91015625,0
B_static_12_sigma0_stride1,B,12,0,0,117,0.91796875,0
B_static_12_sigma0_stride1,B,12,0,0,118,0.92578125,0
B_static_12_sigma0_stride1,B,12,0,0,119,0.93359375,0
B_static_12_sigma0_stride1,B,12,0,0,120,0.94140625,0
B_static_12_sigma0_stride1,B,12,0,0,121,0.94921875,0
B_static_12_sigma0_stride1,B,12,0,0,122,0.95703125,0
B_static_12_sigma0_stride1,B,12,0,0,123,0.96484375,0
B_static_12_sigma0_stride1,B,12,0,0,124,0.97265625,0
B_static_12_sigma0_stride1,B,12,0,0,125,0.98046875,0
B_static_12_sigma0_stride1,B,12,0,0,126,0.98828125,0
B_static_12_sigma0_stride1,B,12,0,0,127,0.99609375,0
B_static_12_sigma0_stride1,B,12,0,1,0,0.00390625,0
B_static_12_sigma0_stride1,B,12,0,1,1,0.01171875,0
B_static_12_sigma0_stride1,B,12,0,1,2,0.01953125,0
B_static_12_sigma0_stride1,B,12,0,1,3,0.02734375,0
B_static_12_sigma0_stride1,B,12,0,1,4,0.03515625,0
B_static_12_sigma0_stride1,B,12,0,1,5,0.04296875,0
B_static_12_sigma0_stride1,B,12,0,1,6,0.05078125,0
B_static_12_sigma0_stride1,B,12,0,1,7,0.05859375,0
B_static_12_sigma0_stride1,B,12,0,1,8,0.06640625,0
B_static_12_sigma0_stride1,B,12,0,1,9,0.07421875,0
B_static_12_sigma0_stride1,B,12,0,1,10,0.08203125,0
B_static_12_sigma0_stride1,B,12,0,1,11,0.08984375,0
B_static_12_sigma0_stride1,B,12,0,1,12,0.09765625,0
B_static_12_sigma0_stride1,B,12,0,1,13,0.10546875,0
B_static_12_sigma0_stride1,B,12,0,1,14,0.11328125,0
B_static_12_sigma0_stride1,B,12,0,1,15,0.12109375,0
B_static_12_sigma0_stride1,B,12,0,1,16,0.12890625,0
B_static_12_sigma0_stride1,B,12,0,1,17,0.13671875,0
B_static_12_sigma0_stride1,B,12,0,1,18,0.14453125,0
B_static_12_sigma0_stride1,B,12,0,1,19,0.15234375,0
B_static_12_sigma0_stride1,B,12,0,1,20,0.16015625,0
B_static_12_sigma0_stride1,B,12,0,1,21,0.16796875,0
B_static_12_sigma0_stride1,B,12,0,1,22,0.17578125,0
B_static_12_sigma0_stride1,B,12,0,1,23,0.18359375,0
B_static_12_sigma0_stride1,B,12,0,1,24,0.19140625,0
B_static_12_sigma0_stride1,B,12,0,1,25,0.19921875,0
B_static_12_sigma0_stride1,B,12,0,1,26,0.20703125,0
B_static_12_sigma0_stride1,B,12,0,1,27,0.21484375,0
B_static_12_sigma0_stride1,B,12,0,1,28,0.22265625,0
B_static_12_sigma0_stride1,B,12,0,1,29,0.23046875,0
B_static_12_sigma0_stride1,B,12,0,1,30,0.23828125,0
B_static_12_sigma0_stride1,B,12,0,1,31,0.24609375,0
B_static_12_sigma0_stride1,B,12,0,1,32,0.25390625,0
B_static_12_sigma0_stride1,B,12,0,1,33,0.26171875,0
B_static_12_sigma0_stride1,B,12,0,1,34,0.26953125,0
B_static_12_sigma0_stride1,B,12,0,1,35,0.27734375,0
B_static_12_sigma0_stride1,B,12,0,1,36,0.28515625,0
B_static_12_sigma0_stride1,B,12,0,1,37,0.29296875,0
B_static_12_sigma0_stride1,B,12,0,1,38,0.30078125,0
B_static_12_sigma0_stride1,B,12,0,1,39,0.30859375,0
B_static_12_sigma0_stride1,B,12,0,1,40,0.31640625,0
B_static_12_sigma0_stride1,B,12,0,1,41,0.32421875,0
B_static_12_sigma0_stride1,B,12,0,1,42,0.33203125,0
B_static_12_sigma0_stride1,B,12,0,1,43,0.33984375,0
B_static_12_sigma0_stride1,B,12,0,1,44,0.34765625,0
B_static_12_sigma0_stride1,B,12,0,1,45,0.35546875,0
B_static_12_sigma0_stride1,B,12,0,1,46,0.36328125,0
B_static_12_sigma0_stride1,B,12,0,1,47,0.37109375,0
B_static_12_sigma0_stride1,B,12,0,1,48,0.37890625,0
B_static_12_sigma0_stride1,B,12,0,1,49,0.38671875,0
B_static_12_sigma0_stride1,B,12,0,1,50,0.39453125,0
B_static_12_sigma0_stride1,B,12,0,1,51,0.40234375,0
B_static_12_sigma0_stride1,B,12,0,1,52,0.41015625,0
B_static_12_sigma0_stride1,B,12,0,1,53,0.41796875,0
B_static_12_sigma0_stride1,B,12,0,1,54,0.42578125,0
B_static_12_sigma0_stride1,B,12,0,1,55,0.43359375,0
B_static_12_sigma0_stride1,B,12,0,1,56,0.44140625,0
B_static_12_sigma0_stride1,B,12,0,1,57,0.44921875,0
B_static_12_sigma0_stride1,B,12,0,1,58,0.45703125,0
B_static_12_sigma0_stride1,B,12,0,1,59,0.46484375,0
B_static_12_sigma0_stride1,B,12,0,1,60,0.47265625,0
B_static_12_sigma0_stride1,B,12,0,1,61,0.48046875,0
B_static_12_sigma0_stride1,B,12,0,1,62,0.48828125,0
B_static_12_sigma0_stride1,B,12,0,1,63,0.49609375,0
B_static_12_sigma0_stride1,B,12,0,1,64,0.50390625,0
B_static_12_sigma0_stride1,B,12,0,1,65,0.51171875,0
B_static_12_sigma0_stride1,B,12,0,1,66,0.51953125,0
B_static_12_sigma0_stride1,B,12,0,1,67,0.52734375,0
B_static_12_sigma0_stride1,B,12,0,1,68,0.53515625,0
B_static_12_sigma0_stride1,B,12,0,1,69,0.54296875,0
B_static_12_sigma0_stride1,B,12,0,1,70,0.55078125,0
B_static_12_sigma0_stride1,B,12,0,1,71,0.55859375,0
B_static_12_sigma0_stride1,B,12,0,1,72,0.56640625,0
B_static_12_sigma0_stride1,B,12,0,1,73,0.57421875,0
B_static_12_sigma0_stride1,B,12,0,1,74,0.58203125,0
B_static_12_sigma0_stride1,B,12,0,1,75,0.58984375,0
B_static_12_sigma0_stride1,B,12,0,1,76,0.59765625,0
B_static_12_sigma0_stride1,B,12,0,1,77,0.60546875,0
B_static_12_sigma0_stride1,B,12,0,1,78,0.61328125,0
B_static_12_sigma0_stride1,B,12,0,1,79,0.62109375,0
B_static_12_sigma0_stride1,B,12,0,1,80,0.62890625,0
B_static_12_sigma0_stride1,B,12,0,1,81,0.63671875,0
B_static_12_sigma0_stride1,B,12,0,1,82,0.64453125,0
B_static_12_sigma0_stride1,B,12,0,1,83,0.65234375,0
B_static_12_sigma0_stride1,B,12,0,1,84,0.66015625,0
B_static_12_sigma0_stride1,B,12,0,1,85,0.66796875,0
B_static_12_sigma0_stride1,B,12,0,1,86,0.67578125,0
B_static_12_sigma0_stride1,B,12,0,1,87,0.68359375,0
B_static_12_sigma0_stride1,B,12,0,1,88,0.69140625,0
B_static_12_sigma0_stride1,B,12,0,1,89,0.69921875,0
B_static_12_sigma0_stride1,B,12,0,1,90,0.70703125,0
B_static_12_sigma0_stride1,B,12,0,1,91,0.71484375,0
B_static_12_sigma0_stride1,B,12,0,1,92,0.72265625,0
B_static_12_sigma0_stride1,B,12,0,1,93,0.73046875,0
B_static_12_sigma0_stride1,B,12,0,1,94,0.73828125,0
B_static_12_sigma0_stride1,B,12,0,1,95,0.74609375,0
B_static_12_sigma0_stride1,B,12,0,1,96,0.75390625,0
B_static_12_sigma0_stride1,B,12,0,1,97,0.76171875,0
B_static_12_sigma0_stride1,B,12,0,1,98,0.76953125,0
B_static_12_sigma0_stride1,B,12,0,1,99,0.77734375,0
B_static_12_sigma0_stride1,B,12,0,1,100,0.78515625,0
B_static_12_sigma0_stride1,B,12,0,1,101,0.79296875,0
B_static_12_sigma0_stride1,B,12,0,1,102,0.80078125,0
B_static_12_sigma0_stride1,B,12,0,1,103,0.80859375,0
B_static_12_sigma0_stride1,B,12,0,1,104,0.81640625,0
B_static_12_sigma0_stride1,B,12,0,1,105,0.82421875,0
B_static_12_sigma0_stride1,B,12,0,1,106,0.83203125,0
B_static_12_sigma0_stride1,B,12,0,1,107,0.83984375,0
B_static_12_sigma0_stride1,B,12,0,1,108,0.84765625,0
B_static_12_sigma0_stride1,B,12,0,1,109,0.85546875,0
B_static_12_sigma0_stride1,B,12,0,1,110,0.86328125,0
B_static_12_sigma0_stride1,B,12,0,1,111,0.87109375,0
B_static_12_sigma0_stride1,B,12,0,1,112,0.87890625,0
B_static_12_sigma0_stride1,B,12,0,1,113,0.88671875,0
B_static_12_sigma0_stride1,B,12,0,1,114,0.89453125,0
B_static_12_sigma0_stride1,B,12,0,1,115,0.90234375,0
B_static_12_sigma0_stride1,B,12,0,1,116,0.91015625,0
B_static_12_sigma0_stride1,B,12,0,1,117,0.91796875,0
B_static_12_sigma0_stride1,B,12,0,1,118,0.92578125,0
B_static_12_sigma0_stride1,B,12,0,1,119,0.93359375,0
B_static_12_sigma0_stride1,B,12,0,1,120,0.94140625,0
B_static_12_sigma0_stride1,B,12,0,1,121,0.94921875,0
B_static_12_sigma0_stride1,B,12,0,1,122,0.95703125,0
B_static_12_sigma0_stride1,B,12,0,1,123,0.96484375,0
B_static_12_sigma0_stride1,B,12,0,1,124,0.97265625,0
B_static_12_sigma0_stride1,B,12,0,1,125,0.98046875,0
B_static_12_sigma0_stride1,B,12,0,1,126,0.98828125,0
B_static_12_sigma0_stride1,B,12,0,1,127,0.99609375,0
B_static_12_sigma50_stride1,B,12,0.05,0,0,0.00390625,0.018957216544944
B_static_12_sigma50_stride1,B,12,0.05,0,1,0.01171875,0.0261323147197727
B_static_12_sigma50_stride1,B,12,0.05,0,2,0.01953125,0.0253055085197277
B_static_12_sigma50_stride1,B,12,0.05,0,3,0.02734375,0.0388031748467705
B_static_12_sigma50_stride1,B,12,0.05,0,4,0.03515625,0.0258890711298753
B_static_12_sigma50_stride1,B,12,0.05,0,5,0.04296875,0.0223738442036504
B_static_12_sigma50_stride1,B,12,0.05,0,6,0.05078125,0.036280806297185
B_static_12_sigma50_stride1,B,12,0.05,0,7,0.05859375,0.0211524797060217
B_static_12_sigma50_stride1,B,12,0.05,0,8,0.06640625,0.0220637232004238
B_static_12_sigma50_stride1,B,12,0.05,0,9,0.07421875,0.0352214095636329
B_static_12_sigma50_stride1,B,12,0.05,0,10,0.08203125,0.0308692460064058
B_static_12_sigma50_stride1,B,12,0.05,0,11,0.08984375,0.0210018400221108
B_static_12_sigma50_stride1,B,12,0.05,0,12,0.09765625,0.0275644283297557
B_static_12_sigma50_stride1,B,12,0.05,0,13,0.10546875,0.0230014968247731
B_static_12_sigma50_stride1,B,12,0.05,0,14,0.11328125,0.0354345477961952
B_static_12_sigma50_stride1,B,12,0.05,0,15,0.12109375,0.0250926779654325
B_static_12_sigma50_stride1,B,12,0.05,0,16,0.12890625,0.0227114239516611
B_static_12_sigma50_stride1,B,12,0.05,0,17,0.13671875,0.0332066135444268
B_static_12_sigma50_stride1,B,12,0.05,0,18,0.14453125,0.0256400122914156
B_static_12_sigma50_stride1,B,12,0.05,0,19,0.15234375,0.0340697313828628
B_static_12_sigma50_stride1,B,12,0.05,0,20,0.16015625,0.0264610317011847
B_static_12_sigma50_stride1,B,12,0.05,0,21,0.16796875,0.0212554169568604
B_static_12_sigma50_stride1,B,12,0.05,0,22,0.17578125,0.0397505818143473
B_static_12_sigma50_stride1,B,12,0.05,0,23,0.18359375,0.0444437133490404
B_static_12_sigma50_stride1,B,12,0.05,0,24,0.19140625,0.0244749275545476
B_static_12_sigma50_stride1,B,12,0.05,0,25,0.19921875,0.0308977173638754
B_static_12_sigma50_stride1,B,12,0.05,0,26,0.20703125,0.0375171391427749
B_static_12_sigma50_stride1,B,12,0.05,0,27,0.21484375,0.030134379743733
B_static_12_sigma50_stride1,B,12,0.05,0,28,0.22265625,0.0206239292810038
B_static_12_sigma50_stride1,B,12,0.05,0,29,0.23046875,0.0313157158442492
B_static_12_sigma50_stride1,B,12,0.05,0,30,0.23828125,0.0504815625592508
B_static_12_sigma50_stride1,B,12,0.05,0,31,0.24609375,0.033467867112517
B_static_12_sigma50_stride1,B,12,0.05,0,32,0.25390625,0.0311968289853579
B_static_12_sigma50_stride1,B,12,0.05,0,33,0.26171875,0.0571830452240425
B_static_12_sigma50_stride1,B,12,0.05,0,34,0.26953125,0.0332832355284463
B_static_12_sigma50_stride1,B,12,0.05,0,35,0.27734375,0.0209456493495251
B_static_12_sigma50_stride1,B,12,0.05,0,36,0.28515625,0.0192620374778424
B_static_12_sigma50_stride1,B,12,0.05,0,37,0.29296875,0.0387626371720735
B_static_12_sigma50_stride1,B,12,0.05,0,38,0.30078125,0.0608805561876163
B_static_12_sigma50_stride1,B,12,0.05,0,39,0.30859375,0.026058200715644
B_static_12_sigma50_stride1,B,12,0.05,0,40,0.31640625,0.0147341013728709
B_static_12_sigma50_stride1,B,12,0.05,0,41,0.32421875,0.0491925646425928
B_static_12_sigma50_stride1,B,12,0.05,0,42,0.33203125,0.0407999988459968
B_static_12_sigma50_stride1,B,12,0.05,0,43,0.33984375,0.0260858839244787
B_static_12_sigma50_stride1,B,12,0.05,0,44,0.34765625,0.0138107733718359
B_static_12_sigma50_stride1,B,12,0.05,0,45,0.35546875,0.0202355440510509
B_static_12_sigma50_stride1,B,12,0.05,0,46,0.36328125,0.0188455013894821
B_static_12_sigma50_stride1,B,12,0.05,0,47,0.37109375,0.0348405505696272
B_static_12_sigma50_stride1,B,12,0.05,0,48,0.37890625,0.041089930712556
B_static_12_sigma50_stride1,B,12,0.05,0,49,0.38671875,0.0361454820127485
B_static_12_sigma50_stride1,B,12,0.05,0,50,0.39453125,0.0495430513159008
B_static_12_sigma50_stride1,B,12,0.05,0,51,0.40234375,0.0381717528307844
B_static_12_sigma50_stride1,B,12,0.05,0,52,0.41015625,0.0371166401982351
B_static_12_sigma50_stride1,B,12,0.05,0,53,0.41796875,0.0348157643612342
B_static_12_sigma50_stride1,B,12,0.05,0,54,0.42578125,0.0194418469238355
B_static_12_sigma50_stride1,B,12,0.05,0,55,0.43359375,0.0177076431653428
B_static_12_sigma50_stride1,B,12,0.05,0,56,0.44140625,0.0232925090522579
B_static_12_sigma50_stride1,B,12,0.05,0,57,0.44921875,0.0268935439497838
B_static_12_sigma50_stride1,B,12,0.05,0,58,0.45703125,0.0301346272001446
B_static_12_sigma50_stride1,B,12,0.05,0,59,0.46484375,0.0180798828956816
B_static_12_sigma50_stride1,B,12,0.05,0,60,0.47265625,0.0548219179533761
B_static_12_sigma50_stride1,B,12,0.05,0,61,0.48046875,0.0320192866990668
B_static_12_sigma50_stride1,B,12,0.05,0,62,0.48828125,0.0320192866990668
B_static_12_sigma50_stride1,B,12,0.05,0,63,0.49609375,0.0386078834873582
B_static_12_sigma50_stride1,B,12,0.05,0,64,0.50390625,0.0261598914550913
B_static_12_sigma50_stride1,B,12,0.05,0,65,0.51171875,0.0220708738915412
B_static_12_sigma50_stride1,B,12,0.05,0,66,0.51953125,0.0214934375825205
B_static_12_sigma50_stride1,B,12,0.05,0,67,0.52734375,0.0236316645561609
B_static_12_sigma50_stride1,B,12,0.05,0,68,0.53515625,0.035742391184616
B_static_12_sigma50_stride1,B,12,0.05,0,69,0.54296875,0.035742391184616
B_static_12_sigma50_stride1,B,12,0.05,0,70,0.55078125,0.0237168763660003
B_static_12_sigma50_stride1,B,12,0.05,0,71,0.55859375,0.0279391571555205
B_static_12_sigma50_stride1,B,12,0.05,0,72,0.56640625,0.0205043500618954
B_static_12_sigma50_stride1,B,12,0.05,0,73,0.57421875,0.0273922378395382
B_static_12_sigma50_stride1,B,12,0.05,0,74,0.58203125,0.0324524936252296
B_static_12_sigma50_stride1,B,12,0.05,0,75,0.58984375,0.0385886494527602
B_static_12_sigma50_stride1,B,12,0.05,0,76,0.59765625,0.0350044712392652
B_static_12_sigma50_stride1,B,12,0.05,0,77,0.60546875,0.0265341618672338
B_static_12_sigma50_stride1,B,12,0.05,0,78,0.61328125,0.0269877519536895
B_static_12_sigma50_stride1,B,12,0.05,0,79,0.62109375,0.0213390900988576
B_static_12_sigma50_stride1,B,12,0.05,0,80,0.62890625,0.0258252459725046
B_static_12_sigma50_stride1,B,12,0.05,0,81,0.63671875,0.0307494771103646
B_static_12_sigma50_stride1,B,12,0.05,0,82,0.64453125,0.0229577529703201
B_static_12_sigma50_stride1,B,12,0.05,0,83,0.65234375,0.031835113092183
B_static_12_sigma50_stride1,B,12,0.05,0,84,0.66015625,0.0220537817617154
B_static_12_sigma50_stride1,B,12,0.05,0,85,0.66796875,0.0309681769414597
B_static_12_sigma50_stride1,B,12,0.05,0,86,0.67578125,0.0187081775829561
B_static_12_sigma50_stride1,B,12,0.05,0,87,0.68359375,0.0318933951420309
B_static_12_sigma50_stride1,B,12,0.05,0,88,0.69140625,0.0321763003720894
B_static_12_sigma50_stride1,B,12,0.05,0,89,0.69921875,0.0188004859902505
B_static_12_sigma50_stride1,B,12,0.05,0,90,0.70703125,0.027828768488852
B_static_12_sigma50_stride1,B,12,0.05,0,91,0.71484375,0.0233527102747006
B_static_12_sigma50_stride1,B,12,0.05,0,92,0.72265625,0.0451330431273768
B_static_12_sigma50_stride1,B,12,0.05,0,93,0.73046875,0.0317270073243785
B_static_12_sigma50_stride1,B,12,0.05,0,94,0.73828125,0.0213816422194511
B_static_12_sigma50_stride1,B,12,0.05,0,95,0.74609375,0.0183211186707969
B_static_12_sigma50_stride1,B,12,0.05,0,96,0.75390625,0.0282321129288383
B_static_12_sigma50_stride1,B,12,0.05,0,97,0.76171875,0.0423676038908784
B_static_12_sigma50_stride1,B,12,0.05,0,98,0.76953125,0.0317923675254195
B_static_12_sigma50_stride1,B,12,0.05,0,99,0.77734375,0.0298510743582839
B_static_12_sigma50_stride1,B,12,0.05,0,100,0.78515625,0.0312531593820801
B_static_12_sigma50_stride1,B,12,0.05,0,101,0.79296875,0.0417020307925092
B_static_12_sigma50_stride1,B,12,0.05,0,102,0.80078125,0.0296711431213761
B_static_12_sigma50_stride1,B,12,0.05,0,103,0.80859375,0.0205904208130411
B_static_12_sigma50_stride1,B,12,0.05,0,104,0.81640625,0.0309514178735911
B_static_12_sigma50_stride1,B,12,0.05,0,105,0.82421875,0.0285187365566776
B_static_12_sigma50_stride1,B,12,0.05,0,106,0.83203125,0.0313742760995116
B_static_12_sigma50_stride1,B,12,0.05,0,107,0.83984375,0.0398464246120565
B_static_12_sigma50_stride1,B,12,0.05,0,108,0.84765625,0.0242583206127395
B_static_12_sigma50_stride1,B,12,0.05,0,109,0.85546875,0.0311981548302531
B_static_12_sigma50_stride1,B,12,0.05,0,110,0.86328125,0.0405227976597426
B_static_12_sigma50_stride1,B,12,0.05,0,111,0.87109375,0.0425882713523128
B_static_12_sigma50_stride1,B,12,0.05,0,112,0.87890625,0.0183308699305174
B_static_12_sigma50_stride1,B,12,0.05,0,113,0.88671875,0.0215704394156479
B_static_12_sigma50_stride1,B,12,0.05,0,114,0.89453125,0.0164426930656944
B_static_12_sigma50_stride1,B,12,0.05,0,115,0.90234375,0.024748543993256
B_static_12_sigma50_stride1,B,12,0.05,0,116,0.91015625,0.0318840860500315
B_static_12_sigma50_stride1,B,12,0.05,0,117,0.91796875,0.0200466427339573
B_static_12_sigma50_stride1,B,12,0.05,0,118,0.92578125,0.0196817726155952
B_static_12_sigma50_stride1,B,12,0.05,0,119,0.93359375,0.0271526383711057
B_static_12_sigma50_stride1,B,12,0.05,0,120,0.94140625,0.0840061328712524
B_static_12_sigma50_stride1,B,12,0.05,0,121,0.94921875,0.0620118468486793
B_static_12_sigma50_stride1,B,12,0.05,0,122,0.95703125,0.0259661502403545
B_static_12_sigma50_stride1,B,12,0.05,0,123,0.96484375,0.0309345645208178
B_static_12_sigma50_stride1,B,12,0.05,0,124,0.97265625,0.0228383272220417
B_static_12_sigma50_stride1,B,12,0.05,0,125,0.98046875,0.0251045062635206
B_static_12_sigma50_stride1,B,12,0.05,0,126,0.98828125,0.0355154103104855
B_static_12_sigma50_stride1,B,12,0.05,0,127,0.99609375,0.035695433923348
B_static_12_sigma50_stride1,B,12,0.05,1,0,0.00390625,0.0283843136763953
B_static_12_sigma50_stride1,B,12,0.05,1,1,0.01171875,0.0341412858740019
B_static_12_sigma50_stride1,B,12,0.05,1,2,0.01953125,0.0198909713172976
B_static_12_sigma50_stride1,B,12,0.05,1,3,0.02734375,0.0230339485887548
B_static_12_sigma50_stride1,B,12,0.05,1,4,0.03515625,0.033819219560576
B_static_12_sigma50_stride1,B,12,0.05,1,5,0.04296875,0.0371001992045858
B_static_12_sigma50_stride1,B,12,0.05,1,6,0.05078125,0.0319749735583636
B_static_12_sigma50_stride1,B,12,0.05,1,7,0.05859375,0.0319749735583636
B_static_12_sigma50_stride1,B,12,0.05,1,8,0.06640625,0.0273171113618263
B_static_12_sigma50_stride1,B,12,0.05,1,9,0.07421875,0.0339110193067579
B_static_12_sigma50_stride1,B,12,0.05,1,10,0.08203125,0.0317030451176238
B_static_12_sigma50_stride1,B,12,0.05,1,11,0.08984375,0.0285662371638177
B_static_12_sigma50_stride1,B,12,0.05,1,12,0.09765625,0.0393749741543406
B_static_12_sigma50_stride1,B,12,0.05,1,13,0.10546875,0.0275958528929465
B_static_12_sigma50_stride1,B,12,0.05,1,14,0.11328125,0.0315434388447686
B_static_12_sigma50_stride1,B,12,0.05,1,15,0.12109375,0.0367383579784214
B_static_12_sigma50_stride1,B,12,0.05,1,16,0.12890625,0.0330268089734695
B_static_12_sigma50_stride1,B,12,0.05,1,17,0.13671875,0.0391232893758697
B_static_12_sigma50_stride1,B,12,0.05,1,18,0.14453125,0.0268038948705832
B_static_12_sigma50_stride1,B,12,0.05,1,19,0.15234375,0.0334353311274704
B_static_12_sigma50_stride1,B,12,0.05,1,20,0.16015625,0.0369798306296769
B_static_12_sigma50_stride1,B,12,0.05,1,21,0.16796875,0.0405818386877074
B_static_12_sigma50_stride1,B,12,0.05,1,22,0.17578125,0.0249811796093892
B_static_12_sigma50_stride1,B,12,0.05,1,23,0.18359375,0.0616284741668158
B_static_12_sigma50_stride1,B,12,0.05,1,24,0.19140625,0.0414474468097618
B_static_12_sigma50_stride1,B,12,0.05,1,25,0.19921875,0.0366618634212844
B_static_12_sigma50_stride1,B,12,0.05,1,26,0.20703125,0.0190462367813211
B_static_12_sigma50_stride1,B,12,0.05,1,27,0.21484375,0.0254458825285191
B_static_12_sigma50_stride1,B,12,0.05,1,28,0.22265625,0.0214553760339668
B_static_12_sigma50_stride1,B,12,0.05,1,29,0.23046875,0.0383881985894652
B_static_12_sigma50_stride1,B,12,0.05,1,30,0.23828125,0.0349009779868871
B_static_12_sigma50_stride1,B,12,0.05,1,31,0.24609375,0.019308039443741
B_static_12_sigma50_stride1,B,12,0.05,1,32,0.25390625,0.0284115681616667
B_static_12_sigma50_stride1,B,12,0.05,1,33,0.26171875,0.0456442497827218
B_static_12_sigma50_stride1,B,12,0.05,1,34,0.26953125,0.0372791963788787
B_static_12_sigma50_stride1,B,12,0.05,1,35,0.27734375,0.0368731219617923
B_static_12_sigma50_stride1,B,12,0.05,1,36,0.28515625,0.0363681571447166
B_static_12_sigma50_stride1,B,12,0.05,1,37,0.29296875,0.0271763667372517
B_static_12_sigma50_stride1,B,12,0.05,1,38,0.30078125,0.0280127503262753
B_static_12_sigma50_stride1,B,12,0.05,1,39,0.30859375,0.037214353955338
B_static_12_sigma50_stride1,B,12,0.05,1,40,0.31640625,0.0376025139799963
B_static_12_sigma50_stride1,B,12,0.05,1,41,0.32421875,0.0347656785548862
B_static_12_sigma50_stride1,B,12,0.05,1,42,0.33203125,0.0343367068752761
B_static_12_sigma50_stride1,B,12,0.05,1,43,0.33984375,0.0315870682181336
B_static_12_sigma50_stride1,B,12,0.05,1,44,0.34765625,0.0342726234391942
B_static_12_sigma50_stride1,B,12,0.05,1,45,0.35546875,0.0308734419114105
B_static_12_sigma50_stride1,B,12,0.05,1,46,0.36328125,0.0313643966891768
B_static_12_sigma50_stride1,B,12,0.05,1,47,0.37109375,0.0304901442081878
B_static_12_sigma50_stride1,B,12,0.05,1,48,0.37890625,0.0367736983905553
B_static_12_sigma50_stride1,B,12,0.05,1,49,0.38671875,0.0704680908932722
B_static_12_sigma50_stride1,B,12,0.05,1,50,0.39453125,0.0319910356490104
B_static_12_sigma50_stride1,B,12,0.05,1,51,0.40234375,0.0272088701541839
B_static_12_sigma50_stride1,B,12,0.05,1,52,0.41015625,0.0329567707182454
B_static_12_sigma50_stride1,B,12,0.05,1,53,0.41796875,0.0389673888064826
B_static_12_sigma50_stride1,B,12,0.05,1,54,0.42578125,0.0599153494709694
B_static_12_sigma50_stride1,B,12,0.05,1,55,0.43359375,0.02213264855352
B_static_12_sigma50_stride1,B,12,0.05,1,56,0.44140625,0.0429591540328302
B_static_12_sigma50_stride1,B,12,0.05,1,57,0.44921875,0.0366579463450598
B_static_12_sigma50_stride1,B,12,0.05,1,58,0.45703125,0.0258406679412791
B_static_12_sigma50_stride1,B,12,0.05,1,59,0.46484375,0.0270873603757354
B_static_12_sigma50_stride1,B,12,0.05,1,60,0.47265625,0.0265142861745225
B_static_12_sigma50_stride1,B,12,0.05,1,61,0.48046875,0.0413355420594011
B_static_12_sigma50_stride1,B,12,0.05,1,62,0.48828125,0.0423786410234199
B_static_12_sigma50_stride1,B,12,0.05,1,63,0.49609375,0.0199721402374802
B_static_12_sigma50_stride1,B,12,0.05,1,64,0.50390625,0.0372728472577707
B_static_12_sigma50_stride1,B,12,0.05,1,65,0.51171875,0.0465485992269356
B_static_12_sigma50_stride1,B,12,0.05,1,66,0.51953125,0.0370063350785643
B_static_12_sigma50_stride1,B,12,0.05,1,67,0.52734375,0.0386326618335652
B_static_12_sigma50_stride1,B,12,0.05,1,68,0.53515625,0.0286436465669759
B_static_12_sigma50_stride1,B,12,0.05,1,69,0.54296875,0.0301273597505862
B_static_12_sigma50_stride1,B,12,0.05,1,70,0.55078125,0.01925921890482
B_static_12_sigma50_stride1,B,12,0.05,1,71,0.55859375,0.0348680195573807
B_static_12_sigma50_stride1,B,12,0.05,1,72,0.56640625,0.0474714322096624
B_static_12_sigma50_stride1,B,12,0.05,1,73,0.57421875,0.0330842034988884
B_static_12_sigma50_stride1,B,12,0.05,1,74,0.58203125,0.0204572248803181
B_static_12_sigma50_stride1,B,12,0.05,1,75,0.58984375,0.0234087639479522
B_static_12_sigma50_stride1,B,12,0.05,1,76,0.59765625,0.0553980123107749
B_static_12_sigma50_stride1,B,12,0.05,1,77,0.60546875,0.0461729313011564
B_static_12_sigma50_stride1,B,12,0.05,1,78,0.61328125,0.0413220040117113
B_static_12_sigma50_stride1,B,12,0.05,1,79,0.62109375,0.0658153303766129
B_static_12_sigma50_stride1,B,12,0.05,1,80,0.62890625,0.0397731427679472
B_static_12_sigma50_stride1,B,12,0.05,1,81,0.63671875,0.0234750594315947
B_static_12_sigma50_stride1,B,12,0.05,1,82,0.64453125,0.02281259335365
B_static_12_sigma50_stride1,B,12,0.05,1,83,0.65234375,0.0459148641903644
B_static_12_sigma50_stride1,B,12,0.05,1,84,0.66015625,0.0303584527845216
B_static_12_sigma50_stride1,B,12,0.05,1,85,0.66796875,0.0206126294691791
B_static_12_sigma50_stride1,B,12,0.05,1,86,0.67578125,0.0316336637861915
B_static_12_sigma50_stride1,B,12,0.05,1,87,0.68359375,0.0365603468840245
B_static_12_sigma50_stride1,B,12,0.05,1,88,0.69140625,0.0324407160307099
B_static_12_sigma50_stride1,B,12,0.05,1,89,0.69921875,0.0221003614438582
B_static_12_sigma50_stride1,B,12,0.05,1,90,0.70703125,0.0234981194727148
B_static_12_sigma50_stride1,B,12,0.05,1,91,0.71484375,0.0200517508668137
B_static_12_sigma50_stride1,B,12,0.05,1,92,0.72265625,0.0421636661039818
B_static_12_sigma50_stride1,B,12,0.05,1,93,0.73046875,0.024265298255692
B_static_12_sigma50_stride1,B,12,0.05,1,94,0.73828125,0.0460431027169297
B_static_12_sigma50_stride1,B,12,0.05,1,95,0.74609375,0.0503445382559604
B_static_12_sigma50_stride1,B,12,0.05,1,96,0.75390625,0.0664081348604203
B_static_12_sigma50_stride1,B,12,0.05,1,97,0.76171875,0.0519628249774627
B_static_12_sigma50_stride1,B,12,0.05,1,98,0.76953125,0.0341599456180037
B_static_12_sigma50_stride1,B,12,0.05,1,99,0.77734375,0.0283950627394608
B_static_12_sigma50_stride1,B,12,0.05,1,100,0.78515625,0.0273788161863656
B_static_12_sigma50_stride1,B,12,0.05,1,101,0.79296875,0.0321700354851109
B_static_12_sigma50_stride1,B,12,0.05,1,102,0.80078125,0.0450615242390018
B_static_12_sigma50_stride1,B,12,0.05,1,103,0.80859375,0.0466250146511852
B_static_12_sigma50_stride1,B,12,0.05,1,104,0.81640625,0.0383770623988567
B_static_12_sigma50_stride1,B,12,0.05,1,105,0.82421875,0.0370386469148426
B_static_12_sigma50_stride1,B,12,0.05,1,106,0.83203125,0.0318462106918259
B_static_12_sigma50_stride1,B,12,0.05,1,107,0.83984375,0.0434928280646462
B_static_12_sigma50_stride1,B,12,0.05,1,108,0.84765625,0.0203920227774498
B_static_12_sigma50_stride1,B,12,0.05,1,109,0.85546875,0.0285892624862663
B_static_12_sigma50_stride1,B,12,0.05,1,110,0.86328125,0.031949388003417
B_static_12_sigma50_stride1,B,12,0.05,1,111,0.87109375,0.0260868303007739
B_static_12_sigma50_stride1,B,12,0.05,1,112,0.87890625,0.0277179037106866
B_static_12_sigma50_stride1,B,12,0.05,1,113,0.88671875,0.0339121361934739
B_static_12_sigma50_stride1,B,12,0.05,1,114,0.89453125,0.0261376873617495
B_static_12_sigma50_stride1,B,12,0.05,1,115,0.90234375,0.0275349590276067
B_static_12_sigma50_stride1,B,12,0.05,1,116,0.91015625,0.0285485647395373
B_static_12_sigma50_stride1,B,12,0.05,1,117,0.91796875,0.0260011536177212
B_static_12_sigma50_stride1,B,12,0.05,1,118,0.92578125,0.0264980441403762
B_static_12_sigma50_stride1,B,12,0.05,1,119,0.93359375,0.0296243984025284
B_static_12_sigma50_stride1,B,12,0.05,1,120,0.94140625,0.0367438710880237
B_static_12_sigma50_stride1,B,12,0.05,1,121,0.94921875,0.0367438710880237
B_static_12_sigma50_stride1,B,12,0.05,1,122,0.95703125,0.034309196820026
B_static_12_sigma50_stride1,B,12,0.05,1,123,0.96484375,0.0293398826746749
B_static_12_sigma50_stride1,B,12,0.05,1,124,0.97265625,0.0260929027316098
B_static_12_sigma50_stride1,B,12,0.05,1,125,0.98046875,0.031898207948215
B_static_12_sigma50_stride1,B,12,0.05,1,126,0.98828125,0.0352473734059519
B_static_12_sigma50_stride1,B,12,0.05,1,127,0.99609375,0.0283701239988955
