metric,metric_role,family,class,seed,sigma,stride,degree,source,role,trajectory_id,n_frames,n_intervals,floor_e,floor_source,floor_n_distances,L,R,eta,eta_defined,efficiency_valid,L_per_interval,L_over_floor_ratio,speed_mean,speed_std,speed_max,speed_change_mean,speed_change_mean_abs,speed_change_max_abs,angle_defined_count,angle_defined_fraction,angle_floor_valid_count,angle_floor_valid_fraction,mean_cosine_angle,mean_angle_rad,straight_count,reversal_count,near_straight_count,near_reversal_count,q_defined_count,q_valid_count,q_valid_fraction,q_mean,q_std,cosine_anomaly_count,unresolved_zero_step_count,card_min,card_mean,card_max,card_change_count,empty_diagram_count,essential_count_min,essential_count_max,essential_count_total,_valid_mismatch,_anomaly_mismatch
exact_scipy,corrected_candidate,A,jump,11,0.0,1,0,cached_smoke,scientific,A_jump_11_sigma0,129,128,0.0,zero_sigma_exact_zero,0,0.521720627220949,0.521720627220949,1.0,True,True,0.004108036434810622,,0.521720627220949,5.879492872196821,66.78024028428148,0.0,134.61213789587447,8547.870756388029,0,0.0,0,0.0,,,0,0,0,0,2,2,0.015748031496062992,0.0,0.0,0,127,63,63.0,63,0,0,1,1,129,0,0
exact_scipy,corrected_candidate,A,jump,11,0.0,1,1,cached_smoke,scientific,A_jump_11_sigma0,129,128,0.0,zero_sigma_exact_zero,0,0.7698896015809209,0.7698896015809209,1.0,True,True,0.006062122847093865,,0.7698896015809209,8.676215178581531,98.54586900235788,0.0,198.64364145357177,12613.871232301808,0,0.0,0,0.0,,,0,0,0,0,2,2,0.015748031496062992,0.0,0.0,0,127,2,7.2015503875969,13,1,0,0,0,0,0,0
exact_scipy,corrected_candidate,A,jump,11,0.0,2,0,cached_smoke,scientific,A_jump_11_sigma0,65,64,0.0,zero_sigma_exact_zero,0,0.521720627220949,0.521720627220949,1.0,True,True,0.00828127979715792,,0.521720627220949,4.141029100437798,33.39012014214074,0.0,67.84024409831768,2136.967689097007,0,0.0,0,0.0,,,0,0,0,0,2,2,0.031746031746031744,0.0,0.0,0,63,63,63.0,63,0,0,1,1,65,0,0
exact_scipy,corrected_candidate,A,jump,11,0.0,2,1,cached_smoke,scientific,A_jump_11_sigma0,65,64,0.0,zero_sigma_exact_zero,0,0.7698896015809209,0.7698896015809209,1.0,True,True,0.012220469866363824,,0.7698896015809209,6.11080926827315,49.27293450117894,0.0,100.11008914525245,3153.467808075452,0,0.0,0,0.0,,,0,0,0,0,2,2,0.031746031746031744,0.0,0.0,0,63,2,7.246153846153846,13,1,0,0,0,0,0,0
exact_scipy,corrected_candidate,A,jump,11,0.0,4,0,cached_smoke,scientific,A_jump_11_sigma0,33,32,0.0,zero_sigma_exact_zero,0,0.521720627220949,0.521720627220949,1.0,True,True,0.01682969765228868,,0.521720627220949,2.904817515594127,16.69506007107037,0.0,34.467220791887215,534.2419222742518,0,0.0,0,0.0,,,0,0,0,0,2,2,0.06451612903225806,0.0,0.0,0,31,63,63.0,63,0,0,1,1,33,0,0
exact_scipy,corrected_candidate,A,jump,11,0.0,4,1,cached_smoke,scientific,A_jump_11_sigma0,33,32,0.0,zero_sigma_exact_zero,0,0.7698896015809209,0.7698896015809209,1.0,True,True,0.024835148438094222,,0.7698896015809209,4.286563886995656,24.63646725058947,0.0,50.86238400121697,788.366952018863,0,0.0,0,0.0,,,0,0,0,0,2,2,0.06451612903225806,0.0,0.0,0,31,2,7.333333333333333,13,1,0,0,0,0,0,0
exact_scipy,corrected_candidate,A,jump,11,0.05,1,0,cached_smoke,scientific,A_jump_11_sigma50,129,128,0.055153732833621016,static_sigma50_train_like_pool,256,7.237976794242407,0.4956567901866569,0.06848001924804968,True,False,0.056991943261751235,1.0333288489044874,7.237976794242407,6.525286650370645,64.39410490288664,0.5916628834055321,443.8504179508688,7650.066634303232,127,1.0,3,0.023622047244094488,0.9883917350797106,0.08822802076586174,1,7,2,8,127,9,0.07086614173228346,0.5624829744474673,0.36177671557684743,0,0,63,63.0,63,0,0,1,1,129,0,0
exact_scipy,corrected_candidate,A,jump,11,0.05,1,1,cached_smoke,scientific,A_jump_11_sigma50,129,128,0.1045617016282595,static_sigma50_train_like_pool,256,8.377248270382996,0.6048117102252131,0.07219694232573604,True,False,0.06596258480616532,0.6308484251784389,8.377248270382996,7.241962732892586,81.63530970145808,-4.65239318293873,500.07203797818363,9862.37685557091,127,1.0,0,0.0,,,0,0,1,1,127,2,0.015748031496062992,0.0889405703144088,0.010603469408342447,0,0,2,6.589147286821706,16,77,0,0,0,0,0,0
exact_scipy,corrected_candidate,A,jump,11,0.05,2,0,cached_smoke,scientific,A_jump_11_sigma50,65,64,0.06467399107753946,static_sigma50_train_like_pool,128,3.4122828403533463,0.4956567901866569,0.1452566546726622,True,False,0.054163219688148356,0.8374807057014705,3.4122828403533463,3.836227070621661,32.07508589602052,0.8552701654071881,130.88422584672531,1886.3817075168356,63,1.0,0,0.0,,,0,3,0,3,63,2,0.031746031746031744,0.06241505904871998,0.012576646761192078,0,0,63,63.0,63,0,0,1,1,65,0,0
exact_scipy,corrected_candidate,A,jump,11,0.05,2,1,cached_smoke,scientific,A_jump_11_sigma50,65,64,0.11098942010746575,static_sigma50_train_like_pool,128,4.348200499061763,0.6048117102252131,0.13909471524041195,True,False,0.0690190555406629,0.6218525646303499,4.348200499061763,4.571344058971,39.73325634591449,0.47530554328029523,141.84402528955593,2366.2918965366266,63,1.0,0,0.0,,,0,1,1,1,63,2,0.031746031746031744,0.06757957831307193,0.025353617524055422,0,0,2,6.584615384615384,16,37,0,0,0,0,0,0
exact_scipy,corrected_candidate,A,jump,11,0.05,4,0,cached_smoke,scientific,A_jump_11_sigma50,33,32,0.05785205792112252,static_sigma50_train_like_pool,64,2.1481758769291446,0.4956567901866569,0.23073380327462156,True,False,0.06929599602997241,1.1978138465610497,2.1481758769291446,2.687590852352654,16.50212561747435,1.2174952735088513,50.6200088278809,487.418300569452,31,1.0,0,0.0,,,1,3,2,3,31,2,0.06451612903225806,0.12673298599249688,0.05525689793367307,0,0,63,63.0,63,0,0,1,1,33,0,0
exact_scipy,corrected_candidate,A,jump,11,0.05,4,1,cached_smoke,scientific,A_jump_11_sigma50,33,32,0.10801281900487454,static_sigma50_train_like_pool,64,2.4376728353553316,0.6048117102252131,0.2481102884083506,True,False,0.07863460759210747,0.7280118074555461,2.4376728353553316,3.2764466796910767,20.34944276754053,-0.36358575099864304,57.644236379020604,621.995557868247,31,1.0,0,0.0,,,0,1,1,1,31,2,0.06451612903225806,0.08454961793934251,0.017262636046935065,0,0,2,6.424242424242424,13,18,0,0,0,0,0,0
exact_scipy,corrected_candidate,A,jump,1000,0.0,1,0,fresh_train_like,scientific,A_jump_1000_sigma0,129,128,0.0,zero_sigma_exact_zero,0,0.4167746686155396,0.4167746686155396,1.0,True,True,0.003281690304059367,,0.4167746686155396,4.696811982477933,53.347157582789066,0.0,107.53442788341734,6828.4361705970005,0,0.0,0,0.0,,,0,0,0,0,2,2,0.015748031496062992,0.0,0.0,0,127,63,63.0,63,0,0,1,1,129,0,0
exact_scipy,corrected_candidate,A,jump,1000,0.0,1,1,fresh_train_like,scientific,A_jump_1000_sigma0,129,128,0.0,zero_sigma_exact_zero,0,0.849553438280091,0.849553438280091,1.0,True,True,0.00668939715181174,,0.849553438280091,9.573981024144429,108.74284009985165,0.0,219.1981658705671,13919.083532781011,0,0.0,0,0.0,,,0,0,0,0,2,2,0.015748031496062992,0.0,0.0,0,127,2,10.03875968992248,19,1,0,0,0,0,0,0
exact_scipy,corrected_candidate,A,jump,1000,0.0,2,0,fresh_train_like,scientific,A_jump_1000_sigma0,65,64,0.0,zero_sigma_exact_zero,0,0.4167746686155396,0.4167746686155396,1.0,True,True,0.00661547093040539,,0.4167746686155396,3.3080463777242226,26.673578791394533,0.0,54.193937861880954,1707.1090426492501,0,0.0,0,0.0,,,0,0,0,0,2,2,0.031746031746031744,0.0,0.0,0,63,63,63.0,63,0,0,1,1,65,0,0
exact_scipy,corrected_candidate,A,jump,1000,0.0,2,1,fresh_train_like,scientific,A_jump_1000_sigma0,65,64,0.0,zero_sigma_exact_zero,0,0.849553438280091,0.849553438280091,1.0,True,True,0.013484975210795095,,0.849553438280091,6.743121369446945,54.371420049925824,0.0,110.46891692683342,3479.7708831952527,0,0.0,0,0.0,,,0,0,0,0,2,2,0.031746031746031744,0.0,0.0,0,63,2,10.107692307692307,19,1,0,0,0,0,0,0
exact_scipy,corrected_candidate,A,jump,1000,0.0,4,0,fresh_train_like,scientific,A_jump_1000_sigma0,33,32,0.0,zero_sigma_exact_zero,0,0.4167746686155396,0.4167746686155396,1.0,True,True,0.013444344148888374,,0.4167746686155396,2.3205031472478934,13.336789395697267,0.0,27.53401681692339,426.77726066231253,0,0.0,0,0.0,,,0,0,0,0,2,2,0.06451612903225806,0.0,0.0,0,31,63,63.0,63,0,0,1,1,33,0,0
exact_scipy,corrected_candidate,A,jump,1000,0.0,4,1,fresh_train_like,scientific,A_jump_1000_sigma0,33,32,0.0,zero_sigma_exact_zero,0,0.849553438280091,0.849553438280091,1.0,True,True,0.02740494962193842,,0.849553438280091,4.730113357975606,27.185710024962912,0.0,56.12533682572988,869.9427207988132,0,0.0,0,0.0,,,0,0,0,0,2,2,0.06451612903225806,0.0,0.0,0,31,2,10.242424242424242,19,1,0,0,0,0,0,0
exact_scipy,corrected_candidate,A,jump,1000,0.05,1,0,fresh_train_like,scientific,A_jump_1000_sigma50,129,128,0.055153732833621016,static_sigma50_train_like_pool,256,7.152709612912249,0.3741808798257835,0.05231316523046076,True,False,0.056320548133167316,1.0211556904600847,7.152709612912249,5.378474776372518,47.54175106786681,6.274366308525328,428.03215391314774,5598.009469303373,127,1.0,3,0.023622047244094488,0.9289680741616418,0.29141851817768893,3,7,4,9,127,7,0.05511811023622047,0.5511481779693337,0.2949115440254338,0,0,63,63.0,63,0,0,1,1,129,0,0
exact_scipy,corrected_candidate,A,jump,1000,0.05,1,1,fresh_train_like,scientific,A_jump_1000_sigma50,129,128,0.1045617016282595,static_sigma50_train_like_pool,256,8.224345902571585,0.7069434859152788,0.08595741160330234,True,False,0.06475862915410698,0.619334117039703,8.224345902571585,7.985902722523307,93.06843704560896,2.7065312821349026,503.31883580497606,11242.41093141045,127,1.0,0,0.0,,,2,3,2,3,127,2,0.015748031496062992,0.07092273954304498,0.0021073177200110135,0,0,2,7.131782945736434,17,83,0,0,0,0,0,0
exact_scipy,corrected_candidate,A,jump,1000,0.05,2,0,fresh_train_like,scientific,A_jump_1000_sigma50,65,64,0.06467399107753946,static_sigma50_train_like_pool,128,4.015622731595874,0.3741808798257835,0.09318128341132234,True,False,0.06374004335866466,0.9855591451321589,4.015622731595874,3.7657144874258264,27.199723230713683,0.2256281811720546,147.19425395721146,1648.5184311073647,63,1.0,2,0.031746031746031744,0.9385423705010507,0.34245705586523895,3,4,3,4,63,5,0.07936507936507936,0.5355999583301723,0.338293656818363,0,0,63,63.0,63,0,0,1,1,65,0,0
exact_scipy,corrected_candidate,A,jump,1000,0.05,2,1,fresh_train_like,scientific,A_jump_1000_sigma50,65,64,0.11098942010746575,static_sigma50_train_like_pool,128,4.447020597129774,0.7069434859152788,0.15897013977663135,True,False,0.07058762852586943,0.6359851998282612,4.447020597129774,5.382261067746141,45.56313978489932,-1.0847616168097869,173.64327860473026,2663.2536386117463,63,1.0,0,0.0,,,0,1,0,1,63,2,0.031746031746031744,0.09552823142268765,0.006170362025609576,0,0,2,7.323076923076923,17,44,0,0,0,0,0,0
exact_scipy,corrected_candidate,A,jump,1000,0.05,4,0,fresh_train_like,scientific,A_jump_1000_sigma50,33,32,0.05785205792112252,static_sigma50_train_like_pool,64,2.418042893447125,0.3741808798257835,0.15474534419542782,True,False,0.07800138365958467,1.3482905615204637,2.418042893447125,2.5149112614472373,12.528458385524058,1.1675988008297122,48.587208674482184,379.3582978879013,31,1.0,4,0.12903225806451613,0.9754076439186876,0.18200686305594985,0,2,0,2,31,7,0.22580645161290322,0.5926394851584925,0.3357682302387393,0,0,63,63.0,63,0,0,1,1,33,0,0
exact_scipy,corrected_candidate,A,jump,1000,0.05,4,1,fresh_train_like,scientific,A_jump_1000_sigma50,33,32,0.10801281900487454,static_sigma50_train_like_pool,64,2.677477341502554,0.7069434859152788,0.26403341494518656,True,False,0.08637023682266302,0.7996295034088982,2.677477341502554,3.569971348163353,22.238772480930095,-0.8968256655590292,58.995066666372665,655.1079929841551,31,1.0,0,0.0,,,0,1,0,1,31,2,0.06451612903225806,0.056970357891129336,0.02449970882718226,0,0,2,7.515151515151516,17,18,0,0,0,0,0,0
exact_scipy,corrected_candidate,A,jump,1001,0.0,1,0,fresh_train_like,scientific,A_jump_1001_sigma0,129,128,0.0,zero_sigma_exact_zero,0,0.5965575592924,0.5965575592924,1.0,True,True,0.00469730361647559,,0.5965575592924,6.722862265189655,76.3593675894272,0.0,153.92124490467214,9773.99905144668,0,0.0,0,0.0,,,0,0,0,0,2,2,0.015748031496062992,0.0,0.0,0,127,63,63.0,63,0,0,1,1,129,0,0
exact_scipy,corrected_candidate,A,jump,1001,0.0,1,1,fresh_train_like,scientific,A_jump_1001_sigma0,129,128,0.0,zero_sigma_exact_zero,0,0.7087636461680588,0.7087636461680588,1.0,True,True,0.005580816111559517,,0.7087636461680588,7.987360645322023,90.72174670951152,0.0,182.87218234358227,11612.383578817475,0,0.0,0,0.0,,,0,0,0,0,2,2,0.015748031496062992,0.0,0.0,0,127,2,5.782945736434108,10,1,0,0,0,0,0,0
exact_scipy,corrected_candidate,A,jump,1001,0.0,2,0,fresh_train_like,scientific,A_jump_1001_sigma0,65,64,0.0,zero_sigma_exact_zero,0,0.5965575592924,0.5965575592924,1.0,True,True,0.009469167607815873,,0.5965575592924,4.735028833870079,38.1796837947136,0.0,77.57142104322763,2443.49976286167,0,0.0,0,0.0,,,0,0,0,0,2,2,0.031746031746031744,0.0,0.0,0,63,63,63.0,63,0,0,1,1,65,0,0
exact_scipy,corrected_candidate,A,jump,1001,0.0,2,1,fresh_train_like,scientific,A_jump_1001_sigma0,65,64,0.0,zero_sigma_exact_zero,0,0.7087636461680588,0.7087636461680588,1.0,True,True,0.011250216605842203,,0.7087636461680588,5.625637038252183,45.36087335475576,0.0,92.16177443505933,2903.0958947043687,0,0.0,0,0.0,,,0,0,0,0,2,2,0.031746031746031744,0.0,0.0,0,63,2,5.815384615384615,10,1,0,0,0,0,0,0
exact_scipy,corrected_candidate,A,jump,1001,0.0,4,0,fresh_train_like,scientific,A_jump_1001_sigma0,33,32,0.0,zero_sigma_exact_zero,0,0.5965575592924,0.5965575592924,1.0,True,True,0.01924379223523871,,0.5965575592924,3.3214919190050822,19.0898418973568,0.0,39.41128649776888,610.8749407154176,0,0.0,0,0.0,,,0,0,0,0,2,2,0.06451612903225806,0.0,0.0,0,31,63,63.0,63,0,0,1,1,33,0,0
exact_scipy,corrected_candidate,A,jump,1001,0.0,4,1,fresh_train_like,scientific,A_jump_1001_sigma0,33,32,0.0,zero_sigma_exact_zero,0,0.7087636461680588,0.7087636461680588,1.0,True,True,0.02286334342477609,,0.7087636461680588,3.946228970803985,22.68043667737788,0.0,46.82412733394143,725.7739736760922,0,0.0,0,0.0,,,0,0,0,0,2,2,0.06451612903225806,0.0,0.0,0,31,2,5.878787878787879,10,1,0,0,0,0,0,0
exact_scipy,corrected_candidate,A,jump,1001,0.05,1,0,fresh_train_like,scientific,A_jump_1001_sigma50,129,128,0.055153732833621016,static_sigma50_train_like_pool,256,6.920838749306515,0.5906163583507923,0.08533884110650222,True,False,0.054494793301626106,0.9880526757094992,6.920838749306515,7.1863080357160865,69.954085259967,1.256553513462369,470.6578526582333,8482.68720140765,127,1.0,5,0.03937007874015748,0.9802149630130316,0.14280863606607735,3,8,6,9,127,11,0.08661417322834646,0.5876268722847205,0.27642401466708033,0,0,63,63.0,63,0,0,1,1,129,0,0
exact_scipy,corrected_candidate,A,jump,1001,0.05,1,1,fresh_train_like,scientific,A_jump_1001_sigma50,129,128,0.1045617016282595,static_sigma50_train_like_pool,256,7.879612264466216,0.5659024838345084,0.07181856985355661,True,False,0.062044191058789104,0.5933739609495858,7.879612264466216,6.400226046040395,73.01897743499383,-2.5390101982958493,432.2556593699349,8867.251116821826,127,1.0,0,0.0,,,1,1,1,3,127,2,0.015748031496062992,0.08412026741862595,0.0641151709524274,0,0,2,6.348837209302325,16,71,0,0,0,0,0,0
exact_scipy,corrected_candidate,A,jump,1001,0.05,2,0,fresh_train_like,scientific,A_jump_1001_sigma50,65,64,0.06467399107753946,static_sigma50_train_like_pool,128,3.9284625488122407,0.5906163583507923,0.15034287612831218,True,False,0.06235654839384509,0.9641673160248311,3.9284625488122407,4.597179187174499,35.43684303996696,1.4405421960650717,172.86623406918866,2105.0605431799904,63,1.0,0,0.0,,,2,5,2,7,63,4,0.06349206349206349,0.3646937407359234,0.3078768609076795,0,0,63,63.0,63,0,0,1,1,65,0,0
exact_scipy,corrected_candidate,A,jump,1001,0.05,2,1,fresh_train_like,scientific,A_jump_1001_sigma50,65,64,0.11098942010746575,static_sigma50_train_like_pool,128,4.537725475600231,0.5659024838345084,0.12471060377658769,True,False,0.07202738850159097,0.6489572468425395,4.537725475600231,4.384400132283227,37.61345659582564,-0.9503077245219917,138.30229871886775,2185.005787737742,63,1.0,0,0.0,,,0,2,0,2,63,2,0.031746031746031744,0.13423750211987417,0.013240480732579059,0,0,2,6.476923076923077,16,36,0,0,0,0,0,0
exact_scipy,corrected_candidate,A,jump,1001,0.05,4,0,fresh_train_like,scientific,A_jump_1001_sigma50,33,32,0.05785205792112252,static_sigma50_train_like_pool,64,2.33312005881909,0.5906163583507923,0.2531444346887717,True,False,0.07526193738126097,1.30093794561078,2.33312005881909,3.1609997606191285,18.634230598797476,4.193322445526834,59.28115613551286,559.5423306180503,31,1.0,2,0.06451612903225806,0.9876043200490632,0.11156719455791711,0,4,2,4,31,4,0.12903225806451613,0.4690540256208773,0.3864152080580269,0,0,63,63.0,63,0,0,1,1,33,0,0
exact_scipy,corrected_candidate,A,jump,1001,0.05,4,1,fresh_train_like,scientific,A_jump_1001_sigma50,33,32,0.10801281900487454,static_sigma50_train_like_pool,64,2.230266095313053,0.5659024838345084,0.2537376526611615,True,False,0.07194406759074363,0.6660697151834992,2.230266095313053,2.925790123996887,18.05744510468578,-0.9117885945965744,50.56177704811329,525.7496385974089,31,1.0,0,0.0,,,0,0,1,0,31,2,0.06451612903225806,0.10792993304339663,0.0438125050131965,0,0,2,6.333333333333333,14,14,0,0,0,0,0,0
exact_scipy,corrected_candidate,A,ramp,11,0.0,1,0,cached_smoke,scientific,A_ramp_11_sigma0,129,128,0.0,zero_sigma_exact_zero,0,2.187278387838904,0.5789285152877494,0.26467984985658266,True,True,0.017222664471172475,,2.187278387838904,1.9692959088578241,4.366281276852021,0.0,54.92289825240008,505.65902501681194,73,0.5748031496062992,73,0.5748031496062992,-0.31307945883189764,2.115345069239915,29,1,32,2,75,75,0.5905511811023622,0.21166727436091282,0.24570431788325237,0,54,63,63.0,63,0,0,1,1,129,0,0
exact_scipy,corrected_candidate,A,ramp,11,0.0,1,1,cached_smoke,scientific,A_ramp_11_sigma0,129,128,0.0,zero_sigma_exact_zero,0,1.4831623790739616,0.7231585206965613,0.48757879170861784,True,True,0.011678443929716233,,1.4831623790739616,1.8146866042951066,4.351035932814725,0.0,18.58624349691847,362.73550957382577,73,0.5748031496062992,73,0.5748031496062992,-0.31477778297554937,2.140282163486347,24,0,28,0,75,75,0.5905511811023622,0.2062543904144857,0.21868763293566668,0,54,2,6.341085271317829,17,30,0,0,0,0,0,0
exact_scipy,corrected_candidate,A,ramp,11,0.0,2,0,cached_smoke,scientific,A_ramp_11_sigma0,65,64,0.0,zero_sigma_exact_zero,0,1.8205116356609898,0.5789285152877494,0.3180031942380596,True,True,0.02889701008985698,,1.8205116356609898,1.7783038486008953,4.366188629211592,0.0,23.364638803192346,266.13575711346766,36,0.5714285714285714,36,0.5714285714285714,-0.09467047530201438,1.795594042238066,10,1,13,1,38,38,0.6031746031746031,0.3019582978478643,0.3126065032244533,0,27,63,63.0,63,0,0,1,1,65,0,0
exact_scipy,corrected_candidate,A,ramp,11,0.0,2,1,cached_smoke,scientific,A_ramp_11_sigma0,65,64,0.0,zero_sigma_exact_zero,0,1.3596926752226253,0.7231585206965613,0.5318543917125662,True,True,0.021582423416232146,,1.3596926752226253,1.792725790527917,4.346247193986805,0.0,12.832601980538964,185.40766452834896,36,0.5714285714285714,36,0.5714285714285714,-0.30607887065998396,2.0948882262536808,6,0,11,0,38,38,0.6031746031746031,0.19547891609139365,0.20157713001872402,0,27,2,6.323076923076923,16,22,0,0,0,0,0,0
exact_scipy,corrected_candidate,A,ramp,11,0.0,4,0,cached_smoke,scientific,A_ramp_11_sigma0,33,32,0.0,zero_sigma_exact_zero,0,1.358131652072891,0.5789285152877494,0.4262683329735682,True,True,0.04381069845396422,,1.358131652072891,1.64842603366481,4.36611585009878,0.0,12.285133202342879,73.18176792479403,18,0.5806451612903226,18,0.5806451612903226,-0.19824550549736308,1.9526377255065652,2,0,6,0,20,20,0.6451612903225806,0.21202645788627333,0.19980598811657244,0,13,63,63.0,63,0,0,1,1,33,0,0
exact_scipy,corrected_candidate,A,ramp,11,0.0,4,1,cached_smoke,scientific,A_ramp_11_sigma0,33,32,0.0,zero_sigma_exact_zero,0,1.2747583172053587,0.7231585206965613,0.5672906863490291,True,True,0.04112123603888254,,1.2747583172053587,1.771767696573404,4.344377890298091,0.0,9.982416631009498,115.51292421651215,18,0.5806451612903226,18,0.5806451612903226,-0.27434719986805023,2.0123950271065727,2,0,2,0,20,20,0.6451612903225806,0.17823468859643368,0.1835597609956764,0,13,2,6.454545454545454,16,11,0,0,0,0,0,0
exact_scipy,corrected_candidate,A,ramp,11,0.05,1,0,cached_smoke,scientific,A_ramp_11_sigma50,129,128,0.055153732833621016,static_sigma50_train_like_pool,256,6.28465722250148,0.5758041280903845,0.09162060995606654,True,False,0.049485489940956535,0.8972282998548161,6.28465722250148,3.7879564330069564,25.43531974976841,-5.635584502389065,330.8133187482985,2458.5284233753655,127,1.0,1,0.007874015748031496,0.9999999999999999,1.4901161193847656e-08,1,2,2,3,127,4,0.031496062992125984,0.5354812516712243,0.18794684657469812,0,0,63,63.0,63,0,0,1,1,129,0,0
exact_scipy,corrected_candidate,A,ramp,11,0.05,1,1,cached_smoke,scientific,A_ramp_11_sigma50,129,128,0.1045617016282595,static_sigma50_train_like_pool,256,8.413617739150444,0.5855291509297611,0.06959302990497929,True,False,0.06624895857598775,0.633587226913328,8.413617739150444,3.479433643963048,22.156360585254475,-8.465691997869891,401.8153841691042,2161.422711817495,127,1.0,0,0.0,,,0,2,0,2,127,0,0.0,,,0,0,2,4.976744186046512,14,84,0,0,0,0,0,0
exact_scipy,corrected_candidate,A,ramp,11,0.05,2,0,cached_smoke,scientific,A_ramp_11_sigma50,65,64,0.06467399107753946,static_sigma50_train_like_pool,128,2.962717717230313,0.5758041280903845,0.1943499796628189,True,False,0.04702726535286211,0.7271433936476845,2.962717717230313,1.824797567081512,9.269190237585953,0.4000990258999818,75.28514343108236,447.20112469949123,63,1.0,0,0.0,,,7,0,9,1,63,0,0.0,,,0,0,63,63.0,63,0,0,1,1,65,0,0
exact_scipy,corrected_candidate,A,ramp,11,0.05,2,1,cached_smoke,scientific,A_ramp_11_sigma50,65,64,0.11098942010746575,static_sigma50_train_like_pool,128,4.290664724286441,0.5855291509297611,0.13646583654404215,True,False,0.06810578927438796,0.6136241563244891,4.290664724286441,2.161896292936573,12.52495540104065,-0.8229368099218485,122.37169570927793,453.3673899152982,63,1.0,0,0.0,,,0,0,0,0,63,0,0.0,,,0,0,2,4.861538461538461,14,42,0,0,0,0,0,0
exact_scipy,corrected_candidate,A,ramp,11,0.05,4,0,cached_smoke,scientific,A_ramp_11_sigma50,33,32,0.05785205792112252,static_sigma50_train_like_pool,64,1.887023794179665,0.5758041280903845,0.30513877454348715,True,False,0.06087173529611823,1.0521965420679218,1.887023794179665,1.4267347169227302,6.409930660615888,-0.19340121239646865,23.497463056934585,152.1747411472487,31,1.0,4,0.12903225806451613,-1.0,3.141592653589793,6,1,6,2,31,5,0.16129032258064516,0.08206288697398892,0.16412577394797784,0,0,63,63.0,63,0,0,1,1,33,0,0
exact_scipy,corrected_candidate,A,ramp,11,0.05,4,1,cached_smoke,scientific,A_ramp_11_sigma50,33,32,0.10801281900487454,static_sigma50_train_like_pool,64,2.54678583189291,0.5855291509297611,0.22990906561411328,True,False,0.08215438167396484,0.760598440359725,2.54678583189291,1.4031533909461105,5.768656778667584,-0.8612711446517152,25.79750565555909,100.80853261332788,31,1.0,0,0.0,,,0,0,0,0,31,0,0.0,,,0,0,2,4.96969696969697,14,23,0,0,0,0,0,0
exact_scipy,corrected_candidate,A,ramp,1000,0.0,1,0,fresh_train_like,scientific,A_ramp_1000_sigma0,129,128,0.0,zero_sigma_exact_zero,0,2.30155980419509,0.47022913864666177,0.20430889425057194,True,True,0.018122518143268426,,2.30155980419509,1.9734741606526207,4.216975787445449,0.0,51.32940670172753,446.6958909138557,76,0.5984251968503937,76,0.5984251968503937,-0.39710452635069515,2.2060072683742735,24,3,31,3,78,78,0.6141732283464567,0.17991793864935368,0.22387409650079226,0,51,63,63.0,63,0,0,1,1,129,0,0
exact_scipy,corrected_candidate,A,ramp,1000,0.0,1,1,fresh_train_like,scientific,A_ramp_1000_sigma0,129,128,0.0,zero_sigma_exact_zero,0,1.7748569970834878,0.8076120924305733,0.4550293875831529,True,True,0.013975251945539273,,1.7748569970834878,1.7812468721658619,4.140414982006899,0.0,19.300680503678933,368.46448510452683,76,0.5984251968503937,76,0.5984251968503937,-0.4255481151966936,2.2970344258073285,30,0,37,0,78,78,0.6141732283464567,0.1777387919241049,0.21625728989287593,0,51,2,7.333333333333333,16,32,0,0,0,0,0,0
exact_scipy,corrected_candidate,A,ramp,1000,0.0,2,0,fresh_train_like,scientific,A_ramp_1000_sigma0,65,64,0.0,zero_sigma_exact_zero,0,1.925619382272487,0.47022913864666177,0.24419630534240305,True,True,0.030565387020198207,,1.925619382272487,1.7383750824525042,4.216946507450395,0.0,27.76269020467304,168.66047377763726,38,0.6031746031746031,38,0.6031746031746031,-0.13927168096520226,1.855445197673202,11,0,12,0,40,40,0.6349206349206349,0.26822586684010646,0.2586305611298511,0,25,63,63.0,63,0,0,1,1,65,0,0
exact_scipy,corrected_candidate,A,ramp,1000,0.0,2,1,fresh_train_like,scientific,A_ramp_1000_sigma0,65,64,0.0,zero_sigma_exact_zero,0,1.5982689331801714,0.8076120924305733,0.5053042549126067,True,True,0.025369348145717004,,1.5982689331801714,1.7553476599057574,4.136103651007211,0.0,15.285114926945013,182.08507162894057,38,0.6031746031746031,38,0.6031746031746031,-0.40662495373016483,2.258577076235477,12,0,15,0,40,40,0.6349206349206349,0.17578534153778458,0.21343983772255026,0,25,3,7.338461538461538,16,19,0,0,0,0,0,0
exact_scipy,corrected_candidate,A,ramp,1000,0.0,4,0,fresh_train_like,scientific,A_ramp_1000_sigma0,33,32,0.0,zero_sigma_exact_zero,0,1.5392354950680787,0.47022913864666177,0.30549525407472755,True,True,0.04965275790542189,,1.5392354950680787,1.5135932558991132,4.216868769110068,0.0,12.20867816892485,107.02426353621752,19,0.6129032258064516,19,0.6129032258064516,0.17463733659534522,1.439974531562901,3,0,4,0,21,21,0.6774193548387096,0.3724430868667775,0.2987373432865149,0,12,63,63.0,63,0,0,1,1,33,0,0
exact_scipy,corrected_candidate,A,ramp,1000,0.0,4,1,fresh_train_like,scientific,A_ramp_1000_sigma0,33,32,0.0,zero_sigma_exact_zero,0,1.486255351879066,0.8076120924305733,0.5433871719348313,True,True,0.047943721028356964,,1.486255351879066,1.7413655464679847,4.1301236670501105,0.0,10.799203636025126,106.05170492362697,19,0.6129032258064516,19,0.6129032258064516,-0.45100862444415885,2.300976451925213,6,0,9,0,21,21,0.6774193548387096,0.14836201849059175,0.2013268235369306,0,12,3,7.484848484848484,16,12,0,0,0,0,0,0
exact_scipy,corrected_candidate,A,ramp,1000,0.05,1,0,fresh_train_like,scientific,A_ramp_1000_sigma50,129,128,0.055153732833621016,static_sigma50_train_like_pool,256,5.946622783814102,0.425557569984128,0.07156289972561196,True,False,0.04682380144735514,0.8489688556277,5.946622783814102,3.3669574806792855,21.587859458087195,-0.9828527958135247,278.28301993354177,1858.8449556565702,127,1.0,2,0.015748031496062992,-0.013049355421682063,1.6852800186565435,3,5,5,5,127,5,0.03937007874015748,0.5194533902128049,0.30048937756372296,0,0,63,63.0,63,0,0,1,1,129,0,0
exact_scipy,corrected_candidate,A,ramp,1000,0.05,1,1,fresh_train_like,scientific,A_ramp_1000_sigma50,129,128,0.1045617016282595,static_sigma50_train_like_pool,256,8.559418949857776,0.7037768218135768,0.0822224996739143,True,False,0.06739699960517934,0.644566782633195,8.559418949857776,3.787075949487205,20.140785958965232,-2.8925271624532933,461.80727293504646,1593.5510178057693,127,1.0,0,0.0,,,3,4,7,5,127,0,0.0,,,0,0,2,5.744186046511628,15,86,0,0,0,0,0,0
exact_scipy,corrected_candidate,A,ramp,1000,0.05,2,0,fresh_train_like,scientific,A_ramp_1000_sigma50,65,64,0.06467399107753946,static_sigma50_train_like_pool,128,2.9379920089425227,0.425557569984128,0.1448464014499821,True,False,0.04663479379273845,0.7210749331493504,2.9379920089425227,1.5380102816098882,9.495697681074958,0.40254457160904256,82.13575035385146,483.9641543249222,63,1.0,0,0.0,,,2,0,3,1,63,0,0.0,,,0,0,63,63.0,63,0,0,1,1,65,0,0
exact_scipy,corrected_candidate,A,ramp,1000,0.05,2,1,fresh_train_like,scientific,A_ramp_1000_sigma50,65,64,0.11098942010746575,static_sigma50_train_like_pool,128,4.409465480196716,0.7037768218135768,0.1596059261546095,True,False,0.06999151555867804,0.6306143008127135,4.409465480196716,2.144397438512603,10.91574016102713,0.905486433354561,130.2373906252913,583.7378245824548,63,1.0,0,0.0,,,2,0,3,1,63,0,0.0,,,0,0,2,5.907692307692308,15,46,0,0,0,0,0,0
exact_scipy,corrected_candidate,A,ramp,1000,0.05,4,0,fresh_train_like,scientific,A_ramp_1000_sigma50,33,32,0.05785205792112252,static_sigma50_train_like_pool,64,1.7094740488363274,0.425557569984128,0.24894064362884796,True,False,0.05514432415601056,0.953195549779685,1.7094740488363274,0.9257150516293198,4.48341936669447,0.6660161410062547,20.94623318643951,98.76034486222187,31,1.0,1,0.03225806451612903,-1.0000000000000002,3.141592653589793,3,0,5,0,31,1,0.03225806451612903,0.0,,0,0,63,63.0,63,0,0,1,1,33,0,0
exact_scipy,corrected_candidate,A,ramp,1000,0.05,4,1,fresh_train_like,scientific,A_ramp_1000_sigma50,33,32,0.10801281900487454,static_sigma50_train_like_pool,64,2.9486068089911113,0.7037768218135768,0.23868113566975704,True,False,0.09511634867713262,0.8806024095421496,2.9486068089911113,1.4088981637184967,6.2839511547834235,1.3882730629402211,41.26121356597793,142.61226881944876,31,1.0,0,0.0,,,2,0,2,0,31,0,0.0,,,0,0,2,5.96969696969697,15,23,0,0,0,0,0,0
exact_scipy,corrected_candidate,A,ramp,1001,0.0,1,0,fresh_train_like,scientific,A_ramp_1001_sigma0,129,128,0.0,zero_sigma_exact_zero,0,2.3027478748095107,0.49008660229069445,0.21282686118263627,True,True,0.018131873029996148,,2.3027478748095107,1.958870844032741,4.1799500705802615,0.0,44.00906396389733,409.058238816913,77,0.6062992125984252,77,0.6062992125984252,-0.4261908539567051,2.210903250928231,16,0,26,0,79,79,0.6220472440944882,0.17035685281239846,0.21645953697960943,0,50,63,63.0,63,0,0,1,1,129,0,0
exact_scipy,corrected_candidate,A,ramp,1001,0.0,1,1,fresh_train_like,scientific,A_ramp_1001_sigma0,129,128,0.0,zero_sigma_exact_zero,0,1.8538051337314085,0.7939411288071927,0.42827647542928,True,True,0.014596890816782745,,1.8538051337314085,1.7687969704791167,4.141423868089845,0.0,20.740051511830405,483.141449042213,77,0.6062992125984252,77,0.6062992125984252,-0.4057046352782505,2.2647046152744914,25,0,32,0,79,79,0.6220472440944882,0.18459753401233867,0.2225700468690518,0,50,3,5.961240310077519,15,33,0,0,0,0,0,0
exact_scipy,corrected_candidate,A,ramp,1001,0.0,2,0,fresh_train_like,scientific,A_ramp_1001_sigma0,65,64,0.0,zero_sigma_exact_zero,0,1.9035740717866805,0.49008660229069445,0.2574560189458258,True,True,0.030215461456931436,,1.9035740717866805,1.7361989020114776,4.179920950932448,0.0,33.40294545875079,210.80199933248173,38,0.6031746031746031,38,0.6031746031746031,-0.16277835322709872,1.8759062387890315,8,0,11,0,40,40,0.6349206349206349,0.2342613467336397,0.22715253571454605,0,25,63,63.0,63,0,0,1,1,65,0,0
exact_scipy,corrected_candidate,A,ramp,1001,0.0,2,1,fresh_train_like,scientific,A_ramp_1001_sigma0,65,64,0.0,zero_sigma_exact_zero,0,1.6346538341038377,0.7939411288071927,0.48569373664513693,True,True,0.02594688625561647,,1.6346538341038377,1.7319237132925702,4.140244157488496,0.0,15.479091653901396,135.6795988587255,38,0.6031746031746031,38,0.6031746031746031,-0.386571136608164,2.233675764644335,13,0,17,0,40,40,0.6349206349206349,0.18027020789343726,0.21167838030060265,0,25,3,5.984615384615385,15,20,0,0,0,0,0,0
exact_scipy,corrected_candidate,A,ramp,1001,0.0,4,0,fresh_train_like,scientific,A_ramp_1001_sigma0,33,32,0.0,zero_sigma_exact_zero,0,1.5084646855535988,0.49008660229069445,0.32489100141634086,True,True,0.04866015114689028,,1.5084646855535988,1.4823653916173136,4.179897579410813,0.0,13.828773212815767,83.79038899589045,19,0.6129032258064516,19,0.6129032258064516,0.051684201924961704,1.6063047551805731,3,1,6,2,21,21,0.6774193548387096,0.33876917567700715,0.3166445674362213,0,12,63,63.0,63,0,0,1,1,33,0,0
exact_scipy,corrected_candidate,A,ramp,1001,0.0,4,1,fresh_train_like,scientific,A_ramp_1001_sigma0,33,32,0.0,zero_sigma_exact_zero,0,1.493776605775992,0.7939411288071927,0.5314992387330592,True,True,0.0481863421218062,,1.493776605775992,1.7318775166655271,4.125015830710499,0.0,11.855061005977792,98.52815595623304,19,0.6129032258064516,19,0.6129032258064516,-0.3348039501284619,2.103052272669856,3,0,6,0,21,21,0.6774193548387096,0.179383952864127,0.20390277679454247,0,12,3,6.03030303030303,15,11,0,0,0,0,0,0
exact_scipy,corrected_candidate,A,ramp,1001,0.05,1,0,fresh_train_like,scientific,A_ramp_1001_sigma50,129,128,0.055153732833621016,static_sigma50_train_like_pool,256,6.45905819801928,0.48932485545249815,0.0757579263804363,True,False,0.050858725968655746,0.9221266332430887,6.45905819801928,3.184947931929326,19.259099294424303,7.821997818402596,353.86023908785717,1730.5740342096788,127,1.0,0,0.0,,,4,7,7,11,127,3,0.023622047244094488,0.4641107965567101,0.3305876711532113,0,0,63,63.0,63,0,0,1,1,129,0,0
exact_scipy,corrected_candidate,A,ramp,1001,0.05,1,1,fresh_train_like,scientific,A_ramp_1001_sigma50,129,128,0.1045617016282595,static_sigma50_train_like_pool,256,8.067968007909169,0.638526092787678,0.07914335953758367,True,False,0.0635273071488911,0.607558084457587,8.067968007909169,3.2940606747250007,23.84009526034903,-0.37888473493250613,401.5799654425864,2117.033726797268,127,1.0,0,0.0,,,3,2,3,4,127,0,0.0,,,0,0,2,4.922480620155039,14,90,0,0,0,0,0,0
exact_scipy,corrected_candidate,A,ramp,1001,0.05,2,0,fresh_train_like,scientific,A_ramp_1001_sigma50,65,64,0.06467399107753946,static_sigma50_train_like_pool,128,3.513747554623812,0.48932485545249815,0.1392601055840183,True,False,0.05577377070831448,0.8623833132772917,3.513747554623812,2.2586785777881375,14.170622976821825,0.24715981658375985,113.13864163924887,797.7558041748962,63,1.0,0,0.0,,,3,3,3,6,63,1,0.015873015873015872,0.344969921348918,,0,0,63,63.0,63,0,0,1,1,65,0,0
exact_scipy,corrected_candidate,A,ramp,1001,0.05,2,1,fresh_train_like,scientific,A_ramp_1001_sigma50,65,64,0.11098942010746575,static_sigma50_train_like_pool,128,4.727297859597423,0.638526092787678,0.13507210921590945,True,False,0.07503647396186384,0.6760687089743294,4.727297859597423,1.8407536857386058,9.876781188755729,0.6071573530389143,127.54850054510267,482.5254027875867,63,1.0,0,0.0,,,0,2,0,2,63,0,0.0,,,0,0,2,4.923076923076923,14,42,0,0,0,0,0,0
exact_scipy,corrected_candidate,A,ramp,1001,0.05,4,0,fresh_train_like,scientific,A_ramp_1001_sigma50,33,32,0.05785205792112252,static_sigma50_train_like_pool,64,1.96952571547157,0.48932485545249815,0.24844806625707727,True,False,0.0635330875958571,1.0981992668693012,1.96952571547157,1.2806469640299716,7.227714195367291,1.4596272587266916,33.43748242320747,187.4699156857286,31,1.0,0,0.0,,,2,1,4,1,31,2,0.06451612903225806,0.11470318465144975,0.11470318465144975,0,0,63,63.0,63,0,0,1,1,33,0,0
exact_scipy,corrected_candidate,A,ramp,1001,0.05,4,1,fresh_train_like,scientific,A_ramp_1001_sigma50,33,32,0.10801281900487454,static_sigma50_train_like_pool,64,2.7630313521705316,0.638526092787678,0.2310962169452317,True,False,0.08913004361840425,0.8251802373048136,2.7630313521705316,1.3846227624853944,7.015900616635428,-0.5130931461723681,42.14057352630965,161.35951727514114,31,1.0,0,0.0,,,2,1,2,1,31,0,0.0,,,0,0,2,5.121212121212121,14,20,0,0,0,0,0,0
exact_scipy,corrected_candidate,A,return,11,0.0,1,0,cached_smoke,scientific,A_return_11_sigma0,129,128,0.0,zero_sigma_exact_zero,0,3.868385458777703,0.0,0.0,True,True,0.030459728021871676,,3.868385458777703,3.5022218338966877,8.297633796990283,-1.7903439011278115e-15,115.50567439539203,797.9623505241085,77,0.6062992125984252,77,0.6062992125984252,-0.1813097071855884,1.9300445966529398,19,1,29,1,79,79,0.6220472440944882,0.24327783589093047,0.24650220421609453,0,50,63,63.0,63,0,0,1,1,129,0,0
exact_scipy,corrected_candidate,A,return,11,0.0,1,1,cached_smoke,scientific,A_return_11_sigma0,129,128,0.0,zero_sigma_exact_zero,0,2.8172742053141615,0.0,0.0,True,True,0.022183261459166628,,2.8172742053141615,3.3405962019046336,8.20088140014225,0.0,56.936939287927856,812.7421372927129,77,0.6062992125984252,77,0.6062992125984252,-0.2665867699751038,2.0617159469416135,15,0,22,0,79,79,0.6220472440944882,0.22542202533307948,0.22206986085509803,0,50,3,7.751937984496124,13,36,0,0,0,0,0,0
exact_scipy,corrected_candidate,A,return,11,0.0,2,0,cached_smoke,scientific,A_return_11_sigma0,65,64,0.0,zero_sigma_exact_zero,0,3.0063160417400656,0.0,0.0,True,True,0.04771930224984231,,3.0063160417400656,3.2478697474756055,8.297603485720018,0.0,36.89641411415314,197.2926808202862,39,0.6190476190476191,39,0.6190476190476191,-0.11549690986108498,1.8106244486562686,7,1,12,1,41,41,0.6507936507936508,0.2734356014858034,0.2834614048886192,0,24,63,63.0,63,0,0,1,1,65,0,0
exact_scipy,corrected_candidate,A,return,11,0.0,2,1,cached_smoke,scientific,A_return_11_sigma0,65,64,0.0,zero_sigma_exact_zero,0,2.5747115841094317,0.0,0.0,True,True,0.04086843784300685,,2.5747115841094317,3.292327690047585,8.137527357719641,0.0,37.91434040356245,429.75662238906943,39,0.6190476190476191,39,0.6190476190476191,-0.2510035300425867,2.003173663408707,7,0,10,0,41,41,0.6507936507936508,0.2187032942577196,0.21541246413247714,0,24,3,7.815384615384615,13,22,0,0,0,0,0,0
exact_scipy,corrected_candidate,A,return,11,0.0,4,0,cached_smoke,scientific,A_return_11_sigma0,33,32,0.0,zero_sigma_exact_zero,0,2.4975706401965634,0.0,0.0,True,True,0.08056679484505043,,2.4975706401965634,3.166049866966633,8.297530031180177,0.0,24.341276134033517,129.37721745059198,19,0.6129032258064516,19,0.6129032258064516,0.0026338775285749626,1.5974347748687905,2,1,2,1,21,21,0.6774193548387096,0.2467606536057716,0.21606562448174196,0,12,63,63.0,63,0,0,1,1,33,0,0
exact_scipy,corrected_candidate,A,return,11,0.0,4,1,cached_smoke,scientific,A_return_11_sigma0,33,32,0.0,zero_sigma_exact_zero,0,2.386037251399075,0.0,0.0,True,True,0.07696894359351854,,2.386037251399075,3.1198048693650366,8.106111555738472,0.0,33.09910179572248,179.75875590675707,19,0.6129032258064516,19,0.6129032258064516,-0.24880088933343486,1.9066509880827012,2,0,2,0,21,21,0.6774193548387096,0.18514563787564509,0.1613648317247569,0,12,3,7.878787878787879,13,12,0,0,0,0,0,0
exact_scipy,corrected_candidate,A,return,11,0.05,1,0,cached_smoke,scientific,A_return_11_sigma50,129,128,0.055153732833621016,static_sigma50_train_like_pool,256,5.820490881651369,0.056580331137315795,0.009720886483248476,True,False,0.045830636863396605,0.830961650440799,5.820490881651369,3.6739667411798105,22.690363290321528,1.1801544626210012,378.1140749778993,2452.42404478771,127,1.0,0,0.0,,,7,3,8,3,127,1,0.007874015748031496,0.0,,0,0,63,63.0,63,0,0,1,1,129,0,0
exact_scipy,corrected_candidate,A,return,11,0.05,1,1,cached_smoke,scientific,A_return_11_sigma50,129,128,0.1045617016282595,static_sigma50_train_like_pool,256,9.090730657408546,0.03646267325754543,0.004010972784440595,True,False,0.0715805563575476,0.6845771945452138,9.090730657408546,3.6284387962088256,23.36807109595877,2.275495373035236,440.50948810956294,2339.8392867837247,127,1.0,0,0.0,,,2,2,5,2,127,0,0.0,,,0,0,2,6.868217054263566,16,95,0,0,0,0,0,0
exact_scipy,corrected_candidate,A,return,11,0.05,2,0,cached_smoke,scientific,A_return_11_sigma50,65,64,0.06467399107753946,static_sigma50_train_like_pool,128,3.5365132104642223,0.056580331137315795,0.01599890280910014,True,False,0.056135130324828926,0.8679707157321859,3.5365132104642223,2.773160313855648,15.548415277291127,0.10933296744237471,109.38491825715418,715.1759181855859,63,1.0,0,0.0,,,8,1,12,1,63,5,0.07936507936507936,0.12418309434396571,0.24836618868793145,0,0,63,63.0,63,0,0,1,1,65,0,0
exact_scipy,corrected_candidate,A,return,11,0.05,2,1,cached_smoke,scientific,A_return_11_sigma50,65,64,0.11098942010746575,static_sigma50_train_like_pool,128,5.278804385919518,0.03646267325754543,0.006907373448958362,True,False,0.08379054580824631,0.7549417388352505,5.278804385919518,2.897211866439506,14.892426257056734,-0.19164122925169774,156.89780522126313,675.891508971024,63,1.0,0,0.0,,,1,2,1,2,63,0,0.0,,,0,0,2,6.938461538461539,14,44,0,0,0,0,0,0
exact_scipy,corrected_candidate,A,return,11,0.05,4,0,cached_smoke,scientific,A_return_11_sigma50,33,32,0.05785205792112252,static_sigma50_train_like_pool,64,2.497182565832908,0.056580331137315795,0.022657667049042544,True,False,0.08055427631719059,1.3924185104533542,2.497182565832908,2.733782257710929,9.961103416466237,0.17527444286377472,25.341770163478863,159.72034178015963,31,1.0,6,0.1935483870967742,-0.5576118344174045,2.2658571632658635,1,1,1,1,31,7,0.22580645161290322,0.1591904854903505,0.3157380011796258,0,0,63,63.0,63,0,0,1,1,33,0,0
exact_scipy,corrected_candidate,A,return,11,0.05,4,1,cached_smoke,scientific,A_return_11_sigma50,33,32,0.10801281900487454,static_sigma50_train_like_pool,64,3.446031861858882,0.03646267325754543,0.010581060976573933,True,False,0.11116231812448006,1.0291585679238997,3.446031861858882,2.411811954408936,9.570452942713661,0.1996559512849635,42.95754860125065,156.05573160964474,31,1.0,2,0.06451612903225806,-0.39850762958843455,1.9945448118982885,1,0,1,0,31,4,0.12903225806451613,0.18018985701721582,0.05693399313774353,0,0,2,6.666666666666667,14,21,0,0,0,0,0,0
exact_scipy,corrected_candidate,A,return,1000,0.0,1,0,fresh_train_like,scientific,A_return_1000_sigma0,129,128,0.0,zero_sigma_exact_zero,0,3.3680767995005483,0.0,0.0,True,True,0.026520289759846837,,3.3680767995005483,3.525362609390478,9.008466116246368,-8.951719505639057e-16,110.92303909465221,905.5857257731896,71,0.5590551181102362,71,0.5590551181102362,0.010933647904657253,1.6497224009824392,10,1,16,1,73,73,0.5748031496062992,0.30181738657924434,0.24265254518881116,0,56,63,63.0,63,0,0,1,1,129,0,0
exact_scipy,corrected_candidate,A,return,1000,0.0,1,1,fresh_train_like,scientific,A_return_1000_sigma0,129,128,0.0,zero_sigma_exact_zero,0,3.4545567655553753,0.0,0.0,True,True,0.027201234374451773,,3.4545567655553753,3.800039467971449,8.974785523767054,0.0,60.73165650083997,889.6542368508199,71,0.5590551181102362,71,0.5590551181102362,-0.4491947894947131,2.3119711971989405,25,0,32,0,73,73,0.5748031496062992,0.1662252904944561,0.20645187282697755,0,56,2,8.573643410852712,18,40,0,0,0,0,0,0
exact_scipy,corrected_candidate,A,return,1000,0.0,2,0,fresh_train_like,scientific,A_return_1000_sigma0,65,64,0.0,zero_sigma_exact_zero,0,2.4521135067381055,0.0,0.0,True,True,0.03892243661489056,,2.4521135067381055,3.005300079162673,9.008379603689761,0.0,40.02676805419931,255.2359846626899,35,0.5555555555555556,35,0.5555555555555556,0.06260930519816135,1.5587440784963926,5,0,5,1,37,37,0.5873015873015873,0.3181758685778824,0.22980286748331238,0,28,63,63.0,63,0,0,1,1,65,0,0
exact_scipy,corrected_candidate,A,return,1000,0.0,2,1,fresh_train_like,scientific,A_return_1000_sigma0,65,64,0.0,zero_sigma_exact_zero,0,3.1801760275111084,0.0,0.0,True,True,0.05047898456366839,,3.1801760275111084,3.768155217520812,8.971089081145891,0.0,43.151720603052425,487.90672711948037,35,0.5555555555555556,35,0.5555555555555556,-0.4420729073398603,2.253362889770319,8,0,10,0,37,37,0.5873015873015873,0.16059489139501607,0.20498112861690235,0,28,3,8.646153846153846,15,23,0,0,0,0,0,0
exact_scipy,corrected_candidate,A,return,1000,0.0,4,0,fresh_train_like,scientific,A_return_1000_sigma0,33,32,0.0,zero_sigma_exact_zero,0,1.7462829795682078,0.0,0.0,True,True,0.05633170901832928,,1.7462829795682078,2.4849637982342037,9.007755100856127,2.2920733411616134e-16,36.671997171188856,231.65017452815596,18,0.5806451612903226,18,0.5806451612903226,0.13808787234571349,1.4262076544673294,0,1,1,1,20,20,0.6451612903225806,0.2888504129109082,0.16843867619711664,0,13,63,63.0,63,0,0,1,1,33,0,0
exact_scipy,corrected_candidate,A,return,1000,0.0,4,1,fresh_train_like,scientific,A_return_1000_sigma0,33,32,0.0,zero_sigma_exact_zero,0,3.0147407373030446,0.0,0.0,True,True,0.09724970120332402,,3.0147407373030446,3.6307044362098986,8.946326372853605,0.0,36.42681907026426,214.0490831391994,18,0.5806451612903226,18,0.5806451612903226,-0.3562940928853583,2.0198159184094853,1,0,2,0,20,20,0.6451612903225806,0.1487487281126471,0.14341514700717728,0,13,3,8.757575757575758,15,16,0,0,0,0,0,0
exact_scipy,corrected_candidate,A,return,1000,0.05,1,0,fresh_train_like,scientific,A_return_1000_sigma50,129,128,0.055153732833621016,static_sigma50_train_like_pool,256,5.795857213389527,0.027342356419054747,0.004717569017381714,True,False,0.04563667097157108,0.8274448278821038,5.795857213389527,3.296297257380055,23.52485743117272,1.866339951644221,306.80576711536696,2369.287981362768,127,1.0,0,0.0,,,5,4,9,4,127,4,0.031496062992125984,0.4565907808980347,0.24304254487607804,0,0,63,63.0,63,0,0,1,1,129,0,0
exact_scipy,corrected_candidate,A,return,1000,0.05,1,1,fresh_train_like,scientific,A_return_1000_sigma50,129,128,0.1045617016282595,static_sigma50_train_like_pool,256,9.45270288342007,0.0753963200453347,0.007976165227575169,True,False,0.07443073136551236,0.7118355019711752,9.45270288342007,3.885975803686911,25.456710645323582,-1.338666043121857,465.18414280077354,2529.899987344319,127,1.0,0,0.0,,,5,1,6,2,127,0,0.0,,,0,0,2,7.821705426356589,17,100,0,0,0,0,0,0
exact_scipy,corrected_candidate,A,return,1000,0.05,2,0,fresh_train_like,scientific,A_return_1000_sigma50,65,64,0.06467399107753946,static_sigma50_train_like_pool,128,3.384975260169727,0.027342356419054747,0.008077564625297665,True,False,0.05372976603444011,0.8307785732601841,3.384975260169727,2.2846645555021716,13.986376572198985,-0.18867856937364585,82.69309965397967,499.8737998581737,63,1.0,2,0.031746031746031744,-0.0037439543146710053,1.6320224328680941,4,1,5,2,63,3,0.047619047619047616,0.30764529009389197,0.43507614165098724,0,0,63,63.0,63,0,0,1,1,65,0,0
exact_scipy,corrected_candidate,A,return,1000,0.05,2,1,fresh_train_like,scientific,A_return_1000_sigma50,65,64,0.11098942010746575,static_sigma50_train_like_pool,128,5.959934036332302,0.0753963200453347,0.012650529281987325,True,False,0.0946021275608302,0.852352660904359,5.959934036332302,3.204430059485394,16.19635905579341,-1.178401700722233,171.7512549210472,771.6012620362899,63,1.0,0,0.0,,,4,0,5,0,63,0,0.0,,,0,0,2,7.7384615384615385,17,47,0,0,0,0,0,0
exact_scipy,corrected_candidate,A,return,1000,0.05,4,0,fresh_train_like,scientific,A_return_1000_sigma50,33,32,0.05785205792112252,static_sigma50_train_like_pool,64,1.7341143124168288,0.027342356419054747,0.01576733218985305,True,False,0.0559391713682848,0.9669348572621943,1.7341143124168288,1.3426808272928614,7.353624292301571,-0.06982816324594684,35.41863155418331,202.37120454798225,31,1.0,0,0.0,,,2,0,2,0,31,3,0.0967741935483871,0.08879372954927024,0.09369875923375656,0,0,63,63.0,63,0,0,1,1,33,0,0
exact_scipy,corrected_candidate,A,return,1000,0.05,4,1,fresh_train_like,scientific,A_return_1000_sigma50,33,32,0.10801281900487454,static_sigma50_train_like_pool,64,3.9323517645334256,0.0753963200453347,0.019173340677542484,True,False,0.12685005692043308,1.1743981694867942,3.9323517645334256,2.709673622681655,9.875506919492402,2.251705379015497,52.35626918531842,245.21678500461985,31,1.0,4,0.12903225806451613,-0.6357236406851736,2.3498837421834082,1,0,3,0,31,5,0.16129032258064516,0.08069134429506823,0.10039600680308797,0,0,2,8.0,17,24,0,0,0,0,0,0
exact_scipy,corrected_candidate,A,return,1001,0.0,1,0,fresh_train_like,scientific,A_return_1001_sigma0,129,128,0.0,zero_sigma_exact_zero,0,3.747784657064095,0.0,0.0,True,True,0.0295101154099535,,3.747784657064095,3.3694085200505985,8.064525753831504,3.580687802255623e-15,141.57656733061435,984.387984915902,80,0.6299212598425197,80,0.6299212598425197,-0.2173877062807012,1.9602679398782663,22,3,28,3,82,82,0.6456692913385826,0.2176244415532246,0.2368621784528919,0,47,63,63.0,63,0,0,1,1,129,0,0
exact_scipy,corrected_candidate,A,return,1001,0.0,1,1,fresh_train_like,scientific,A_return_1001_sigma0,129,128,0.0,zero_sigma_exact_zero,0,2.7406748212618472,0.0,0.0,True,True,0.021580116702849192,,2.7406748212618472,3.409178963220378,8.065701409093606,0.0,58.89888234430564,823.5198560363424,68,0.5354330708661418,68,0.5354330708661418,-0.5298804656494165,2.410648193249385,24,0,32,0,72,72,0.5669291338582677,0.11976459556592653,0.17918390858607458,0,59,2,7.682170542635659,15,38,0,0,0,0,0,0
exact_scipy,corrected_candidate,A,return,1001,0.0,2,0,fresh_train_like,scientific,A_return_1001_sigma0,65,64,0.0,zero_sigma_exact_zero,0,3.008945988089785,0.0,0.0,True,True,0.04776104742999659,,3.008945988089785,3.0016734257510946,8.06439336507652,0.0,41.05670956493681,270.0241791359217,40,0.6349206349206349,40,0.6349206349206349,0.040658705082661686,1.5989867407316067,5,2,10,2,42,42,0.6666666666666666,0.3291662689467148,0.2921292430311703,0,23,63,63.0,63,0,0,1,1,65,0,0
exact_scipy,corrected_candidate,A,return,1001,0.0,2,1,fresh_train_like,scientific,A_return_1001_sigma0,65,64,0.0,zero_sigma_exact_zero,0,2.617556324131584,0.0,0.0,True,True,0.041548513081453714,,2.617556324131584,3.342688291782541,7.977061062926886,0.0,38.01898051146684,439.49812679816887,34,0.5396825396825397,34,0.5396825396825397,-0.5093641440767938,2.3392686105362284,9,0,10,0,38,38,0.6031746031746031,0.11813186028401912,0.18951081608458423,0,29,2,7.723076923076923,14,25,0,0,0,0,0,0
exact_scipy,corrected_candidate,A,return,1001,0.0,4,0,fresh_train_like,scientific,A_return_1001_sigma0,33,32,0.0,zero_sigma_exact_zero,0,2.2237292973059324,0.0,0.0,True,True,0.07173320313890104,,2.2237292973059324,2.832464618467897,8.063764931362346,-6.87622002348484e-16,34.4352024300944,190.53443301961465,20,0.6451612903225806,20,0.6451612903225806,0.1606927940913933,1.4017377482705486,0,0,1,1,22,22,0.7096774193548387,0.29030632099868736,0.19925710038633207,0,11,63,63.0,63,0,0,1,1,33,0,0
exact_scipy,corrected_candidate,A,return,1001,0.0,4,1,fresh_train_like,scientific,A_return_1001_sigma0,33,32,0.0,zero_sigma_exact_zero,0,2.469026545283124,0.0,0.0,True,True,0.0796460175897782,,2.469026545283124,3.1338248285428416,7.842696288543973,-9.168293364646454e-16,34.13807839233757,179.43744475902656,17,0.5483870967741935,17,0.5483870967741935,-0.4977407464196916,2.223453808712672,2,0,2,0,21,21,0.6774193548387096,0.0889424190976724,0.1581463479290703,0,14,2,7.7272727272727275,14,15,0,0,0,0,0,0
exact_scipy,corrected_candidate,A,return,1001,0.05,1,0,fresh_train_like,scientific,A_return_1001_sigma50,129,128,0.055153732833621016,static_sigma50_train_like_pool,256,5.9424397959439705,0.02493210548975793,0.004195600855186688,True,False,0.04679086453499189,0.8483716718892466,5.9424397959439705,4.015676438146598,25.260833818814675,-1.0847884146685656,398.61715026129144,2826.412126613955,127,1.0,0,0.0,,,4,2,5,3,127,6,0.047244094488188976,0.20531441480801163,0.20877299526430793,0,0,63,63.0,63,0,0,1,1,129,0,0
exact_scipy,corrected_candidate,A,return,1001,0.05,1,1,fresh_train_like,scientific,A_return_1001_sigma50,129,128,0.1045617016282595,static_sigma50_train_like_pool,256,9.16008653858738,0.04452255614477049,0.004860495144583702,True,False,0.07212666565816835,0.6898000370594097,9.16008653858738,3.8743111097023193,22.437195189265452,2.499066063015576,442.4890544776953,2041.1968038317336,127,1.0,0,0.0,,,0,0,1,0,127,0,0.0,,,0,0,2,6.953488372093023,15,97,0,0,0,0,0,0
exact_scipy,corrected_candidate,A,return,1001,0.05,2,0,fresh_train_like,scientific,A_return_1001_sigma50,65,64,0.06467399107753946,static_sigma50_train_like_pool,128,3.5585570530176907,0.02493210548975793,0.007006240203066371,True,False,0.05648503258758239,0.8733809626788132,3.5585570530176907,2.93508299431347,16.040111823303015,-1.180000826887739,89.8474421722565,887.6071690077572,63,1.0,2,0.031746031746031744,0.041351750842776314,1.3660167991347438,3,1,6,1,63,7,0.1111111111111111,0.1319067789900727,0.3135011622693971,0,0,63,63.0,63,0,0,1,1,65,0,0
exact_scipy,corrected_candidate,A,return,1001,0.05,2,1,fresh_train_like,scientific,A_return_1001_sigma50,65,64,0.11098942010746575,static_sigma50_train_like_pool,128,5.186989176444895,0.04452255614477049,0.008583506660656994,True,False,0.08233316153087135,0.7418108991933834,5.186989176444895,2.579895148875133,13.026124752029737,0.637542138516957,119.99750060593243,532.3348639905364,63,1.0,0,0.0,,,2,0,3,0,63,0,0.0,,,0,0,2,6.892307692307693,14,47,0,0,0,0,0,0
exact_scipy,corrected_candidate,A,return,1001,0.05,4,0,fresh_train_like,scientific,A_return_1001_sigma50,33,32,0.05785205792112252,static_sigma50_train_like_pool,64,2.124651498671863,0.02493210548975793,0.0117346800194494,True,False,0.06853714511844719,1.1846967520480098,2.124651498671863,2.305334036420678,10.795901706131916,-0.05160465970463782,44.59565505980545,303.0918327377027,31,1.0,2,0.06451612903225806,-0.49860330065968994,2.1053964524765774,1,1,2,1,31,5,0.16129032258064516,0.14103246957287846,0.1172150821742659,0,0,63,63.0,63,0,0,1,1,33,0,0
exact_scipy,corrected_candidate,A,return,1001,0.05,4,1,fresh_train_like,scientific,A_return_1001_sigma50,33,32,0.10801281900487454,static_sigma50_train_like_pool,64,3.6621238495579718,0.04452255614477049,0.012157577944870566,True,False,0.11813302740509586,1.0936945123130672,3.6621238495579718,2.4377212062510663,9.652012264155609,0.9815401484993932,57.647856792229284,192.77393046602037,31,1.0,3,0.0967741935483871,-0.5759503724562267,2.3538296075871297,1,0,1,0,31,3,0.0967741935483871,0.11757770893954671,0.10585351699189871,0,0,2,6.878787878787879,14,22,0,0,0,0,0,0
exact_scipy,corrected_candidate,A,static,11,0.0,1,0,cached_smoke,calibration_control,A_static_11_sigma0,129,128,0.0,zero_sigma_exact_zero,0,0.0,0.0,,False,False,0.0,,0.0,0.0,0.0,0.0,0.0,0.0,0,0.0,0,0.0,,,0,0,0,0,0,0,0.0,,,0,127,63,63.0,63,0,0,1,1,129,0,0
exact_scipy,corrected_candidate,A,static,11,0.0,1,1,cached_smoke,calibration_control,A_static_11_sigma0,129,128,0.0,zero_sigma_exact_zero,0,0.0,0.0,,False,False,0.0,,0.0,0.0,0.0,0.0,0.0,0.0,0,0.0,0,0.0,,,0,0,0,0,0,0,0.0,,,0,127,17,17.0,17,0,0,0,0,0,0,0
exact_scipy,corrected_candidate,A,static,11,0.0,2,0,cached_smoke,calibration_control,A_static_11_sigma0,65,64,0.0,zero_sigma_exact_zero,0,0.0,0.0,,False,False,0.0,,0.0,0.0,0.0,0.0,0.0,0.0,0,0.0,0,0.0,,,0,0,0,0,0,0,0.0,,,0,63,63,63.0,63,0,0,1,1,65,0,0
exact_scipy,corrected_candidate,A,static,11,0.0,2,1,cached_smoke,calibration_control,A_static_11_sigma0,65,64,0.0,zero_sigma_exact_zero,0,0.0,0.0,,False,False,0.0,,0.0,0.0,0.0,0.0,0.0,0.0,0,0.0,0,0.0,,,0,0,0,0,0,0,0.0,,,0,63,17,17.0,17,0,0,0,0,0,0,0
exact_scipy,corrected_candidate,A,static,11,0.0,4,0,cached_smoke,calibration_control,A_static_11_sigma0,33,32,0.0,zero_sigma_exact_zero,0,0.0,0.0,,False,False,0.0,,0.0,0.0,0.0,0.0,0.0,0.0,0,0.0,0,0.0,,,0,0,0,0,0,0,0.0,,,0,31,63,63.0,63,0,0,1,1,33,0,0
exact_scipy,corrected_candidate,A,static,11,0.0,4,1,cached_smoke,calibration_control,A_static_11_sigma0,33,32,0.0,zero_sigma_exact_zero,0,0.0,0.0,,False,False,0.0,,0.0,0.0,0.0,0.0,0.0,0.0,0,0.0,0,0.0,,,0,0,0,0,0,0,0.0,,,0,31,17,17.0,17,0,0,0,0,0,0,0
exact_scipy,corrected_candidate,A,static,11,0.05,1,0,cached_smoke,calibration_control,A_static_11_sigma50,129,128,0.055153732833621016,static_sigma50_train_like_pool,256,4.7767040432570305,0.03731080863334311,0.007810994421145351,True,False,0.03761184286029158,0.6819455534179888,4.7767040432570305,1.3380370515481215,9.148870696708947,-2.389658422210802,174.82590551764227,662.0564789652262,127,1.0,0,0.0,,,0,0,0,0,127,0,0.0,,,0,0,63,63.0,63,0,0,1,1,129,0,0
exact_scipy,corrected_candidate,A,static,11,0.05,1,1,cached_smoke,calibration_control,A_static_11_sigma50,129,128,0.1045617016282595,static_sigma50_train_like_pool,256,8.41737912212582,0.08966391342773594,0.010652236536672856,True,False,0.06627857576477023,0.6338704777434242,8.41737912212582,2.2408512701424343,16.522862863783757,10.143680884082169,232.41524052380927,1076.1454199772343,127,1.0,0,0.0,,,0,0,0,0,127,0,0.0,,,0,0,7,11.984496124031008,17,111,0,0,0,0,0,0
exact_scipy,corrected_candidate,A,static,11,0.05,2,0,cached_smoke,calibration_control,A_static_11_sigma50,65,64,0.06467399107753946,static_sigma50_train_like_pool,128,2.369416612315577,0.03731080863334311,0.015746833393254597,True,False,0.03760978749707265,0.5815287856903902,2.369416612315577,0.6453844591909874,3.8687898562428806,1.1818339391323158,44.94669080366622,120.70315817625473,63,1.0,0,0.0,,,0,0,0,0,63,0,0.0,,,0,0,63,63.0,63,0,0,1,1,65,0,0
exact_scipy,corrected_candidate,A,static,11,0.05,2,1,cached_smoke,calibration_control,A_static_11_sigma50,65,64,0.11098942010746575,static_sigma50_train_like_pool,128,4.106098798608446,0.08966391342773594,0.02183676473106857,True,False,0.06517617140648327,0.5872286866926262,4.106098798608446,0.9406968110894048,7.016863553931486,1.8368837761464376,67.35092976098271,228.35376719313786,63,1.0,0,0.0,,,0,0,0,0,63,0,0.0,,,0,0,8,11.984615384615385,17,55,0,0,0,0,0,0
exact_scipy,corrected_candidate,A,static,11,0.05,4,0,cached_smoke,calibration_control,A_static_11_sigma50,33,32,0.05785205792112252,static_sigma50_train_like_pool,64,1.1992387516773984,0.03731080863334311,0.031112077208275468,True,False,0.03868512102185156,0.6686904910901559,1.1992387516773984,0.3136222872448381,1.8244572951039184,0.5732949311648862,10.010635597538448,29.518288814405103,31,1.0,0,0.0,,,0,0,0,0,31,0,0.0,,,0,0,63,63.0,63,0,0,1,1,33,0,0
exact_scipy,corrected_candidate,A,static,11,0.05,4,1,cached_smoke,calibration_control,A_static_11_sigma50,33,32,0.10801281900487454,static_sigma50_train_like_pool,64,2.1359847311398372,0.08966391342773594,0.041977787631416304,True,False,0.0689027332625754,0.63791255424475,2.1359847311398372,0.4124011561322895,3.0390519440306853,1.1279434152116103,15.041967960164829,39.39856449566469,31,1.0,0,0.0,,,0,0,0,0,31,0,0.0,,,0,0,8,11.727272727272727,17,25,0,0,0,0,0,0
exact_scipy,corrected_candidate,A,static,1000,0.0,1,0,fresh_train_like,calibration_control,A_static_1000_sigma0,129,128,0.0,zero_sigma_exact_zero,0,0.0,0.0,,False,False,0.0,,0.0,0.0,0.0,0.0,0.0,0.0,0,0.0,0,0.0,,,0,0,0,0,0,0,0.0,,,0,127,63,63.0,63,0,0,1,1,129,0,0
exact_scipy,corrected_candidate,A,static,1000,0.0,1,1,fresh_train_like,calibration_control,A_static_1000_sigma0,129,128,0.0,zero_sigma_exact_zero,0,0.0,0.0,,False,False,0.0,,0.0,0.0,0.0,0.0,0.0,0.0,0,0.0,0,0.0,,,0,0,0,0,0,0,0.0,,,0,127,14,14.0,14,0,0,0,0,0,0,0
exact_scipy,corrected_candidate,A,static,1000,0.0,2,0,fresh_train_like,calibration_control,A_static_1000_sigma0,65,64,0.0,zero_sigma_exact_zero,0,0.0,0.0,,False,False,0.0,,0.0,0.0,0.0,0.0,0.0,0.0,0,0.0,0,0.0,,,0,0,0,0,0,0,0.0,,,0,63,63,63.0,63,0,0,1,1,65,0,0
exact_scipy,corrected_candidate,A,static,1000,0.0,2,1,fresh_train_like,calibration_control,A_static_1000_sigma0,65,64,0.0,zero_sigma_exact_zero,0,0.0,0.0,,False,False,0.0,,0.0,0.0,0.0,0.0,0.0,0.0,0,0.0,0,0.0,,,0,0,0,0,0,0,0.0,,,0,63,14,14.0,14,0,0,0,0,0,0,0
exact_scipy,corrected_candidate,A,static,1000,0.0,4,0,fresh_train_like,calibration_control,A_static_1000_sigma0,33,32,0.0,zero_sigma_exact_zero,0,0.0,0.0,,False,False,0.0,,0.0,0.0,0.0,0.0,0.0,0.0,0,0.0,0,0.0,,,0,0,0,0,0,0,0.0,,,0,31,63,63.0,63,0,0,1,1,33,0,0
exact_scipy,corrected_candidate,A,static,1000,0.0,4,1,fresh_train_like,calibration_control,A_static_1000_sigma0,33,32,0.0,zero_sigma_exact_zero,0,0.0,0.0,,False,False,0.0,,0.0,0.0,0.0,0.0,0.0,0.0,0,0.0,0,0.0,,,0,0,0,0,0,0,0.0,,,0,31,14,14.0,14,0,0,0,0,0,0,0
exact_scipy,corrected_candidate,A,static,1000,0.05,1,0,fresh_train_like,calibration_control,A_static_1000_sigma50,129,128,0.055153732833621016,static_sigma50_train_like_pool,256,4.233257601165409,0.028621693149587513,0.006761150831385268,True,False,0.033332737017050466,0.6043604902972451,4.233257601165409,1.1978817148577565,8.968419006805664,-1.6813973437246952,151.60421862371462,549.0982320994285,127,1.0,0,0.0,,,0,1,0,1,127,0,0.0,,,0,0,63,63.0,63,0,0,1,1,129,0,0
exact_scipy,corrected_candidate,A,static,1000,0.05,1,1,fresh_train_like,calibration_control,A_static_1000_sigma50,129,128,0.1045617016282595,static_sigma50_train_like_pool,256,8.321146838739308,0.06053666793745724,0.007275039019336525,True,False,0.0655208412499158,0.6266237085817254,8.321146838739308,2.2554054747203627,16.110743892577005,4.3955565302246935,282.3247701240383,1173.3561792104788,127,1.0,0,0.0,,,0,0,0,1,127,0,0.0,,,0,0,7,11.263565891472869,17,108,0,0,0,0,0,0
exact_scipy,corrected_candidate,A,static,1000,0.05,2,0,fresh_train_like,calibration_control,A_static_1000_sigma50,65,64,0.06467399107753946,static_sigma50_train_like_pool,128,2.2051807879932546,0.028621693149587513,0.012979295532333046,True,False,0.03500286965068658,0.5412201886337996,2.2051807879932546,0.5431442900806366,3.4482432870889923,0.9721780954459892,39.48284571790445,104.39940358577724,63,1.0,0,0.0,,,0,1,0,1,63,0,0.0,,,0,0,63,63.0,63,0,0,1,1,65,0,0
exact_scipy,corrected_candidate,A,static,1000,0.05,2,1,fresh_train_like,calibration_control,A_static_1000_sigma50,65,64,0.11098942010746575,static_sigma50_train_like_pool,128,4.234816645157824,0.06053666793745724,0.0142949914978435,True,False,0.06721931182790197,0.6056371117428736,4.234816645157824,1.1469236037248822,8.32308022377994,0.5766381896411177,72.02638701840762,245.5776689719637,63,1.0,0,0.0,,,0,1,0,1,63,0,0.0,,,0,0,8,11.4,17,55,0,0,0,0,0,0
exact_scipy,corrected_candidate,A,static,1000,0.05,4,0,fresh_train_like,calibration_control,A_static_1000_sigma50,33,32,0.05785205792112252,static_sigma50_train_like_pool,64,1.1009429164880125,0.028621693149587513,0.02599743612583492,True,False,0.035514287628645565,0.6138811462345378,1.1009429164880125,0.29822442443212666,1.6845031779510755,-0.08093170912282152,11.810915228826143,28.794091280986667,31,1.0,0,0.0,,,0,1,0,1,31,0,0.0,,,0,0,63,63.0,63,0,0,1,1,33,0,0
exact_scipy,corrected_candidate,A,static,1000,0.05,4,1,fresh_train_like,calibration_control,A_static_1000_sigma50,33,32,0.10801281900487454,static_sigma50_train_like_pool,64,2.17029824177071,0.06053666793745724,0.02789324838970813,True,False,0.07000962070228096,0.6481602956693638,2.17029824177071,0.6064003409905387,3.4710096410563906,0.5995587921731179,17.292347229385623,63.979408910433634,31,1.0,0,0.0,,,0,0,0,0,31,0,0.0,,,0,0,8,11.06060606060606,17,25,0,0,0,0,0,0
exact_scipy,corrected_candidate,A,static,1001,0.0,1,0,fresh_train_like,calibration_control,A_static_1001_sigma0,129,128,0.0,zero_sigma_exact_zero,0,0.0,0.0,,False,False,0.0,,0.0,0.0,0.0,0.0,0.0,0.0,0,0.0,0,0.0,,,0,0,0,0,0,0,0.0,,,0,127,63,63.0,63,0,0,1,1,129,0,0
exact_scipy,corrected_candidate,A,static,1001,0.0,1,1,fresh_train_like,calibration_control,A_static_1001_sigma0,129,128,0.0,zero_sigma_exact_zero,0,0.0,0.0,,False,False,0.0,,0.0,0.0,0.0,0.0,0.0,0.0,0,0.0,0,0.0,,,0,0,0,0,0,0,0.0,,,0,127,14,14.0,14,0,0,0,0,0,0,0
exact_scipy,corrected_candidate,A,static,1001,0.0,2,0,fresh_train_like,calibration_control,A_static_1001_sigma0,65,64,0.0,zero_sigma_exact_zero,0,0.0,0.0,,False,False,0.0,,0.0,0.0,0.0,0.0,0.0,0.0,0,0.0,0,0.0,,,0,0,0,0,0,0,0.0,,,0,63,63,63.0,63,0,0,1,1,65,0,0
exact_scipy,corrected_candidate,A,static,1001,0.0,2,1,fresh_train_like,calibration_control,A_static_1001_sigma0,65,64,0.0,zero_sigma_exact_zero,0,0.0,0.0,,False,False,0.0,,0.0,0.0,0.0,0.0,0.0,0.0,0,0.0,0,0.0,,,0,0,0,0,0,0,0.0,,,0,63,14,14.0,14,0,0,0,0,0,0,0
exact_scipy,corrected_candidate,A,static,1001,0.0,4,0,fresh_train_like,calibration_control,A_static_1001_sigma0,33,32,0.0,zero_sigma_exact_zero,0,0.0,0.0,,False,False,0.0,,0.0,0.0,0.0,0.0,0.0,0.0,0,0.0,0,0.0,,,0,0,0,0,0,0,0.0,,,0,31,63,63.0,63,0,0,1,1,33,0,0
exact_scipy,corrected_candidate,A,static,1001,0.0,4,1,fresh_train_like,calibration_control,A_static_1001_sigma0,33,32,0.0,zero_sigma_exact_zero,0,0.0,0.0,,False,False,0.0,,0.0,0.0,0.0,0.0,0.0,0.0,0,0.0,0,0.0,,,0,0,0,0,0,0,0.0,,,0,31,14,14.0,14,0,0,0,0,0,0,0
exact_scipy,corrected_candidate,A,static,1001,0.05,1,0,fresh_train_like,calibration_control,A_static_1001_sigma50,129,128,0.055153732833621016,static_sigma50_train_like_pool,256,4.837158575841183,0.04747180770548155,0.00981398624030559,True,False,0.03808786280189908,0.6905763371773307,4.837158575841183,1.4377208353007305,9.11680060912088,0.24650978246309185,178.79947338590344,561.6945128496616,127,1.0,0,0.0,,,0,0,0,0,127,0,0.0,,,0,0,63,63.0,63,0,0,1,1,129,0,0
exact_scipy,corrected_candidate,A,static,1001,0.05,1,1,fresh_train_like,calibration_control,A_static_1001_sigma50,129,128,0.1045617016282595,static_sigma50_train_like_pool,256,8.808872291772223,0.060328094746046,0.006848560490812703,True,False,0.06936119914781279,0.6633518589283056,8.808872291772223,2.620076178048437,19.618347555433957,2.2264634545598403,341.2894337444064,1542.9420146490029,127,1.0,0,0.0,,,1,2,1,2,127,0,0.0,,,0,0,8,12.44186046511628,16,108,0,0,0,0,0,0
exact_scipy,corrected_candidate,A,static,1001,0.05,2,0,fresh_train_like,calibration_control,A_static_1001_sigma50,65,64,0.06467399107753946,static_sigma50_train_like_pool,128,2.69940906333741,0.04747180770548155,0.01758599996948586,True,False,0.042847762910117625,0.6625192321708775,2.69940906333741,0.9367900203288183,5.309078039133336,0.7705847964681822,55.62395605208654,231.88192633950246,63,1.0,0,0.0,,,0,0,0,0,63,0,0.0,,,0,0,63,63.0,63,0,0,1,1,65,0,0
exact_scipy,corrected_candidate,A,static,1001,0.05,2,1,fresh_train_like,calibration_control,A_static_1001_sigma50,65,64,0.11098942010746575,static_sigma50_train_like_pool,128,4.686131110192335,0.060328094746046,0.01287375306568619,True,False,0.07438303349511642,0.6701812967676999,4.686131110192335,1.4015883215491554,10.159062246613521,-4.397790015005238,88.28156004771982,349.0600841493664,63,1.0,0,0.0,,,0,0,0,0,63,0,0.0,,,0,0,8,12.092307692307692,16,55,0,0,0,0,0,0
exact_scipy,corrected_candidate,A,static,1001,0.05,4,0,fresh_train_like,calibration_control,A_static_1001_sigma50,33,32,0.05785205792112252,static_sigma50_train_like_pool,64,1.303882457827776,0.04747180770548155,0.03640804232044657,True,False,0.04206072444605729,0.7270393821323405,1.303882457827776,0.4447107107828731,2.574210074822137,0.16203853354578968,14.007769979702784,31.792934942221684,31,1.0,0,0.0,,,0,0,0,0,31,0,0.0,,,0,0,63,63.0,63,0,0,1,1,33,0,0
exact_scipy,corrected_candidate,A,static,1001,0.05,4,1,fresh_train_like,calibration_control,A_static_1001_sigma50,33,32,0.10801281900487454,static_sigma50_train_like_pool,64,2.45151422823255,0.060328094746046,0.02460850279850927,True,False,0.07908110413653388,0.7321455440669964,2.45151422823255,0.774532795265122,4.298243120690724,-0.1913700224252356,24.354233352148103,69.79640697747533,31,1.0,0,0.0,,,0,0,0,0,31,0,0.0,,,0,0,8,12.424242424242424,16,27,0,0,0,0,0,0
exact_scipy,corrected_candidate,B,jump,11,0.0,1,0,cached_smoke,scientific,B_jump_11_sigma0,129,128,0.0,zero_sigma_exact_zero,0,0.42626339936158647,0.42626339936158647,1.0,True,True,0.0033564047193825708,,0.42626339936158647,4.803744547296672,54.56171511828307,0.0,109.98266984472808,6983.899535140233,0,0.0,0,0.0,,,0,0,0,0,2,2,0.015748031496062992,0.0,0.0,0,127,0,0.5271317829457365,1,1,61,1,1,129,0,0
exact_scipy,corrected_candidate,B,jump,11,0.0,1,1,cached_smoke,scientific,B_jump_11_sigma0,129,128,0.0,zero_sigma_exact_zero,0,0.0,0.0,,False,False,0.0,,0.0,0.0,0.0,0.0,0.0,0.0,0,0.0,0,0.0,,,0,0,0,0,0,0,0.0,,,0,127,0,0.0,0,0,129,0,0,0,0,0
exact_scipy,corrected_candidate,B,jump,11,0.0,2,0,cached_smoke,scientific,B_jump_11_sigma0,65,64,0.0,zero_sigma_exact_zero,0,0.42626339936158647,0.42626339936158647,1.0,True,True,0.006766085704152166,,0.42626339936158647,3.383360843159299,27.280857559141534,0.0,55.427774088414544,1745.9748837850582,0,0.0,0,0.0,,,0,0,0,0,2,2,0.031746031746031744,0.0,0.0,0,63,0,0.5230769230769231,1,1,31,1,1,65,0,0
exact_scipy,corrected_candidate,B,jump,11,0.0,2,1,cached_smoke,scientific,B_jump_11_sigma0,65,64,0.0,zero_sigma_exact_zero,0,0.0,0.0,,False,False,0.0,,0.0,0.0,0.0,0.0,0.0,0.0,0,0.0,0,0.0,,,0,0,0,0,0,0,0.0,,,0,63,0,0.0,0,0,65,0,0,0,0,0
exact_scipy,corrected_candidate,B,jump,11,0.0,4,0,cached_smoke,scientific,B_jump_11_sigma0,33,32,0.0,zero_sigma_exact_zero,0,0.42626339936158647,0.42626339936158647,1.0,True,True,0.013750432237470531,,0.42626339936158647,2.373334164144223,13.640428779570767,0.0,28.160885222339648,436.49372094626455,0,0.0,0,0.0,,,0,0,0,0,2,2,0.06451612903225806,0.0,0.0,0,31,0,0.5151515151515151,1,1,16,1,1,33,0,0
exact_scipy,corrected_candidate,B,jump,11,0.0,4,1,cached_smoke,scientific,B_jump_11_sigma0,33,32,0.0,zero_sigma_exact_zero,0,0.0,0.0,,False,False,0.0,,0.0,0.0,0.0,0.0,0.0,0.0,0,0.0,0,0.0,,,0,0,0,0,0,0,0.0,,,0,31,0,0.0,0,0,33,0,0,0,0,0
exact_scipy,corrected_candidate,B,jump,11,0.05,1,0,cached_smoke,scientific,B_jump_11_sigma50,129,128,0.05344460778252064,static_sigma50_train_like_pool,256,5.703271096259727,0.42758914357107286,0.07497261419880441,True,False,0.044907646427241946,0.8402652445309786,5.703271096259727,4.769966180670369,50.89318439047069,2.0311320591583217,343.5558646827011,6003.295064204274,127,1.0,0,0.0,,,1,6,1,7,127,4,0.031496062992125984,0.3942430633464572,0.36162619132265017,0,0,90,106.0077519379845,126,124,0,1,1,129,0,0
exact_scipy,corrected_candidate,B,jump,11,0.05,1,1,cached_smoke,scientific,B_jump_11_sigma50,129,128,0.05650591423074903,static_sigma50_train_like_pool,256,4.361409526031628,0.03906486609445711,0.008956936022928708,True,False,0.034341807291587624,0.6077559802209114,4.361409526031628,1.1097253488662275,7.594149187919648,0.12189266085655757,137.1202433800908,539.6289750583237,127,1.0,0,0.0,,,0,1,0,1,127,0,0.0,,,0,0,144,166.8294573643411,192,123,0,0,0,0,0,0
exact_scipy,corrected_candidate,B,jump,11,0.05,2,0,cached_smoke,scientific,B_jump_11_sigma50,65,64,0.052177047198146705,static_sigma50_train_like_pool,128,3.011021838887377,0.42758914357107286,0.14200798481391097,True,False,0.04779399744265678,0.9159965925468161,3.011021838887377,3.370216060232858,27.882757374773888,0.9567939217561391,109.76555852071986,1632.1261894607755,63,1.0,0,0.0,,,2,4,4,4,63,2,0.031746031746031744,0.06534921041159977,0.013319227760482244,0,0,93,106.67692307692307,126,63,0,1,1,65,0,0
exact_scipy,corrected_candidate,B,jump,11,0.05,2,1,cached_smoke,scientific,B_jump_11_sigma50,65,64,0.05717450186806192,static_sigma50_train_like_pool,128,2.0822315579668946,0.03906486609445711,0.018761057551447507,True,False,0.03305129457090309,0.5780775256629875,2.0822315579668946,0.6311505417582439,4.169230562678493,1.299953771853613,32.3995031280094,117.49003061479732,63,1.0,0,0.0,,,0,0,0,0,63,0,0.0,,,0,0,144,166.75384615384615,192,59,0,0,0,0,0,0
exact_scipy,corrected_candidate,B,jump,11,0.05,4,0,cached_smoke,scientific,B_jump_11_sigma50,33,32,0.04142585927858325,static_sigma50_train_like_pool,64,1.9789485076770492,0.42758914357107286,0.2160688577354598,True,False,0.06383704863474353,1.5409951597008065,1.9789485076770492,2.5189247503796435,14.40689076099517,0.4668121890451188,46.69113536365087,411.984997616197,31,1.0,1,0.03225806451612903,0.9911602412437037,0.13306248982817737,1,1,1,1,31,6,0.1935483870967742,0.5043576845549541,0.3018410849615858,0,0,97,106.75757575757575,126,30,0,1,1,33,0,0
exact_scipy,corrected_candidate,B,jump,11,0.05,4,1,cached_smoke,scientific,B_jump_11_sigma50,33,32,0.06082530705673119,static_sigma50_train_like_pool,64,1.0834817736331128,0.03906486609445711,0.036054936082095285,True,False,0.034951024955906865,0.5746132103091296,1.0834817736331128,0.36851910117489844,2.2309797539890877,-0.40843438799611914,11.092046798957327,28.106582974227127,31,1.0,0,0.0,,,0,0,0,0,31,0,0.0,,,0,0,144,166.3939393939394,176,30,0,0,0,0,0,0
exact_scipy,corrected_candidate,B,jump,1000,0.0,1,0,fresh_train_like,scientific,B_jump_1000_sigma0,129,128,0.0,zero_sigma_exact_zero,0,0.4296154071196063,0.4296154071196063,1.0,True,True,0.003382798481256742,,0.4296154071196063,4.841519756273563,54.9907721113096,0.0,110.84754063382093,7038.818830247629,0,0.0,0,0.0,,,0,0,0,0,2,2,0.015748031496062992,0.0,0.0,0,127,0,0.49612403100775193,1,1,65,1,1,129,0,0
exact_scipy,corrected_candidate,B,jump,1000,0.0,1,1,fresh_train_like,scientific,B_jump_1000_sigma0,129,128,0.0,zero_sigma_exact_zero,0,0.0,0.0,,False,False,0.0,,0.0,0.0,0.0,0.0,0.0,0.0,0,0.0,0,0.0,,,0,0,0,0,0,0,0.0,,,0,127,0,0.0,0,0,129,0,0,0,0,0
exact_scipy,corrected_candidate,B,jump,1000,0.0,2,0,fresh_train_like,scientific,B_jump_1000_sigma0,65,64,0.0,zero_sigma_exact_zero,0,0.4296154071196063,0.4296154071196063,1.0,True,True,0.006819292176501687,,0.4296154071196063,3.4099665799207384,27.4953860556548,0.0,55.86364150990182,1759.7047075619073,0,0.0,0,0.0,,,0,0,0,0,2,2,0.031746031746031744,0.0,0.0,0,63,0,0.49230769230769234,1,1,33,1,1,65,0,0
exact_scipy,corrected_candidate,B,jump,1000,0.0,2,1,fresh_train_like,scientific,B_jump_1000_sigma0,65,64,0.0,zero_sigma_exact_zero,0,0.0,0.0,,False,False,0.0,,0.0,0.0,0.0,0.0,0.0,0.0,0,0.0,0,0.0,,,0,0,0,0,0,0,0.0,,,0,63,0,0.0,0,0,65,0,0,0,0,0
exact_scipy,corrected_candidate,B,jump,1000,0.0,4,0,fresh_train_like,scientific,B_jump_1000_sigma0,33,32,0.0,zero_sigma_exact_zero,0,0.4296154071196063,0.4296154071196063,1.0,True,True,0.0138585615199873,,0.4296154071196063,2.391997353483255,13.7476930278274,0.0,28.38233399293399,439.9261768904768,0,0.0,0,0.0,,,0,0,0,0,2,2,0.06451612903225806,0.0,0.0,0,31,0,0.48484848484848486,1,1,17,1,1,33,0,0
exact_scipy,corrected_candidate,B,jump,1000,0.0,4,1,fresh_train_like,scientific,B_jump_1000_sigma0,33,32,0.0,zero_sigma_exact_zero,0,0.0,0.0,,False,False,0.0,,0.0,0.0,0.0,0.0,0.0,0.0,0,0.0,0,0.0,,,0,0,0,0,0,0,0.0,,,0,31,0,0.0,0,0,33,0,0,0,0,0
exact_scipy,corrected_candidate,B,jump,1000,0.05,1,0,fresh_train_like,scientific,B_jump_1000_sigma50,129,128,0.05344460778252064,static_sigma50_train_like_pool,256,5.499848996790329,0.4226714502280034,0.07685146455378526,True,False,0.04330589761252227,0.8102949840841701,5.499848996790329,5.026065079009443,54.31981757965078,0.4428545839618963,347.5365796086831,6213.331415003528,127,1.0,0,0.0,,,0,7,1,7,127,2,0.015748031496062992,0.12183976849017294,0.02848076330997496,0,0,92,108.83720930232558,120,119,0,1,1,129,0,0
exact_scipy,corrected_candidate,B,jump,1000,0.05,1,1,fresh_train_like,scientific,B_jump_1000_sigma50,129,128,0.05650591423074903,static_sigma50_train_like_pool,256,4.168636910410525,0.03276253489225697,0.007859292041107638,True,False,0.03282391268039783,0.5808934007572596,4.168636910410525,1.4856841382624404,12.371900908196931,-0.6567284010446623,160.31915086576387,700.6505988681106,127,1.0,0,0.0,,,0,2,0,2,127,0,0.0,,,0,0,156,171.015503875969,186,124,0,0,0,0,0,0
exact_scipy,corrected_candidate,B,jump,1000,0.05,2,0,fresh_train_like,scientific,B_jump_1000_sigma50,65,64,0.052177047198146705,static_sigma50_train_like_pool,128,3.0012247208187777,0.4226714502280034,0.1408329897111778,True,False,0.04763848763204409,0.9130161668814439,3.0012247208187777,3.2519637094857785,27.243647764298167,-0.05887073543189603,113.30487113329363,1643.28169383742,63,1.0,0,0.0,,,3,4,3,4,63,2,0.031746031746031744,0.10160198025823436,0.04720018021448956,0,0,92,108.70769230769231,120,60,0,1,1,65,0,0
exact_scipy,corrected_candidate,B,jump,1000,0.05,2,1,fresh_train_like,scientific,B_jump_1000_sigma50,65,64,0.05717450186806192,static_sigma50_train_like_pool,128,2.115859370378675,0.03276253489225697,0.015484268638512334,True,False,0.033585069371090084,0.5874134146125538,2.115859370378675,0.8318370505874448,5.737507483213992,0.7225928750110322,56.19589961032086,262.3926695002355,63,1.0,0,0.0,,,0,1,1,1,63,0,0.0,,,0,0,156,171.8923076923077,186,63,0,0,0,0,0,0
exact_scipy,corrected_candidate,B,jump,1000,0.05,4,0,fresh_train_like,scientific,B_jump_1000_sigma50,33,32,0.04142585927858325,static_sigma50_train_like_pool,64,1.8457216933895892,0.4226714502280034,0.22900064063926415,True,False,0.0595394094641803,1.4372522501895713,1.8457216933895892,2.076990806016797,12.601234210219921,-0.13796888160779971,43.05715480712316,375.80927496723024,31,1.0,2,0.06451612903225806,0.17012533980936462,1.2819799232617075,1,3,1,4,31,3,0.0967741935483871,0.3053754876663129,0.3380671835215623,0,0,97,108.9090909090909,120,32,0,1,1,33,0,0
exact_scipy,corrected_candidate,B,jump,1000,0.05,4,1,fresh_train_like,scientific,B_jump_1000_sigma50,33,32,0.06082530705673119,static_sigma50_train_like_pool,64,1.3094792333756677,0.03276253489225697,0.025019514672103203,True,False,0.04224126559276348,0.6944685959968183,1.3094792333756677,0.676128296210846,3.3933394838649207,-0.1427900779635027,14.500403101329118,72.60760308199033,31,1.0,0,0.0,,,0,1,0,1,31,0,0.0,,,0,0,159,172.78787878787878,185,32,0,0,0,0,0,0
exact_scipy,corrected_candidate,B,jump,1001,0.0,1,0,fresh_train_like,scientific,B_jump_1001_sigma0,129,128,0.0,zero_sigma_exact_zero,0,0.4541676538605454,0.4541676538605454,1.0,True,True,0.003576123258744452,,0.4541676538605454,5.118209525046371,58.13345969414981,0.0,117.18240694253821,7441.082840851176,0,0.0,0,0.0,,,0,0,0,0,2,2,0.015748031496062992,0.0,0.0,0,127,0,0.4806201550387597,1,1,67,1,1,129,0,0
exact_scipy,corrected_candidate,B,jump,1001,0.0,1,1,fresh_train_like,scientific,B_jump_1001_sigma0,129,128,0.0,zero_sigma_exact_zero,0,0.0,0.0,,False,False,0.0,,0.0,0.0,0.0,0.0,0.0,0.0,0,0.0,0,0.0,,,0,0,0,0,0,0,0.0,,,0,127,0,0.0,0,0,129,0,0,0,0,0
exact_scipy,corrected_candidate,B,jump,1001,0.0,2,0,fresh_train_like,scientific,B_jump_1001_sigma0,65,64,0.0,zero_sigma_exact_zero,0,0.4541676538605454,0.4541676538605454,1.0,True,True,0.007209010378738816,,0.4541676538605454,3.604843996934002,29.066729847074907,0.0,59.056213022628384,1860.270710212794,0,0.0,0,0.0,,,0,0,0,0,2,2,0.031746031746031744,0.0,0.0,0,63,0,0.47692307692307695,1,1,34,1,1,65,0,0
exact_scipy,corrected_candidate,B,jump,1001,0.0,2,1,fresh_train_like,scientific,B_jump_1001_sigma0,65,64,0.0,zero_sigma_exact_zero,0,0.0,0.0,,False,False,0.0,,0.0,0.0,0.0,0.0,0.0,0.0,0,0.0,0,0.0,,,0,0,0,0,0,0,0.0,,,0,63,0,0.0,0,0,65,0,0,0,0,0
exact_scipy,corrected_candidate,B,jump,1001,0.0,4,0,fresh_train_like,scientific,B_jump_1001_sigma0,33,32,0.0,zero_sigma_exact_zero,0,0.4541676538605454,0.4541676538605454,1.0,True,True,0.014650569479372433,,0.4541676538605454,2.5286984779148654,14.533364923537453,0.0,30.004366293754742,465.0676775531985,0,0.0,0,0.0,,,0,0,0,0,2,2,0.06451612903225806,0.0,0.0,0,31,0,0.48484848484848486,1,1,17,1,1,33,0,0
exact_scipy,corrected_candidate,B,jump,1001,0.0,4,1,fresh_train_like,scientific,B_jump_1001_sigma0,33,32,0.0,zero_sigma_exact_zero,0,0.0,0.0,,False,False,0.0,,0.0,0.0,0.0,0.0,0.0,0.0,0,0.0,0,0.0,,,0,0,0,0,0,0,0.0,,,0,31,0,0.0,0,0,33,0,0,0,0,0
exact_scipy,corrected_candidate,B,jump,1001,0.05,1,0,fresh_train_like,scientific,B_jump_1001_sigma50,129,128,0.05344460778252064,static_sigma50_train_like_pool,256,5.733370757167085,0.4324764736711536,0.07543145070995626,True,False,0.04514465163123689,0.8446998397844302,5.733370757167085,5.593183632129909,60.90678675904631,4.201330827274296,383.4899202025821,7186.793622673684,127,1.0,0,0.0,,,2,3,4,6,127,2,0.015748031496062992,0.09374229105247667,0.01867486145557208,0,0,94,105.31007751937985,119,121,0,1,1,129,0,0
exact_scipy,corrected_candidate,B,jump,1001,0.05,1,1,fresh_train_like,scientific,B_jump_1001_sigma50,129,128,0.05650591423074903,static_sigma50_train_like_pool,256,4.530837568971807,0.03184799828459932,0.007029163548634267,True,False,0.035675886369856746,0.6313655279369477,4.530837568971807,1.1347481537006856,7.589536993074848,2.176592811033421,134.79614328002222,481.86410771163446,127,1.0,0,0.0,,,0,0,0,0,127,0,0.0,,,0,0,150,165.91472868217053,186,121,0,0,0,0,0,0
exact_scipy,corrected_candidate,B,jump,1001,0.05,2,0,fresh_train_like,scientific,B_jump_1001_sigma50,65,64,0.052177047198146705,static_sigma50_train_like_pool,128,3.068841839430517,0.4324764736711536,0.140924979617525,True,False,0.04871177522905583,0.9335862768176356,3.068841839430517,3.5715041614759513,29.142339739000867,3.9608925290975203,117.55999170320311,1699.9967886536165,63,1.0,0,0.0,,,0,2,0,4,63,2,0.031746031746031744,0.1217848413419452,0.004320520810802191,0,0,94,105.29230769230769,116,60,0,1,1,65,0,0
exact_scipy,corrected_candidate,B,jump,1001,0.05,2,1,fresh_train_like,scientific,B_jump_1001_sigma50,65,64,0.05717450186806192,static_sigma50_train_like_pool,128,2.2364230263656237,0.03184799828459932,0.014240596662231209,True,False,0.035498778196279744,0.6208847831888084,2.2364230263656237,0.5547910899772145,3.5415225337262637,0.025493136604845788,37.168366760265876,121.8767170498202,63,1.0,0,0.0,,,0,0,1,0,63,0,0.0,,,0,0,150,166.24615384615385,184,64,0,0,0,0,0,0
exact_scipy,corrected_candidate,B,jump,1001,0.05,4,0,fresh_train_like,scientific,B_jump_1001_sigma50,33,32,0.04142585927858325,static_sigma50_train_like_pool,64,1.5727911433630168,0.4324764736711536,0.2749738739922021,True,False,0.05073519817300055,1.2247228918491049,1.5727911433630168,2.395405163925981,14.571169869500434,0.012203562597892093,42.95800226718067,444.09702163012406,31,1.0,0,0.0,,,1,1,1,1,31,2,0.06451612903225806,0.09278947584307272,0.04738041098092171,0,0,94,105.48484848484848,114,31,0,1,1,33,0,0
exact_scipy,corrected_candidate,B,jump,1001,0.05,4,1,fresh_train_like,scientific,B_jump_1001_sigma50,33,32,0.06082530705673119,static_sigma50_train_like_pool,64,1.1883231461517796,0.03184799828459932,0.02680078932042573,True,False,0.038333004714573536,0.6302147341207945,1.1883231461517796,0.380470639877295,2.111046517598875,-0.7713705392851852,11.837486589198102,34.94113831973429,31,1.0,0,0.0,,,0,0,0,0,31,0,0.0,,,0,0,152,166.0909090909091,184,31,0,0,0,0,0,0
exact_scipy,corrected_candidate,B,ramp,11,0.0,1,0,cached_smoke,scientific,B_ramp_11_sigma0,129,128,0.0,zero_sigma_exact_zero,0,1.0142838350307088,0.4428472027702926,0.43661072717074784,True,True,0.00798648689000558,,1.0142838350307088,1.4790833910152386,4.988299643823979,0.0,13.547010880856883,187.40594948010494,62,0.4881889763779528,62,0.4881889763779528,-0.8518750302850508,2.9090956305257083,39,0,52,0,64,64,0.5039370078740157,0.041279288495889584,0.1195761939056204,0,65,0,0.7286821705426356,1,1,35,1,1,129,0,0
exact_scipy,corrected_candidate,B,ramp,11,0.0,1,1,cached_smoke,scientific,B_ramp_11_sigma0,129,128,0.0,zero_sigma_exact_zero,0,0.0,0.0,,False,False,0.0,,0.0,0.0,0.0,0.0,0.0,0.0,0,0.0,0,0.0,,,0,0,0,0,0,0,0.0,,,0,127,0,0.0,0,0,129,0,0,0,0,0
exact_scipy,corrected_candidate,B,ramp,11,0.0,2,0,cached_smoke,scientific,B_ramp_11_sigma0,65,64,0.0,zero_sigma_exact_zero,0,0.9594665040391102,0.4428472027702926,0.46155566755693755,True,True,0.015229627048239843,,0.9594665040391102,1.378418212219453,4.773399128262888,0.0,11.556727213629706,87.20733474158965,31,0.49206349206349204,31,0.49206349206349204,-0.7908739930920339,2.8044747703933504,20,0,24,0,33,33,0.5238095238095238,0.05887732487445503,0.1427625551122771,0,32,0,0.7230769230769231,1,1,18,1,1,65,0,0
exact_scipy,corrected_candidate,B,ramp,11,0.0,2,1,cached_smoke,scientific,B_ramp_11_sigma0,65,64,0.0,zero_sigma_exact_zero,0,0.0,0.0,,False,False,0.0,,0.0,0.0,0.0,0.0,0.0,0.0,0,0.0,0,0.0,,,0,0,0,0,0,0,0.0,,,0,63,0,0.0,0,0,65,0,0,0,0,0
exact_scipy,corrected_candidate,B,ramp,11,0.0,4,0,cached_smoke,scientific,B_ramp_11_sigma0,33,32,0.0,zero_sigma_exact_zero,0,0.9068478231567684,0.4428472027702926,0.48833684270060473,True,True,0.029253155585702205,,0.9068478231567684,1.2864732316431704,4.216699196478517,0.0,9.418327738971312,76.09178314024643,16,0.5161290322580645,16,0.5161290322580645,-0.5283783378694298,2.4229709265746844,6,0,9,0,18,18,0.5806451612903226,0.12300750271294793,0.19233785970939898,0,15,0,0.7272727272727273,1,1,9,1,1,33,0,0
exact_scipy,corrected_candidate,B,ramp,11,0.0,4,1,cached_smoke,scientific,B_ramp_11_sigma0,33,32,0.0,zero_sigma_exact_zero,0,0.0,0.0,,False,False,0.0,,0.0,0.0,0.0,0.0,0.0,0.0,0,0.0,0,0.0,,,0,0,0,0,0,0,0.0,,,0,31,0,0.0,0,0,33,0,0,0,0,0
exact_scipy,corrected_candidate,B,ramp,11,0.05,1,0,cached_smoke,scientific,B_ramp_11_sigma50,129,128,0.05344460778252064,static_sigma50_train_like_pool,256,5.910808808423884,0.4376010967168706,0.0740340469299593,True,False,0.04654180164113294,0.8708418598658835,5.910808808423884,3.1994951230855944,19.698671556001315,-2.6103373006703268,333.28061508228603,1754.7463120554376,127,1.0,0,0.0,,,4,5,6,7,127,2,0.015748031496062992,0.759989989350366,0.01835334557676327,0,0,93,105.93798449612403,120,123,0,1,1,129,0,0
exact_scipy,corrected_candidate,B,ramp,11,0.05,1,1,cached_smoke,scientific,B_ramp_11_sigma50,129,128,0.05650591423074903,static_sigma50_train_like_pool,256,4.202429878544141,0.04258398231320425,0.01013318093196994,True,False,0.03308999904365465,0.5856024009898764,4.202429878544141,1.1124778950204144,8.678031100372593,1.721846450007283,132.59009696295362,662.5632914234097,127,1.0,0,0.0,,,1,1,1,1,127,0,0.0,,,0,0,148,166.03100775193798,190,122,0,0,0,0,0,0
exact_scipy,corrected_candidate,B,ramp,11,0.05,2,0,cached_smoke,scientific,B_ramp_11_sigma50,65,64,0.052177047198146705,static_sigma50_train_like_pool,128,3.1409561909446753,0.4376010967168706,0.1393209806550207,True,False,0.04985644747531231,0.9555245103460585,3.1409561909446753,1.5235070219503657,7.7761800317203935,1.2557944483344372,63.28447816885913,354.9040079954982,63,1.0,0,0.0,,,3,2,4,2,63,1,0.015873015873015872,0.8891307189658075,,0,0,93,106.07692307692308,120,58,0,1,1,65,0,0
exact_scipy,corrected_candidate,B,ramp,11,0.05,2,1,cached_smoke,scientific,B_ramp_11_sigma50,65,64,0.05717450186806192,static_sigma50_train_like_pool,128,2.192875927373362,0.04258398231320425,0.019419239265493493,True,False,0.03480755440275178,0.6087950618804696,2.192875927373362,0.612930273331465,4.519204979284265,0.34720179449728794,35.787468504783256,154.91592675425636,63,1.0,0,0.0,,,0,0,0,0,63,0,0.0,,,0,0,148,165.12307692307692,184,60,0,0,0,0,0,0
exact_scipy,corrected_candidate,B,ramp,11,0.05,4,0,cached_smoke,scientific,B_ramp_11_sigma50,33,32,0.04142585927858325,static_sigma50_train_like_pool,64,1.808713807181616,0.4376010967168706,0.24194048554245948,True,False,0.058345606683277935,1.4084344344172004,1.808713807181616,1.1248921435894668,4.244908166624468,0.18204001066937606,20.81995085115137,74.95070131517596,31,1.0,7,0.22580645161290322,-0.3645235990494581,2.104739205300207,2,0,2,0,31,7,0.22580645161290322,0.21523927699840925,0.26009347150443884,0,0,93,106.27272727272727,120,31,0,1,1,33,0,0
exact_scipy,corrected_candidate,B,ramp,11,0.05,4,1,cached_smoke,scientific,B_ramp_11_sigma50,33,32,0.06082530705673119,static_sigma50_train_like_pool,64,1.0655181187440976,0.04258398231320425,0.03996551683550631,True,False,0.03437155221755154,0.5650863740892178,1.0655181187440976,0.22835613094522775,1.6902620337523189,0.6470791365718933,7.078159923908076,27.092685157625397,31,1.0,0,0.0,,,0,0,0,0,31,0,0.0,,,0,0,148,166.42424242424244,181,31,0,0,0,0,0,0
exact_scipy,corrected_candidate,B,ramp,1000,0.0,1,0,fresh_train_like,scientific,B_ramp_1000_sigma0,129,128,0.0,zero_sigma_exact_zero,0,1.1419144253791886,0.451204101137028,0.39512952206309104,True,True,0.008991452168340068,,1.1419144253791886,1.495078325750199,5.164979082038286,0.0,18.325217662679666,257.5418052056202,75,0.5905511811023622,75,0.5905511811023622,-0.8493925456616387,2.891623493412226,49,2,63,2,77,77,0.6062992125984252,0.04420071994517186,0.14715088755436498,0,52,0,0.7596899224806202,1,1,31,1,1,129,0,0
exact_scipy,corrected_candidate,B,ramp,1000,0.0,1,1,fresh_train_like,scientific,B_ramp_1000_sigma0,129,128,0.0,zero_sigma_exact_zero,0,0.0,0.0,,False,False,0.0,,0.0,0.0,0.0,0.0,0.0,0.0,0,0.0,0,0.0,,,0,0,0,0,0,0,0.0,,,0,127,0,0.0,0,0,129,0,0,0,0,0
exact_scipy,corrected_candidate,B,ramp,1000,0.0,2,0,fresh_train_like,scientific,B_ramp_1000_sigma0,65,64,0.0,zero_sigma_exact_zero,0,1.087807255996759,0.451204101137028,0.4147831324434301,True,True,0.0172667818412184,,1.087807255996759,1.427772071797674,4.896312584132943,0.0,16.938965524406928,120.38881094654471,37,0.5873015873015873,37,0.5873015873015873,-0.7076548068456433,2.6779514960586166,19,1,27,2,39,39,0.6190476190476191,0.07815314255840232,0.18000062406826792,0,26,0,0.7538461538461538,1,1,16,1,1,65,0,0
exact_scipy,corrected_candidate,B,ramp,1000,0.0,2,1,fresh_train_like,scientific,B_ramp_1000_sigma0,65,64,0.0,zero_sigma_exact_zero,0,0.0,0.0,,False,False,0.0,,0.0,0.0,0.0,0.0,0.0,0.0,0,0.0,0,0.0,,,0,0,0,0,0,0,0.0,,,0,63,0,0.0,0,0,65,0,0,0,0,0
exact_scipy,corrected_candidate,B,ramp,1000,0.0,4,0,fresh_train_like,scientific,B_ramp_1000_sigma0,33,32,0.0,zero_sigma_exact_zero,0,0.987187427252102,0.451204101137028,0.45706021843590827,True,True,0.03184475571780974,,0.987187427252102,1.2575573560337214,4.30905252373584,0.0,11.51827736734248,57.050501819409305,19,0.6129032258064516,19,0.6129032258064516,-0.41135736093842684,2.1956825636483055,6,2,9,2,21,21,0.6774193548387096,0.16398224946797427,0.2544442050711306,0,12,0,0.7575757575757576,1,1,8,1,1,33,0,0
exact_scipy,corrected_candidate,B,ramp,1000,0.0,4,1,fresh_train_like,scientific,B_ramp_1000_sigma0,33,32,0.0,zero_sigma_exact_zero,0,0.0,0.0,,False,False,0.0,,0.0,0.0,0.0,0.0,0.0,0.0,0,0.0,0,0.0,,,0,0,0,0,0,0,0.0,,,0,31,0,0.0,0,0,33,0,0,0,0,0
exact_scipy,corrected_candidate,B,ramp,1000,0.05,1,0,fresh_train_like,scientific,B_ramp_1000_sigma50,129,128,0.05344460778252064,static_sigma50_train_like_pool,256,5.902306318306339,0.43599576179111904,0.07386871136099009,True,False,0.046474852900049914,0.8695891845472534,5.902306318306339,2.874355004510817,16.02754070040723,2.314974987639117,342.0481795260014,1567.0043294111492,127,1.0,0,0.0,,,2,2,3,7,127,0,0.0,,,0,0,96,108.4186046511628,122,120,0,1,1,129,0,0
exact_scipy,corrected_candidate,B,ramp,1000,0.05,1,1,fresh_train_like,scientific,B_ramp_1000_sigma50,129,128,0.05650591423074903,static_sigma50_train_like_pool,256,4.3243523603456815,0.03201625443923936,0.007403710838373965,True,False,0.034050018585399064,0.6025921188771766,4.3243523603456815,1.2254528343552153,8.475493823545932,-1.2338260934345286,149.69848012387905,611.1984812387467,127,1.0,0,0.0,,,0,0,1,0,127,0,0.0,,,0,0,153,168.47286821705427,191,123,0,0,0,0,0,0
exact_scipy,corrected_candidate,B,ramp,1000,0.05,2,0,fresh_train_like,scientific,B_ramp_1000_sigma50,65,64,0.052177047198146705,static_sigma50_train_like_pool,128,3.4324316470535035,0.43599576179111904,0.12702241635762512,True,False,0.05448304201672228,1.0441955791369022,3.4324316470535035,1.8343951981351811,8.596454684960062,1.3740863715136435,98.3272802555722,334.5535620535543,63,1.0,0,0.0,,,2,2,4,4,63,1,0.015873015873015872,0.7152730853806457,,0,0,97,108.44615384615385,122,61,0,1,1,65,0,0
exact_scipy,corrected_candidate,B,ramp,1000,0.05,2,1,fresh_train_like,scientific,B_ramp_1000_sigma50,65,64,0.05717450186806192,static_sigma50_train_like_pool,128,2.07030177331162,0.03201625443923936,0.015464535099164166,True,False,0.03286193290970825,0.5747655307175515,2.07030177331162,0.5927943303645886,3.536369164324574,-0.36450030404814643,32.919932523477954,119.48671447444616,63,1.0,0,0.0,,,0,0,0,0,63,0,0.0,,,0,0,153,168.30769230769232,191,61,0,0,0,0,0,0
exact_scipy,corrected_candidate,B,ramp,1000,0.05,4,0,fresh_train_like,scientific,B_ramp_1000_sigma50,33,32,0.04142585927858325,static_sigma50_train_like_pool,64,1.8288486460830709,0.43599576179111904,0.23839904014195554,True,False,0.05899511761558293,1.4241133109357809,1.8288486460830709,1.2777129571099994,6.046137409243157,0.12119374666207479,30.963664024039986,135.59637472384253,31,1.0,2,0.06451612903225806,0.22784392383757424,1.3386175793572508,1,0,2,0,31,6,0.1935483870967742,0.1855813745163335,0.1819166945030154,0,0,99,108.0909090909091,120,31,0,1,1,33,0,0
exact_scipy,corrected_candidate,B,ramp,1000,0.05,4,1,fresh_train_like,scientific,B_ramp_1000_sigma50,33,32,0.06082530705673119,static_sigma50_train_like_pool,64,1.08117289653255,0.03201625443923936,0.029612520385887672,True,False,0.034876545049437095,0.5733887215219163,1.08117289653255,0.32090555763564665,1.7943619760365368,-0.3483391024443467,10.599281997974682,23.94654987608861,31,1.0,0,0.0,,,0,0,0,0,31,0,0.0,,,0,0,153,167.87878787878788,181,32,0,0,0,0,0,0
exact_scipy,corrected_candidate,B,ramp,1001,0.0,1,0,fresh_train_like,scientific,B_ramp_1001_sigma0,129,128,0.0,zero_sigma_exact_zero,0,1.0388761697424314,0.43590715864741786,0.4195949154897762,True,True,0.008180127320806547,,1.0388761697424314,1.3948889212952165,4.734329021302301,0.0,14.272386712211304,195.6299782047663,72,0.5669291338582677,72,0.5669291338582677,-0.843330562562899,2.8831438912920486,44,0,59,1,74,74,0.5826771653543307,0.04495960341590398,0.1289811165794013,0,55,0,0.7441860465116279,1,1,33,1,1,129,0,0
exact_scipy,corrected_candidate,B,ramp,1001,0.0,1,1,fresh_train_like,scientific,B_ramp_1001_sigma0,129,128,0.0,zero_sigma_exact_zero,0,0.0,0.0,,False,False,0.0,,0.0,0.0,0.0,0.0,0.0,0.0,0,0.0,0,0.0,,,0,0,0,0,0,0,0.0,,,0,127,0,0.0,0,0,129,0,0,0,0,0
exact_scipy,corrected_candidate,B,ramp,1001,0.0,2,0,fresh_train_like,scientific,B_ramp_1001_sigma0,65,64,0.0,zero_sigma_exact_zero,0,0.9905261255720753,0.43590715864741786,0.4400763870772828,True,True,0.015722636913842465,,0.9905261255720753,1.3141292012915413,4.47259067773696,0.0,12.338346798006901,91.26911392128795,36,0.5714285714285714,36,0.5714285714285714,-0.7455533466643982,2.7086192848496604,16,0,24,0,38,38,0.6031746031746031,0.07123285106805437,0.17012068766525015,0,27,0,0.7384615384615385,1,1,17,1,1,65,0,0
exact_scipy,corrected_candidate,B,ramp,1001,0.0,2,1,fresh_train_like,scientific,B_ramp_1001_sigma0,65,64,0.0,zero_sigma_exact_zero,0,0.0,0.0,,False,False,0.0,,0.0,0.0,0.0,0.0,0.0,0.0,0,0.0,0,0.0,,,0,0,0,0,0,0,0.0,,,0,63,0,0.0,0,0,65,0,0,0,0,0
exact_scipy,corrected_candidate,B,ramp,1001,0.0,4,0,fresh_train_like,scientific,B_ramp_1001_sigma0,33,32,0.0,zero_sigma_exact_zero,0,0.8888555946570178,0.43590715864741786,0.49041392242754694,True,True,0.028672761117968317,,0.8888555946570178,1.205467691346628,4.175676251791177,2.2920733411616134e-16,11.465253524201605,46.62491177641334,18,0.5806451612903226,18,0.5806451612903226,-0.5488025917687437,2.386741182680329,6,0,9,1,20,20,0.6451612903225806,0.08572756558305968,0.11741041726408204,0,13,0,0.7272727272727273,1,1,9,1,1,33,0,0
exact_scipy,corrected_candidate,B,ramp,1001,0.0,4,1,fresh_train_like,scientific,B_ramp_1001_sigma0,33,32,0.0,zero_sigma_exact_zero,0,0.0,0.0,,False,False,0.0,,0.0,0.0,0.0,0.0,0.0,0.0,0,0.0,0,0.0,,,0,0,0,0,0,0,0.0,,,0,31,0,0.0,0,0,33,0,0,0,0,0
exact_scipy,corrected_candidate,B,ramp,1001,0.05,1,0,fresh_train_like,scientific,B_ramp_1001_sigma50,129,128,0.05344460778252064,static_sigma50_train_like_pool,256,6.156825826346192,0.44080283166785517,0.07159579369316875,True,False,0.048478943514536944,0.907087646929879,6.156825826346192,3.3516762449956876,17.23843829529696,2.987851448184125,364.87441718300965,1510.3724599357593,127,1.0,0,0.0,,,6,7,7,16,127,2,0.015748031496062992,0.8709266257631901,0.00022403297937456657,0,0,96,107.86046511627907,124,124,0,1,1,129,0,0
exact_scipy,corrected_candidate,B,ramp,1001,0.05,1,1,fresh_train_like,scientific,B_ramp_1001_sigma50,129,128,0.05650591423074903,static_sigma50_train_like_pool,256,4.656566595799767,0.04223502198627929,0.009069992046151637,True,False,0.03666587870708478,0.6488856822554014,4.656566595799767,1.5119736830781918,10.315976531440587,-2.0228902742046353,176.12522739132356,815.6849420665535,127,1.0,0,0.0,,,0,0,0,0,127,0,0.0,,,0,0,153,166.66666666666666,185,122,0,0,0,0,0,0
exact_scipy,corrected_candidate,B,ramp,1001,0.05,2,0,fresh_train_like,scientific,B_ramp_1001_sigma50,65,64,0.052177047198146705,static_sigma50_train_like_pool,128,3.130245034389606,0.44080283166785517,0.14082055137060898,True,False,0.04968642911729534,0.9522660208924235,3.130245034389606,1.6998423565312515,8.604344941645635,1.9773401853260855,106.10958342387244,386.9791574779015,63,1.0,0,0.0,,,3,5,3,6,63,1,0.015873015873015872,0.0,,0,0,96,107.64615384615385,119,63,0,1,1,65,0,0
exact_scipy,corrected_candidate,B,ramp,1001,0.05,2,1,fresh_train_like,scientific,B_ramp_1001_sigma50,65,64,0.05717450186806192,static_sigma50_train_like_pool,128,2.276641527572183,0.04223502198627929,0.018551459013101127,True,False,0.03613716710432036,0.6320504057510091,2.276641527572183,0.9355625503259568,6.30253732279288,4.648542696125897,44.32430735549797,284.1497404982122,63,1.0,0,0.0,,,0,0,0,1,63,0,0.0,,,0,0,153,167.4923076923077,182,64,0,0,0,0,0,0
exact_scipy,corrected_candidate,B,ramp,1001,0.05,4,0,fresh_train_like,scientific,B_ramp_1001_sigma50,33,32,0.04142585927858325,static_sigma50_train_like_pool,64,1.9141568129787012,0.44080283166785517,0.23028564257590947,True,False,0.06174699396705488,1.4905422613400672,1.9141568129787012,1.1722151044592743,5.243393319502593,0.29309266358873376,32.974017132183434,104.6605668276755,31,1.0,2,0.06451612903225806,-0.36344651934595384,2.2178838286376372,2,5,7,5,31,7,0.22580645161290322,0.22477879570414513,0.28550944211407125,0,0,96,107.51515151515152,119,31,0,1,1,33,0,0
exact_scipy,corrected_candidate,B,ramp,1001,0.05,4,1,fresh_train_like,scientific,B_ramp_1001_sigma50,33,32,0.06082530705673119,static_sigma50_train_like_pool,64,1.1163064025015772,0.04223502198627929,0.037834614127118756,True,False,0.03600988395166378,0.5920214084258991,1.1163064025015772,0.32267380234333326,1.6541260578952057,-0.3728149980101682,10.827163935104602,27.700640328164674,31,1.0,0,0.0,,,0,0,0,0,31,0,0.0,,,0,0,157,167.96969696969697,182,31,0,0,0,0,0,0
exact_scipy,corrected_candidate,B,return,11,0.0,1,0,cached_smoke,scientific,B_return_11_sigma0,129,128,0.0,zero_sigma_exact_zero,0,2.061087251991875,0.0,0.0,True,True,0.016229033480250985,,2.061087251991875,2.9518912938441875,10.626381052564057,0.0,65.75543900276348,522.9378195807221,66,0.5196850393700787,66,0.5196850393700787,-0.6295851309445967,2.5579516383259584,35,3,44,4,68,68,0.5354330708661418,0.09736839293061506,0.1932190209850754,0,61,0,0.5116279069767442,1,2,63,1,1,129,0,0
exact_scipy,corrected_candidate,B,return,11,0.0,1,1,cached_smoke,scientific,B_return_11_sigma0,129,128,0.0,zero_sigma_exact_zero,0,0.0,0.0,,False,False,0.0,,0.0,0.0,0.0,0.0,0.0,0.0,0,0.0,0,0.0,,,0,0,0,0,0,0,0.0,,,0,127,0,0.0,0,0,129,0,0,0,0,0
exact_scipy,corrected_candidate,B,return,11,0.0,2,0,cached_smoke,scientific,B_return_11_sigma0,65,64,0.0,zero_sigma_exact_zero,0,1.9274683967608703,0.0,0.0,True,True,0.030594736456521752,,1.9274683967608703,2.672717033490815,9.841864904603046,-6.767073673905716e-16,48.06256638811784,273.22766392972403,33,0.5238095238095238,33,0.5238095238095238,-0.2974415787126008,2.053394978448709,11,3,15,4,35,35,0.5555555555555556,0.2191713392308692,0.28632013124373557,0,30,0,0.5076923076923077,1,2,32,1,1,65,0,0
exact_scipy,corrected_candidate,B,return,11,0.0,2,1,cached_smoke,scientific,B_return_11_sigma0,65,64,0.0,zero_sigma_exact_zero,0,0.0,0.0,,False,False,0.0,,0.0,0.0,0.0,0.0,0.0,0.0,0,0.0,0,0.0,,,0,0,0,0,0,0,0.0,,,0,63,0,0.0,0,0,65,0,0,0,0,0
exact_scipy,corrected_candidate,B,return,11,0.0,4,0,cached_smoke,scientific,B_return_11_sigma0,33,32,0.0,zero_sigma_exact_zero,0,1.6983650541240738,0.0,0.0,True,True,0.05478596948787335,,1.6983650541240738,2.3087921282716812,7.781386684176398,0.0,31.271401269804617,150.98494084201909,16,0.5161290322580645,16,0.5161290322580645,-0.04025889035379353,1.7011967124009406,3,0,5,1,18,18,0.5806451612903226,0.2560796453598995,0.2909307389697801,0,15,0,0.48484848484848486,1,2,17,1,1,33,0,0
exact_scipy,corrected_candidate,B,return,11,0.0,4,1,cached_smoke,scientific,B_return_11_sigma0,33,32,0.0,zero_sigma_exact_zero,0,0.0,0.0,,False,False,0.0,,0.0,0.0,0.0,0.0,0.0,0.0,0,0.0,0,0.0,,,0,0,0,0,0,0,0.0,,,0,31,0,0.0,0,0,33,0,0,0,0,0
exact_scipy,corrected_candidate,B,return,11,0.05,1,0,cached_smoke,scientific,B_return_11_sigma50,129,128,0.05344460778252064,static_sigma50_train_like_pool,256,5.343279768455197,0.022955106912500002,0.004296070561009869,True,False,0.04207306904295431,0.7872275761506206,5.343279768455197,2.718722577972128,17.239485972069097,-2.853587430982493,271.1193409273553,1294.5912655038685,127,1.0,0,0.0,,,4,1,5,1,127,0,0.0,,,0,0,98,110.24806201550388,124,121,0,1,1,129,0,0
exact_scipy,corrected_candidate,B,return,11,0.05,1,1,cached_smoke,scientific,B_return_11_sigma50,129,128,0.05650591423074903,static_sigma50_train_like_pool,256,4.490923020088143,0.035133961485732806,0.007823327482697139,True,False,0.03536159858337121,0.6258034944619718,4.490923020088143,1.422452757112873,8.58908015654247,3.099497825199572,162.51327588281967,768.0310864638232,127,1.0,0,0.0,,,1,0,1,0,127,0,0.0,,,0,0,154,170.28682170542635,186,121,0,0,0,0,0,0
exact_scipy,corrected_candidate,B,return,11,0.05,2,0,cached_smoke,scientific,B_return_11_sigma50,65,64,0.052177047198146705,static_sigma50_train_like_pool,128,3.3111453337451513,0.022955106912500002,0.006932678755763364,True,False,0.05255786244039923,1.0072985203782487,3.3111453337451513,2.120465677533164,9.826377319362294,-0.23923304390444583,67.88428597575496,450.43762344500465,63,1.0,5,0.07936507936507936,-0.7184390760946108,2.6339074963734497,3,0,7,1,63,6,0.09523809523809523,0.11753200444524407,0.13219760404396877,0,0,101,110.49230769230769,124,62,0,1,1,65,0,0
exact_scipy,corrected_candidate,B,return,11,0.05,2,1,cached_smoke,scientific,B_return_11_sigma50,65,64,0.05717450186806192,static_sigma50_train_like_pool,128,2.208458541164386,0.035133961485732806,0.015908816412378204,True,False,0.03505489747879978,0.6131211699875202,2.208458541164386,0.711290553084561,4.567521282953216,0.18085028179573256,38.4979692732547,199.89321768120146,63,1.0,0,0.0,,,0,0,0,0,63,0,0.0,,,0,0,154,170.26153846153846,186,61,0,0,0,0,0,0
exact_scipy,corrected_candidate,B,return,11,0.05,4,0,cached_smoke,scientific,B_return_11_sigma50,33,32,0.04142585927858325,static_sigma50_train_like_pool,64,2.1585230177622874,0.022955106912500002,0.01063463614870193,True,False,0.0696297747665254,1.6808287378729956,2.1585230177622874,2.087182350921761,8.442195419943797,0.24132280617781093,35.68723415447079,179.1580226482484,31,1.0,6,0.1935483870967742,-0.3047275493221811,2.0656538306043606,2,0,3,0,31,8,0.25806451612903225,0.14275020509138492,0.12622702056153698,0,0,102,110.75757575757575,123,30,0,1,1,33,0,0
exact_scipy,corrected_candidate,B,return,11,0.05,4,1,cached_smoke,scientific,B_return_11_sigma50,33,32,0.06082530705673119,static_sigma50_train_like_pool,64,1.1527634374825884,0.035133961485732806,0.03047803247686148,True,False,0.03718591733814801,0.6113560150788068,1.1527634374825884,0.4437264717524712,2.4328945460103286,0.5274178698536218,8.551834993786406,35.197980885694605,31,1.0,0,0.0,,,0,1,0,1,31,0,0.0,,,0,0,154,169.06060606060606,183,31,0,0,0,0,0,0
exact_scipy,corrected_candidate,B,return,1000,0.0,1,0,fresh_train_like,scientific,B_return_1000_sigma0,129,128,0.0,zero_sigma_exact_zero,0,1.9880557892621566,0.0,0.0,True,True,0.015653982592615405,,1.9880557892621566,2.6883521302619244,9.138235506909275,1.7903439011278115e-15,51.527076430266824,387.6286118359476,72,0.5669291338582677,72,0.5669291338582677,-0.6968343618392308,2.657766259068751,38,0,51,2,74,74,0.5826771653543307,0.07261232325259431,0.1435917215169655,0,55,0,0.5581395348837209,1,2,57,1,1,129,0,0
exact_scipy,corrected_candidate,B,return,1000,0.0,1,1,fresh_train_like,scientific,B_return_1000_sigma0,129,128,0.0,zero_sigma_exact_zero,0,0.0,0.0,,False,False,0.0,,0.0,0.0,0.0,0.0,0.0,0.0,0,0.0,0,0.0,,,0,0,0,0,0,0,0.0,,,0,127,0,0.0,0,0,129,0,0,0,0,0
exact_scipy,corrected_candidate,B,return,1000,0.0,2,0,fresh_train_like,scientific,B_return_1000_sigma0,65,64,0.0,zero_sigma_exact_zero,0,1.8501625055898285,0.0,0.0,True,True,0.02936765881888617,,1.8501625055898285,2.4831308804466494,8.789115068068007,-9.022764898540954e-16,39.33689508527161,282.38964863862884,36,0.5714285714285714,36,0.5714285714285714,-0.4915943563046208,2.3307660021404772,12,3,20,3,38,38,0.6031746031746031,0.1417651938498572,0.2331069220599854,0,27,0,0.5538461538461539,1,2,29,1,1,65,0,0
exact_scipy,corrected_candidate,B,return,1000,0.0,2,1,fresh_train_like,scientific,B_return_1000_sigma0,65,64,0.0,zero_sigma_exact_zero,0,0.0,0.0,,False,False,0.0,,0.0,0.0,0.0,0.0,0.0,0.0,0,0.0,0,0.0,,,0,0,0,0,0,0,0.0,,,0,63,0,0.0,0,0,65,0,0,0,0,0
exact_scipy,corrected_candidate,B,return,1000,0.0,4,0,fresh_train_like,scientific,B_return_1000_sigma0,33,32,0.0,zero_sigma_exact_zero,0,1.636814095992893,0.0,0.0,True,True,0.05280045470944816,,1.636814095992893,2.213560605084413,7.367458249676659,0.0,28.261373349770512,136.2168690441285,18,0.5806451612903226,18,0.5806451612903226,-0.3192972347399581,2.0820789286688397,6,0,7,1,20,20,0.6451612903225806,0.1569379570091372,0.19554389862852906,0,13,0,0.5454545454545454,1,2,15,1,1,33,0,0
exact_scipy,corrected_candidate,B,return,1000,0.0,4,1,fresh_train_like,scientific,B_return_1000_sigma0,33,32,0.0,zero_sigma_exact_zero,0,0.0,0.0,,False,False,0.0,,0.0,0.0,0.0,0.0,0.0,0.0,0,0.0,0,0.0,,,0,0,0,0,0,0,0.0,,,0,31,0,0.0,0,0,33,0,0,0,0,0
exact_scipy,corrected_candidate,B,return,1000,0.05,1,0,fresh_train_like,scientific,B_return_1000_sigma50,129,128,0.05344460778252064,static_sigma50_train_like_pool,256,5.863593442613864,0.032148072852794723,0.005482657207977196,True,False,0.046170027107195775,0.8638856008649753,5.863593442613864,3.3550358966046416,18.404710680964072,1.7848645957309328,347.41859325762465,1472.413457283963,127,1.0,0,0.0,,,1,3,3,3,127,0,0.0,,,0,0,94,108.27131782945736,121,122,0,1,1,129,0,0
exact_scipy,corrected_candidate,B,return,1000,0.05,1,1,fresh_train_like,scientific,B_return_1000_sigma50,129,128,0.05650591423074903,static_sigma50_train_like_pool,256,4.4677211081820865,0.02230772494789736,0.004993088066093356,True,False,0.035178906363638476,0.6225703422827737,4.4677211081820865,1.364851913053029,8.738781939028168,4.993016456184304,149.39185612483152,642.4110049109375,127,1.0,0,0.0,,,0,0,0,0,127,0,0.0,,,0,0,144,167.56589147286823,185,124,0,0,0,0,0,0
exact_scipy,corrected_candidate,B,return,1000,0.05,2,0,fresh_train_like,scientific,B_return_1000_sigma50,65,64,0.052177047198146705,static_sigma50_train_like_pool,128,3.40808601736352,0.032148072852794723,0.009432881884144559,True,False,0.0540966034502146,1.0367892848512148,3.40808601736352,2.1076072455070345,9.308954928644894,0.4304332363383391,76.17077734660747,331.9648571812605,63,1.0,2,0.031746031746031744,-0.05998134102765659,1.6420772669579273,5,2,5,2,63,8,0.12698412698412698,0.15579552857649615,0.15643501762947443,0,0,97,108.23076923076923,117,62,0,1,1,65,0,0
exact_scipy,corrected_candidate,B,return,1000,0.05,2,1,fresh_train_like,scientific,B_return_1000_sigma50,65,64,0.05717450186806192,static_sigma50_train_like_pool,128,2.172128024339398,0.02230772494789736,0.01026998625216013,True,False,0.03447822260856187,0.6030349453349877,2.172128024339398,0.6941375900754573,4.77755990655103,-0.8562775247959984,40.50466314868676,192.1480272851303,63,1.0,0,0.0,,,0,0,0,0,63,0,0.0,,,0,0,150,168.04615384615386,184,62,0,0,0,0,0,0
exact_scipy,corrected_candidate,B,return,1000,0.05,4,0,fresh_train_like,scientific,B_return_1000_sigma50,33,32,0.04142585927858325,static_sigma50_train_like_pool,64,2.252738434898404,0.032148072852794723,0.014270663808443685,True,False,0.07266898177091625,1.7541937098329639,2.252738434898404,1.924805652361989,7.224526191668911,0.46907906941325406,33.10717778233731,116.5435001209392,31,1.0,7,0.22580645161290322,-0.4423869993932555,2.2581285890457394,0,2,3,2,31,10,0.3225806451612903,0.20365636901498702,0.18181653083312307,0,0,97,108.75757575757575,117,31,0,1,1,33,0,0
exact_scipy,corrected_candidate,B,return,1000,0.05,4,1,fresh_train_like,scientific,B_return_1000_sigma50,33,32,0.06082530705673119,static_sigma50_train_like_pool,64,1.0849922047412561,0.02230772494789736,0.020560262876005823,True,False,0.03499974854004052,0.575414251627149,1.0849922047412561,0.3724589041014788,2.153959243398565,0.4826567353343076,10.251994630395052,40.687517706729416,31,1.0,0,0.0,,,0,0,0,1,31,0,0.0,,,0,0,150,166.54545454545453,183,30,0,0,0,0,0,0
exact_scipy,corrected_candidate,B,return,1001,0.0,1,0,fresh_train_like,scientific,B_return_1001_sigma0,129,128,0.0,zero_sigma_exact_zero,0,1.984382850365826,0.0,0.0,True,True,0.01562506181390414,,1.984382850365826,2.7630447732886347,9.320919266516611,4.475859752819529e-16,46.5507966310519,377.8273029564716,67,0.5275590551181102,67,0.5275590551181102,-0.7031062859576467,2.6709306884425885,32,1,46,1,69,69,0.5433070866141733,0.07792393671881497,0.16539610943463942,0,60,0,0.5193798449612403,1,2,62,1,1,129,0,0
exact_scipy,corrected_candidate,B,return,1001,0.0,1,1,fresh_train_like,scientific,B_return_1001_sigma0,129,128,0.0,zero_sigma_exact_zero,0,0.0,0.0,,False,False,0.0,,0.0,0.0,0.0,0.0,0.0,0.0,0,0.0,0,0.0,,,0,0,0,0,0,0,0.0,,,0,127,0,0.0,0,0,129,0,0,0,0,0
exact_scipy,corrected_candidate,B,return,1001,0.0,2,0,fresh_train_like,scientific,B_return_1001_sigma0,65,64,0.0,zero_sigma_exact_zero,0,1.8375626702081487,0.0,0.0,True,True,0.029167661431875377,,1.8375626702081487,2.5571355117488412,8.684209646176903,0.0,37.62647855537929,249.013620889702,34,0.5396825396825397,34,0.5396825396825397,-0.47326542608171623,2.325201433044703,11,1,19,2,36,36,0.5714285714285714,0.12836477565963772,0.1944658808107231,0,29,0,0.5230769230769231,1,2,31,1,1,65,0,0
exact_scipy,corrected_candidate,B,return,1001,0.0,2,1,fresh_train_like,scientific,B_return_1001_sigma0,65,64,0.0,zero_sigma_exact_zero,0,0.0,0.0,,False,False,0.0,,0.0,0.0,0.0,0.0,0.0,0.0,0,0.0,0,0.0,,,0,0,0,0,0,0,0.0,,,0,63,0,0.0,0,0,65,0,0,0,0,0
exact_scipy,corrected_candidate,B,return,1001,0.0,4,0,fresh_train_like,scientific,B_return_1001_sigma0,33,32,0.0,zero_sigma_exact_zero,0,1.6372037848712435,0.0,0.0,True,True,0.05281302531842721,,1.6372037848712435,2.278701905376895,7.3555062484191485,0.0,29.6059851437767,127.0546980919425,17,0.5483870967741935,17,0.5483870967741935,-0.42826558351862715,2.2166213517146973,4,0,7,1,19,19,0.6129032258064516,0.11562789917522275,0.13847013030077218,0,14,0,0.5151515151515151,1,2,16,1,1,33,0,0
exact_scipy,corrected_candidate,B,return,1001,0.0,4,1,fresh_train_like,scientific,B_return_1001_sigma0,33,32,0.0,zero_sigma_exact_zero,0,0.0,0.0,,False,False,0.0,,0.0,0.0,0.0,0.0,0.0,0.0,0,0.0,0,0.0,,,0,0,0,0,0,0,0.0,,,0,31,0,0.0,0,0,33,0,0,0,0,0
exact_scipy,corrected_candidate,B,return,1001,0.05,1,0,fresh_train_like,scientific,B_return_1001_sigma50,129,128,0.05344460778252064,static_sigma50_train_like_pool,256,5.9047225825029965,0.03933830827625641,0.006662177219438649,True,False,0.046493878602385796,0.8699451737316685,5.9047225825029965,3.4064984787076784,19.946179725714472,0.7480492858170456,318.177381953487,1566.023395824376,127,1.0,2,0.015748031496062992,0.5529798307326623,0.98480539819938,3,2,6,2,127,3,0.023622047244094488,0.43007638699502754,0.11205843659848415,0,0,93,107.25581395348837,122,122,0,1,1,129,0,0
exact_scipy,corrected_candidate,B,return,1001,0.05,1,1,fresh_train_like,scientific,B_return_1001_sigma50,129,128,0.05650591423074903,static_sigma50_train_like_pool,256,4.462687307118239,0.04090042847939779,0.009164977437285218,True,False,0.035139270134789284,0.6218688895341759,4.462687307118239,1.2185486867134343,8.620702985085055,0.019009116595376456,150.41082079230569,630.402730094027,127,1.0,0,0.0,,,0,0,0,0,127,0,0.0,,,0,0,149,167.2015503875969,182,123,0,0,0,0,0,0
exact_scipy,corrected_candidate,B,return,1001,0.05,2,0,fresh_train_like,scientific,B_return_1001_sigma50,65,64,0.052177047198146705,static_sigma50_train_like_pool,128,3.4923976994067987,0.03933830827625641,0.011263982988804001,True,False,0.05543488411756823,1.062438123549798,3.4923976994067987,2.248466986824712,10.33921117777016,1.0212169854573443,95.41492007678126,479.2390266992877,63,1.0,4,0.06349206349206349,-0.5401957283927945,2.240811578774373,3,1,3,1,63,7,0.1111111111111111,0.11404790640796202,0.1171047431856862,0,0,93,106.66153846153846,122,61,0,1,1,65,0,0
exact_scipy,corrected_candidate,B,return,1001,0.05,2,1,fresh_train_like,scientific,B_return_1001_sigma50,65,64,0.05717450186806192,static_sigma50_train_like_pool,128,2.3317952778607616,0.04090042847939779,0.0175403170543002,True,False,0.037012623458107324,0.647362412418023,2.3317952778607616,0.6550837690927614,4.165834545509483,0.4268744836619453,45.077470048895066,175.0642366191093,63,1.0,0,0.0,,,0,1,0,1,63,0,0.0,,,0,0,149,165.58461538461538,180,62,0,0,0,0,0,0
exact_scipy,corrected_candidate,B,return,1001,0.05,4,0,fresh_train_like,scientific,B_return_1001_sigma50,33,32,0.04142585927858325,static_sigma50_train_like_pool,64,2.277880284509597,0.03933830827625641,0.017269699616687943,True,False,0.07348000917772893,1.773771515120203,2.277880284509597,2.029316680548915,7.740249650524328,-0.05697125651187207,39.80718492403033,189.56104216622484,31,1.0,7,0.22580645161290322,-0.618087585323163,2.5238069446407883,2,0,4,0,31,9,0.2903225806451613,0.10419101150709933,0.128640037271814,0,0,101,108.03030303030303,117,30,0,1,1,33,0,0
exact_scipy,corrected_candidate,B,return,1001,0.05,4,1,fresh_train_like,scientific,B_return_1001_sigma50,33,32,0.06082530705673119,static_sigma50_train_like_pool,64,1.1281726911486556,0.04090042847939779,0.03625369484680114,True,False,0.03639266745640825,0.5983145703229275,1.1281726911486556,0.3152370497496962,1.7872548024798798,0.12848038781193946,10.251162608261692,30.65567006182539,31,1.0,0,0.0,,,0,0,0,0,31,0,0.0,,,0,0,149,165.33333333333334,180,31,0,0,0,0,0,0
exact_scipy,corrected_candidate,B,static,11,0.0,1,0,cached_smoke,calibration_control,B_static_11_sigma0,129,128,0.0,zero_sigma_exact_zero,0,0.0,0.0,,False,False,0.0,,0.0,0.0,0.0,0.0,0.0,0.0,0,0.0,0,0.0,,,0,0,0,0,0,0,0.0,,,0,127,0,0.0,0,0,129,1,1,129,0,0
exact_scipy,corrected_candidate,B,static,11,0.0,1,1,cached_smoke,calibration_control,B_static_11_sigma0,129,128,0.0,zero_sigma_exact_zero,0,0.0,0.0,,False,False,0.0,,0.0,0.0,0.0,0.0,0.0,0.0,0,0.0,0,0.0,,,0,0,0,0,0,0,0.0,,,0,127,0,0.0,0,0,129,0,0,0,0,0
exact_scipy,corrected_candidate,B,static,11,0.0,2,0,cached_smoke,calibration_control,B_static_11_sigma0,65,64,0.0,zero_sigma_exact_zero,0,0.0,0.0,,False,False,0.0,,0.0,0.0,0.0,0.0,0.0,0.0,0,0.0,0,0.0,,,0,0,0,0,0,0,0.0,,,0,63,0,0.0,0,0,65,1,1,65,0,0
exact_scipy,corrected_candidate,B,static,11,0.0,2,1,cached_smoke,calibration_control,B_static_11_sigma0,65,64,0.0,zero_sigma_exact_zero,0,0.0,0.0,,False,False,0.0,,0.0,0.0,0.0,0.0,0.0,0.0,0,0.0,0,0.0,,,0,0,0,0,0,0,0.0,,,0,63,0,0.0,0,0,65,0,0,0,0,0
exact_scipy,corrected_candidate,B,static,11,0.0,4,0,cached_smoke,calibration_control,B_static_11_sigma0,33,32,0.0,zero_sigma_exact_zero,0,0.0,0.0,,False,False,0.0,,0.0,0.0,0.0,0.0,0.0,0.0,0,0.0,0,0.0,,,0,0,0,0,0,0,0.0,,,0,31,0,0.0,0,0,33,1,1,33,0,0
exact_scipy,corrected_candidate,B,static,11,0.0,4,1,cached_smoke,calibration_control,B_static_11_sigma0,33,32,0.0,zero_sigma_exact_zero,0,0.0,0.0,,False,False,0.0,,0.0,0.0,0.0,0.0,0.0,0.0,0,0.0,0,0.0,,,0,0,0,0,0,0,0.0,,,0,31,0,0.0,0,0,33,0,0,0,0,0
exact_scipy,corrected_candidate,B,static,11,0.05,1,0,cached_smoke,calibration_control,B_static_11_sigma50,129,128,0.05344460778252064,static_sigma50_train_like_pool,256,4.225054347073389,0.030292714060275033,0.007169780923944374,True,False,0.03326814446514479,0.6224789711343962,4.225054347073389,1.6103641250755452,9.924354000409558,-0.34501491144541574,187.52458447419443,968.2647429665285,127,1.0,0,0.0,,,1,1,1,2,127,0,0.0,,,0,0,101,111.07751937984496,127,120,0,1,1,129,0,0
exact_scipy,corrected_candidate,B,static,11,0.05,1,1,cached_smoke,calibration_control,B_static_11_sigma50,129,128,0.05650591423074903,static_sigma50_train_like_pool,256,4.389807380861937,0.018589216072880638,0.00423463137674862,True,False,0.034565412447731786,0.6117131793776411,4.389807380861937,1.5160294067747022,11.391721268000605,-0.2836632997025605,134.26153943060058,756.5381243704628,127,1.0,0,0.0,,,0,1,0,1,127,0,0.0,,,0,0,153,170.69767441860466,188,123,0,0,0,0,0,0
exact_scipy,corrected_candidate,B,static,11,0.05,2,0,cached_smoke,calibration_control,B_static_11_sigma50,65,64,0.052177047198146705,static_sigma50_train_like_pool,128,2.1865052470373083,0.030292714060275033,0.013854398063449125,True,False,0.03470643249265569,0.665166665351052,2.1865052470373083,0.8439407018537529,4.046119705022978,-2.9029385865159245,49.38595675144765,175.31007528237322,63,1.0,0,0.0,,,0,0,0,0,63,0,0.0,,,0,0,101,111.27692307692308,127,62,0,1,1,65,0,0
exact_scipy,corrected_candidate,B,static,11,0.05,2,1,cached_smoke,calibration_control,B_static_11_sigma50,65,64,0.05717450186806192,static_sigma50_train_like_pool,128,2.121656659511055,0.018589216072880638,0.00876165141496768,True,False,0.033677089833508804,0.589022881410027,2.121656659511055,0.6513526201014476,4.272850820905253,-0.6486745250964845,43.55063461386697,143.83343850249594,63,1.0,0,0.0,,,0,0,0,0,63,0,0.0,,,0,0,157,171.53846153846155,188,61,0,0,0,0,0,0
exact_scipy,corrected_candidate,B,static,11,0.05,4,0,cached_smoke,calibration_control,B_static_11_sigma50,33,32,0.04142585927858325,static_sigma50_train_like_pool,64,1.1432964968803954,0.030292714060275033,0.02649593884257661,True,False,0.03688053215743211,0.8902780243957178,1.1432964968803954,0.3902384131025079,2.2502972445000857,-0.334663383704845,10.79121052082113,30.187800619615416,31,1.0,0,0.0,,,0,1,0,1,31,0,0.0,,,0,0,102,111.33333333333333,124,30,0,1,1,33,0,0
exact_scipy,corrected_candidate,B,static,11,0.05,4,1,cached_smoke,calibration_control,B_static_11_sigma50,33,32,0.06082530705673119,static_sigma50_train_like_pool,64,1.1187638093597707,0.018589216072880638,0.016615853960737784,True,False,0.03608915514063776,0.593324668414378,1.1187638093597707,0.3781139249952087,2.3559463821727222,-0.31902239877884736,9.869092051266056,43.87256230308721,31,1.0,0,0.0,,,0,0,0,0,31,0,0.0,,,0,0,160,171.15151515151516,182,32,0,0,0,0,0,0
exact_scipy,corrected_candidate,B,static,1000,0.0,1,0,fresh_train_like,calibration_control,B_static_1000_sigma0,129,128,0.0,zero_sigma_exact_zero,0,0.0,0.0,,False,False,0.0,,0.0,0.0,0.0,0.0,0.0,0.0,0,0.0,0,0.0,,,0,0,0,0,0,0,0.0,,,0,127,0,0.0,0,0,129,1,1,129,0,0
exact_scipy,corrected_candidate,B,static,1000,0.0,1,1,fresh_train_like,calibration_control,B_static_1000_sigma0,129,128,0.0,zero_sigma_exact_zero,0,0.0,0.0,,False,False,0.0,,0.0,0.0,0.0,0.0,0.0,0.0,0,0.0,0,0.0,,,0,0,0,0,0,0,0.0,,,0,127,0,0.0,0,0,129,0,0,0,0,0
exact_scipy,corrected_candidate,B,static,1000,0.0,2,0,fresh_train_like,calibration_control,B_static_1000_sigma0,65,64,0.0,zero_sigma_exact_zero,0,0.0,0.0,,False,False,0.0,,0.0,0.0,0.0,0.0,0.0,0.0,0,0.0,0,0.0,,,0,0,0,0,0,0,0.0,,,0,63,0,0.0,0,0,65,1,1,65,0,0
exact_scipy,corrected_candidate,B,static,1000,0.0,2,1,fresh_train_like,calibration_control,B_static_1000_sigma0,65,64,0.0,zero_sigma_exact_zero,0,0.0,0.0,,False,False,0.0,,0.0,0.0,0.0,0.0,0.0,0.0,0,0.0,0,0.0,,,0,0,0,0,0,0,0.0,,,0,63,0,0.0,0,0,65,0,0,0,0,0
exact_scipy,corrected_candidate,B,static,1000,0.0,4,0,fresh_train_like,calibration_control,B_static_1000_sigma0,33,32,0.0,zero_sigma_exact_zero,0,0.0,0.0,,False,False,0.0,,0.0,0.0,0.0,0.0,0.0,0.0,0,0.0,0,0.0,,,0,0,0,0,0,0,0.0,,,0,31,0,0.0,0,0,33,1,1,33,0,0
exact_scipy,corrected_candidate,B,static,1000,0.0,4,1,fresh_train_like,calibration_control,B_static_1000_sigma0,33,32,0.0,zero_sigma_exact_zero,0,0.0,0.0,,False,False,0.0,,0.0,0.0,0.0,0.0,0.0,0.0,0,0.0,0,0.0,,,0,0,0,0,0,0,0.0,,,0,31,0,0.0,0,0,33,0,0,0,0,0
exact_scipy,corrected_candidate,B,static,1000,0.05,1,0,fresh_train_like,calibration_control,B_static_1000_sigma50,129,128,0.05344460778252064,static_sigma50_train_like_pool,256,4.266612823721828,0.07956109029601202,0.01864736585744608,True,False,0.0335953765647388,0.6286017983600276,4.266612823721828,1.4396903742869862,10.183819557889539,2.165603729395553,149.08258478879455,874.9275248332638,127,1.0,0,0.0,,,0,0,0,0,127,0,0.0,,,0,0,97,109.78294573643412,124,121,0,1,1,129,0,0
exact_scipy,corrected_candidate,B,static,1000,0.05,1,1,fresh_train_like,calibration_control,B_static_1000_sigma50,129,128,0.05650591423074903,static_sigma50_train_like_pool,256,4.5040750654168935,0.03808369159941885,0.008455385633297357,True,False,0.03546515799540861,0.6276362125667441,4.5040750654168935,1.6127313071091964,10.742624052492925,1.2994037554864772,160.0437707459834,884.0747311437972,127,1.0,0,0.0,,,0,1,0,1,127,0,0.0,,,0,0,148,169.31007751937983,189,127,0,0,0,0,0,0
exact_scipy,corrected_candidate,B,static,1000,0.05,2,0,fresh_train_like,calibration_control,B_static_1000_sigma50,65,64,0.052177047198146705,static_sigma50_train_like_pool,128,1.953000848718832,0.07956109029601202,0.04073786775269661,True,False,0.03100001347172749,0.5941312346404415,1.953000848718832,0.6596649420276021,5.091909778944769,2.8114335073819356,33.0246079171445,216.3680981957135,63,1.0,0,0.0,,,0,0,0,0,63,0,0.0,,,0,0,97,109.78461538461538,122,56,0,1,1,65,0,0
exact_scipy,corrected_candidate,B,static,1000,0.05,2,1,fresh_train_like,calibration_control,B_static_1000_sigma50,65,64,0.05717450186806192,static_sigma50_train_like_pool,128,2.3224044347707298,0.03808369159941885,0.016398389113125557,True,False,0.03686356245667825,0.6447552886730178,2.3224044347707298,0.8176786519224352,6.064588469788056,-0.2664342584603738,38.972824789615295,247.3796067654223,63,1.0,0,0.0,,,0,1,0,1,63,0,0.0,,,0,0,152,170.12307692307692,189,63,0,0,0,0,0,0
exact_scipy,corrected_candidate,B,static,1000,0.05,4,0,fresh_train_like,calibration_control,B_static_1000_sigma50,33,32,0.04142585927858325,static_sigma50_train_like_pool,64,0.9644056606616691,0.07956109029601202,0.08249753557172813,True,False,0.031109860021344166,0.750976818902768,0.9644056606616691,0.3678396203643826,2.5459548894723847,1.4219301811993748,10.866406091980787,60.36141609413076,31,1.0,0,0.0,,,0,0,0,0,31,0,0.0,,,0,0,97,109.72727272727273,122,30,0,1,1,33,0,0
exact_scipy,corrected_candidate,B,static,1000,0.05,4,1,fresh_train_like,calibration_control,B_static_1000_sigma50,33,32,0.06082530705673119,static_sigma50_train_like_pool,64,1.1114286950377341,0.03808369159941885,0.03426552847650372,True,False,0.035852538549604324,0.5894345673613287,1.1114286950377341,0.4472213861991312,2.549899623152821,1.6236592071373477,9.689965462956865,50.4010775528063,31,1.0,0,0.0,,,0,0,0,0,31,0,0.0,,,0,0,155,171.24242424242425,189,31,0,0,0,0,0,0
exact_scipy,corrected_candidate,B,static,1001,0.0,1,0,fresh_train_like,calibration_control,B_static_1001_sigma0,129,128,0.0,zero_sigma_exact_zero,0,0.0,0.0,,False,False,0.0,,0.0,0.0,0.0,0.0,0.0,0.0,0,0.0,0,0.0,,,0,0,0,0,0,0,0.0,,,0,127,0,0.0,0,0,129,1,1,129,0,0
exact_scipy,corrected_candidate,B,static,1001,0.0,1,1,fresh_train_like,calibration_control,B_static_1001_sigma0,129,128,0.0,zero_sigma_exact_zero,0,0.0,0.0,,False,False,0.0,,0.0,0.0,0.0,0.0,0.0,0.0,0,0.0,0,0.0,,,0,0,0,0,0,0,0.0,,,0,127,0,0.0,0,0,129,0,0,0,0,0
exact_scipy,corrected_candidate,B,static,1001,0.0,2,0,fresh_train_like,calibration_control,B_static_1001_sigma0,65,64,0.0,zero_sigma_exact_zero,0,0.0,0.0,,False,False,0.0,,0.0,0.0,0.0,0.0,0.0,0.0,0,0.0,0,0.0,,,0,0,0,0,0,0,0.0,,,0,63,0,0.0,0,0,65,1,1,65,0,0
exact_scipy,corrected_candidate,B,static,1001,0.0,2,1,fresh_train_like,calibration_control,B_static_1001_sigma0,65,64,0.0,zero_sigma_exact_zero,0,0.0,0.0,,False,False,0.0,,0.0,0.0,0.0,0.0,0.0,0.0,0,0.0,0,0.0,,,0,0,0,0,0,0,0.0,,,0,63,0,0.0,0,0,65,0,0,0,0,0
exact_scipy,corrected_candidate,B,static,1001,0.0,4,0,fresh_train_like,calibration_control,B_static_1001_sigma0,33,32,0.0,zero_sigma_exact_zero,0,0.0,0.0,,False,False,0.0,,0.0,0.0,0.0,0.0,0.0,0.0,0,0.0,0,0.0,,,0,0,0,0,0,0,0.0,,,0,31,0,0.0,0,0,33,1,1,33,0,0
exact_scipy,corrected_candidate,B,static,1001,0.0,4,1,fresh_train_like,calibration_control,B_static_1001_sigma0,33,32,0.0,zero_sigma_exact_zero,0,0.0,0.0,,False,False,0.0,,0.0,0.0,0.0,0.0,0.0,0.0,0,0.0,0,0.0,,,0,0,0,0,0,0,0.0,,,0,31,0,0.0,0,0,33,0,0,0,0,0
exact_scipy,corrected_candidate,B,static,1001,0.05,1,0,fresh_train_like,calibration_control,B_static_1001_sigma50,129,128,0.05344460778252064,static_sigma50_train_like_pool,256,3.9319989354903773,0.033689466821264835,0.008568025417601816,True,False,0.030960621539294308,0.5793029984480521,3.9319989354903773,1.4567194781996398,9.84524676220283,1.2619512120203094,173.3002136984546,989.1047241016776,127,1.0,0,0.0,,,0,1,1,1,127,0,0.0,,,0,0,97,111.67441860465117,122,117,0,1,1,129,0,0
exact_scipy,corrected_candidate,B,static,1001,0.05,1,1,fresh_train_like,calibration_control,B_static_1001_sigma50,129,128,0.05650591423074903,static_sigma50_train_like_pool,256,4.173107404527794,0.019783362663179177,0.004740679006179989,True,False,0.032859113421478695,0.5815163575142659,4.173107404527794,1.2356062187998698,8.7458085215263,1.1540295768653497,155.93446697593976,643.1478638619633,127,1.0,0,0.0,,,0,0,0,1,127,0,0.0,,,0,0,156,172.34108527131784,189,122,0,0,0,0,0,0
exact_scipy,corrected_candidate,B,static,1001,0.05,2,0,fresh_train_like,calibration_control,B_static_1001_sigma50,65,64,0.052177047198146705,static_sigma50_train_like_pool,128,2.0691519439630692,0.033689466821264835,0.016281775207256665,True,False,0.03284368165020745,0.6294660854509612,2.0691519439630692,0.862818345818844,4.952450717210887,-0.5458747673926975,39.85810034097166,222.55759012498905,63,1.0,0,0.0,,,0,2,0,2,63,0,0.0,,,0,0,97,111.67692307692307,122,58,0,1,1,65,0,0
exact_scipy,corrected_candidate,B,static,1001,0.05,2,1,fresh_train_like,calibration_control,B_static_1001_sigma50,65,64,0.05717450186806192,static_sigma50_train_like_pool,128,2.1255244728876144,0.019783362663179177,0.009307520527534857,True,False,0.0337384836966288,0.5900966793639064,2.1255244728876144,0.6364349251567246,3.7430722199682624,-0.7199983959164356,36.51564864486454,142.81189871905772,63,1.0,0,0.0,,,0,0,0,0,63,0,0.0,,,0,0,158,171.76923076923077,185,61,0,0,0,0,0,0
exact_scipy,corrected_candidate,B,static,1001,0.05,4,0,fresh_train_like,calibration_control,B_static_1001_sigma50,33,32,0.04142585927858325,static_sigma50_train_like_pool,64,0.933076825230283,0.033689466821264835,0.03610578026407449,True,False,0.030099252426783324,0.7265812454092976,0.933076825230283,0.22407043353396824,1.6131911187396772,0.20289008970311762,6.500532710617647,20.14874840989291,31,1.0,0,0.0,,,0,0,0,0,31,0,0.0,,,0,0,99,112.54545454545455,122,30,0,1,1,33,0,0
exact_scipy,corrected_candidate,B,static,1001,0.05,4,1,fresh_train_like,calibration_control,B_static_1001_sigma50,33,32,0.06082530705673119,static_sigma50_train_like_pool,64,1.0842134735996303,0.019783362663179177,0.018246741204476693,True,False,0.03497462818063323,0.575001259722581,1.0842134735996303,0.38085397361276785,1.978164110432771,0.6339154024598426,14.725987326623642,35.59752090179151,31,1.0,0,0.0,,,0,0,0,0,31,0,0.0,,,0,0,158,170.03030303030303,185,32,0,0,0,0,0,0
