family,sigma,role,seed,interval_index,distance
A,0.0,calibration,1000,0,0.0
A,0.0,calibration,1000,1,0.0
A,0.0,calibration,1000,2,0.0
A,0.0,calibration,1000,3,0.0
A,0.0,calibration,1000,4,0.0
A,0.0,calibration,1000,5,0.0
A,0.0,calibration,1000,6,0.0
A,0.0,calibration,1000,7,0.0
A,0.0,calibration,1000,8,0.0
A,0.0,calibration,1000,9,0.0
A,0.0,calibration,1000,10,0.0
A,0.0,calibration,1000,11,0.0
A,0.0,calibration,1000,12,0.0
A,0.0,calibration,1000,13,0.0
A,0.0,calibration,1000,14,0.0
A,0.0,calibration,1000,15,0.0
A,0.0,calibration,1000,16,0.0
A,0.0,calibration,1000,17,0.0
A,0.0,calibration,1000,18,0.0
A,0.0,calibration,1000,19,0.0
A,0.0,calibration,1000,20,0.0
A,0.0,calibration,1000,21,0.0
A,0.0,calibration,1000,22,0.0
A,0.0,calibration,1000,23,0.0
A,0.0,calibration,1000,24,0.0
A,0.0,calibration,1000,25,0.0
A,0.0,calibration,1000,26,0.0
A,0.0,calibration,1000,27,0.0
A,0.0,calibration,1000,28,0.0
A,0.0,calibration,1000,29,0.0
A,0.0,calibration,1000,30,0.0
A,0.0,calibration,1000,31,0.0
A,0.0,calibration,1000,32,0.0
A,0.0,calibration,1000,33,0.0
A,0.0,calibration,1000,34,0.0
A,0.0,calibration,1000,35,0.0
A,0.0,calibration,1000,36,0.0
A,0.0,calibration,1000,37,0.0
A,0.0,calibration,1000,38,0.0
A,0.0,calibration,1000,39,0.0
A,0.0,calibration,1000,40,0.0
A,0.0,calibration,1000,41,0.0
A,0.0,calibration,1000,42,0.0
A,0.0,calibration,1000,43,0.0
A,0.0,calibration,1000,44,0.0
A,0.0,calibration,1000,45,0.0
A,0.0,calibration,1000,46,0.0
A,0.0,calibration,1000,47,0.0
A,0.0,calibration,1000,48,0.0
A,0.0,calibration,1000,49,0.0
A,0.0,calibration,1000,50,0.0
A,0.0,calibration,1000,51,0.0
A,0.0,calibration,1000,52,0.0
A,0.0,calibration,1000,53,0.0
A,0.0,calibration,1000,54,0.0
A,0.0,calibration,1000,55,0.0
A,0.0,calibration,1000,56,0.0
A,0.0,calibration,1000,57,0.0
A,0.0,calibration,1000,58,0.0
A,0.0,calibration,1000,59,0.0
A,0.0,calibration,1000,60,0.0
A,0.0,calibration,1000,61,0.0
A,0.0,calibration,1000,62,0.0
A,0.0,calibration,1000,63,0.0
A,0.0,calibration,1000,64,0.0
A,0.0,calibration,1000,65,0.0
A,0.0,calibration,1000,66,0.0
A,0.0,calibration,1000,67,0.0
A,0.0,calibration,1000,68,0.0
A,0.0,calibration,1000,69,0.0
A,0.0,calibration,1000,70,0.0
A,0.0,calibration,1000,71,0.0
A,0.0,calibration,1000,72,0.0
A,0.0,calibration,1000,73,0.0
A,0.0,calibration,1000,74,0.0
A,0.0,calibration,1000,75,0.0
A,0.0,calibration,1000,76,0.0
A,0.0,calibration,1000,77,0.0
A,0.0,calibration,1000,78,0.0
A,0.0,calibration,1000,79,0.0
A,0.0,calibration,1000,80,0.0
A,0.0,calibration,1000,81,0.0
A,0.0,calibration,1000,82,0.0
A,0.0,calibration,1000,83,0.0
A,0.0,calibration,1000,84,0.0
A,0.0,calibration,1000,85,0.0
A,0.0,calibration,1000,86,0.0
A,0.0,calibration,1000,87,0.0
A,0.0,calibration,1000,88,0.0
A,0.0,calibration,1000,89,0.0
A,0.0,calibration,1000,90,0.0
A,0.0,calibration,1000,91,0.0
A,0.0,calibration,1000,92,0.0
A,0.0,calibration,1000,93,0.0
A,0.0,calibration,1000,94,0.0
A,0.0,calibration,1000,95,0.0
A,0.0,calibration,1000,96,0.0
A,0.0,calibration,1000,97,0.0
A,0.0,calibration,1000,98,0.0
A,0.0,calibration,1000,99,0.0
A,0.0,calibration,1000,100,0.0
A,0.0,calibration,1000,101,0.0
A,0.0,calibration,1000,102,0.0
A,0.0,calibration,1000,103,0.0
A,0.0,calibration,1000,104,0.0
A,0.0,calibration,1000,105,0.0
A,0.0,calibration,1000,106,0.0
A,0.0,calibration,1000,107,0.0
A,0.0,calibration,1000,108,0.0
A,0.0,calibration,1000,109,0.0
A,0.0,calibration,1000,110,0.0
A,0.0,calibration,1000,111,0.0
A,0.0,calibration,1000,112,0.0
A,0.0,calibration,1000,113,0.0
A,0.0,calibration,1000,114,0.0
A,0.0,calibration,1000,115,0.0
A,0.0,calibration,1000,116,0.0
A,0.0,calibration,1000,117,0.0
A,0.0,calibration,1000,118,0.0
A,0.0,calibration,1000,119,0.0
A,0.0,calibration,1000,120,0.0
A,0.0,calibration,1000,121,0.0
A,0.0,calibration,1000,122,0.0
A,0.0,calibration,1000,123,0.0
A,0.0,calibration,1000,124,0.0
A,0.0,calibration,1000,125,0.0
A,0.0,calibration,1000,126,0.0
A,0.0,calibration,1000,127,0.0
A,0.0,calibration,1001,0,0.0
A,0.0,calibration,1001,1,0.0
A,0.0,calibration,1001,2,0.0
A,0.0,calibration,1001,3,0.0
A,0.0,calibration,1001,4,0.0
A,0.0,calibration,1001,5,0.0
A,0.0,calibration,1001,6,0.0
A,0.0,calibration,1001,7,0.0
A,0.0,calibration,1001,8,0.0
A,0.0,calibration,1001,9,0.0
A,0.0,calibration,1001,10,0.0
A,0.0,calibration,1001,11,0.0
A,0.0,calibration,1001,12,0.0
A,0.0,calibration,1001,13,0.0
A,0.0,calibration,1001,14,0.0
A,0.0,calibration,1001,15,0.0
A,0.0,calibration,1001,16,0.0
A,0.0,calibration,1001,17,0.0
A,0.0,calibration,1001,18,0.0
A,0.0,calibration,1001,19,0.0
A,0.0,calibration,1001,20,0.0
A,0.0,calibration,1001,21,0.0
A,0.0,calibration,1001,22,0.0
A,0.0,calibration,1001,23,0.0
A,0.0,calibration,1001,24,0.0
A,0.0,calibration,1001,25,0.0
A,0.0,calibration,1001,26,0.0
A,0.0,calibration,1001,27,0.0
A,0.0,calibration,1001,28,0.0
A,0.0,calibration,1001,29,0.0
A,0.0,calibration,1001,30,0.0
A,0.0,calibration,1001,31,0.0
A,0.0,calibration,1001,32,0.0
A,0.0,calibration,1001,33,0.0
A,0.0,calibration,1001,34,0.0
A,0.0,calibration,1001,35,0.0
A,0.0,calibration,1001,36,0.0
A,0.0,calibration,1001,37,0.0
A,0.0,calibration,1001,38,0.0
A,0.0,calibration,1001,39,0.0
A,0.0,calibration,1001,40,0.0
A,0.0,calibration,1001,41,0.0
A,0.0,calibration,1001,42,0.0
A,0.0,calibration,1001,43,0.0
A,0.0,calibration,1001,44,0.0
A,0.0,calibration,1001,45,0.0
A,0.0,calibration,1001,46,0.0
A,0.0,calibration,1001,47,0.0
A,0.0,calibration,1001,48,0.0
A,0.0,calibration,1001,49,0.0
A,0.0,calibration,1001,50,0.0
A,0.0,calibration,1001,51,0.0
A,0.0,calibration,1001,52,0.0
A,0.0,calibration,1001,53,0.0
A,0.0,calibration,1001,54,0.0
A,0.0,calibration,1001,55,0.0
A,0.0,calibration,1001,56,0.0
A,0.0,calibration,1001,57,0.0
A,0.0,calibration,1001,58,0.0
A,0.0,calibration,1001,59,0.0
A,0.0,calibration,1001,60,0.0
A,0.0,calibration,1001,61,0.0
A,0.0,calibration,1001,62,0.0
A,0.0,calibration,1001,63,0.0
A,0.0,calibration,1001,64,0.0
A,0.0,calibration,1001,65,0.0
A,0.0,calibration,1001,66,0.0
A,0.0,calibration,1001,67,0.0
A,0.0,calibration,1001,68,0.0
A,0.0,calibration,1001,69,0.0
A,0.0,calibration,1001,70,0.0
A,0.0,calibration,1001,71,0.0
A,0.0,calibration,1001,72,0.0
A,0.0,calibration,1001,73,0.0
A,0.0,calibration,1001,74,0.0
A,0.0,calibration,1001,75,0.0
A,0.0,calibration,1001,76,0.0
A,0.0,calibration,1001,77,0.0
A,0.0,calibration,1001,78,0.0
A,0.0,calibration,1001,79,0.0
A,0.0,calibration,1001,80,0.0
A,0.0,calibration,1001,81,0.0
A,0.0,calibration,1001,82,0.0
A,0.0,calibration,1001,83,0.0
A,0.0,calibration,1001,84,0.0
A,0.0,calibration,1001,85,0.0
A,0.0,calibration,1001,86,0.0
A,0.0,calibration,1001,87,0.0
A,0.0,calibration,1001,88,0.0
A,0.0,calibration,1001,89,0.0
A,0.0,calibration,1001,90,0.0
A,0.0,calibration,1001,91,0.0
A,0.0,calibration,1001,92,0.0
A,0.0,calibration,1001,93,0.0
A,0.0,calibration,1001,94,0.0
A,0.0,calibration,1001,95,0.0
A,0.0,calibration,1001,96,0.0
A,0.0,calibration,1001,97,0.0
A,0.0,calibration,1001,98,0.0
A,0.0,calibration,1001,99,0.0
A,0.0,calibration,1001,100,0.0
A,0.0,calibration,1001,101,0.0
A,0.0,calibration,1001,102,0.0
A,0.0,calibration,1001,103,0.0
A,0.0,calibration,1001,104,0.0
A,0.0,calibration,1001,105,0.0
A,0.0,calibration,1001,106,0.0
A,0.0,calibration,1001,107,0.0
A,0.0,calibration,1001,108,0.0
A,0.0,calibration,1001,109,0.0
A,0.0,calibration,1001,110,0.0
A,0.0,calibration,1001,111,0.0
A,0.0,calibration,1001,112,0.0
A,0.0,calibration,1001,113,0.0
A,0.0,calibration,1001,114,0.0
A,0.0,calibration,1001,115,0.0
A,0.0,calibration,1001,116,0.0
A,0.0,calibration,1001,117,0.0
A,0.0,calibration,1001,118,0.0
A,0.0,calibration,1001,119,0.0
A,0.0,calibration,1001,120,0.0
A,0.0,calibration,1001,121,0.0
A,0.0,calibration,1001,122,0.0
A,0.0,calibration,1001,123,0.0
A,0.0,calibration,1001,124,0.0
A,0.0,calibration,1001,125,0.0
A,0.0,calibration,1001,126,0.0
A,0.0,calibration,1001,127,0.0
A,0.0,calibration,1002,0,0.0
A,0.0,calibration,1002,1,0.0
A,0.0,calibration,1002,2,0.0
A,0.0,calibration,1002,3,0.0
A,0.0,calibration,1002,4,0.0
A,0.0,calibration,1002,5,0.0
A,0.0,calibration,1002,6,0.0
A,0.0,calibration,1002,7,0.0
A,0.0,calibration,1002,8,0.0
A,0.0,calibration,1002,9,0.0
A,0.0,calibration,1002,10,0.0
A,0.0,calibration,1002,11,0.0
A,0.0,calibration,1002,12,0.0
A,0.0,calibration,1002,13,0.0
A,0.0,calibration,1002,14,0.0
A,0.0,calibration,1002,15,0.0
A,0.0,calibration,1002,16,0.0
A,0.0,calibration,1002,17,0.0
A,0.0,calibration,1002,18,0.0
A,0.0,calibration,1002,19,0.0
A,0.0,calibration,1002,20,0.0
A,0.0,calibration,1002,21,0.0
A,0.0,calibration,1002,22,0.0
A,0.0,calibration,1002,23,0.0
A,0.0,calibration,1002,24,0.0
A,0.0,calibration,1002,25,0.0
A,0.0,calibration,1002,26,0.0
A,0.0,calibration,1002,27,0.0
A,0.0,calibration,1002,28,0.0
A,0.0,calibration,1002,29,0.0
A,0.0,calibration,1002,30,0.0
A,0.0,calibration,1002,31,0.0
A,0.0,calibration,1002,32,0.0
A,0.0,calibration,1002,33,0.0
A,0.0,calibration,1002,34,0.0
A,0.0,calibration,1002,35,0.0
A,0.0,calibration,1002,36,0.0
A,0.0,calibration,1002,37,0.0
A,0.0,calibration,1002,38,0.0
A,0.0,calibration,1002,39,0.0
A,0.0,calibration,1002,40,0.0
A,0.0,calibration,1002,41,0.0
A,0.0,calibration,1002,42,0.0
A,0.0,calibration,1002,43,0.0
A,0.0,calibration,1002,44,0.0
A,0.0,calibration,1002,45,0.0
A,0.0,calibration,1002,46,0.0
A,0.0,calibration,1002,47,0.0
A,0.0,calibration,1002,48,0.0
A,0.0,calibration,1002,49,0.0
A,0.0,calibration,1002,50,0.0
A,0.0,calibration,1002,51,0.0
A,0.0,calibration,1002,52,0.0
A,0.0,calibration,1002,53,0.0
A,0.0,calibration,1002,54,0.0
A,0.0,calibration,1002,55,0.0
A,0.0,calibration,1002,56,0.0
A,0.0,calibration,1002,57,0.0
A,0.0,calibration,1002,58,0.0
A,0.0,calibration,1002,59,0.0
A,0.0,calibration,1002,60,0.0
A,0.0,calibration,1002,61,0.0
A,0.0,calibration,1002,62,0.0
A,0.0,calibration,1002,63,0.0
A,0.0,calibration,1002,64,0.0
A,0.0,calibration,1002,65,0.0
A,0.0,calibration,1002,66,0.0
A,0.0,calibration,1002,67,0.0
A,0.0,calibration,1002,68,0.0
A,0.0,calibration,1002,69,0.0
A,0.0,calibration,1002,70,0.0
A,0.0,calibration,1002,71,0.0
A,0.0,calibration,1002,72,0.0
A,0.0,calibration,1002,73,0.0
A,0.0,calibration,1002,74,0.0
A,0.0,calibration,1002,75,0.0
A,0.0,calibration,1002,76,0.0
A,0.0,calibration,1002,77,0.0
A,0.0,calibration,1002,78,0.0
A,0.0,calibration,1002,79,0.0
A,0.0,calibration,1002,80,0.0
A,0.0,calibration,1002,81,0.0
A,0.0,calibration,1002,82,0.0
A,0.0,calibration,1002,83,0.0
A,0.0,calibration,1002,84,0.0
A,0.0,calibration,1002,85,0.0
A,0.0,calibration,1002,86,0.0
A,0.0,calibration,1002,87,0.0
A,0.0,calibration,1002,88,0.0
A,0.0,calibration,1002,89,0.0
A,0.0,calibration,1002,90,0.0
A,0.0,calibration,1002,91,0.0
A,0.0,calibration,1002,92,0.0
A,0.0,calibration,1002,93,0.0
A,0.0,calibration,1002,94,0.0
A,0.0,calibration,1002,95,0.0
A,0.0,calibration,1002,96,0.0
A,0.0,calibration,1002,97,0.0
A,0.0,calibration,1002,98,0.0
A,0.0,calibration,1002,99,0.0
A,0.0,calibration,1002,100,0.0
A,0.0,calibration,1002,101,0.0
A,0.0,calibration,1002,102,0.0
A,0.0,calibration,1002,103,0.0
A,0.0,calibration,1002,104,0.0
A,0.0,calibration,1002,105,0.0
A,0.0,calibration,1002,106,0.0
A,0.0,calibration,1002,107,0.0
A,0.0,calibration,1002,108,0.0
A,0.0,calibration,1002,109,0.0
A,0.0,calibration,1002,110,0.0
A,0.0,calibration,1002,111,0.0
A,0.0,calibration,1002,112,0.0
A,0.0,calibration,1002,113,0.0
A,0.0,calibration,1002,114,0.0
A,0.0,calibration,1002,115,0.0
A,0.0,calibration,1002,116,0.0
A,0.0,calibration,1002,117,0.0
A,0.0,calibration,1002,118,0.0
A,0.0,calibration,1002,119,0.0
A,0.0,calibration,1002,120,0.0
A,0.0,calibration,1002,121,0.0
A,0.0,calibration,1002,122,0.0
A,0.0,calibration,1002,123,0.0
A,0.0,calibration,1002,124,0.0
A,0.0,calibration,1002,125,0.0
A,0.0,calibration,1002,126,0.0
A,0.0,calibration,1002,127,0.0
A,0.0,calibration,1003,0,0.0
A,0.0,calibration,1003,1,0.0
A,0.0,calibration,1003,2,0.0
A,0.0,calibration,1003,3,0.0
A,0.0,calibration,1003,4,0.0
A,0.0,calibration,1003,5,0.0
A,0.0,calibration,1003,6,0.0
A,0.0,calibration,1003,7,0.0
A,0.0,calibration,1003,8,0.0
A,0.0,calibration,1003,9,0.0
A,0.0,calibration,1003,10,0.0
A,0.0,calibration,1003,11,0.0
A,0.0,calibration,1003,12,0.0
A,0.0,calibration,1003,13,0.0
A,0.0,calibration,1003,14,0.0
A,0.0,calibration,1003,15,0.0
A,0.0,calibration,1003,16,0.0
A,0.0,calibration,1003,17,0.0
A,0.0,calibration,1003,18,0.0
A,0.0,calibration,1003,19,0.0
A,0.0,calibration,1003,20,0.0
A,0.0,calibration,1003,21,0.0
A,0.0,calibration,1003,22,0.0
A,0.0,calibration,1003,23,0.0
A,0.0,calibration,1003,24,0.0
A,0.0,calibration,1003,25,0.0
A,0.0,calibration,1003,26,0.0
A,0.0,calibration,1003,27,0.0
A,0.0,calibration,1003,28,0.0
A,0.0,calibration,1003,29,0.0
A,0.0,calibration,1003,30,0.0
A,0.0,calibration,1003,31,0.0
A,0.0,calibration,1003,32,0.0
A,0.0,calibration,1003,33,0.0
A,0.0,calibration,1003,34,0.0
A,0.0,calibration,1003,35,0.0
A,0.0,calibration,1003,36,0.0
A,0.0,calibration,1003,37,0.0
A,0.0,calibration,1003,38,0.0
A,0.0,calibration,1003,39,0.0
A,0.0,calibration,1003,40,0.0
A,0.0,calibration,1003,41,0.0
A,0.0,calibration,1003,42,0.0
A,0.0,calibration,1003,43,0.0
A,0.0,calibration,1003,44,0.0
A,0.0,calibration,1003,45,0.0
A,0.0,calibration,1003,46,0.0
A,0.0,calibration,1003,47,0.0
A,0.0,calibration,1003,48,0.0
A,0.0,calibration,1003,49,0.0
A,0.0,calibration,1003,50,0.0
A,0.0,calibration,1003,51,0.0
A,0.0,calibration,1003,52,0.0
A,0.0,calibration,1003,53,0.0
A,0.0,calibration,1003,54,0.0
A,0.0,calibration,1003,55,0.0
A,0.0,calibration,1003,56,0.0
A,0.0,calibration,1003,57,0.0
A,0.0,calibration,1003,58,0.0
A,0.0,calibration,1003,59,0.0
A,0.0,calibration,1003,60,0.0
A,0.0,calibration,1003,61,0.0
A,0.0,calibration,1003,62,0.0
A,0.0,calibration,1003,63,0.0
A,0.0,calibration,1003,64,0.0
A,0.0,calibration,1003,65,0.0
A,0.0,calibration,1003,66,0.0
A,0.0,calibration,1003,67,0.0
A,0.0,calibration,1003,68,0.0
A,0.0,calibration,1003,69,0.0
A,0.0,calibration,1003,70,0.0
A,0.0,calibration,1003,71,0.0
A,0.0,calibration,1003,72,0.0
A,0.0,calibration,1003,73,0.0
A,0.0,calibration,1003,74,0.0
A,0.0,calibration,1003,75,0.0
A,0.0,calibration,1003,76,0.0
A,0.0,calibration,1003,77,0.0
A,0.0,calibration,1003,78,0.0
A,0.0,calibration,1003,79,0.0
A,0.0,calibration,1003,80,0.0
A,0.0,calibration,1003,81,0.0
A,0.0,calibration,1003,82,0.0
A,0.0,calibration,1003,83,0.0
A,0.0,calibration,1003,84,0.0
A,0.0,calibration,1003,85,0.0
A,0.0,calibration,1003,86,0.0
A,0.0,calibration,1003,87,0.0
A,0.0,calibration,1003,88,0.0
A,0.0,calibration,1003,89,0.0
A,0.0,calibration,1003,90,0.0
A,0.0,calibration,1003,91,0.0
A,0.0,calibration,1003,92,0.0
A,0.0,calibration,1003,93,0.0
A,0.0,calibration,1003,94,0.0
A,0.0,calibration,1003,95,0.0
A,0.0,calibration,1003,96,0.0
A,0.0,calibration,1003,97,0.0
A,0.0,calibration,1003,98,0.0
A,0.0,calibration,1003,99,0.0
A,0.0,calibration,1003,100,0.0
A,0.0,calibration,1003,101,0.0
A,0.0,calibration,1003,102,0.0
A,0.0,calibration,1003,103,0.0
A,0.0,calibration,1003,104,0.0
A,0.0,calibration,1003,105,0.0
A,0.0,calibration,1003,106,0.0
A,0.0,calibration,1003,107,0.0
A,0.0,calibration,1003,108,0.0
A,0.0,calibration,1003,109,0.0
A,0.0,calibration,1003,110,0.0
A,0.0,calibration,1003,111,0.0
A,0.0,calibration,1003,112,0.0
A,0.0,calibration,1003,113,0.0
A,0.0,calibration,1003,114,0.0
A,0.0,calibration,1003,115,0.0
A,0.0,calibration,1003,116,0.0
A,0.0,calibration,1003,117,0.0
A,0.0,calibration,1003,118,0.0
A,0.0,calibration,1003,119,0.0
A,0.0,calibration,1003,120,0.0
A,0.0,calibration,1003,121,0.0
A,0.0,calibration,1003,122,0.0
A,0.0,calibration,1003,123,0.0
A,0.0,calibration,1003,124,0.0
A,0.0,calibration,1003,125,0.0
A,0.0,calibration,1003,126,0.0
A,0.0,calibration,1003,127,0.0
A,0.0,calibration,1004,0,0.0
A,0.0,calibration,1004,1,0.0
A,0.0,calibration,1004,2,0.0
A,0.0,calibration,1004,3,0.0
A,0.0,calibration,1004,4,0.0
A,0.0,calibration,1004,5,0.0
A,0.0,calibration,1004,6,0.0
A,0.0,calibration,1004,7,0.0
A,0.0,calibration,1004,8,0.0
A,0.0,calibration,1004,9,0.0
A,0.0,calibration,1004,10,0.0
A,0.0,calibration,1004,11,0.0
A,0.0,calibration,1004,12,0.0
A,0.0,calibration,1004,13,0.0
A,0.0,calibration,1004,14,0.0
A,0.0,calibration,1004,15,0.0
A,0.0,calibration,1004,16,0.0
A,0.0,calibration,1004,17,0.0
A,0.0,calibration,1004,18,0.0
A,0.0,calibration,1004,19,0.0
A,0.0,calibration,1004,20,0.0
A,0.0,calibration,1004,21,0.0
A,0.0,calibration,1004,22,0.0
A,0.0,calibration,1004,23,0.0
A,0.0,calibration,1004,24,0.0
A,0.0,calibration,1004,25,0.0
A,0.0,calibration,1004,26,0.0
A,0.0,calibration,1004,27,0.0
A,0.0,calibration,1004,28,0.0
A,0.0,calibration,1004,29,0.0
A,0.0,calibration,1004,30,0.0
A,0.0,calibration,1004,31,0.0
A,0.0,calibration,1004,32,0.0
A,0.0,calibration,1004,33,0.0
A,0.0,calibration,1004,34,0.0
A,0.0,calibration,1004,35,0.0
A,0.0,calibration,1004,36,0.0
A,0.0,calibration,1004,37,0.0
A,0.0,calibration,1004,38,0.0
A,0.0,calibration,1004,39,0.0
A,0.0,calibration,1004,40,0.0
A,0.0,calibration,1004,41,0.0
A,0.0,calibration,1004,42,0.0
A,0.0,calibration,1004,43,0.0
A,0.0,calibration,1004,44,0.0
A,0.0,calibration,1004,45,0.0
A,0.0,calibration,1004,46,0.0
A,0.0,calibration,1004,47,0.0
A,0.0,calibration,1004,48,0.0
A,0.0,calibration,1004,49,0.0
A,0.0,calibration,1004,50,0.0
A,0.0,calibration,1004,51,0.0
A,0.0,calibration,1004,52,0.0
A,0.0,calibration,1004,53,0.0
A,0.0,calibration,1004,54,0.0
A,0.0,calibration,1004,55,0.0
A,0.0,calibration,1004,56,0.0
A,0.0,calibration,1004,57,0.0
A,0.0,calibration,1004,58,0.0
A,0.0,calibration,1004,59,0.0
A,0.0,calibration,1004,60,0.0
A,0.0,calibration,1004,61,0.0
A,0.0,calibration,1004,62,0.0
A,0.0,calibration,1004,63,0.0
A,0.0,calibration,1004,64,0.0
A,0.0,calibration,1004,65,0.0
A,0.0,calibration,1004,66,0.0
A,0.0,calibration,1004,67,0.0
A,0.0,calibration,1004,68,0.0
A,0.0,calibration,1004,69,0.0
A,0.0,calibration,1004,70,0.0
A,0.0,calibration,1004,71,0.0
A,0.0,calibration,1004,72,0.0
A,0.0,calibration,1004,73,0.0
A,0.0,calibration,1004,74,0.0
A,0.0,calibration,1004,75,0.0
A,0.0,calibration,1004,76,0.0
A,0.0,calibration,1004,77,0.0
A,0.0,calibration,1004,78,0.0
A,0.0,calibration,1004,79,0.0
A,0.0,calibration,1004,80,0.0
A,0.0,calibration,1004,81,0.0
A,0.0,calibration,1004,82,0.0
A,0.0,calibration,1004,83,0.0
A,0.0,calibration,1004,84,0.0
A,0.0,calibration,1004,85,0.0
A,0.0,calibration,1004,86,0.0
A,0.0,calibration,1004,87,0.0
A,0.0,calibration,1004,88,0.0
A,0.0,calibration,1004,89,0.0
A,0.0,calibration,1004,90,0.0
A,0.0,calibration,1004,91,0.0
A,0.0,calibration,1004,92,0.0
A,0.0,calibration,1004,93,0.0
A,0.0,calibration,1004,94,0.0
A,0.0,calibration,1004,95,0.0
A,0.0,calibration,1004,96,0.0
A,0.0,calibration,1004,97,0.0
A,0.0,calibration,1004,98,0.0
A,0.0,calibration,1004,99,0.0
A,0.0,calibration,1004,100,0.0
A,0.0,calibration,1004,101,0.0
A,0.0,calibration,1004,102,0.0
A,0.0,calibration,1004,103,0.0
A,0.0,calibration,1004,104,0.0
A,0.0,calibration,1004,105,0.0
A,0.0,calibration,1004,106,0.0
A,0.0,calibration,1004,107,0.0
A,0.0,calibration,1004,108,0.0
A,0.0,calibration,1004,109,0.0
A,0.0,calibration,1004,110,0.0
A,0.0,calibration,1004,111,0.0
A,0.0,calibration,1004,112,0.0
A,0.0,calibration,1004,113,0.0
A,0.0,calibration,1004,114,0.0
A,0.0,calibration,1004,115,0.0
A,0.0,calibration,1004,116,0.0
A,0.0,calibration,1004,117,0.0
A,0.0,calibration,1004,118,0.0
A,0.0,calibration,1004,119,0.0
A,0.0,calibration,1004,120,0.0
A,0.0,calibration,1004,121,0.0
A,0.0,calibration,1004,122,0.0
A,0.0,calibration,1004,123,0.0
A,0.0,calibration,1004,124,0.0
A,0.0,calibration,1004,125,0.0
A,0.0,calibration,1004,126,0.0
A,0.0,calibration,1004,127,0.0
A,0.0,evaluation,1005,0,0.0
A,0.0,evaluation,1005,1,0.0
A,0.0,evaluation,1005,2,0.0
A,0.0,evaluation,1005,3,0.0
A,0.0,evaluation,1005,4,0.0
A,0.0,evaluation,1005,5,0.0
A,0.0,evaluation,1005,6,0.0
A,0.0,evaluation,1005,7,0.0
A,0.0,evaluation,1005,8,0.0
A,0.0,evaluation,1005,9,0.0
A,0.0,evaluation,1005,10,0.0
A,0.0,evaluation,1005,11,0.0
A,0.0,evaluation,1005,12,0.0
A,0.0,evaluation,1005,13,0.0
A,0.0,evaluation,1005,14,0.0
A,0.0,evaluation,1005,15,0.0
A,0.0,evaluation,1005,16,0.0
A,0.0,evaluation,1005,17,0.0
A,0.0,evaluation,1005,18,0.0
A,0.0,evaluation,1005,19,0.0
A,0.0,evaluation,1005,20,0.0
A,0.0,evaluation,1005,21,0.0
A,0.0,evaluation,1005,22,0.0
A,0.0,evaluation,1005,23,0.0
A,0.0,evaluation,1005,24,0.0
A,0.0,evaluation,1005,25,0.0
A,0.0,evaluation,1005,26,0.0
A,0.0,evaluation,1005,27,0.0
A,0.0,evaluation,1005,28,0.0
A,0.0,evaluation,1005,29,0.0
A,0.0,evaluation,1005,30,0.0
A,0.0,evaluation,1005,31,0.0
A,0.0,evaluation,1005,32,0.0
A,0.0,evaluation,1005,33,0.0
A,0.0,evaluation,1005,34,0.0
A,0.0,evaluation,1005,35,0.0
A,0.0,evaluation,1005,36,0.0
A,0.0,evaluation,1005,37,0.0
A,0.0,evaluation,1005,38,0.0
A,0.0,evaluation,1005,39,0.0
A,0.0,evaluation,1005,40,0.0
A,0.0,evaluation,1005,41,0.0
A,0.0,evaluation,1005,42,0.0
A,0.0,evaluation,1005,43,0.0
A,0.0,evaluation,1005,44,0.0
A,0.0,evaluation,1005,45,0.0
A,0.0,evaluation,1005,46,0.0
A,0.0,evaluation,1005,47,0.0
A,0.0,evaluation,1005,48,0.0
A,0.0,evaluation,1005,49,0.0
A,0.0,evaluation,1005,50,0.0
A,0.0,evaluation,1005,51,0.0
A,0.0,evaluation,1005,52,0.0
A,0.0,evaluation,1005,53,0.0
A,0.0,evaluation,1005,54,0.0
A,0.0,evaluation,1005,55,0.0
A,0.0,evaluation,1005,56,0.0
A,0.0,evaluation,1005,57,0.0
A,0.0,evaluation,1005,58,0.0
A,0.0,evaluation,1005,59,0.0
A,0.0,evaluation,1005,60,0.0
A,0.0,evaluation,1005,61,0.0
A,0.0,evaluation,1005,62,0.0
A,0.0,evaluation,1005,63,0.0
A,0.0,evaluation,1005,64,0.0
A,0.0,evaluation,1005,65,0.0
A,0.0,evaluation,1005,66,0.0
A,0.0,evaluation,1005,67,0.0
A,0.0,evaluation,1005,68,0.0
A,0.0,evaluation,1005,69,0.0
A,0.0,evaluation,1005,70,0.0
A,0.0,evaluation,1005,71,0.0
A,0.0,evaluation,1005,72,0.0
A,0.0,evaluation,1005,73,0.0
A,0.0,evaluation,1005,74,0.0
A,0.0,evaluation,1005,75,0.0
A,0.0,evaluation,1005,76,0.0
A,0.0,evaluation,1005,77,0.0
A,0.0,evaluation,1005,78,0.0
A,0.0,evaluation,1005,79,0.0
A,0.0,evaluation,1005,80,0.0
A,0.0,evaluation,1005,81,0.0
A,0.0,evaluation,1005,82,0.0
A,0.0,evaluation,1005,83,0.0
A,0.0,evaluation,1005,84,0.0
A,0.0,evaluation,1005,85,0.0
A,0.0,evaluation,1005,86,0.0
A,0.0,evaluation,1005,87,0.0
A,0.0,evaluation,1005,88,0.0
A,0.0,evaluation,1005,89,0.0
A,0.0,evaluation,1005,90,0.0
A,0.0,evaluation,1005,91,0.0
A,0.0,evaluation,1005,92,0.0
A,0.0,evaluation,1005,93,0.0
A,0.0,evaluation,1005,94,0.0
A,0.0,evaluation,1005,95,0.0
A,0.0,evaluation,1005,96,0.0
A,0.0,evaluation,1005,97,0.0
A,0.0,evaluation,1005,98,0.0
A,0.0,evaluation,1005,99,0.0
A,0.0,evaluation,1005,100,0.0
A,0.0,evaluation,1005,101,0.0
A,0.0,evaluation,1005,102,0.0
A,0.0,evaluation,1005,103,0.0
A,0.0,evaluation,1005,104,0.0
A,0.0,evaluation,1005,105,0.0
A,0.0,evaluation,1005,106,0.0
A,0.0,evaluation,1005,107,0.0
A,0.0,evaluation,1005,108,0.0
A,0.0,evaluation,1005,109,0.0
A,0.0,evaluation,1005,110,0.0
A,0.0,evaluation,1005,111,0.0
A,0.0,evaluation,1005,112,0.0
A,0.0,evaluation,1005,113,0.0
A,0.0,evaluation,1005,114,0.0
A,0.0,evaluation,1005,115,0.0
A,0.0,evaluation,1005,116,0.0
A,0.0,evaluation,1005,117,0.0
A,0.0,evaluation,1005,118,0.0
A,0.0,evaluation,1005,119,0.0
A,0.0,evaluation,1005,120,0.0
A,0.0,evaluation,1005,121,0.0
A,0.0,evaluation,1005,122,0.0
A,0.0,evaluation,1005,123,0.0
A,0.0,evaluation,1005,124,0.0
A,0.0,evaluation,1005,125,0.0
A,0.0,evaluation,1005,126,0.0
A,0.0,evaluation,1005,127,0.0
A,0.0,evaluation,1006,0,0.0
A,0.0,evaluation,1006,1,0.0
A,0.0,evaluation,1006,2,0.0
A,0.0,evaluation,1006,3,0.0
A,0.0,evaluation,1006,4,0.0
A,0.0,evaluation,1006,5,0.0
A,0.0,evaluation,1006,6,0.0
A,0.0,evaluation,1006,7,0.0
A,0.0,evaluation,1006,8,0.0
A,0.0,evaluation,1006,9,0.0
A,0.0,evaluation,1006,10,0.0
A,0.0,evaluation,1006,11,0.0
A,0.0,evaluation,1006,12,0.0
A,0.0,evaluation,1006,13,0.0
A,0.0,evaluation,1006,14,0.0
A,0.0,evaluation,1006,15,0.0
A,0.0,evaluation,1006,16,0.0
A,0.0,evaluation,1006,17,0.0
A,0.0,evaluation,1006,18,0.0
A,0.0,evaluation,1006,19,0.0
A,0.0,evaluation,1006,20,0.0
A,0.0,evaluation,1006,21,0.0
A,0.0,evaluation,1006,22,0.0
A,0.0,evaluation,1006,23,0.0
A,0.0,evaluation,1006,24,0.0
A,0.0,evaluation,1006,25,0.0
A,0.0,evaluation,1006,26,0.0
A,0.0,evaluation,1006,27,0.0
A,0.0,evaluation,1006,28,0.0
A,0.0,evaluation,1006,29,0.0
A,0.0,evaluation,1006,30,0.0
A,0.0,evaluation,1006,31,0.0
A,0.0,evaluation,1006,32,0.0
A,0.0,evaluation,1006,33,0.0
A,0.0,evaluation,1006,34,0.0
A,0.0,evaluation,1006,35,0.0
A,0.0,evaluation,1006,36,0.0
A,0.0,evaluation,1006,37,0.0
A,0.0,evaluation,1006,38,0.0
A,0.0,evaluation,1006,39,0.0
A,0.0,evaluation,1006,40,0.0
A,0.0,evaluation,1006,41,0.0
A,0.0,evaluation,1006,42,0.0
A,0.0,evaluation,1006,43,0.0
A,0.0,evaluation,1006,44,0.0
A,0.0,evaluation,1006,45,0.0
A,0.0,evaluation,1006,46,0.0
A,0.0,evaluation,1006,47,0.0
A,0.0,evaluation,1006,48,0.0
A,0.0,evaluation,1006,49,0.0
A,0.0,evaluation,1006,50,0.0
A,0.0,evaluation,1006,51,0.0
A,0.0,evaluation,1006,52,0.0
A,0.0,evaluation,1006,53,0.0
A,0.0,evaluation,1006,54,0.0
A,0.0,evaluation,1006,55,0.0
A,0.0,evaluation,1006,56,0.0
A,0.0,evaluation,1006,57,0.0
A,0.0,evaluation,1006,58,0.0
A,0.0,evaluation,1006,59,0.0
A,0.0,evaluation,1006,60,0.0
A,0.0,evaluation,1006,61,0.0
A,0.0,evaluation,1006,62,0.0
A,0.0,evaluation,1006,63,0.0
A,0.0,evaluation,1006,64,0.0
A,0.0,evaluation,1006,65,0.0
A,0.0,evaluation,1006,66,0.0
A,0.0,evaluation,1006,67,0.0
A,0.0,evaluation,1006,68,0.0
A,0.0,evaluation,1006,69,0.0
A,0.0,evaluation,1006,70,0.0
A,0.0,evaluation,1006,71,0.0
A,0.0,evaluation,1006,72,0.0
A,0.0,evaluation,1006,73,0.0
A,0.0,evaluation,1006,74,0.0
A,0.0,evaluation,1006,75,0.0
A,0.0,evaluation,1006,76,0.0
A,0.0,evaluation,1006,77,0.0
A,0.0,evaluation,1006,78,0.0
A,0.0,evaluation,1006,79,0.0
A,0.0,evaluation,1006,80,0.0
A,0.0,evaluation,1006,81,0.0
A,0.0,evaluation,1006,82,0.0
A,0.0,evaluation,1006,83,0.0
A,0.0,evaluation,1006,84,0.0
A,0.0,evaluation,1006,85,0.0
A,0.0,evaluation,1006,86,0.0
A,0.0,evaluation,1006,87,0.0
A,0.0,evaluation,1006,88,0.0
A,0.0,evaluation,1006,89,0.0
A,0.0,evaluation,1006,90,0.0
A,0.0,evaluation,1006,91,0.0
A,0.0,evaluation,1006,92,0.0
A,0.0,evaluation,1006,93,0.0
A,0.0,evaluation,1006,94,0.0
A,0.0,evaluation,1006,95,0.0
A,0.0,evaluation,1006,96,0.0
A,0.0,evaluation,1006,97,0.0
A,0.0,evaluation,1006,98,0.0
A,0.0,evaluation,1006,99,0.0
A,0.0,evaluation,1006,100,0.0
A,0.0,evaluation,1006,101,0.0
A,0.0,evaluation,1006,102,0.0
A,0.0,evaluation,1006,103,0.0
A,0.0,evaluation,1006,104,0.0
A,0.0,evaluation,1006,105,0.0
A,0.0,evaluation,1006,106,0.0
A,0.0,evaluation,1006,107,0.0
A,0.0,evaluation,1006,108,0.0
A,0.0,evaluation,1006,109,0.0
A,0.0,evaluation,1006,110,0.0
A,0.0,evaluation,1006,111,0.0
A,0.0,evaluation,1006,112,0.0
A,0.0,evaluation,1006,113,0.0
A,0.0,evaluation,1006,114,0.0
A,0.0,evaluation,1006,115,0.0
A,0.0,evaluation,1006,116,0.0
A,0.0,evaluation,1006,117,0.0
A,0.0,evaluation,1006,118,0.0
A,0.0,evaluation,1006,119,0.0
A,0.0,evaluation,1006,120,0.0
A,0.0,evaluation,1006,121,0.0
A,0.0,evaluation,1006,122,0.0
A,0.0,evaluation,1006,123,0.0
A,0.0,evaluation,1006,124,0.0
A,0.0,evaluation,1006,125,0.0
A,0.0,evaluation,1006,126,0.0
A,0.0,evaluation,1006,127,0.0
A,0.0,evaluation,1007,0,0.0
A,0.0,evaluation,1007,1,0.0
A,0.0,evaluation,1007,2,0.0
A,0.0,evaluation,1007,3,0.0
A,0.0,evaluation,1007,4,0.0
A,0.0,evaluation,1007,5,0.0
A,0.0,evaluation,1007,6,0.0
A,0.0,evaluation,1007,7,0.0
A,0.0,evaluation,1007,8,0.0
A,0.0,evaluation,1007,9,0.0
A,0.0,evaluation,1007,10,0.0
A,0.0,evaluation,1007,11,0.0
A,0.0,evaluation,1007,12,0.0
A,0.0,evaluation,1007,13,0.0
A,0.0,evaluation,1007,14,0.0
A,0.0,evaluation,1007,15,0.0
A,0.0,evaluation,1007,16,0.0
A,0.0,evaluation,1007,17,0.0
A,0.0,evaluation,1007,18,0.0
A,0.0,evaluation,1007,19,0.0
A,0.0,evaluation,1007,20,0.0
A,0.0,evaluation,1007,21,0.0
A,0.0,evaluation,1007,22,0.0
A,0.0,evaluation,1007,23,0.0
A,0.0,evaluation,1007,24,0.0
A,0.0,evaluation,1007,25,0.0
A,0.0,evaluation,1007,26,0.0
A,0.0,evaluation,1007,27,0.0
A,0.0,evaluation,1007,28,0.0
A,0.0,evaluation,1007,29,0.0
A,0.0,evaluation,1007,30,0.0
A,0.0,evaluation,1007,31,0.0
A,0.0,evaluation,1007,32,0.0
A,0.0,evaluation,1007,33,0.0
A,0.0,evaluation,1007,34,0.0
A,0.0,evaluation,1007,35,0.0
A,0.0,evaluation,1007,36,0.0
A,0.0,evaluation,1007,37,0.0
A,0.0,evaluation,1007,38,0.0
A,0.0,evaluation,1007,39,0.0
A,0.0,evaluation,1007,40,0.0
A,0.0,evaluation,1007,41,0.0
A,0.0,evaluation,1007,42,0.0
A,0.0,evaluation,1007,43,0.0
A,0.0,evaluation,1007,44,0.0
A,0.0,evaluation,1007,45,0.0
A,0.0,evaluation,1007,46,0.0
A,0.0,evaluation,1007,47,0.0
A,0.0,evaluation,1007,48,0.0
A,0.0,evaluation,1007,49,0.0
A,0.0,evaluation,1007,50,0.0
A,0.0,evaluation,1007,51,0.0
A,0.0,evaluation,1007,52,0.0
A,0.0,evaluation,1007,53,0.0
A,0.0,evaluation,1007,54,0.0
A,0.0,evaluation,1007,55,0.0
A,0.0,evaluation,1007,56,0.0
A,0.0,evaluation,1007,57,0.0
A,0.0,evaluation,1007,58,0.0
A,0.0,evaluation,1007,59,0.0
A,0.0,evaluation,1007,60,0.0
A,0.0,evaluation,1007,61,0.0
A,0.0,evaluation,1007,62,0.0
A,0.0,evaluation,1007,63,0.0
A,0.0,evaluation,1007,64,0.0
A,0.0,evaluation,1007,65,0.0
A,0.0,evaluation,1007,66,0.0
A,0.0,evaluation,1007,67,0.0
A,0.0,evaluation,1007,68,0.0
A,0.0,evaluation,1007,69,0.0
A,0.0,evaluation,1007,70,0.0
A,0.0,evaluation,1007,71,0.0
A,0.0,evaluation,1007,72,0.0
A,0.0,evaluation,1007,73,0.0
A,0.0,evaluation,1007,74,0.0
A,0.0,evaluation,1007,75,0.0
A,0.0,evaluation,1007,76,0.0
A,0.0,evaluation,1007,77,0.0
A,0.0,evaluation,1007,78,0.0
A,0.0,evaluation,1007,79,0.0
A,0.0,evaluation,1007,80,0.0
A,0.0,evaluation,1007,81,0.0
A,0.0,evaluation,1007,82,0.0
A,0.0,evaluation,1007,83,0.0
A,0.0,evaluation,1007,84,0.0
A,0.0,evaluation,1007,85,0.0
A,0.0,evaluation,1007,86,0.0
A,0.0,evaluation,1007,87,0.0
A,0.0,evaluation,1007,88,0.0
A,0.0,evaluation,1007,89,0.0
A,0.0,evaluation,1007,90,0.0
A,0.0,evaluation,1007,91,0.0
A,0.0,evaluation,1007,92,0.0
A,0.0,evaluation,1007,93,0.0
A,0.0,evaluation,1007,94,0.0
A,0.0,evaluation,1007,95,0.0
A,0.0,evaluation,1007,96,0.0
A,0.0,evaluation,1007,97,0.0
A,0.0,evaluation,1007,98,0.0
A,0.0,evaluation,1007,99,0.0
A,0.0,evaluation,1007,100,0.0
A,0.0,evaluation,1007,101,0.0
A,0.0,evaluation,1007,102,0.0
A,0.0,evaluation,1007,103,0.0
A,0.0,evaluation,1007,104,0.0
A,0.0,evaluation,1007,105,0.0
A,0.0,evaluation,1007,106,0.0
A,0.0,evaluation,1007,107,0.0
A,0.0,evaluation,1007,108,0.0
A,0.0,evaluation,1007,109,0.0
A,0.0,evaluation,1007,110,0.0
A,0.0,evaluation,1007,111,0.0
A,0.0,evaluation,1007,112,0.0
A,0.0,evaluation,1007,113,0.0
A,0.0,evaluation,1007,114,0.0
A,0.0,evaluation,1007,115,0.0
A,0.0,evaluation,1007,116,0.0
A,0.0,evaluation,1007,117,0.0
A,0.0,evaluation,1007,118,0.0
A,0.0,evaluation,1007,119,0.0
A,0.0,evaluation,1007,120,0.0
A,0.0,evaluation,1007,121,0.0
A,0.0,evaluation,1007,122,0.0
A,0.0,evaluation,1007,123,0.0
A,0.0,evaluation,1007,124,0.0
A,0.0,evaluation,1007,125,0.0
A,0.0,evaluation,1007,126,0.0
A,0.0,evaluation,1007,127,0.0
A,0.0,evaluation,1008,0,0.0
A,0.0,evaluation,1008,1,0.0
A,0.0,evaluation,1008,2,0.0
A,0.0,evaluation,1008,3,0.0
A,0.0,evaluation,1008,4,0.0
A,0.0,evaluation,1008,5,0.0
A,0.0,evaluation,1008,6,0.0
A,0.0,evaluation,1008,7,0.0
A,0.0,evaluation,1008,8,0.0
A,0.0,evaluation,1008,9,0.0
A,0.0,evaluation,1008,10,0.0
A,0.0,evaluation,1008,11,0.0
A,0.0,evaluation,1008,12,0.0
A,0.0,evaluation,1008,13,0.0
A,0.0,evaluation,1008,14,0.0
A,0.0,evaluation,1008,15,0.0
A,0.0,evaluation,1008,16,0.0
A,0.0,evaluation,1008,17,0.0
A,0.0,evaluation,1008,18,0.0
A,0.0,evaluation,1008,19,0.0
A,0.0,evaluation,1008,20,0.0
A,0.0,evaluation,1008,21,0.0
A,0.0,evaluation,1008,22,0.0
A,0.0,evaluation,1008,23,0.0
A,0.0,evaluation,1008,24,0.0
A,0.0,evaluation,1008,25,0.0
A,0.0,evaluation,1008,26,0.0
A,0.0,evaluation,1008,27,0.0
A,0.0,evaluation,1008,28,0.0
A,0.0,evaluation,1008,29,0.0
A,0.0,evaluation,1008,30,0.0
A,0.0,evaluation,1008,31,0.0
A,0.0,evaluation,1008,32,0.0
A,0.0,evaluation,1008,33,0.0
A,0.0,evaluation,1008,34,0.0
A,0.0,evaluation,1008,35,0.0
A,0.0,evaluation,1008,36,0.0
A,0.0,evaluation,1008,37,0.0
A,0.0,evaluation,1008,38,0.0
A,0.0,evaluation,1008,39,0.0
A,0.0,evaluation,1008,40,0.0
A,0.0,evaluation,1008,41,0.0
A,0.0,evaluation,1008,42,0.0
A,0.0,evaluation,1008,43,0.0
A,0.0,evaluation,1008,44,0.0
A,0.0,evaluation,1008,45,0.0
A,0.0,evaluation,1008,46,0.0
A,0.0,evaluation,1008,47,0.0
A,0.0,evaluation,1008,48,0.0
A,0.0,evaluation,1008,49,0.0
A,0.0,evaluation,1008,50,0.0
A,0.0,evaluation,1008,51,0.0
A,0.0,evaluation,1008,52,0.0
A,0.0,evaluation,1008,53,0.0
A,0.0,evaluation,1008,54,0.0
A,0.0,evaluation,1008,55,0.0
A,0.0,evaluation,1008,56,0.0
A,0.0,evaluation,1008,57,0.0
A,0.0,evaluation,1008,58,0.0
A,0.0,evaluation,1008,59,0.0
A,0.0,evaluation,1008,60,0.0
A,0.0,evaluation,1008,61,0.0
A,0.0,evaluation,1008,62,0.0
A,0.0,evaluation,1008,63,0.0
A,0.0,evaluation,1008,64,0.0
A,0.0,evaluation,1008,65,0.0
A,0.0,evaluation,1008,66,0.0
A,0.0,evaluation,1008,67,0.0
A,0.0,evaluation,1008,68,0.0
A,0.0,evaluation,1008,69,0.0
A,0.0,evaluation,1008,70,0.0
A,0.0,evaluation,1008,71,0.0
A,0.0,evaluation,1008,72,0.0
A,0.0,evaluation,1008,73,0.0
A,0.0,evaluation,1008,74,0.0
A,0.0,evaluation,1008,75,0.0
A,0.0,evaluation,1008,76,0.0
A,0.0,evaluation,1008,77,0.0
A,0.0,evaluation,1008,78,0.0
A,0.0,evaluation,1008,79,0.0
A,0.0,evaluation,1008,80,0.0
A,0.0,evaluation,1008,81,0.0
A,0.0,evaluation,1008,82,0.0
A,0.0,evaluation,1008,83,0.0
A,0.0,evaluation,1008,84,0.0
A,0.0,evaluation,1008,85,0.0
A,0.0,evaluation,1008,86,0.0
A,0.0,evaluation,1008,87,0.0
A,0.0,evaluation,1008,88,0.0
A,0.0,evaluation,1008,89,0.0
A,0.0,evaluation,1008,90,0.0
A,0.0,evaluation,1008,91,0.0
A,0.0,evaluation,1008,92,0.0
A,0.0,evaluation,1008,93,0.0
A,0.0,evaluation,1008,94,0.0
A,0.0,evaluation,1008,95,0.0
A,0.0,evaluation,1008,96,0.0
A,0.0,evaluation,1008,97,0.0
A,0.0,evaluation,1008,98,0.0
A,0.0,evaluation,1008,99,0.0
A,0.0,evaluation,1008,100,0.0
A,0.0,evaluation,1008,101,0.0
A,0.0,evaluation,1008,102,0.0
A,0.0,evaluation,1008,103,0.0
A,0.0,evaluation,1008,104,0.0
A,0.0,evaluation,1008,105,0.0
A,0.0,evaluation,1008,106,0.0
A,0.0,evaluation,1008,107,0.0
A,0.0,evaluation,1008,108,0.0
A,0.0,evaluation,1008,109,0.0
A,0.0,evaluation,1008,110,0.0
A,0.0,evaluation,1008,111,0.0
A,0.0,evaluation,1008,112,0.0
A,0.0,evaluation,1008,113,0.0
A,0.0,evaluation,1008,114,0.0
A,0.0,evaluation,1008,115,0.0
A,0.0,evaluation,1008,116,0.0
A,0.0,evaluation,1008,117,0.0
A,0.0,evaluation,1008,118,0.0
A,0.0,evaluation,1008,119,0.0
A,0.0,evaluation,1008,120,0.0
A,0.0,evaluation,1008,121,0.0
A,0.0,evaluation,1008,122,0.0
A,0.0,evaluation,1008,123,0.0
A,0.0,evaluation,1008,124,0.0
A,0.0,evaluation,1008,125,0.0
A,0.0,evaluation,1008,126,0.0
A,0.0,evaluation,1008,127,0.0
A,0.0,evaluation,1009,0,0.0
A,0.0,evaluation,1009,1,0.0
A,0.0,evaluation,1009,2,0.0
A,0.0,evaluation,1009,3,0.0
A,0.0,evaluation,1009,4,0.0
A,0.0,evaluation,1009,5,0.0
A,0.0,evaluation,1009,6,0.0
A,0.0,evaluation,1009,7,0.0
A,0.0,evaluation,1009,8,0.0
A,0.0,evaluation,1009,9,0.0
A,0.0,evaluation,1009,10,0.0
A,0.0,evaluation,1009,11,0.0
A,0.0,evaluation,1009,12,0.0
A,0.0,evaluation,1009,13,0.0
A,0.0,evaluation,1009,14,0.0
A,0.0,evaluation,1009,15,0.0
A,0.0,evaluation,1009,16,0.0
A,0.0,evaluation,1009,17,0.0
A,0.0,evaluation,1009,18,0.0
A,0.0,evaluation,1009,19,0.0
A,0.0,evaluation,1009,20,0.0
A,0.0,evaluation,1009,21,0.0
A,0.0,evaluation,1009,22,0.0
A,0.0,evaluation,1009,23,0.0
A,0.0,evaluation,1009,24,0.0
A,0.0,evaluation,1009,25,0.0
A,0.0,evaluation,1009,26,0.0
A,0.0,evaluation,1009,27,0.0
A,0.0,evaluation,1009,28,0.0
A,0.0,evaluation,1009,29,0.0
A,0.0,evaluation,1009,30,0.0
A,0.0,evaluation,1009,31,0.0
A,0.0,evaluation,1009,32,0.0
A,0.0,evaluation,1009,33,0.0
A,0.0,evaluation,1009,34,0.0
A,0.0,evaluation,1009,35,0.0
A,0.0,evaluation,1009,36,0.0
A,0.0,evaluation,1009,37,0.0
A,0.0,evaluation,1009,38,0.0
A,0.0,evaluation,1009,39,0.0
A,0.0,evaluation,1009,40,0.0
A,0.0,evaluation,1009,41,0.0
A,0.0,evaluation,1009,42,0.0
A,0.0,evaluation,1009,43,0.0
A,0.0,evaluation,1009,44,0.0
A,0.0,evaluation,1009,45,0.0
A,0.0,evaluation,1009,46,0.0
A,0.0,evaluation,1009,47,0.0
A,0.0,evaluation,1009,48,0.0
A,0.0,evaluation,1009,49,0.0
A,0.0,evaluation,1009,50,0.0
A,0.0,evaluation,1009,51,0.0
A,0.0,evaluation,1009,52,0.0
A,0.0,evaluation,1009,53,0.0
A,0.0,evaluation,1009,54,0.0
A,0.0,evaluation,1009,55,0.0
A,0.0,evaluation,1009,56,0.0
A,0.0,evaluation,1009,57,0.0
A,0.0,evaluation,1009,58,0.0
A,0.0,evaluation,1009,59,0.0
A,0.0,evaluation,1009,60,0.0
A,0.0,evaluation,1009,61,0.0
A,0.0,evaluation,1009,62,0.0
A,0.0,evaluation,1009,63,0.0
A,0.0,evaluation,1009,64,0.0
A,0.0,evaluation,1009,65,0.0
A,0.0,evaluation,1009,66,0.0
A,0.0,evaluation,1009,67,0.0
A,0.0,evaluation,1009,68,0.0
A,0.0,evaluation,1009,69,0.0
A,0.0,evaluation,1009,70,0.0
A,0.0,evaluation,1009,71,0.0
A,0.0,evaluation,1009,72,0.0
A,0.0,evaluation,1009,73,0.0
A,0.0,evaluation,1009,74,0.0
A,0.0,evaluation,1009,75,0.0
A,0.0,evaluation,1009,76,0.0
A,0.0,evaluation,1009,77,0.0
A,0.0,evaluation,1009,78,0.0
A,0.0,evaluation,1009,79,0.0
A,0.0,evaluation,1009,80,0.0
A,0.0,evaluation,1009,81,0.0
A,0.0,evaluation,1009,82,0.0
A,0.0,evaluation,1009,83,0.0
A,0.0,evaluation,1009,84,0.0
A,0.0,evaluation,1009,85,0.0
A,0.0,evaluation,1009,86,0.0
A,0.0,evaluation,1009,87,0.0
A,0.0,evaluation,1009,88,0.0
A,0.0,evaluation,1009,89,0.0
A,0.0,evaluation,1009,90,0.0
A,0.0,evaluation,1009,91,0.0
A,0.0,evaluation,1009,92,0.0
A,0.0,evaluation,1009,93,0.0
A,0.0,evaluation,1009,94,0.0
A,0.0,evaluation,1009,95,0.0
A,0.0,evaluation,1009,96,0.0
A,0.0,evaluation,1009,97,0.0
A,0.0,evaluation,1009,98,0.0
A,0.0,evaluation,1009,99,0.0
A,0.0,evaluation,1009,100,0.0
A,0.0,evaluation,1009,101,0.0
A,0.0,evaluation,1009,102,0.0
A,0.0,evaluation,1009,103,0.0
A,0.0,evaluation,1009,104,0.0
A,0.0,evaluation,1009,105,0.0
A,0.0,evaluation,1009,106,0.0
A,0.0,evaluation,1009,107,0.0
A,0.0,evaluation,1009,108,0.0
A,0.0,evaluation,1009,109,0.0
A,0.0,evaluation,1009,110,0.0
A,0.0,evaluation,1009,111,0.0
A,0.0,evaluation,1009,112,0.0
A,0.0,evaluation,1009,113,0.0
A,0.0,evaluation,1009,114,0.0
A,0.0,evaluation,1009,115,0.0
A,0.0,evaluation,1009,116,0.0
A,0.0,evaluation,1009,117,0.0
A,0.0,evaluation,1009,118,0.0
A,0.0,evaluation,1009,119,0.0
A,0.0,evaluation,1009,120,0.0
A,0.0,evaluation,1009,121,0.0
A,0.0,evaluation,1009,122,0.0
A,0.0,evaluation,1009,123,0.0
A,0.0,evaluation,1009,124,0.0
A,0.0,evaluation,1009,125,0.0
A,0.0,evaluation,1009,126,0.0
A,0.0,evaluation,1009,127,0.0
A,0.0,evaluation,1010,0,0.0
A,0.0,evaluation,1010,1,0.0
A,0.0,evaluation,1010,2,0.0
A,0.0,evaluation,1010,3,0.0
A,0.0,evaluation,1010,4,0.0
A,0.0,evaluation,1010,5,0.0
A,0.0,evaluation,1010,6,0.0
A,0.0,evaluation,1010,7,0.0
A,0.0,evaluation,1010,8,0.0
A,0.0,evaluation,1010,9,0.0
A,0.0,evaluation,1010,10,0.0
A,0.0,evaluation,1010,11,0.0
A,0.0,evaluation,1010,12,0.0
A,0.0,evaluation,1010,13,0.0
A,0.0,evaluation,1010,14,0.0
A,0.0,evaluation,1010,15,0.0
A,0.0,evaluation,1010,16,0.0
A,0.0,evaluation,1010,17,0.0
A,0.0,evaluation,1010,18,0.0
A,0.0,evaluation,1010,19,0.0
A,0.0,evaluation,1010,20,0.0
A,0.0,evaluation,1010,21,0.0
A,0.0,evaluation,1010,22,0.0
A,0.0,evaluation,1010,23,0.0
A,0.0,evaluation,1010,24,0.0
A,0.0,evaluation,1010,25,0.0
A,0.0,evaluation,1010,26,0.0
A,0.0,evaluation,1010,27,0.0
A,0.0,evaluation,1010,28,0.0
A,0.0,evaluation,1010,29,0.0
A,0.0,evaluation,1010,30,0.0
A,0.0,evaluation,1010,31,0.0
A,0.0,evaluation,1010,32,0.0
A,0.0,evaluation,1010,33,0.0
A,0.0,evaluation,1010,34,0.0
A,0.0,evaluation,1010,35,0.0
A,0.0,evaluation,1010,36,0.0
A,0.0,evaluation,1010,37,0.0
A,0.0,evaluation,1010,38,0.0
A,0.0,evaluation,1010,39,0.0
A,0.0,evaluation,1010,40,0.0
A,0.0,evaluation,1010,41,0.0
A,0.0,evaluation,1010,42,0.0
A,0.0,evaluation,1010,43,0.0
A,0.0,evaluation,1010,44,0.0
A,0.0,evaluation,1010,45,0.0
A,0.0,evaluation,1010,46,0.0
A,0.0,evaluation,1010,47,0.0
A,0.0,evaluation,1010,48,0.0
A,0.0,evaluation,1010,49,0.0
A,0.0,evaluation,1010,50,0.0
A,0.0,evaluation,1010,51,0.0
A,0.0,evaluation,1010,52,0.0
A,0.0,evaluation,1010,53,0.0
A,0.0,evaluation,1010,54,0.0
A,0.0,evaluation,1010,55,0.0
A,0.0,evaluation,1010,56,0.0
A,0.0,evaluation,1010,57,0.0
A,0.0,evaluation,1010,58,0.0
A,0.0,evaluation,1010,59,0.0
A,0.0,evaluation,1010,60,0.0
A,0.0,evaluation,1010,61,0.0
A,0.0,evaluation,1010,62,0.0
A,0.0,evaluation,1010,63,0.0
A,0.0,evaluation,1010,64,0.0
A,0.0,evaluation,1010,65,0.0
A,0.0,evaluation,1010,66,0.0
A,0.0,evaluation,1010,67,0.0
A,0.0,evaluation,1010,68,0.0
A,0.0,evaluation,1010,69,0.0
A,0.0,evaluation,1010,70,0.0
A,0.0,evaluation,1010,71,0.0
A,0.0,evaluation,1010,72,0.0
A,0.0,evaluation,1010,73,0.0
A,0.0,evaluation,1010,74,0.0
A,0.0,evaluation,1010,75,0.0
A,0.0,evaluation,1010,76,0.0
A,0.0,evaluation,1010,77,0.0
A,0.0,evaluation,1010,78,0.0
A,0.0,evaluation,1010,79,0.0
A,0.0,evaluation,1010,80,0.0
A,0.0,evaluation,1010,81,0.0
A,0.0,evaluation,1010,82,0.0
A,0.0,evaluation,1010,83,0.0
A,0.0,evaluation,1010,84,0.0
A,0.0,evaluation,1010,85,0.0
A,0.0,evaluation,1010,86,0.0
A,0.0,evaluation,1010,87,0.0
A,0.0,evaluation,1010,88,0.0
A,0.0,evaluation,1010,89,0.0
A,0.0,evaluation,1010,90,0.0
A,0.0,evaluation,1010,91,0.0
A,0.0,evaluation,1010,92,0.0
A,0.0,evaluation,1010,93,0.0
A,0.0,evaluation,1010,94,0.0
A,0.0,evaluation,1010,95,0.0
A,0.0,evaluation,1010,96,0.0
A,0.0,evaluation,1010,97,0.0
A,0.0,evaluation,1010,98,0.0
A,0.0,evaluation,1010,99,0.0
A,0.0,evaluation,1010,100,0.0
A,0.0,evaluation,1010,101,0.0
A,0.0,evaluation,1010,102,0.0
A,0.0,evaluation,1010,103,0.0
A,0.0,evaluation,1010,104,0.0
A,0.0,evaluation,1010,105,0.0
A,0.0,evaluation,1010,106,0.0
A,0.0,evaluation,1010,107,0.0
A,0.0,evaluation,1010,108,0.0
A,0.0,evaluation,1010,109,0.0
A,0.0,evaluation,1010,110,0.0
A,0.0,evaluation,1010,111,0.0
A,0.0,evaluation,1010,112,0.0
A,0.0,evaluation,1010,113,0.0
A,0.0,evaluation,1010,114,0.0
A,0.0,evaluation,1010,115,0.0
A,0.0,evaluation,1010,116,0.0
A,0.0,evaluation,1010,117,0.0
A,0.0,evaluation,1010,118,0.0
A,0.0,evaluation,1010,119,0.0
A,0.0,evaluation,1010,120,0.0
A,0.0,evaluation,1010,121,0.0
A,0.0,evaluation,1010,122,0.0
A,0.0,evaluation,1010,123,0.0
A,0.0,evaluation,1010,124,0.0
A,0.0,evaluation,1010,125,0.0
A,0.0,evaluation,1010,126,0.0
A,0.0,evaluation,1010,127,0.0
A,0.0,evaluation,1011,0,0.0
A,0.0,evaluation,1011,1,0.0
A,0.0,evaluation,1011,2,0.0
A,0.0,evaluation,1011,3,0.0
A,0.0,evaluation,1011,4,0.0
A,0.0,evaluation,1011,5,0.0
A,0.0,evaluation,1011,6,0.0
A,0.0,evaluation,1011,7,0.0
A,0.0,evaluation,1011,8,0.0
A,0.0,evaluation,1011,9,0.0
A,0.0,evaluation,1011,10,0.0
A,0.0,evaluation,1011,11,0.0
A,0.0,evaluation,1011,12,0.0
A,0.0,evaluation,1011,13,0.0
A,0.0,evaluation,1011,14,0.0
A,0.0,evaluation,1011,15,0.0
A,0.0,evaluation,1011,16,0.0
A,0.0,evaluation,1011,17,0.0
A,0.0,evaluation,1011,18,0.0
A,0.0,evaluation,1011,19,0.0
A,0.0,evaluation,1011,20,0.0
A,0.0,evaluation,1011,21,0.0
A,0.0,evaluation,1011,22,0.0
A,0.0,evaluation,1011,23,0.0
A,0.0,evaluation,1011,24,0.0
A,0.0,evaluation,1011,25,0.0
A,0.0,evaluation,1011,26,0.0
A,0.0,evaluation,1011,27,0.0
A,0.0,evaluation,1011,28,0.0
A,0.0,evaluation,1011,29,0.0
A,0.0,evaluation,1011,30,0.0
A,0.0,evaluation,1011,31,0.0
A,0.0,evaluation,1011,32,0.0
A,0.0,evaluation,1011,33,0.0
A,0.0,evaluation,1011,34,0.0
A,0.0,evaluation,1011,35,0.0
A,0.0,evaluation,1011,36,0.0
A,0.0,evaluation,1011,37,0.0
A,0.0,evaluation,1011,38,0.0
A,0.0,evaluation,1011,39,0.0
A,0.0,evaluation,1011,40,0.0
A,0.0,evaluation,1011,41,0.0
A,0.0,evaluation,1011,42,0.0
A,0.0,evaluation,1011,43,0.0
A,0.0,evaluation,1011,44,0.0
A,0.0,evaluation,1011,45,0.0
A,0.0,evaluation,1011,46,0.0
A,0.0,evaluation,1011,47,0.0
A,0.0,evaluation,1011,48,0.0
A,0.0,evaluation,1011,49,0.0
A,0.0,evaluation,1011,50,0.0
A,0.0,evaluation,1011,51,0.0
A,0.0,evaluation,1011,52,0.0
A,0.0,evaluation,1011,53,0.0
A,0.0,evaluation,1011,54,0.0
A,0.0,evaluation,1011,55,0.0
A,0.0,evaluation,1011,56,0.0
A,0.0,evaluation,1011,57,0.0
A,0.0,evaluation,1011,58,0.0
A,0.0,evaluation,1011,59,0.0
A,0.0,evaluation,1011,60,0.0
A,0.0,evaluation,1011,61,0.0
A,0.0,evaluation,1011,62,0.0
A,0.0,evaluation,1011,63,0.0
A,0.0,evaluation,1011,64,0.0
A,0.0,evaluation,1011,65,0.0
A,0.0,evaluation,1011,66,0.0
A,0.0,evaluation,1011,67,0.0
A,0.0,evaluation,1011,68,0.0
A,0.0,evaluation,1011,69,0.0
A,0.0,evaluation,1011,70,0.0
A,0.0,evaluation,1011,71,0.0
A,0.0,evaluation,1011,72,0.0
A,0.0,evaluation,1011,73,0.0
A,0.0,evaluation,1011,74,0.0
A,0.0,evaluation,1011,75,0.0
A,0.0,evaluation,1011,76,0.0
A,0.0,evaluation,1011,77,0.0
A,0.0,evaluation,1011,78,0.0
A,0.0,evaluation,1011,79,0.0
A,0.0,evaluation,1011,80,0.0
A,0.0,evaluation,1011,81,0.0
A,0.0,evaluation,1011,82,0.0
A,0.0,evaluation,1011,83,0.0
A,0.0,evaluation,1011,84,0.0
A,0.0,evaluation,1011,85,0.0
A,0.0,evaluation,1011,86,0.0
A,0.0,evaluation,1011,87,0.0
A,0.0,evaluation,1011,88,0.0
A,0.0,evaluation,1011,89,0.0
A,0.0,evaluation,1011,90,0.0
A,0.0,evaluation,1011,91,0.0
A,0.0,evaluation,1011,92,0.0
A,0.0,evaluation,1011,93,0.0
A,0.0,evaluation,1011,94,0.0
A,0.0,evaluation,1011,95,0.0
A,0.0,evaluation,1011,96,0.0
A,0.0,evaluation,1011,97,0.0
A,0.0,evaluation,1011,98,0.0
A,0.0,evaluation,1011,99,0.0
A,0.0,evaluation,1011,100,0.0
A,0.0,evaluation,1011,101,0.0
A,0.0,evaluation,1011,102,0.0
A,0.0,evaluation,1011,103,0.0
A,0.0,evaluation,1011,104,0.0
A,0.0,evaluation,1011,105,0.0
A,0.0,evaluation,1011,106,0.0
A,0.0,evaluation,1011,107,0.0
A,0.0,evaluation,1011,108,0.0
A,0.0,evaluation,1011,109,0.0
A,0.0,evaluation,1011,110,0.0
A,0.0,evaluation,1011,111,0.0
A,0.0,evaluation,1011,112,0.0
A,0.0,evaluation,1011,113,0.0
A,0.0,evaluation,1011,114,0.0
A,0.0,evaluation,1011,115,0.0
A,0.0,evaluation,1011,116,0.0
A,0.0,evaluation,1011,117,0.0
A,0.0,evaluation,1011,118,0.0
A,0.0,evaluation,1011,119,0.0
A,0.0,evaluation,1011,120,0.0
A,0.0,evaluation,1011,121,0.0
A,0.0,evaluation,1011,122,0.0
A,0.0,evaluation,1011,123,0.0
A,0.0,evaluation,1011,124,0.0
A,0.0,evaluation,1011,125,0.0
A,0.0,evaluation,1011,126,0.0
A,0.0,evaluation,1011,127,0.0
A,0.0,evaluation,1012,0,0.0
A,0.0,evaluation,1012,1,0.0
A,0.0,evaluation,1012,2,0.0
A,0.0,evaluation,1012,3,0.0
A,0.0,evaluation,1012,4,0.0
A,0.0,evaluation,1012,5,0.0
A,0.0,evaluation,1012,6,0.0
A,0.0,evaluation,1012,7,0.0
A,0.0,evaluation,1012,8,0.0
A,0.0,evaluation,1012,9,0.0
A,0.0,evaluation,1012,10,0.0
A,0.0,evaluation,1012,11,0.0
A,0.0,evaluation,1012,12,0.0
A,0.0,evaluation,1012,13,0.0
A,0.0,evaluation,1012,14,0.0
A,0.0,evaluation,1012,15,0.0
A,0.0,evaluation,1012,16,0.0
A,0.0,evaluation,1012,17,0.0
A,0.0,evaluation,1012,18,0.0
A,0.0,evaluation,1012,19,0.0
A,0.0,evaluation,1012,20,0.0
A,0.0,evaluation,1012,21,0.0
A,0.0,evaluation,1012,22,0.0
A,0.0,evaluation,1012,23,0.0
A,0.0,evaluation,1012,24,0.0
A,0.0,evaluation,1012,25,0.0
A,0.0,evaluation,1012,26,0.0
A,0.0,evaluation,1012,27,0.0
A,0.0,evaluation,1012,28,0.0
A,0.0,evaluation,1012,29,0.0
A,0.0,evaluation,1012,30,0.0
A,0.0,evaluation,1012,31,0.0
A,0.0,evaluation,1012,32,0.0
A,0.0,evaluation,1012,33,0.0
A,0.0,evaluation,1012,34,0.0
A,0.0,evaluation,1012,35,0.0
A,0.0,evaluation,1012,36,0.0
A,0.0,evaluation,1012,37,0.0
A,0.0,evaluation,1012,38,0.0
A,0.0,evaluation,1012,39,0.0
A,0.0,evaluation,1012,40,0.0
A,0.0,evaluation,1012,41,0.0
A,0.0,evaluation,1012,42,0.0
A,0.0,evaluation,1012,43,0.0
A,0.0,evaluation,1012,44,0.0
A,0.0,evaluation,1012,45,0.0
A,0.0,evaluation,1012,46,0.0
A,0.0,evaluation,1012,47,0.0
A,0.0,evaluation,1012,48,0.0
A,0.0,evaluation,1012,49,0.0
A,0.0,evaluation,1012,50,0.0
A,0.0,evaluation,1012,51,0.0
A,0.0,evaluation,1012,52,0.0
A,0.0,evaluation,1012,53,0.0
A,0.0,evaluation,1012,54,0.0
A,0.0,evaluation,1012,55,0.0
A,0.0,evaluation,1012,56,0.0
A,0.0,evaluation,1012,57,0.0
A,0.0,evaluation,1012,58,0.0
A,0.0,evaluation,1012,59,0.0
A,0.0,evaluation,1012,60,0.0
A,0.0,evaluation,1012,61,0.0
A,0.0,evaluation,1012,62,0.0
A,0.0,evaluation,1012,63,0.0
A,0.0,evaluation,1012,64,0.0
A,0.0,evaluation,1012,65,0.0
A,0.0,evaluation,1012,66,0.0
A,0.0,evaluation,1012,67,0.0
A,0.0,evaluation,1012,68,0.0
A,0.0,evaluation,1012,69,0.0
A,0.0,evaluation,1012,70,0.0
A,0.0,evaluation,1012,71,0.0
A,0.0,evaluation,1012,72,0.0
A,0.0,evaluation,1012,73,0.0
A,0.0,evaluation,1012,74,0.0
A,0.0,evaluation,1012,75,0.0
A,0.0,evaluation,1012,76,0.0
A,0.0,evaluation,1012,77,0.0
A,0.0,evaluation,1012,78,0.0
A,0.0,evaluation,1012,79,0.0
A,0.0,evaluation,1012,80,0.0
A,0.0,evaluation,1012,81,0.0
A,0.0,evaluation,1012,82,0.0
A,0.0,evaluation,1012,83,0.0
A,0.0,evaluation,1012,84,0.0
A,0.0,evaluation,1012,85,0.0
A,0.0,evaluation,1012,86,0.0
A,0.0,evaluation,1012,87,0.0
A,0.0,evaluation,1012,88,0.0
A,0.0,evaluation,1012,89,0.0
A,0.0,evaluation,1012,90,0.0
A,0.0,evaluation,1012,91,0.0
A,0.0,evaluation,1012,92,0.0
A,0.0,evaluation,1012,93,0.0
A,0.0,evaluation,1012,94,0.0
A,0.0,evaluation,1012,95,0.0
A,0.0,evaluation,1012,96,0.0
A,0.0,evaluation,1012,97,0.0
A,0.0,evaluation,1012,98,0.0
A,0.0,evaluation,1012,99,0.0
A,0.0,evaluation,1012,100,0.0
A,0.0,evaluation,1012,101,0.0
A,0.0,evaluation,1012,102,0.0
A,0.0,evaluation,1012,103,0.0
A,0.0,evaluation,1012,104,0.0
A,0.0,evaluation,1012,105,0.0
A,0.0,evaluation,1012,106,0.0
A,0.0,evaluation,1012,107,0.0
A,0.0,evaluation,1012,108,0.0
A,0.0,evaluation,1012,109,0.0
A,0.0,evaluation,1012,110,0.0
A,0.0,evaluation,1012,111,0.0
A,0.0,evaluation,1012,112,0.0
A,0.0,evaluation,1012,113,0.0
A,0.0,evaluation,1012,114,0.0
A,0.0,evaluation,1012,115,0.0
A,0.0,evaluation,1012,116,0.0
A,0.0,evaluation,1012,117,0.0
A,0.0,evaluation,1012,118,0.0
A,0.0,evaluation,1012,119,0.0
A,0.0,evaluation,1012,120,0.0
A,0.0,evaluation,1012,121,0.0
A,0.0,evaluation,1012,122,0.0
A,0.0,evaluation,1012,123,0.0
A,0.0,evaluation,1012,124,0.0
A,0.0,evaluation,1012,125,0.0
A,0.0,evaluation,1012,126,0.0
A,0.0,evaluation,1012,127,0.0
A,0.0,evaluation,1013,0,0.0
A,0.0,evaluation,1013,1,0.0
A,0.0,evaluation,1013,2,0.0
A,0.0,evaluation,1013,3,0.0
A,0.0,evaluation,1013,4,0.0
A,0.0,evaluation,1013,5,0.0
A,0.0,evaluation,1013,6,0.0
A,0.0,evaluation,1013,7,0.0
A,0.0,evaluation,1013,8,0.0
A,0.0,evaluation,1013,9,0.0
A,0.0,evaluation,1013,10,0.0
A,0.0,evaluation,1013,11,0.0
A,0.0,evaluation,1013,12,0.0
A,0.0,evaluation,1013,13,0.0
A,0.0,evaluation,1013,14,0.0
A,0.0,evaluation,1013,15,0.0
A,0.0,evaluation,1013,16,0.0
A,0.0,evaluation,1013,17,0.0
A,0.0,evaluation,1013,18,0.0
A,0.0,evaluation,1013,19,0.0
A,0.0,evaluation,1013,20,0.0
A,0.0,evaluation,1013,21,0.0
A,0.0,evaluation,1013,22,0.0
A,0.0,evaluation,1013,23,0.0
A,0.0,evaluation,1013,24,0.0
A,0.0,evaluation,1013,25,0.0
A,0.0,evaluation,1013,26,0.0
A,0.0,evaluation,1013,27,0.0
A,0.0,evaluation,1013,28,0.0
A,0.0,evaluation,1013,29,0.0
A,0.0,evaluation,1013,30,0.0
A,0.0,evaluation,1013,31,0.0
A,0.0,evaluation,1013,32,0.0
A,0.0,evaluation,1013,33,0.0
A,0.0,evaluation,1013,34,0.0
A,0.0,evaluation,1013,35,0.0
A,0.0,evaluation,1013,36,0.0
A,0.0,evaluation,1013,37,0.0
A,0.0,evaluation,1013,38,0.0
A,0.0,evaluation,1013,39,0.0
A,0.0,evaluation,1013,40,0.0
A,0.0,evaluation,1013,41,0.0
A,0.0,evaluation,1013,42,0.0
A,0.0,evaluation,1013,43,0.0
A,0.0,evaluation,1013,44,0.0
A,0.0,evaluation,1013,45,0.0
A,0.0,evaluation,1013,46,0.0
A,0.0,evaluation,1013,47,0.0
A,0.0,evaluation,1013,48,0.0
A,0.0,evaluation,1013,49,0.0
A,0.0,evaluation,1013,50,0.0
A,0.0,evaluation,1013,51,0.0
A,0.0,evaluation,1013,52,0.0
A,0.0,evaluation,1013,53,0.0
A,0.0,evaluation,1013,54,0.0
A,0.0,evaluation,1013,55,0.0
A,0.0,evaluation,1013,56,0.0
A,0.0,evaluation,1013,57,0.0
A,0.0,evaluation,1013,58,0.0
A,0.0,evaluation,1013,59,0.0
A,0.0,evaluation,1013,60,0.0
A,0.0,evaluation,1013,61,0.0
A,0.0,evaluation,1013,62,0.0
A,0.0,evaluation,1013,63,0.0
A,0.0,evaluation,1013,64,0.0
A,0.0,evaluation,1013,65,0.0
A,0.0,evaluation,1013,66,0.0
A,0.0,evaluation,1013,67,0.0
A,0.0,evaluation,1013,68,0.0
A,0.0,evaluation,1013,69,0.0
A,0.0,evaluation,1013,70,0.0
A,0.0,evaluation,1013,71,0.0
A,0.0,evaluation,1013,72,0.0
A,0.0,evaluation,1013,73,0.0
A,0.0,evaluation,1013,74,0.0
A,0.0,evaluation,1013,75,0.0
A,0.0,evaluation,1013,76,0.0
A,0.0,evaluation,1013,77,0.0
A,0.0,evaluation,1013,78,0.0
A,0.0,evaluation,1013,79,0.0
A,0.0,evaluation,1013,80,0.0
A,0.0,evaluation,1013,81,0.0
A,0.0,evaluation,1013,82,0.0
A,0.0,evaluation,1013,83,0.0
A,0.0,evaluation,1013,84,0.0
A,0.0,evaluation,1013,85,0.0
A,0.0,evaluation,1013,86,0.0
A,0.0,evaluation,1013,87,0.0
A,0.0,evaluation,1013,88,0.0
A,0.0,evaluation,1013,89,0.0
A,0.0,evaluation,1013,90,0.0
A,0.0,evaluation,1013,91,0.0
A,0.0,evaluation,1013,92,0.0
A,0.0,evaluation,1013,93,0.0
A,0.0,evaluation,1013,94,0.0
A,0.0,evaluation,1013,95,0.0
A,0.0,evaluation,1013,96,0.0
A,0.0,evaluation,1013,97,0.0
A,0.0,evaluation,1013,98,0.0
A,0.0,evaluation,1013,99,0.0
A,0.0,evaluation,1013,100,0.0
A,0.0,evaluation,1013,101,0.0
A,0.0,evaluation,1013,102,0.0
A,0.0,evaluation,1013,103,0.0
A,0.0,evaluation,1013,104,0.0
A,0.0,evaluation,1013,105,0.0
A,0.0,evaluation,1013,106,0.0
A,0.0,evaluation,1013,107,0.0
A,0.0,evaluation,1013,108,0.0
A,0.0,evaluation,1013,109,0.0
A,0.0,evaluation,1013,110,0.0
A,0.0,evaluation,1013,111,0.0
A,0.0,evaluation,1013,112,0.0
A,0.0,evaluation,1013,113,0.0
A,0.0,evaluation,1013,114,0.0
A,0.0,evaluation,1013,115,0.0
A,0.0,evaluation,1013,116,0.0
A,0.0,evaluation,1013,117,0.0
A,0.0,evaluation,1013,118,0.0
A,0.0,evaluation,1013,119,0.0
A,0.0,evaluation,1013,120,0.0
A,0.0,evaluation,1013,121,0.0
A,0.0,evaluation,1013,122,0.0
A,0.0,evaluation,1013,123,0.0
A,0.0,evaluation,1013,124,0.0
A,0.0,evaluation,1013,125,0.0
A,0.0,evaluation,1013,126,0.0
A,0.0,evaluation,1013,127,0.0
A,0.0,evaluation,1014,0,0.0
A,0.0,evaluation,1014,1,0.0
A,0.0,evaluation,1014,2,0.0
A,0.0,evaluation,1014,3,0.0
A,0.0,evaluation,1014,4,0.0
A,0.0,evaluation,1014,5,0.0
A,0.0,evaluation,1014,6,0.0
A,0.0,evaluation,1014,7,0.0
A,0.0,evaluation,1014,8,0.0
A,0.0,evaluation,1014,9,0.0
A,0.0,evaluation,1014,10,0.0
A,0.0,evaluation,1014,11,0.0
A,0.0,evaluation,1014,12,0.0
A,0.0,evaluation,1014,13,0.0
A,0.0,evaluation,1014,14,0.0
A,0.0,evaluation,1014,15,0.0
A,0.0,evaluation,1014,16,0.0
A,0.0,evaluation,1014,17,0.0
A,0.0,evaluation,1014,18,0.0
A,0.0,evaluation,1014,19,0.0
A,0.0,evaluation,1014,20,0.0
A,0.0,evaluation,1014,21,0.0
A,0.0,evaluation,1014,22,0.0
A,0.0,evaluation,1014,23,0.0
A,0.0,evaluation,1014,24,0.0
A,0.0,evaluation,1014,25,0.0
A,0.0,evaluation,1014,26,0.0
A,0.0,evaluation,1014,27,0.0
A,0.0,evaluation,1014,28,0.0
A,0.0,evaluation,1014,29,0.0
A,0.0,evaluation,1014,30,0.0
A,0.0,evaluation,1014,31,0.0
A,0.0,evaluation,1014,32,0.0
A,0.0,evaluation,1014,33,0.0
A,0.0,evaluation,1014,34,0.0
A,0.0,evaluation,1014,35,0.0
A,0.0,evaluation,1014,36,0.0
A,0.0,evaluation,1014,37,0.0
A,0.0,evaluation,1014,38,0.0
A,0.0,evaluation,1014,39,0.0
A,0.0,evaluation,1014,40,0.0
A,0.0,evaluation,1014,41,0.0
A,0.0,evaluation,1014,42,0.0
A,0.0,evaluation,1014,43,0.0
A,0.0,evaluation,1014,44,0.0
A,0.0,evaluation,1014,45,0.0
A,0.0,evaluation,1014,46,0.0
A,0.0,evaluation,1014,47,0.0
A,0.0,evaluation,1014,48,0.0
A,0.0,evaluation,1014,49,0.0
A,0.0,evaluation,1014,50,0.0
A,0.0,evaluation,1014,51,0.0
A,0.0,evaluation,1014,52,0.0
A,0.0,evaluation,1014,53,0.0
A,0.0,evaluation,1014,54,0.0
A,0.0,evaluation,1014,55,0.0
A,0.0,evaluation,1014,56,0.0
A,0.0,evaluation,1014,57,0.0
A,0.0,evaluation,1014,58,0.0
A,0.0,evaluation,1014,59,0.0
A,0.0,evaluation,1014,60,0.0
A,0.0,evaluation,1014,61,0.0
A,0.0,evaluation,1014,62,0.0
A,0.0,evaluation,1014,63,0.0
A,0.0,evaluation,1014,64,0.0
A,0.0,evaluation,1014,65,0.0
A,0.0,evaluation,1014,66,0.0
A,0.0,evaluation,1014,67,0.0
A,0.0,evaluation,1014,68,0.0
A,0.0,evaluation,1014,69,0.0
A,0.0,evaluation,1014,70,0.0
A,0.0,evaluation,1014,71,0.0
A,0.0,evaluation,1014,72,0.0
A,0.0,evaluation,1014,73,0.0
A,0.0,evaluation,1014,74,0.0
A,0.0,evaluation,1014,75,0.0
A,0.0,evaluation,1014,76,0.0
A,0.0,evaluation,1014,77,0.0
A,0.0,evaluation,1014,78,0.0
A,0.0,evaluation,1014,79,0.0
A,0.0,evaluation,1014,80,0.0
A,0.0,evaluation,1014,81,0.0
A,0.0,evaluation,1014,82,0.0
A,0.0,evaluation,1014,83,0.0
A,0.0,evaluation,1014,84,0.0
A,0.0,evaluation,1014,85,0.0
A,0.0,evaluation,1014,86,0.0
A,0.0,evaluation,1014,87,0.0
A,0.0,evaluation,1014,88,0.0
A,0.0,evaluation,1014,89,0.0
A,0.0,evaluation,1014,90,0.0
A,0.0,evaluation,1014,91,0.0
A,0.0,evaluation,1014,92,0.0
A,0.0,evaluation,1014,93,0.0
A,0.0,evaluation,1014,94,0.0
A,0.0,evaluation,1014,95,0.0
A,0.0,evaluation,1014,96,0.0
A,0.0,evaluation,1014,97,0.0
A,0.0,evaluation,1014,98,0.0
A,0.0,evaluation,1014,99,0.0
A,0.0,evaluation,1014,100,0.0
A,0.0,evaluation,1014,101,0.0
A,0.0,evaluation,1014,102,0.0
A,0.0,evaluation,1014,103,0.0
A,0.0,evaluation,1014,104,0.0
A,0.0,evaluation,1014,105,0.0
A,0.0,evaluation,1014,106,0.0
A,0.0,evaluation,1014,107,0.0
A,0.0,evaluation,1014,108,0.0
A,0.0,evaluation,1014,109,0.0
A,0.0,evaluation,1014,110,0.0
A,0.0,evaluation,1014,111,0.0
A,0.0,evaluation,1014,112,0.0
A,0.0,evaluation,1014,113,0.0
A,0.0,evaluation,1014,114,0.0
A,0.0,evaluation,1014,115,0.0
A,0.0,evaluation,1014,116,0.0
A,0.0,evaluation,1014,117,0.0
A,0.0,evaluation,1014,118,0.0
A,0.0,evaluation,1014,119,0.0
A,0.0,evaluation,1014,120,0.0
A,0.0,evaluation,1014,121,0.0
A,0.0,evaluation,1014,122,0.0
A,0.0,evaluation,1014,123,0.0
A,0.0,evaluation,1014,124,0.0
A,0.0,evaluation,1014,125,0.0
A,0.0,evaluation,1014,126,0.0
A,0.0,evaluation,1014,127,0.0
A,0.0,evaluation,1015,0,0.0
A,0.0,evaluation,1015,1,0.0
A,0.0,evaluation,1015,2,0.0
A,0.0,evaluation,1015,3,0.0
A,0.0,evaluation,1015,4,0.0
A,0.0,evaluation,1015,5,0.0
A,0.0,evaluation,1015,6,0.0
A,0.0,evaluation,1015,7,0.0
A,0.0,evaluation,1015,8,0.0
A,0.0,evaluation,1015,9,0.0
A,0.0,evaluation,1015,10,0.0
A,0.0,evaluation,1015,11,0.0
A,0.0,evaluation,1015,12,0.0
A,0.0,evaluation,1015,13,0.0
A,0.0,evaluation,1015,14,0.0
A,0.0,evaluation,1015,15,0.0
A,0.0,evaluation,1015,16,0.0
A,0.0,evaluation,1015,17,0.0
A,0.0,evaluation,1015,18,0.0
A,0.0,evaluation,1015,19,0.0
A,0.0,evaluation,1015,20,0.0
A,0.0,evaluation,1015,21,0.0
A,0.0,evaluation,1015,22,0.0
A,0.0,evaluation,1015,23,0.0
A,0.0,evaluation,1015,24,0.0
A,0.0,evaluation,1015,25,0.0
A,0.0,evaluation,1015,26,0.0
A,0.0,evaluation,1015,27,0.0
A,0.0,evaluation,1015,28,0.0
A,0.0,evaluation,1015,29,0.0
A,0.0,evaluation,1015,30,0.0
A,0.0,evaluation,1015,31,0.0
A,0.0,evaluation,1015,32,0.0
A,0.0,evaluation,1015,33,0.0
A,0.0,evaluation,1015,34,0.0
A,0.0,evaluation,1015,35,0.0
A,0.0,evaluation,1015,36,0.0
A,0.0,evaluation,1015,37,0.0
A,0.0,evaluation,1015,38,0.0
A,0.0,evaluation,1015,39,0.0
A,0.0,evaluation,1015,40,0.0
A,0.0,evaluation,1015,41,0.0
A,0.0,evaluation,1015,42,0.0
A,0.0,evaluation,1015,43,0.0
A,0.0,evaluation,1015,44,0.0
A,0.0,evaluation,1015,45,0.0
A,0.0,evaluation,1015,46,0.0
A,0.0,evaluation,1015,47,0.0
A,0.0,evaluation,1015,48,0.0
A,0.0,evaluation,1015,49,0.0
A,0.0,evaluation,1015,50,0.0
A,0.0,evaluation,1015,51,0.0
A,0.0,evaluation,1015,52,0.0
A,0.0,evaluation,1015,53,0.0
A,0.0,evaluation,1015,54,0.0
A,0.0,evaluation,1015,55,0.0
A,0.0,evaluation,1015,56,0.0
A,0.0,evaluation,1015,57,0.0
A,0.0,evaluation,1015,58,0.0
A,0.0,evaluation,1015,59,0.0
A,0.0,evaluation,1015,60,0.0
A,0.0,evaluation,1015,61,0.0
A,0.0,evaluation,1015,62,0.0
A,0.0,evaluation,1015,63,0.0
A,0.0,evaluation,1015,64,0.0
A,0.0,evaluation,1015,65,0.0
A,0.0,evaluation,1015,66,0.0
A,0.0,evaluation,1015,67,0.0
A,0.0,evaluation,1015,68,0.0
A,0.0,evaluation,1015,69,0.0
A,0.0,evaluation,1015,70,0.0
A,0.0,evaluation,1015,71,0.0
A,0.0,evaluation,1015,72,0.0
A,0.0,evaluation,1015,73,0.0
A,0.0,evaluation,1015,74,0.0
A,0.0,evaluation,1015,75,0.0
A,0.0,evaluation,1015,76,0.0
A,0.0,evaluation,1015,77,0.0
A,0.0,evaluation,1015,78,0.0
A,0.0,evaluation,1015,79,0.0
A,0.0,evaluation,1015,80,0.0
A,0.0,evaluation,1015,81,0.0
A,0.0,evaluation,1015,82,0.0
A,0.0,evaluation,1015,83,0.0
A,0.0,evaluation,1015,84,0.0
A,0.0,evaluation,1015,85,0.0
A,0.0,evaluation,1015,86,0.0
A,0.0,evaluation,1015,87,0.0
A,0.0,evaluation,1015,88,0.0
A,0.0,evaluation,1015,89,0.0
A,0.0,evaluation,1015,90,0.0
A,0.0,evaluation,1015,91,0.0
A,0.0,evaluation,1015,92,0.0
A,0.0,evaluation,1015,93,0.0
A,0.0,evaluation,1015,94,0.0
A,0.0,evaluation,1015,95,0.0
A,0.0,evaluation,1015,96,0.0
A,0.0,evaluation,1015,97,0.0
A,0.0,evaluation,1015,98,0.0
A,0.0,evaluation,1015,99,0.0
A,0.0,evaluation,1015,100,0.0
A,0.0,evaluation,1015,101,0.0
A,0.0,evaluation,1015,102,0.0
A,0.0,evaluation,1015,103,0.0
A,0.0,evaluation,1015,104,0.0
A,0.0,evaluation,1015,105,0.0
A,0.0,evaluation,1015,106,0.0
A,0.0,evaluation,1015,107,0.0
A,0.0,evaluation,1015,108,0.0
A,0.0,evaluation,1015,109,0.0
A,0.0,evaluation,1015,110,0.0
A,0.0,evaluation,1015,111,0.0
A,0.0,evaluation,1015,112,0.0
A,0.0,evaluation,1015,113,0.0
A,0.0,evaluation,1015,114,0.0
A,0.0,evaluation,1015,115,0.0
A,0.0,evaluation,1015,116,0.0
A,0.0,evaluation,1015,117,0.0
A,0.0,evaluation,1015,118,0.0
A,0.0,evaluation,1015,119,0.0
A,0.0,evaluation,1015,120,0.0
A,0.0,evaluation,1015,121,0.0
A,0.0,evaluation,1015,122,0.0
A,0.0,evaluation,1015,123,0.0
A,0.0,evaluation,1015,124,0.0
A,0.0,evaluation,1015,125,0.0
A,0.0,evaluation,1015,126,0.0
A,0.0,evaluation,1015,127,0.0
A,0.0,evaluation,1016,0,0.0
A,0.0,evaluation,1016,1,0.0
A,0.0,evaluation,1016,2,0.0
A,0.0,evaluation,1016,3,0.0
A,0.0,evaluation,1016,4,0.0
A,0.0,evaluation,1016,5,0.0
A,0.0,evaluation,1016,6,0.0
A,0.0,evaluation,1016,7,0.0
A,0.0,evaluation,1016,8,0.0
A,0.0,evaluation,1016,9,0.0
A,0.0,evaluation,1016,10,0.0
A,0.0,evaluation,1016,11,0.0
A,0.0,evaluation,1016,12,0.0
A,0.0,evaluation,1016,13,0.0
A,0.0,evaluation,1016,14,0.0
A,0.0,evaluation,1016,15,0.0
A,0.0,evaluation,1016,16,0.0
A,0.0,evaluation,1016,17,0.0
A,0.0,evaluation,1016,18,0.0
A,0.0,evaluation,1016,19,0.0
A,0.0,evaluation,1016,20,0.0
A,0.0,evaluation,1016,21,0.0
A,0.0,evaluation,1016,22,0.0
A,0.0,evaluation,1016,23,0.0
A,0.0,evaluation,1016,24,0.0
A,0.0,evaluation,1016,25,0.0
A,0.0,evaluation,1016,26,0.0
A,0.0,evaluation,1016,27,0.0
A,0.0,evaluation,1016,28,0.0
A,0.0,evaluation,1016,29,0.0
A,0.0,evaluation,1016,30,0.0
A,0.0,evaluation,1016,31,0.0
A,0.0,evaluation,1016,32,0.0
A,0.0,evaluation,1016,33,0.0
A,0.0,evaluation,1016,34,0.0
A,0.0,evaluation,1016,35,0.0
A,0.0,evaluation,1016,36,0.0
A,0.0,evaluation,1016,37,0.0
A,0.0,evaluation,1016,38,0.0
A,0.0,evaluation,1016,39,0.0
A,0.0,evaluation,1016,40,0.0
A,0.0,evaluation,1016,41,0.0
A,0.0,evaluation,1016,42,0.0
A,0.0,evaluation,1016,43,0.0
A,0.0,evaluation,1016,44,0.0
A,0.0,evaluation,1016,45,0.0
A,0.0,evaluation,1016,46,0.0
A,0.0,evaluation,1016,47,0.0
A,0.0,evaluation,1016,48,0.0
A,0.0,evaluation,1016,49,0.0
A,0.0,evaluation,1016,50,0.0
A,0.0,evaluation,1016,51,0.0
A,0.0,evaluation,1016,52,0.0
A,0.0,evaluation,1016,53,0.0
A,0.0,evaluation,1016,54,0.0
A,0.0,evaluation,1016,55,0.0
A,0.0,evaluation,1016,56,0.0
A,0.0,evaluation,1016,57,0.0
A,0.0,evaluation,1016,58,0.0
A,0.0,evaluation,1016,59,0.0
A,0.0,evaluation,1016,60,0.0
A,0.0,evaluation,1016,61,0.0
A,0.0,evaluation,1016,62,0.0
A,0.0,evaluation,1016,63,0.0
A,0.0,evaluation,1016,64,0.0
A,0.0,evaluation,1016,65,0.0
A,0.0,evaluation,1016,66,0.0
A,0.0,evaluation,1016,67,0.0
A,0.0,evaluation,1016,68,0.0
A,0.0,evaluation,1016,69,0.0
A,0.0,evaluation,1016,70,0.0
A,0.0,evaluation,1016,71,0.0
A,0.0,evaluation,1016,72,0.0
A,0.0,evaluation,1016,73,0.0
A,0.0,evaluation,1016,74,0.0
A,0.0,evaluation,1016,75,0.0
A,0.0,evaluation,1016,76,0.0
A,0.0,evaluation,1016,77,0.0
A,0.0,evaluation,1016,78,0.0
A,0.0,evaluation,1016,79,0.0
A,0.0,evaluation,1016,80,0.0
A,0.0,evaluation,1016,81,0.0
A,0.0,evaluation,1016,82,0.0
A,0.0,evaluation,1016,83,0.0
A,0.0,evaluation,1016,84,0.0
A,0.0,evaluation,1016,85,0.0
A,0.0,evaluation,1016,86,0.0
A,0.0,evaluation,1016,87,0.0
A,0.0,evaluation,1016,88,0.0
A,0.0,evaluation,1016,89,0.0
A,0.0,evaluation,1016,90,0.0
A,0.0,evaluation,1016,91,0.0
A,0.0,evaluation,1016,92,0.0
A,0.0,evaluation,1016,93,0.0
A,0.0,evaluation,1016,94,0.0
A,0.0,evaluation,1016,95,0.0
A,0.0,evaluation,1016,96,0.0
A,0.0,evaluation,1016,97,0.0
A,0.0,evaluation,1016,98,0.0
A,0.0,evaluation,1016,99,0.0
A,0.0,evaluation,1016,100,0.0
A,0.0,evaluation,1016,101,0.0
A,0.0,evaluation,1016,102,0.0
A,0.0,evaluation,1016,103,0.0
A,0.0,evaluation,1016,104,0.0
A,0.0,evaluation,1016,105,0.0
A,0.0,evaluation,1016,106,0.0
A,0.0,evaluation,1016,107,0.0
A,0.0,evaluation,1016,108,0.0
A,0.0,evaluation,1016,109,0.0
A,0.0,evaluation,1016,110,0.0
A,0.0,evaluation,1016,111,0.0
A,0.0,evaluation,1016,112,0.0
A,0.0,evaluation,1016,113,0.0
A,0.0,evaluation,1016,114,0.0
A,0.0,evaluation,1016,115,0.0
A,0.0,evaluation,1016,116,0.0
A,0.0,evaluation,1016,117,0.0
A,0.0,evaluation,1016,118,0.0
A,0.0,evaluation,1016,119,0.0
A,0.0,evaluation,1016,120,0.0
A,0.0,evaluation,1016,121,0.0
A,0.0,evaluation,1016,122,0.0
A,0.0,evaluation,1016,123,0.0
A,0.0,evaluation,1016,124,0.0
A,0.0,evaluation,1016,125,0.0
A,0.0,evaluation,1016,126,0.0
A,0.0,evaluation,1016,127,0.0
A,0.0,evaluation,1017,0,0.0
A,0.0,evaluation,1017,1,0.0
A,0.0,evaluation,1017,2,0.0
A,0.0,evaluation,1017,3,0.0
A,0.0,evaluation,1017,4,0.0
A,0.0,evaluation,1017,5,0.0
A,0.0,evaluation,1017,6,0.0
A,0.0,evaluation,1017,7,0.0
A,0.0,evaluation,1017,8,0.0
A,0.0,evaluation,1017,9,0.0
A,0.0,evaluation,1017,10,0.0
A,0.0,evaluation,1017,11,0.0
A,0.0,evaluation,1017,12,0.0
A,0.0,evaluation,1017,13,0.0
A,0.0,evaluation,1017,14,0.0
A,0.0,evaluation,1017,15,0.0
A,0.0,evaluation,1017,16,0.0
A,0.0,evaluation,1017,17,0.0
A,0.0,evaluation,1017,18,0.0
A,0.0,evaluation,1017,19,0.0
A,0.0,evaluation,1017,20,0.0
A,0.0,evaluation,1017,21,0.0
A,0.0,evaluation,1017,22,0.0
A,0.0,evaluation,1017,23,0.0
A,0.0,evaluation,1017,24,0.0
A,0.0,evaluation,1017,25,0.0
A,0.0,evaluation,1017,26,0.0
A,0.0,evaluation,1017,27,0.0
A,0.0,evaluation,1017,28,0.0
A,0.0,evaluation,1017,29,0.0
A,0.0,evaluation,1017,30,0.0
A,0.0,evaluation,1017,31,0.0
A,0.0,evaluation,1017,32,0.0
A,0.0,evaluation,1017,33,0.0
A,0.0,evaluation,1017,34,0.0
A,0.0,evaluation,1017,35,0.0
A,0.0,evaluation,1017,36,0.0
A,0.0,evaluation,1017,37,0.0
A,0.0,evaluation,1017,38,0.0
A,0.0,evaluation,1017,39,0.0
A,0.0,evaluation,1017,40,0.0
A,0.0,evaluation,1017,41,0.0
A,0.0,evaluation,1017,42,0.0
A,0.0,evaluation,1017,43,0.0
A,0.0,evaluation,1017,44,0.0
A,0.0,evaluation,1017,45,0.0
A,0.0,evaluation,1017,46,0.0
A,0.0,evaluation,1017,47,0.0
A,0.0,evaluation,1017,48,0.0
A,0.0,evaluation,1017,49,0.0
A,0.0,evaluation,1017,50,0.0
A,0.0,evaluation,1017,51,0.0
A,0.0,evaluation,1017,52,0.0
A,0.0,evaluation,1017,53,0.0
A,0.0,evaluation,1017,54,0.0
A,0.0,evaluation,1017,55,0.0
A,0.0,evaluation,1017,56,0.0
A,0.0,evaluation,1017,57,0.0
A,0.0,evaluation,1017,58,0.0
A,0.0,evaluation,1017,59,0.0
A,0.0,evaluation,1017,60,0.0
A,0.0,evaluation,1017,61,0.0
A,0.0,evaluation,1017,62,0.0
A,0.0,evaluation,1017,63,0.0
A,0.0,evaluation,1017,64,0.0
A,0.0,evaluation,1017,65,0.0
A,0.0,evaluation,1017,66,0.0
A,0.0,evaluation,1017,67,0.0
A,0.0,evaluation,1017,68,0.0
A,0.0,evaluation,1017,69,0.0
A,0.0,evaluation,1017,70,0.0
A,0.0,evaluation,1017,71,0.0
A,0.0,evaluation,1017,72,0.0
A,0.0,evaluation,1017,73,0.0
A,0.0,evaluation,1017,74,0.0
A,0.0,evaluation,1017,75,0.0
A,0.0,evaluation,1017,76,0.0
A,0.0,evaluation,1017,77,0.0
A,0.0,evaluation,1017,78,0.0
A,0.0,evaluation,1017,79,0.0
A,0.0,evaluation,1017,80,0.0
A,0.0,evaluation,1017,81,0.0
A,0.0,evaluation,1017,82,0.0
A,0.0,evaluation,1017,83,0.0
A,0.0,evaluation,1017,84,0.0
A,0.0,evaluation,1017,85,0.0
A,0.0,evaluation,1017,86,0.0
A,0.0,evaluation,1017,87,0.0
A,0.0,evaluation,1017,88,0.0
A,0.0,evaluation,1017,89,0.0
A,0.0,evaluation,1017,90,0.0
A,0.0,evaluation,1017,91,0.0
A,0.0,evaluation,1017,92,0.0
A,0.0,evaluation,1017,93,0.0
A,0.0,evaluation,1017,94,0.0
A,0.0,evaluation,1017,95,0.0
A,0.0,evaluation,1017,96,0.0
A,0.0,evaluation,1017,97,0.0
A,0.0,evaluation,1017,98,0.0
A,0.0,evaluation,1017,99,0.0
A,0.0,evaluation,1017,100,0.0
A,0.0,evaluation,1017,101,0.0
A,0.0,evaluation,1017,102,0.0
A,0.0,evaluation,1017,103,0.0
A,0.0,evaluation,1017,104,0.0
A,0.0,evaluation,1017,105,0.0
A,0.0,evaluation,1017,106,0.0
A,0.0,evaluation,1017,107,0.0
A,0.0,evaluation,1017,108,0.0
A,0.0,evaluation,1017,109,0.0
A,0.0,evaluation,1017,110,0.0
A,0.0,evaluation,1017,111,0.0
A,0.0,evaluation,1017,112,0.0
A,0.0,evaluation,1017,113,0.0
A,0.0,evaluation,1017,114,0.0
A,0.0,evaluation,1017,115,0.0
A,0.0,evaluation,1017,116,0.0
A,0.0,evaluation,1017,117,0.0
A,0.0,evaluation,1017,118,0.0
A,0.0,evaluation,1017,119,0.0
A,0.0,evaluation,1017,120,0.0
A,0.0,evaluation,1017,121,0.0
A,0.0,evaluation,1017,122,0.0
A,0.0,evaluation,1017,123,0.0
A,0.0,evaluation,1017,124,0.0
A,0.0,evaluation,1017,125,0.0
A,0.0,evaluation,1017,126,0.0
A,0.0,evaluation,1017,127,0.0
A,0.0,evaluation,1018,0,0.0
A,0.0,evaluation,1018,1,0.0
A,0.0,evaluation,1018,2,0.0
A,0.0,evaluation,1018,3,0.0
A,0.0,evaluation,1018,4,0.0
A,0.0,evaluation,1018,5,0.0
A,0.0,evaluation,1018,6,0.0
A,0.0,evaluation,1018,7,0.0
A,0.0,evaluation,1018,8,0.0
A,0.0,evaluation,1018,9,0.0
A,0.0,evaluation,1018,10,0.0
A,0.0,evaluation,1018,11,0.0
A,0.0,evaluation,1018,12,0.0
A,0.0,evaluation,1018,13,0.0
A,0.0,evaluation,1018,14,0.0
A,0.0,evaluation,1018,15,0.0
A,0.0,evaluation,1018,16,0.0
A,0.0,evaluation,1018,17,0.0
A,0.0,evaluation,1018,18,0.0
A,0.0,evaluation,1018,19,0.0
A,0.0,evaluation,1018,20,0.0
A,0.0,evaluation,1018,21,0.0
A,0.0,evaluation,1018,22,0.0
A,0.0,evaluation,1018,23,0.0
A,0.0,evaluation,1018,24,0.0
A,0.0,evaluation,1018,25,0.0
A,0.0,evaluation,1018,26,0.0
A,0.0,evaluation,1018,27,0.0
A,0.0,evaluation,1018,28,0.0
A,0.0,evaluation,1018,29,0.0
A,0.0,evaluation,1018,30,0.0
A,0.0,evaluation,1018,31,0.0
A,0.0,evaluation,1018,32,0.0
A,0.0,evaluation,1018,33,0.0
A,0.0,evaluation,1018,34,0.0
A,0.0,evaluation,1018,35,0.0
A,0.0,evaluation,1018,36,0.0
A,0.0,evaluation,1018,37,0.0
A,0.0,evaluation,1018,38,0.0
A,0.0,evaluation,1018,39,0.0
A,0.0,evaluation,1018,40,0.0
A,0.0,evaluation,1018,41,0.0
A,0.0,evaluation,1018,42,0.0
A,0.0,evaluation,1018,43,0.0
A,0.0,evaluation,1018,44,0.0
A,0.0,evaluation,1018,45,0.0
A,0.0,evaluation,1018,46,0.0
A,0.0,evaluation,1018,47,0.0
A,0.0,evaluation,1018,48,0.0
A,0.0,evaluation,1018,49,0.0
A,0.0,evaluation,1018,50,0.0
A,0.0,evaluation,1018,51,0.0
A,0.0,evaluation,1018,52,0.0
A,0.0,evaluation,1018,53,0.0
A,0.0,evaluation,1018,54,0.0
A,0.0,evaluation,1018,55,0.0
A,0.0,evaluation,1018,56,0.0
A,0.0,evaluation,1018,57,0.0
A,0.0,evaluation,1018,58,0.0
A,0.0,evaluation,1018,59,0.0
A,0.0,evaluation,1018,60,0.0
A,0.0,evaluation,1018,61,0.0
A,0.0,evaluation,1018,62,0.0
A,0.0,evaluation,1018,63,0.0
A,0.0,evaluation,1018,64,0.0
A,0.0,evaluation,1018,65,0.0
A,0.0,evaluation,1018,66,0.0
A,0.0,evaluation,1018,67,0.0
A,0.0,evaluation,1018,68,0.0
A,0.0,evaluation,1018,69,0.0
A,0.0,evaluation,1018,70,0.0
A,0.0,evaluation,1018,71,0.0
A,0.0,evaluation,1018,72,0.0
A,0.0,evaluation,1018,73,0.0
A,0.0,evaluation,1018,74,0.0
A,0.0,evaluation,1018,75,0.0
A,0.0,evaluation,1018,76,0.0
A,0.0,evaluation,1018,77,0.0
A,0.0,evaluation,1018,78,0.0
A,0.0,evaluation,1018,79,0.0
A,0.0,evaluation,1018,80,0.0
A,0.0,evaluation,1018,81,0.0
A,0.0,evaluation,1018,82,0.0
A,0.0,evaluation,1018,83,0.0
A,0.0,evaluation,1018,84,0.0
A,0.0,evaluation,1018,85,0.0
A,0.0,evaluation,1018,86,0.0
A,0.0,evaluation,1018,87,0.0
A,0.0,evaluation,1018,88,0.0
A,0.0,evaluation,1018,89,0.0
A,0.0,evaluation,1018,90,0.0
A,0.0,evaluation,1018,91,0.0
A,0.0,evaluation,1018,92,0.0
A,0.0,evaluation,1018,93,0.0
A,0.0,evaluation,1018,94,0.0
A,0.0,evaluation,1018,95,0.0
A,0.0,evaluation,1018,96,0.0
A,0.0,evaluation,1018,97,0.0
A,0.0,evaluation,1018,98,0.0
A,0.0,evaluation,1018,99,0.0
A,0.0,evaluation,1018,100,0.0
A,0.0,evaluation,1018,101,0.0
A,0.0,evaluation,1018,102,0.0
A,0.0,evaluation,1018,103,0.0
A,0.0,evaluation,1018,104,0.0
A,0.0,evaluation,1018,105,0.0
A,0.0,evaluation,1018,106,0.0
A,0.0,evaluation,1018,107,0.0
A,0.0,evaluation,1018,108,0.0
A,0.0,evaluation,1018,109,0.0
A,0.0,evaluation,1018,110,0.0
A,0.0,evaluation,1018,111,0.0
A,0.0,evaluation,1018,112,0.0
A,0.0,evaluation,1018,113,0.0
A,0.0,evaluation,1018,114,0.0
A,0.0,evaluation,1018,115,0.0
A,0.0,evaluation,1018,116,0.0
A,0.0,evaluation,1018,117,0.0
A,0.0,evaluation,1018,118,0.0
A,0.0,evaluation,1018,119,0.0
A,0.0,evaluation,1018,120,0.0
A,0.0,evaluation,1018,121,0.0
A,0.0,evaluation,1018,122,0.0
A,0.0,evaluation,1018,123,0.0
A,0.0,evaluation,1018,124,0.0
A,0.0,evaluation,1018,125,0.0
A,0.0,evaluation,1018,126,0.0
A,0.0,evaluation,1018,127,0.0
A,0.0,evaluation,1019,0,0.0
A,0.0,evaluation,1019,1,0.0
A,0.0,evaluation,1019,2,0.0
A,0.0,evaluation,1019,3,0.0
A,0.0,evaluation,1019,4,0.0
A,0.0,evaluation,1019,5,0.0
A,0.0,evaluation,1019,6,0.0
A,0.0,evaluation,1019,7,0.0
A,0.0,evaluation,1019,8,0.0
A,0.0,evaluation,1019,9,0.0
A,0.0,evaluation,1019,10,0.0
A,0.0,evaluation,1019,11,0.0
A,0.0,evaluation,1019,12,0.0
A,0.0,evaluation,1019,13,0.0
A,0.0,evaluation,1019,14,0.0
A,0.0,evaluation,1019,15,0.0
A,0.0,evaluation,1019,16,0.0
A,0.0,evaluation,1019,17,0.0
A,0.0,evaluation,1019,18,0.0
A,0.0,evaluation,1019,19,0.0
A,0.0,evaluation,1019,20,0.0
A,0.0,evaluation,1019,21,0.0
A,0.0,evaluation,1019,22,0.0
A,0.0,evaluation,1019,23,0.0
A,0.0,evaluation,1019,24,0.0
A,0.0,evaluation,1019,25,0.0
A,0.0,evaluation,1019,26,0.0
A,0.0,evaluation,1019,27,0.0
A,0.0,evaluation,1019,28,0.0
A,0.0,evaluation,1019,29,0.0
A,0.0,evaluation,1019,30,0.0
A,0.0,evaluation,1019,31,0.0
A,0.0,evaluation,1019,32,0.0
A,0.0,evaluation,1019,33,0.0
A,0.0,evaluation,1019,34,0.0
A,0.0,evaluation,1019,35,0.0
A,0.0,evaluation,1019,36,0.0
A,0.0,evaluation,1019,37,0.0
A,0.0,evaluation,1019,38,0.0
A,0.0,evaluation,1019,39,0.0
A,0.0,evaluation,1019,40,0.0
A,0.0,evaluation,1019,41,0.0
A,0.0,evaluation,1019,42,0.0
A,0.0,evaluation,1019,43,0.0
A,0.0,evaluation,1019,44,0.0
A,0.0,evaluation,1019,45,0.0
A,0.0,evaluation,1019,46,0.0
A,0.0,evaluation,1019,47,0.0
A,0.0,evaluation,1019,48,0.0
A,0.0,evaluation,1019,49,0.0
A,0.0,evaluation,1019,50,0.0
A,0.0,evaluation,1019,51,0.0
A,0.0,evaluation,1019,52,0.0
A,0.0,evaluation,1019,53,0.0
A,0.0,evaluation,1019,54,0.0
A,0.0,evaluation,1019,55,0.0
A,0.0,evaluation,1019,56,0.0
A,0.0,evaluation,1019,57,0.0
A,0.0,evaluation,1019,58,0.0
A,0.0,evaluation,1019,59,0.0
A,0.0,evaluation,1019,60,0.0
A,0.0,evaluation,1019,61,0.0
A,0.0,evaluation,1019,62,0.0
A,0.0,evaluation,1019,63,0.0
A,0.0,evaluation,1019,64,0.0
A,0.0,evaluation,1019,65,0.0
A,0.0,evaluation,1019,66,0.0
A,0.0,evaluation,1019,67,0.0
A,0.0,evaluation,1019,68,0.0
A,0.0,evaluation,1019,69,0.0
A,0.0,evaluation,1019,70,0.0
A,0.0,evaluation,1019,71,0.0
A,0.0,evaluation,1019,72,0.0
A,0.0,evaluation,1019,73,0.0
A,0.0,evaluation,1019,74,0.0
A,0.0,evaluation,1019,75,0.0
A,0.0,evaluation,1019,76,0.0
A,0.0,evaluation,1019,77,0.0
A,0.0,evaluation,1019,78,0.0
A,0.0,evaluation,1019,79,0.0
A,0.0,evaluation,1019,80,0.0
A,0.0,evaluation,1019,81,0.0
A,0.0,evaluation,1019,82,0.0
A,0.0,evaluation,1019,83,0.0
A,0.0,evaluation,1019,84,0.0
A,0.0,evaluation,1019,85,0.0
A,0.0,evaluation,1019,86,0.0
A,0.0,evaluation,1019,87,0.0
A,0.0,evaluation,1019,88,0.0
A,0.0,evaluation,1019,89,0.0
A,0.0,evaluation,1019,90,0.0
A,0.0,evaluation,1019,91,0.0
A,0.0,evaluation,1019,92,0.0
A,0.0,evaluation,1019,93,0.0
A,0.0,evaluation,1019,94,0.0
A,0.0,evaluation,1019,95,0.0
A,0.0,evaluation,1019,96,0.0
A,0.0,evaluation,1019,97,0.0
A,0.0,evaluation,1019,98,0.0
A,0.0,evaluation,1019,99,0.0
A,0.0,evaluation,1019,100,0.0
A,0.0,evaluation,1019,101,0.0
A,0.0,evaluation,1019,102,0.0
A,0.0,evaluation,1019,103,0.0
A,0.0,evaluation,1019,104,0.0
A,0.0,evaluation,1019,105,0.0
A,0.0,evaluation,1019,106,0.0
A,0.0,evaluation,1019,107,0.0
A,0.0,evaluation,1019,108,0.0
A,0.0,evaluation,1019,109,0.0
A,0.0,evaluation,1019,110,0.0
A,0.0,evaluation,1019,111,0.0
A,0.0,evaluation,1019,112,0.0
A,0.0,evaluation,1019,113,0.0
A,0.0,evaluation,1019,114,0.0
A,0.0,evaluation,1019,115,0.0
A,0.0,evaluation,1019,116,0.0
A,0.0,evaluation,1019,117,0.0
A,0.0,evaluation,1019,118,0.0
A,0.0,evaluation,1019,119,0.0
A,0.0,evaluation,1019,120,0.0
A,0.0,evaluation,1019,121,0.0
A,0.0,evaluation,1019,122,0.0
A,0.0,evaluation,1019,123,0.0
A,0.0,evaluation,1019,124,0.0
A,0.0,evaluation,1019,125,0.0
A,0.0,evaluation,1019,126,0.0
A,0.0,evaluation,1019,127,0.0
A,0.05,calibration,1000,0,0.05635927192786744
A,0.05,calibration,1000,1,0.03614208354100519
A,0.05,calibration,1000,2,0.026967856015599923
A,0.05,calibration,1000,3,0.03825500801555311
A,0.05,calibration,1000,4,0.040010296473438844
A,0.05,calibration,1000,5,0.032149464260722724
A,0.05,calibration,1000,6,0.04836445429114089
A,0.05,calibration,1000,7,0.02552868013370907
A,0.05,calibration,1000,8,0.030544653516564713
A,0.05,calibration,1000,9,0.025650325471270788
A,0.05,calibration,1000,10,0.032375589541321095
A,0.05,calibration,1000,11,0.03173198418491413
A,0.05,calibration,1000,12,0.03245094145307839
A,0.05,calibration,1000,13,0.03897437139119092
A,0.05,calibration,1000,14,0.034083501521028944
A,0.05,calibration,1000,15,0.0408714348706036
A,0.05,calibration,1000,16,0.03039560781607338
A,0.05,calibration,1000,17,0.02914085133650507
A,0.05,calibration,1000,18,0.024058550244059326
A,0.05,calibration,1000,19,0.03746947920062269
A,0.05,calibration,1000,20,0.04527497927757204
A,0.05,calibration,1000,21,0.04006747990222609
A,0.05,calibration,1000,22,0.021146745588908084
A,0.05,calibration,1000,23,0.027498198997221127
A,0.05,calibration,1000,24,0.03724843214736506
A,0.05,calibration,1000,25,0.038343628935912366
A,0.05,calibration,1000,26,0.029109821196986456
A,0.05,calibration,1000,27,0.01482275931213567
A,0.05,calibration,1000,28,0.023563603301162916
A,0.05,calibration,1000,29,0.040218004575501676
A,0.05,calibration,1000,30,0.03655147709788187
A,0.05,calibration,1000,31,0.07006577349066925
A,0.05,calibration,1000,32,0.045116862346534614
A,0.05,calibration,1000,33,0.03909364836771641
A,0.05,calibration,1000,34,0.03909364836771641
A,0.05,calibration,1000,35,0.023053788914824888
A,0.05,calibration,1000,36,0.032817505324583995
A,0.05,calibration,1000,37,0.0447151956851049
A,0.05,calibration,1000,38,0.028232725190706798
A,0.05,calibration,1000,39,0.025361784172384466
A,0.05,calibration,1000,40,0.03252947836522534
A,0.05,calibration,1000,41,0.013952010763278816
A,0.05,calibration,1000,42,0.034724776530822954
A,0.05,calibration,1000,43,0.030133509132380554
A,0.05,calibration,1000,44,0.021090467403253002
A,0.05,calibration,1000,45,0.02334894649279623
A,0.05,calibration,1000,46,0.03351251655118867
A,0.05,calibration,1000,47,0.030542617683754783
A,0.05,calibration,1000,48,0.029745830095809916
A,0.05,calibration,1000,49,0.028851526620678025
A,0.05,calibration,1000,50,0.031683333437051986
A,0.05,calibration,1000,51,0.01878770487223999
A,0.05,calibration,1000,52,0.03420442309943711
A,0.05,calibration,1000,53,0.03421451029582223
A,0.05,calibration,1000,54,0.033858109304277476
A,0.05,calibration,1000,55,0.03241095943787926
A,0.05,calibration,1000,56,0.03738445882083785
A,0.05,calibration,1000,57,0.022591377069884996
A,0.05,calibration,1000,58,0.024966466861289074
A,0.05,calibration,1000,59,0.027362466392988227
A,0.05,calibration,1000,60,0.03266177355018987
A,0.05,calibration,1000,61,0.026145089932641946
A,0.05,calibration,1000,62,0.027658691714748915
A,0.05,calibration,1000,63,0.021781515616185576
A,0.05,calibration,1000,64,0.025139249572653066
A,0.05,calibration,1000,65,0.04923703318663844
A,0.05,calibration,1000,66,0.054748362004766765
A,0.05,calibration,1000,67,0.02286441585498744
A,0.05,calibration,1000,68,0.03450328781539157
A,0.05,calibration,1000,69,0.025074068765192206
A,0.05,calibration,1000,70,0.034525300337813425
A,0.05,calibration,1000,71,0.04408881978734101
A,0.05,calibration,1000,72,0.028454057909600733
A,0.05,calibration,1000,73,0.0201790937285388
A,0.05,calibration,1000,74,0.04037745089570383
A,0.05,calibration,1000,75,0.03011239882085265
A,0.05,calibration,1000,76,0.044925489978368024
A,0.05,calibration,1000,77,0.021535198555484275
A,0.05,calibration,1000,78,0.03443251729999795
A,0.05,calibration,1000,79,0.030395974267430903
A,0.05,calibration,1000,80,0.026126902095322868
A,0.05,calibration,1000,81,0.021725889002413304
A,0.05,calibration,1000,82,0.04048894634172941
A,0.05,calibration,1000,83,0.03630140852944237
A,0.05,calibration,1000,84,0.06559564116429911
A,0.05,calibration,1000,85,0.04145875580188538
A,0.05,calibration,1000,86,0.03335628769542618
A,0.05,calibration,1000,87,0.026844196867588148
A,0.05,calibration,1000,88,0.04180256571230473
A,0.05,calibration,1000,89,0.03951269377514055
A,0.05,calibration,1000,90,0.0201731546591067
A,0.05,calibration,1000,91,0.027653144176510547
A,0.05,calibration,1000,92,0.029247506712150748
A,0.05,calibration,1000,93,0.029448768709787132
A,0.05,calibration,1000,94,0.0295583484743073
A,0.05,calibration,1000,95,0.023970946873993343
A,0.05,calibration,1000,96,0.02324562769544907
A,0.05,calibration,1000,97,0.03022556431141593
A,0.05,calibration,1000,98,0.05609679632768805
A,0.05,calibration,1000,99,0.033521129058200816
A,0.05,calibration,1000,100,0.024210920306784567
A,0.05,calibration,1000,101,0.022628905296217
A,0.05,calibration,1000,102,0.026456853487558524
A,0.05,calibration,1000,103,0.032628299021801366
A,0.05,calibration,1000,104,0.0466646238605003
A,0.05,calibration,1000,105,0.03809576952631338
A,0.05,calibration,1000,106,0.051196599667343176
A,0.05,calibration,1000,107,0.02749198731835864
A,0.05,calibration,1000,108,0.03149828076218091
A,0.05,calibration,1000,109,0.030609391322819923
A,0.05,calibration,1000,110,0.03831956618676935
A,0.05,calibration,1000,111,0.04250484452438988
A,0.05,calibration,1000,112,0.038142557899524476
A,0.05,calibration,1000,113,0.03600460579428427
A,0.05,calibration,1000,114,0.01786387595843747
A,0.05,calibration,1000,115,0.02278612715920897
A,0.05,calibration,1000,116,0.040769539058035924
A,0.05,calibration,1000,117,0.027791374746486575
A,0.05,calibration,1000,118,0.033352732802298335
A,0.05,calibration,1000,119,0.026611971317645054
A,0.05,calibration,1000,120,0.023184929727331993
A,0.05,calibration,1000,121,0.03555266928478118
A,0.05,calibration,1000,122,0.04182873102954556
A,0.05,calibration,1000,123,0.03210705833550398
A,0.05,calibration,1000,124,0.0332426625300845
A,0.05,calibration,1000,125,0.03904814935487241
A,0.05,calibration,1000,126,0.03532857514774955
A,0.05,calibration,1000,127,0.043325979529610814
A,0.05,calibration,1001,0,0.02020248247633777
A,0.05,calibration,1001,1,0.02325958181724938
A,0.05,calibration,1001,2,0.023531877248437583
A,0.05,calibration,1001,3,0.03467028369083526
A,0.05,calibration,1001,4,0.020697346194343352
A,0.05,calibration,1001,5,0.02515395658079503
A,0.05,calibration,1001,6,0.027571299925416792
A,0.05,calibration,1001,7,0.018901233253178953
A,0.05,calibration,1001,8,0.0329472657531427
A,0.05,calibration,1001,9,0.020196438906054055
A,0.05,calibration,1001,10,0.04179843103376387
A,0.05,calibration,1001,11,0.025228783672818833
A,0.05,calibration,1001,12,0.03694236922163041
A,0.05,calibration,1001,13,0.04780702454480876
A,0.05,calibration,1001,14,0.05906332052144675
A,0.05,calibration,1001,15,0.05477069203888178
A,0.05,calibration,1001,16,0.023565829254987042
A,0.05,calibration,1001,17,0.04918651657162952
A,0.05,calibration,1001,18,0.039757764184680106
A,0.05,calibration,1001,19,0.030500919473352928
A,0.05,calibration,1001,20,0.03023591077755977
A,0.05,calibration,1001,21,0.038560844662406
A,0.05,calibration,1001,22,0.04291270780628681
A,0.05,calibration,1001,23,0.042435861075302006
A,0.05,calibration,1001,24,0.032392071343415874
A,0.05,calibration,1001,25,0.03585871998659429
A,0.05,calibration,1001,26,0.028178455854463956
A,0.05,calibration,1001,27,0.03203971056649746
A,0.05,calibration,1001,28,0.04098106826706266
A,0.05,calibration,1001,29,0.042331051756734864
A,0.05,calibration,1001,30,0.030041861610401108
A,0.05,calibration,1001,31,0.040412815995724105
A,0.05,calibration,1001,32,0.040444875811839504
A,0.05,calibration,1001,33,0.05905365917650246
A,0.05,calibration,1001,34,0.06129021694069192
A,0.05,calibration,1001,35,0.027007104584145198
A,0.05,calibration,1001,36,0.03322281521071662
A,0.05,calibration,1001,37,0.039804005390734254
A,0.05,calibration,1001,38,0.03582978019205679
A,0.05,calibration,1001,39,0.029909151692841453
A,0.05,calibration,1001,40,0.03137728858758959
A,0.05,calibration,1001,41,0.02293314980936134
A,0.05,calibration,1001,42,0.038382554011942516
A,0.05,calibration,1001,43,0.0279426389333386
A,0.05,calibration,1001,44,0.03425368778032467
A,0.05,calibration,1001,45,0.03259556113099092
A,0.05,calibration,1001,46,0.039574955257183464
A,0.05,calibration,1001,47,0.02923478102956827
A,0.05,calibration,1001,48,0.039448272605371204
A,0.05,calibration,1001,49,0.0425996412824049
A,0.05,calibration,1001,50,0.04161272062995669
A,0.05,calibration,1001,51,0.04535269911966189
A,0.05,calibration,1001,52,0.04800334747087297
A,0.05,calibration,1001,53,0.06983563760677687
A,0.05,calibration,1001,54,0.046896810322513416
A,0.05,calibration,1001,55,0.03281011130266507
A,0.05,calibration,1001,56,0.031286487852006856
A,0.05,calibration,1001,57,0.04976463422660038
A,0.05,calibration,1001,58,0.02972510711257792
A,0.05,calibration,1001,59,0.04584414180221817
A,0.05,calibration,1001,60,0.028027088762019065
A,0.05,calibration,1001,61,0.04702919711559971
A,0.05,calibration,1001,62,0.06375558608102179
A,0.05,calibration,1001,63,0.036036166107714505
A,0.05,calibration,1001,64,0.03676327223213935
A,0.05,calibration,1001,65,0.04614994284806606
A,0.05,calibration,1001,66,0.05254715484928463
A,0.05,calibration,1001,67,0.02990315133853816
A,0.05,calibration,1001,68,0.040644172708682896
A,0.05,calibration,1001,69,0.04233089922253548
A,0.05,calibration,1001,70,0.054839378335598675
A,0.05,calibration,1001,71,0.023367177195606104
A,0.05,calibration,1001,72,0.032509202691965666
A,0.05,calibration,1001,73,0.0305016062336938
A,0.05,calibration,1001,74,0.052543873780585226
A,0.05,calibration,1001,75,0.07122500475875687
A,0.05,calibration,1001,76,0.04859131387693579
A,0.05,calibration,1001,77,0.039618048040837926
A,0.05,calibration,1001,78,0.02585319265558339
A,0.05,calibration,1001,79,0.03899618262167634
A,0.05,calibration,1001,80,0.03912893803859318
A,0.05,calibration,1001,81,0.043316777880164845
A,0.05,calibration,1001,82,0.04271630835692769
A,0.05,calibration,1001,83,0.0331293754319754
A,0.05,calibration,1001,84,0.029464605939780883
A,0.05,calibration,1001,85,0.03661268207681103
A,0.05,calibration,1001,86,0.03889805125432566
A,0.05,calibration,1001,87,0.06509450438336786
A,0.05,calibration,1001,88,0.05646606070176259
A,0.05,calibration,1001,89,0.0368414953961852
A,0.05,calibration,1001,90,0.030920822044693874
A,0.05,calibration,1001,91,0.053558322675316905
A,0.05,calibration,1001,92,0.04837860026881885
A,0.05,calibration,1001,93,0.033587635737363564
A,0.05,calibration,1001,94,0.038244541133330645
A,0.05,calibration,1001,95,0.04963656157692989
A,0.05,calibration,1001,96,0.019136660266414668
A,0.05,calibration,1001,97,0.0438762257230967
A,0.05,calibration,1001,98,0.04048895524680893
A,0.05,calibration,1001,99,0.03989155036859205
A,0.05,calibration,1001,100,0.043735322559794176
A,0.05,calibration,1001,101,0.033517002957633824
A,0.05,calibration,1001,102,0.051057810875577314
A,0.05,calibration,1001,103,0.03537595769984643
A,0.05,calibration,1001,104,0.03399058625583451
A,0.05,calibration,1001,105,0.024736225606525022
A,0.05,calibration,1001,106,0.027375110551009205
A,0.05,calibration,1001,107,0.02744025073509275
A,0.05,calibration,1001,108,0.057509179688900236
A,0.05,calibration,1001,109,0.040383602567528765
A,0.05,calibration,1001,110,0.03223250611658035
A,0.05,calibration,1001,111,0.04819935773380851
A,0.05,calibration,1001,112,0.051650935373555085
A,0.05,calibration,1001,113,0.023735718546011225
A,0.05,calibration,1001,114,0.04948602802021135
A,0.05,calibration,1001,115,0.019910125127426594
A,0.05,calibration,1001,116,0.03344803817784402
A,0.05,calibration,1001,117,0.020340517545073766
A,0.05,calibration,1001,118,0.019645207014077487
A,0.05,calibration,1001,119,0.02534399815948461
A,0.05,calibration,1001,120,0.028153270545757732
A,0.05,calibration,1001,121,0.03181735382316686
A,0.05,calibration,1001,122,0.04318761946517091
A,0.05,calibration,1001,123,0.04240244154445319
A,0.05,calibration,1001,124,0.042477998364610595
A,0.05,calibration,1001,125,0.02619509362998891
A,0.05,calibration,1001,126,0.042907403869683336
A,0.05,calibration,1001,127,0.02211329438874088
A,0.05,calibration,1002,0,0.05467733460773944
A,0.05,calibration,1002,1,0.04806082861318693
A,0.05,calibration,1002,2,0.02676868151343198
A,0.05,calibration,1002,3,0.020518102275235817
A,0.05,calibration,1002,4,0.030763813749807273
A,0.05,calibration,1002,5,0.026900480881361044
A,0.05,calibration,1002,6,0.052428108483680125
A,0.05,calibration,1002,7,0.05031700818013646
A,0.05,calibration,1002,8,0.03688781652107124
A,0.05,calibration,1002,9,0.04586095909112383
A,0.05,calibration,1002,10,0.05736834869229402
A,0.05,calibration,1002,11,0.05426691824211597
A,0.05,calibration,1002,12,0.03552882960980722
A,0.05,calibration,1002,13,0.033791706803742216
A,0.05,calibration,1002,14,0.03057260890280633
A,0.05,calibration,1002,15,0.046694823389071105
A,0.05,calibration,1002,16,0.057891499968257404
A,0.05,calibration,1002,17,0.05758631945047753
A,0.05,calibration,1002,18,0.04063004180347628
A,0.05,calibration,1002,19,0.04063004180347628
A,0.05,calibration,1002,20,0.0380954786212343
A,0.05,calibration,1002,21,0.03589278232545218
A,0.05,calibration,1002,22,0.02643158356815535
A,0.05,calibration,1002,23,0.04652212475852315
A,0.05,calibration,1002,24,0.04652212475852315
A,0.05,calibration,1002,25,0.022706044063649122
A,0.05,calibration,1002,26,0.03259361708809827
A,0.05,calibration,1002,27,0.03037091420113308
A,0.05,calibration,1002,28,0.038228618649279456
A,0.05,calibration,1002,29,0.02961153549911058
A,0.05,calibration,1002,30,0.03165900759455048
A,0.05,calibration,1002,31,0.02880914168119325
A,0.05,calibration,1002,32,0.03149710796771217
A,0.05,calibration,1002,33,0.028610194127079908
A,0.05,calibration,1002,34,0.05552851046248369
A,0.05,calibration,1002,35,0.029261597423971178
A,0.05,calibration,1002,36,0.04687431432190775
A,0.05,calibration,1002,37,0.037017461453273004
A,0.05,calibration,1002,38,0.03994615717187021
A,0.05,calibration,1002,39,0.032180231326706665
A,0.05,calibration,1002,40,0.04146157739644657
A,0.05,calibration,1002,41,0.04888154738021559
A,0.05,calibration,1002,42,0.03227228860210668
A,0.05,calibration,1002,43,0.035323062021433704
A,0.05,calibration,1002,44,0.045439841145651166
A,0.05,calibration,1002,45,0.0522903755901995
A,0.05,calibration,1002,46,0.025480523444831732
A,0.05,calibration,1002,47,0.025483847357909373
A,0.05,calibration,1002,48,0.021511919620525954
A,0.05,calibration,1002,49,0.035038010834771094
A,0.05,calibration,1002,50,0.049427421788242276
A,0.05,calibration,1002,51,0.025105735901505027
A,0.05,calibration,1002,52,0.034124236652536055
A,0.05,calibration,1002,53,0.04742408810813766
A,0.05,calibration,1002,54,0.03761451703816761
A,0.05,calibration,1002,55,0.03843212654078943
A,0.05,calibration,1002,56,0.0421824346286199
A,0.05,calibration,1002,57,0.0283848792633489
A,0.05,calibration,1002,58,0.023070827460165394
A,0.05,calibration,1002,59,0.029301967144407193
A,0.05,calibration,1002,60,0.03429199241954343
A,0.05,calibration,1002,61,0.036427525840410535
A,0.05,calibration,1002,62,0.04469270071000364
A,0.05,calibration,1002,63,0.05154210038373669
A,0.05,calibration,1002,64,0.04631165456175466
A,0.05,calibration,1002,65,0.04797968613251896
A,0.05,calibration,1002,66,0.05654354169279028
A,0.05,calibration,1002,67,0.03658222086565009
A,0.05,calibration,1002,68,0.0472889029983293
A,0.05,calibration,1002,69,0.03075745339394842
A,0.05,calibration,1002,70,0.034511303182300106
A,0.05,calibration,1002,71,0.026924959157876682
A,0.05,calibration,1002,72,0.037050934435580524
A,0.05,calibration,1002,73,0.018200403313736596
A,0.05,calibration,1002,74,0.031180750201883323
A,0.05,calibration,1002,75,0.03608529580191161
A,0.05,calibration,1002,76,0.03371227753015868
A,0.05,calibration,1002,77,0.06109502158946928
A,0.05,calibration,1002,78,0.05251783586794628
A,0.05,calibration,1002,79,0.036791830205159796
A,0.05,calibration,1002,80,0.04819269922036509
A,0.05,calibration,1002,81,0.03745120206828206
A,0.05,calibration,1002,82,0.035881147984237194
A,0.05,calibration,1002,83,0.038039247987181446
A,0.05,calibration,1002,84,0.02450993094342068
A,0.05,calibration,1002,85,0.03223828708298119
A,0.05,calibration,1002,86,0.03223828708298119
A,0.05,calibration,1002,87,0.0415640066274125
A,0.05,calibration,1002,88,0.03360048569014461
A,0.05,calibration,1002,89,0.027208036231397004
A,0.05,calibration,1002,90,0.03637322532402332
A,0.05,calibration,1002,91,0.03146613986800309
A,0.05,calibration,1002,92,0.026815350132963905
A,0.05,calibration,1002,93,0.03365861798989992
A,0.05,calibration,1002,94,0.04607326658637512
A,0.05,calibration,1002,95,0.027844278395841988
A,0.05,calibration,1002,96,0.022908760310178355
A,0.05,calibration,1002,97,0.03042584300983553
A,0.05,calibration,1002,98,0.03602674695665707
A,0.05,calibration,1002,99,0.0647493633927479
A,0.05,calibration,1002,100,0.03182943865148086
A,0.05,calibration,1002,101,0.02744073054524898
A,0.05,calibration,1002,102,0.024880687192797707
A,0.05,calibration,1002,103,0.026272631530589285
A,0.05,calibration,1002,104,0.03613580412383194
A,0.05,calibration,1002,105,0.03651220089343227
A,0.05,calibration,1002,106,0.0304668921678013
A,0.05,calibration,1002,107,0.03502057613556564
A,0.05,calibration,1002,108,0.02676549151982722
A,0.05,calibration,1002,109,0.035213204233345174
A,0.05,calibration,1002,110,0.03543976307612903
A,0.05,calibration,1002,111,0.03793064395290606
A,0.05,calibration,1002,112,0.03035715118123273
A,0.05,calibration,1002,113,0.03777230114335934
A,0.05,calibration,1002,114,0.034916403239579986
A,0.05,calibration,1002,115,0.04654056672714906
A,0.05,calibration,1002,116,0.03375858281002003
A,0.05,calibration,1002,117,0.030010388885995068
A,0.05,calibration,1002,118,0.04784385932729815
A,0.05,calibration,1002,119,0.03670321409489611
A,0.05,calibration,1002,120,0.0388049567986958
A,0.05,calibration,1002,121,0.02920824714379469
A,0.05,calibration,1002,122,0.023638681325411248
A,0.05,calibration,1002,123,0.022371321080579654
A,0.05,calibration,1002,124,0.03592776561128047
A,0.05,calibration,1002,125,0.04046204208769758
A,0.05,calibration,1002,126,0.040534960206801744
A,0.05,calibration,1002,127,0.031261568808923834
A,0.05,calibration,1003,0,0.02743871110133842
A,0.05,calibration,1003,1,0.03726777935161326
A,0.05,calibration,1003,2,0.01975306599821658
A,0.05,calibration,1003,3,0.01844467810297673
A,0.05,calibration,1003,4,0.04396312032874922
A,0.05,calibration,1003,5,0.02224982040537054
A,0.05,calibration,1003,6,0.03005260263115763
A,0.05,calibration,1003,7,0.041502019949453274
A,0.05,calibration,1003,8,0.031803197126139424
A,0.05,calibration,1003,9,0.04438630366716309
A,0.05,calibration,1003,10,0.04156658211915265
A,0.05,calibration,1003,11,0.025198382776810774
A,0.05,calibration,1003,12,0.038638924509007966
A,0.05,calibration,1003,13,0.034123222462687064
A,0.05,calibration,1003,14,0.05356586759611115
A,0.05,calibration,1003,15,0.025977867222170936
A,0.05,calibration,1003,16,0.03382475391757679
A,0.05,calibration,1003,17,0.023478499706802075
A,0.05,calibration,1003,18,0.024452905291751273
A,0.05,calibration,1003,19,0.04383277981866948
A,0.05,calibration,1003,20,0.02645353835421066
A,0.05,calibration,1003,21,0.024004023916284478
A,0.05,calibration,1003,22,0.04755128275931819
A,0.05,calibration,1003,23,0.03445294738682626
A,0.05,calibration,1003,24,0.03665363893247903
A,0.05,calibration,1003,25,0.035523931591388475
A,0.05,calibration,1003,26,0.03469625207838345
A,0.05,calibration,1003,27,0.035355494993255715
A,0.05,calibration,1003,28,0.02918747942824007
A,0.05,calibration,1003,29,0.02711831104371963
A,0.05,calibration,1003,30,0.02439407871753868
A,0.05,calibration,1003,31,0.0437733579465526
A,0.05,calibration,1003,32,0.05565365096847841
A,0.05,calibration,1003,33,0.031932683029966415
A,0.05,calibration,1003,34,0.03590705151446192
A,0.05,calibration,1003,35,0.02327749017221146
A,0.05,calibration,1003,36,0.029921049783718092
A,0.05,calibration,1003,37,0.04441658785313546
A,0.05,calibration,1003,38,0.03298066752014206
A,0.05,calibration,1003,39,0.028117402671281155
A,0.05,calibration,1003,40,0.02475887568639007
A,0.05,calibration,1003,41,0.02922900815217294
A,0.05,calibration,1003,42,0.0597871698348979
A,0.05,calibration,1003,43,0.03724284494917496
A,0.05,calibration,1003,44,0.02183303425319366
A,0.05,calibration,1003,45,0.041476704656415786
A,0.05,calibration,1003,46,0.043168406742535526
A,0.05,calibration,1003,47,0.05932099274417818
A,0.05,calibration,1003,48,0.03437674846748751
A,0.05,calibration,1003,49,0.030323002316068715
A,0.05,calibration,1003,50,0.055618927241228605
A,0.05,calibration,1003,51,0.044189939764028685
A,0.05,calibration,1003,52,0.058426241784926815
A,0.05,calibration,1003,53,0.05690274989116326
A,0.05,calibration,1003,54,0.032986470891464066
A,0.05,calibration,1003,55,0.03774206378687331
A,0.05,calibration,1003,56,0.04143087531012375
A,0.05,calibration,1003,57,0.040212110006219326
A,0.05,calibration,1003,58,0.03222914587835474
A,0.05,calibration,1003,59,0.04282182393002193
A,0.05,calibration,1003,60,0.041177601308872394
A,0.05,calibration,1003,61,0.03160300454665277
A,0.05,calibration,1003,62,0.037678472787429966
A,0.05,calibration,1003,63,0.026697949313430197
A,0.05,calibration,1003,64,0.04045525772507679
A,0.05,calibration,1003,65,0.030696952438613895
A,0.05,calibration,1003,66,0.04964187670461885
A,0.05,calibration,1003,67,0.04172510189181618
A,0.05,calibration,1003,68,0.07074795960577174
A,0.05,calibration,1003,69,0.06205939585465309
A,0.05,calibration,1003,70,0.02511485102291955
A,0.05,calibration,1003,71,0.013122413535013838
A,0.05,calibration,1003,72,0.028138336133524372
A,0.05,calibration,1003,73,0.04028233733922146
A,0.05,calibration,1003,74,0.03490940683290416
A,0.05,calibration,1003,75,0.03490940683290416
A,0.05,calibration,1003,76,0.02715180956598222
A,0.05,calibration,1003,77,0.02224669443943819
A,0.05,calibration,1003,78,0.05004558089275608
A,0.05,calibration,1003,79,0.05338783160446653
A,0.05,calibration,1003,80,0.025222600853499387
A,0.05,calibration,1003,81,0.0322975186656711
A,0.05,calibration,1003,82,0.034694267223419284
A,0.05,calibration,1003,83,0.0427611279569808
A,0.05,calibration,1003,84,0.030227768874382666
A,0.05,calibration,1003,85,0.034416263659770525
A,0.05,calibration,1003,86,0.03289245493427971
A,0.05,calibration,1003,87,0.027747100112162693
A,0.05,calibration,1003,88,0.018215540190900548
A,0.05,calibration,1003,89,0.020565816268928838
A,0.05,calibration,1003,90,0.054480290566653544
A,0.05,calibration,1003,91,0.04577962945076858
A,0.05,calibration,1003,92,0.03253210495109632
A,0.05,calibration,1003,93,0.018290461912551827
A,0.05,calibration,1003,94,0.04363285770005819
A,0.05,calibration,1003,95,0.027009615196176284
A,0.05,calibration,1003,96,0.03803198767431277
A,0.05,calibration,1003,97,0.03803198767431277
A,0.05,calibration,1003,98,0.03656387312900911
A,0.05,calibration,1003,99,0.035814973586830785
A,0.05,calibration,1003,100,0.04455833728678632
A,0.05,calibration,1003,101,0.04125028060190514
A,0.05,calibration,1003,102,0.0333417739232616
A,0.05,calibration,1003,103,0.035251324022891384
A,0.05,calibration,1003,104,0.014340159820822734
A,0.05,calibration,1003,105,0.03504636242383945
A,0.05,calibration,1003,106,0.047598104738916666
A,0.05,calibration,1003,107,0.04162132756949087
A,0.05,calibration,1003,108,0.0375321363955638
A,0.05,calibration,1003,109,0.021986604385771158
A,0.05,calibration,1003,110,0.029510072028055834
A,0.05,calibration,1003,111,0.02258122121800013
A,0.05,calibration,1003,112,0.020894411812059893
A,0.05,calibration,1003,113,0.02996254329047164
A,0.05,calibration,1003,114,0.03822825200605927
A,0.05,calibration,1003,115,0.04414299196130356
A,0.05,calibration,1003,116,0.04445419168718856
A,0.05,calibration,1003,117,0.024464502616955847
A,0.05,calibration,1003,118,0.03247502292289972
A,0.05,calibration,1003,119,0.031486845143434916
A,0.05,calibration,1003,120,0.04217361309075218
A,0.05,calibration,1003,121,0.041538388253144806
A,0.05,calibration,1003,122,0.03294395215701982
A,0.05,calibration,1003,123,0.04388910759341719
A,0.05,calibration,1003,124,0.023441875124985495
A,0.05,calibration,1003,125,0.033343593368316944
A,0.05,calibration,1003,126,0.03367713673023204
A,0.05,calibration,1003,127,0.04641948680975355
A,0.05,calibration,1004,0,0.02645292185998465
A,0.05,calibration,1004,1,0.025942398377860762
A,0.05,calibration,1004,2,0.08982228131390385
A,0.05,calibration,1004,3,0.0708374857002636
A,0.05,calibration,1004,4,0.029136738903439208
A,0.05,calibration,1004,5,0.025547259560372376
A,0.05,calibration,1004,6,0.07879321077898471
A,0.05,calibration,1004,7,0.04014103486385823
A,0.05,calibration,1004,8,0.04856680967420207
A,0.05,calibration,1004,9,0.01991182162628491
A,0.05,calibration,1004,10,0.03789989009078534
A,0.05,calibration,1004,11,0.03226987348364064
A,0.05,calibration,1004,12,0.04767929622125289
A,0.05,calibration,1004,13,0.04418501250283585
A,0.05,calibration,1004,14,0.025063005227240365
A,0.05,calibration,1004,15,0.023839382793440944
A,0.05,calibration,1004,16,0.020980994289880095
A,0.05,calibration,1004,17,0.06045487382613807
A,0.05,calibration,1004,18,0.04850440425555047
A,0.05,calibration,1004,19,0.034976661948731
A,0.05,calibration,1004,20,0.028621687510844616
A,0.05,calibration,1004,21,0.02913622689439942
A,0.05,calibration,1004,22,0.0199236215370015
A,0.05,calibration,1004,23,0.031500068795957015
A,0.05,calibration,1004,24,0.03447291136266305
A,0.05,calibration,1004,25,0.03787100009853534
A,0.05,calibration,1004,26,0.024513254395076296
A,0.05,calibration,1004,27,0.027287759581759802
A,0.05,calibration,1004,28,0.03586570469049072
A,0.05,calibration,1004,29,0.05810600300183105
A,0.05,calibration,1004,30,0.033222574649917846
A,0.05,calibration,1004,31,0.03430700152267542
A,0.05,calibration,1004,32,0.017660448590292005
A,0.05,calibration,1004,33,0.02064603550475741
A,0.05,calibration,1004,34,0.04425235524775159
A,0.05,calibration,1004,35,0.038575723691819275
A,0.05,calibration,1004,36,0.03455782560525189
A,0.05,calibration,1004,37,0.031256584108266636
A,0.05,calibration,1004,38,0.02702079908594096
A,0.05,calibration,1004,39,0.03344037210429446
A,0.05,calibration,1004,40,0.028346772350087396
A,0.05,calibration,1004,41,0.029034575200258927
A,0.05,calibration,1004,42,0.03441152983561992
A,0.05,calibration,1004,43,0.04099950800740179
A,0.05,calibration,1004,44,0.04517150669430545
A,0.05,calibration,1004,45,0.03594197885545747
A,0.05,calibration,1004,46,0.019326161015949528
A,0.05,calibration,1004,47,0.042378994387451296
A,0.05,calibration,1004,48,0.04005665040460937
A,0.05,calibration,1004,49,0.03640068621758371
A,0.05,calibration,1004,50,0.026110665989693485
A,0.05,calibration,1004,51,0.035723212390931236
A,0.05,calibration,1004,52,0.031082492502278514
A,0.05,calibration,1004,53,0.04140816532360897
A,0.05,calibration,1004,54,0.0501381907585417
A,0.05,calibration,1004,55,0.06243093499344998
A,0.05,calibration,1004,56,0.06569406485106744
A,0.05,calibration,1004,57,0.03978901072522434
A,0.05,calibration,1004,58,0.026779566368053093
A,0.05,calibration,1004,59,0.03931455243584017
A,0.05,calibration,1004,60,0.03223793553081894
A,0.05,calibration,1004,61,0.03634839433836995
A,0.05,calibration,1004,62,0.027513613076334535
A,0.05,calibration,1004,63,0.02935271305099857
A,0.05,calibration,1004,64,0.03944424802562846
A,0.05,calibration,1004,65,0.07600282304387423
A,0.05,calibration,1004,66,0.060234386620422464
A,0.05,calibration,1004,67,0.031668859920788675
A,0.05,calibration,1004,68,0.026219372280342212
A,0.05,calibration,1004,69,0.04434467327002484
A,0.05,calibration,1004,70,0.04241063195247055
A,0.05,calibration,1004,71,0.027030807972628842
A,0.05,calibration,1004,72,0.04908765018326708
A,0.05,calibration,1004,73,0.03745493695612384
A,0.05,calibration,1004,74,0.030199573631852716
A,0.05,calibration,1004,75,0.03257043863540185
A,0.05,calibration,1004,76,0.04094346967958174
A,0.05,calibration,1004,77,0.04416210154711048
A,0.05,calibration,1004,78,0.06928827836390722
A,0.05,calibration,1004,79,0.019736731286498034
A,0.05,calibration,1004,80,0.033064605770996874
A,0.05,calibration,1004,81,0.03865737829343138
A,0.05,calibration,1004,82,0.014284881298195051
A,0.05,calibration,1004,83,0.03687630663463291
A,0.05,calibration,1004,84,0.04547100571513213
A,0.05,calibration,1004,85,0.03545367367964504
A,0.05,calibration,1004,86,0.04096373629006195
A,0.05,calibration,1004,87,0.05427447027289867
A,0.05,calibration,1004,88,0.0376006644726435
A,0.05,calibration,1004,89,0.03764593981547015
A,0.05,calibration,1004,90,0.027640669844396948
A,0.05,calibration,1004,91,0.030727828140770352
A,0.05,calibration,1004,92,0.038598941342505966
A,0.05,calibration,1004,93,0.043084330686516736
A,0.05,calibration,1004,94,0.03939603163016719
A,0.05,calibration,1004,95,0.02807293128915911
A,0.05,calibration,1004,96,0.0351260882423991
A,0.05,calibration,1004,97,0.05753345045027053
A,0.05,calibration,1004,98,0.041850701856230244
A,0.05,calibration,1004,99,0.032113709177262556
A,0.05,calibration,1004,100,0.03020357859382109
A,0.05,calibration,1004,101,0.03154177301332288
A,0.05,calibration,1004,102,0.03410709030285162
A,0.05,calibration,1004,103,0.02955669066030183
A,0.05,calibration,1004,104,0.04442468990709987
A,0.05,calibration,1004,105,0.026820944326995555
A,0.05,calibration,1004,106,0.024915578841470526
A,0.05,calibration,1004,107,0.04917399817418433
A,0.05,calibration,1004,108,0.027777390093089202
A,0.05,calibration,1004,109,0.051902798059033806
A,0.05,calibration,1004,110,0.03598298181217785
A,0.05,calibration,1004,111,0.0379703313873264
A,0.05,calibration,1004,112,0.03568634882515896
A,0.05,calibration,1004,113,0.020152747800716353
A,0.05,calibration,1004,114,0.0218424907713229
A,0.05,calibration,1004,115,0.038779841059462514
A,0.05,calibration,1004,116,0.043898690303633955
A,0.05,calibration,1004,117,0.06274660355701206
A,0.05,calibration,1004,118,0.04696357290715797
A,0.05,calibration,1004,119,0.0276981022372378
A,0.05,calibration,1004,120,0.029439693701520164
A,0.05,calibration,1004,121,0.03821494612878329
A,0.05,calibration,1004,122,0.02966941470130255
A,0.05,calibration,1004,123,0.058063127578998716
A,0.05,calibration,1004,124,0.05273499606260798
A,0.05,calibration,1004,125,0.028517201057834257
A,0.05,calibration,1004,126,0.03582704498664491
A,0.05,calibration,1004,127,0.04478018082741997
A,0.05,evaluation,1005,0,0.03415763161689159
A,0.05,evaluation,1005,1,0.04267249320127059
A,0.05,evaluation,1005,2,0.02887474298537819
A,0.05,evaluation,1005,3,0.02796381737244394
A,0.05,evaluation,1005,4,0.04207042534689276
A,0.05,evaluation,1005,5,0.03369307912362596
A,0.05,evaluation,1005,6,0.03609052550814409
A,0.05,evaluation,1005,7,0.024475791470368047
A,0.05,evaluation,1005,8,0.024308254162987236
A,0.05,evaluation,1005,9,0.021491897684201677
A,0.05,evaluation,1005,10,0.01749863441577504
A,0.05,evaluation,1005,11,0.03218960909790042
A,0.05,evaluation,1005,12,0.05526998149567419
A,0.05,evaluation,1005,13,0.03792292584604201
A,0.05,evaluation,1005,14,0.03219302664707367
A,0.05,evaluation,1005,15,0.016176259432147413
A,0.05,evaluation,1005,16,0.02948693053135521
A,0.05,evaluation,1005,17,0.03512190196593776
A,0.05,evaluation,1005,18,0.024517819967345214
A,0.05,evaluation,1005,19,0.025959360143981647
A,0.05,evaluation,1005,20,0.033706119137507595
A,0.05,evaluation,1005,21,0.04561790991554271
A,0.05,evaluation,1005,22,0.0295945637018704
A,0.05,evaluation,1005,23,0.03488414545163416
A,0.05,evaluation,1005,24,0.042544536108125086
A,0.05,evaluation,1005,25,0.04092455907732813
A,0.05,evaluation,1005,26,0.034448610725443314
A,0.05,evaluation,1005,27,0.03405564401563845
A,0.05,evaluation,1005,28,0.02610415495120283
A,0.05,evaluation,1005,29,0.029270518621050623
A,0.05,evaluation,1005,30,0.036758006189820516
A,0.05,evaluation,1005,31,0.030039755503967147
A,0.05,evaluation,1005,32,0.05146207760174999
A,0.05,evaluation,1005,33,0.04303299709888625
A,0.05,evaluation,1005,34,0.03761488358655968
A,0.05,evaluation,1005,35,0.06149688568826739
A,0.05,evaluation,1005,36,0.02234387495263046
A,0.05,evaluation,1005,37,0.03289290943393436
A,0.05,evaluation,1005,38,0.033221753383010255
A,0.05,evaluation,1005,39,0.028316620467602416
A,0.05,evaluation,1005,40,0.05306344180025818
A,0.05,evaluation,1005,41,0.016039562005013552
A,0.05,evaluation,1005,42,0.03325945254856688
A,0.05,evaluation,1005,43,0.021293545101241686
A,0.05,evaluation,1005,44,0.03315340116713045
A,0.05,evaluation,1005,45,0.03575773346301658
A,0.05,evaluation,1005,46,0.0417129038633334
A,0.05,evaluation,1005,47,0.0417129038633334
A,0.05,evaluation,1005,48,0.03241298515670557
A,0.05,evaluation,1005,49,0.059383092027354534
A,0.05,evaluation,1005,50,0.03391774434419292
A,0.05,evaluation,1005,51,0.05778583620135308
A,0.05,evaluation,1005,52,0.03479828747294321
A,0.05,evaluation,1005,53,0.024567385525793684
A,0.05,evaluation,1005,54,0.044463790255325764
A,0.05,evaluation,1005,55,0.028626823223773246
A,0.05,evaluation,1005,56,0.031685342746338746
A,0.05,evaluation,1005,57,0.033626365072036424
A,0.05,evaluation,1005,58,0.036696074782816106
A,0.05,evaluation,1005,59,0.020937845502373487
A,0.05,evaluation,1005,60,0.03384271836725933
A,0.05,evaluation,1005,61,0.02984526526581644
A,0.05,evaluation,1005,62,0.03128341641937008
A,0.05,evaluation,1005,63,0.026544982979389564
A,0.05,evaluation,1005,64,0.029334542786288928
A,0.05,evaluation,1005,65,0.03293019962351146
A,0.05,evaluation,1005,66,0.039392345758695824
A,0.05,evaluation,1005,67,0.05588990213749752
A,0.05,evaluation,1005,68,0.04074185044010719
A,0.05,evaluation,1005,69,0.038627831116921654
A,0.05,evaluation,1005,70,0.04553060062682718
A,0.05,evaluation,1005,71,0.024898403487824905
A,0.05,evaluation,1005,72,0.03304065960694186
A,0.05,evaluation,1005,73,0.028844823453432755
A,0.05,evaluation,1005,74,0.025634167213505227
A,0.05,evaluation,1005,75,0.022362503742642426
A,0.05,evaluation,1005,76,0.03347362952686739
A,0.05,evaluation,1005,77,0.03536347914246479
A,0.05,evaluation,1005,78,0.036226545325905635
A,0.05,evaluation,1005,79,0.036226545325905635
A,0.05,evaluation,1005,80,0.04655172980105924
A,0.05,evaluation,1005,81,0.019609207683992658
A,0.05,evaluation,1005,82,0.05562996685988252
A,0.05,evaluation,1005,83,0.05624896428775619
A,0.05,evaluation,1005,84,0.04159063027870041
A,0.05,evaluation,1005,85,0.05150176379056387
A,0.05,evaluation,1005,86,0.042336908467031975
A,0.05,evaluation,1005,87,0.02592613878958508
A,0.05,evaluation,1005,88,0.03372987071516062
A,0.05,evaluation,1005,89,0.027906429697694857
A,0.05,evaluation,1005,90,0.034652692652213185
A,0.05,evaluation,1005,91,0.060343571866581625
A,0.05,evaluation,1005,92,0.027642756739577334
A,0.05,evaluation,1005,93,0.02598801385804092
A,0.05,evaluation,1005,94,0.030527112170360637
A,0.05,evaluation,1005,95,0.0277822209435718
A,0.05,evaluation,1005,96,0.028992367680075015
A,0.05,evaluation,1005,97,0.02933617638606921
A,0.05,evaluation,1005,98,0.02933617638606921
A,0.05,evaluation,1005,99,0.04115322959386636
A,0.05,evaluation,1005,100,0.03112157177556619
A,0.05,evaluation,1005,101,0.02537427831063424
A,0.05,evaluation,1005,102,0.03334364778223872
A,0.05,evaluation,1005,103,0.027187074655076693
A,0.05,evaluation,1005,104,0.030842021746182946
A,0.05,evaluation,1005,105,0.044635049324799836
A,0.05,evaluation,1005,106,0.02023874744432025
A,0.05,evaluation,1005,107,0.0289505333855654
A,0.05,evaluation,1005,108,0.027557247385859462
A,0.05,evaluation,1005,109,0.04487433967949639
A,0.05,evaluation,1005,110,0.04347229174684475
A,0.05,evaluation,1005,111,0.023647755765158762
A,0.05,evaluation,1005,112,0.032370384626031645
A,0.05,evaluation,1005,113,0.03324035331035412
A,0.05,evaluation,1005,114,0.022993601619685805
A,0.05,evaluation,1005,115,0.025232166789518694
A,0.05,evaluation,1005,116,0.034770650481992904
A,0.05,evaluation,1005,117,0.03717327981939733
A,0.05,evaluation,1005,118,0.04907421590276628
A,0.05,evaluation,1005,119,0.030735306422446068
A,0.05,evaluation,1005,120,0.029193794071019907
A,0.05,evaluation,1005,121,0.048643405135000206
A,0.05,evaluation,1005,122,0.05161667760580024
A,0.05,evaluation,1005,123,0.028037470963200126
A,0.05,evaluation,1005,124,0.022303130559898583
A,0.05,evaluation,1005,125,0.03809521759814499
A,0.05,evaluation,1005,126,0.0533791648308552
A,0.05,evaluation,1005,127,0.02894998410583638
A,0.05,evaluation,1006,0,0.04125321341229608
A,0.05,evaluation,1006,1,0.037508843274743256
A,0.05,evaluation,1006,2,0.05084409670713631
A,0.05,evaluation,1006,3,0.04437117292521203
A,0.05,evaluation,1006,4,0.05971010063085652
A,0.05,evaluation,1006,5,0.039716807769498874
A,0.05,evaluation,1006,6,0.02369658225360003
A,0.05,evaluation,1006,7,0.03994811466176357
A,0.05,evaluation,1006,8,0.030821367664376487
A,0.05,evaluation,1006,9,0.029214842767417037
A,0.05,evaluation,1006,10,0.022943049851486888
A,0.05,evaluation,1006,11,0.01984215887483584
A,0.05,evaluation,1006,12,0.0416704495690536
A,0.05,evaluation,1006,13,0.04032820722093253
A,0.05,evaluation,1006,14,0.024257919503300363
A,0.05,evaluation,1006,15,0.052763981829302586
A,0.05,evaluation,1006,16,0.04813083348913294
A,0.05,evaluation,1006,17,0.036730809450371084
A,0.05,evaluation,1006,18,0.04448261321764885
A,0.05,evaluation,1006,19,0.017533215514830475
A,0.05,evaluation,1006,20,0.04216150482381567
A,0.05,evaluation,1006,21,0.04499329983856214
A,0.05,evaluation,1006,22,0.055734978965715
A,0.05,evaluation,1006,23,0.03822837830213625
A,0.05,evaluation,1006,24,0.0342099316957068
A,0.05,evaluation,1006,25,0.02214323956640102
A,0.05,evaluation,1006,26,0.03775413926567758
A,0.05,evaluation,1006,27,0.02550205197560773
A,0.05,evaluation,1006,28,0.032522721943687216
A,0.05,evaluation,1006,29,0.029181099730005544
A,0.05,evaluation,1006,30,0.024163151034888142
A,0.05,evaluation,1006,31,0.033544681319206515
A,0.05,evaluation,1006,32,0.03124410574214456
A,0.05,evaluation,1006,33,0.058487536969797305
A,0.05,evaluation,1006,34,0.024020470260033566
A,0.05,evaluation,1006,35,0.02978825836163168
A,0.05,evaluation,1006,36,0.015240282268528638
A,0.05,evaluation,1006,37,0.03789555695288885
A,0.05,evaluation,1006,38,0.02409282497629786
A,0.05,evaluation,1006,39,0.02929386679057119
A,0.05,evaluation,1006,40,0.025470494271434163
A,0.05,evaluation,1006,41,0.03176639355476324
A,0.05,evaluation,1006,42,0.026965369561312902
A,0.05,evaluation,1006,43,0.022144286198072786
A,0.05,evaluation,1006,44,0.022144286198072786
A,0.05,evaluation,1006,45,0.03082080431253871
A,0.05,evaluation,1006,46,0.029740517084450434
A,0.05,evaluation,1006,47,0.027207949003642255
A,0.05,evaluation,1006,48,0.01996612593014291
A,0.05,evaluation,1006,49,0.03311955608285873
A,0.05,evaluation,1006,50,0.034933049177546804
A,0.05,evaluation,1006,51,0.031022769058323477
A,0.05,evaluation,1006,52,0.029055968663278697
A,0.05,evaluation,1006,53,0.04396468623958494
A,0.05,evaluation,1006,54,0.032089121044752145
A,0.05,evaluation,1006,55,0.031092498923080168
A,0.05,evaluation,1006,56,0.03232616288130366
A,0.05,evaluation,1006,57,0.027131760356177786
A,0.05,evaluation,1006,58,0.023229661455280333
A,0.05,evaluation,1006,59,0.0416720568359564
A,0.05,evaluation,1006,60,0.02252406581494638
A,0.05,evaluation,1006,61,0.02824136761023216
A,0.05,evaluation,1006,62,0.01894354162667414
A,0.05,evaluation,1006,63,0.022446957243513116
A,0.05,evaluation,1006,64,0.03485567226428164
A,0.05,evaluation,1006,65,0.04770019253074462
A,0.05,evaluation,1006,66,0.04599266486591799
A,0.05,evaluation,1006,67,0.030348698718174805
A,0.05,evaluation,1006,68,0.03834977511077523
A,0.05,evaluation,1006,69,0.03834977511077523
A,0.05,evaluation,1006,70,0.02981937878349688
A,0.05,evaluation,1006,71,0.02643903587998675
A,0.05,evaluation,1006,72,0.021184921490964306
A,0.05,evaluation,1006,73,0.03817944527608125
A,0.05,evaluation,1006,74,0.03019294437881309
A,0.05,evaluation,1006,75,0.01747436812958722
A,0.05,evaluation,1006,76,0.02954528660988995
A,0.05,evaluation,1006,77,0.027806479461492034
A,0.05,evaluation,1006,78,0.0339788433792676
A,0.05,evaluation,1006,79,0.02202980765801671
A,0.05,evaluation,1006,80,0.05397193484701554
A,0.05,evaluation,1006,81,0.04752055022656428
A,0.05,evaluation,1006,82,0.026690598739466997
A,0.05,evaluation,1006,83,0.029690362660748447
A,0.05,evaluation,1006,84,0.04710905459139392
A,0.05,evaluation,1006,85,0.043015483192457626
A,0.05,evaluation,1006,86,0.0385756353408026
A,0.05,evaluation,1006,87,0.04421632845810806
A,0.05,evaluation,1006,88,0.040176761059417365
A,0.05,evaluation,1006,89,0.04270886971645188
A,0.05,evaluation,1006,90,0.02726691432151973
A,0.05,evaluation,1006,91,0.02669440645895177
A,0.05,evaluation,1006,92,0.04224032127230551
A,0.05,evaluation,1006,93,0.030302675536898582
A,0.05,evaluation,1006,94,0.02305948541829779
A,0.05,evaluation,1006,95,0.03622746154776153
A,0.05,evaluation,1006,96,0.0489398973845912
A,0.05,evaluation,1006,97,0.03129759419015994
A,0.05,evaluation,1006,98,0.046785137384961595
A,0.05,evaluation,1006,99,0.034097495368538004
A,0.05,evaluation,1006,100,0.04770244841747069
A,0.05,evaluation,1006,101,0.03876983201006412
A,0.05,evaluation,1006,102,0.04028432497617801
A,0.05,evaluation,1006,103,0.038367475323411476
A,0.05,evaluation,1006,104,0.04931194935421063
A,0.05,evaluation,1006,105,0.048645460272874086
A,0.05,evaluation,1006,106,0.024346980677676214
A,0.05,evaluation,1006,107,0.024435263965037063
A,0.05,evaluation,1006,108,0.02119191624147035
A,0.05,evaluation,1006,109,0.0399164186031237
A,0.05,evaluation,1006,110,0.03989906796019302
A,0.05,evaluation,1006,111,0.034370462519712375
A,0.05,evaluation,1006,112,0.033155758398926205
A,0.05,evaluation,1006,113,0.029346611854885192
A,0.05,evaluation,1006,114,0.04296190911223955
A,0.05,evaluation,1006,115,0.03427804269930984
A,0.05,evaluation,1006,116,0.030610834674855196
A,0.05,evaluation,1006,117,0.04686478583884439
A,0.05,evaluation,1006,118,0.03617627071799512
A,0.05,evaluation,1006,119,0.03669794055828929
A,0.05,evaluation,1006,120,0.04264445113822862
A,0.05,evaluation,1006,121,0.03352768389232086
A,0.05,evaluation,1006,122,0.01625987280846082
A,0.05,evaluation,1006,123,0.02232053216892152
A,0.05,evaluation,1006,124,0.04512235083193494
A,0.05,evaluation,1006,125,0.03839381953650562
A,0.05,evaluation,1006,126,0.04648411120483015
A,0.05,evaluation,1006,127,0.04860332517936583
A,0.05,evaluation,1007,0,0.05059237300577936
A,0.05,evaluation,1007,1,0.0504021424338678
A,0.05,evaluation,1007,2,0.03671061647577135
A,0.05,evaluation,1007,3,0.047605741730426476
A,0.05,evaluation,1007,4,0.027932227006748626
A,0.05,evaluation,1007,5,0.03339092149474319
A,0.05,evaluation,1007,6,0.053554738386104195
A,0.05,evaluation,1007,7,0.0342487890925592
A,0.05,evaluation,1007,8,0.03815188820505522
A,0.05,evaluation,1007,9,0.04404091797333857
A,0.05,evaluation,1007,10,0.02589008391992917
A,0.05,evaluation,1007,11,0.04104613691070932
A,0.05,evaluation,1007,12,0.028794978263801896
A,0.05,evaluation,1007,13,0.028994230414801585
A,0.05,evaluation,1007,14,0.032904559980530566
A,0.05,evaluation,1007,15,0.03667814445214562
A,0.05,evaluation,1007,16,0.024116537339704563
A,0.05,evaluation,1007,17,0.035061361801135726
A,0.05,evaluation,1007,18,0.024419286139133745
A,0.05,evaluation,1007,19,0.038351354175918166
A,0.05,evaluation,1007,20,0.038351354175918166
A,0.05,evaluation,1007,21,0.041824126121995375
A,0.05,evaluation,1007,22,0.025517492370001685
A,0.05,evaluation,1007,23,0.01862744053850978
A,0.05,evaluation,1007,24,0.046325351026538175
A,0.05,evaluation,1007,25,0.04945968075442997
A,0.05,evaluation,1007,26,0.03331141531748638
A,0.05,evaluation,1007,27,0.02377187951968146
A,0.05,evaluation,1007,28,0.03268305139529028
A,0.05,evaluation,1007,29,0.027290092597380522
A,0.05,evaluation,1007,30,0.03989533629070634
A,0.05,evaluation,1007,31,0.027300914038313272
A,0.05,evaluation,1007,32,0.03900349660705496
A,0.05,evaluation,1007,33,0.02912422192371182
A,0.05,evaluation,1007,34,0.020263676800464953
A,0.05,evaluation,1007,35,0.03515122684148464
A,0.05,evaluation,1007,36,0.03112760946301618
A,0.05,evaluation,1007,37,0.05985125250599982
A,0.05,evaluation,1007,38,0.03890582822724454
A,0.05,evaluation,1007,39,0.044438718326872545
A,0.05,evaluation,1007,40,0.04386487006497193
A,0.05,evaluation,1007,41,0.029715229512838004
A,0.05,evaluation,1007,42,0.03809682673235421
A,0.05,evaluation,1007,43,0.0665977651959671
A,0.05,evaluation,1007,44,0.05442624230048787
A,0.05,evaluation,1007,45,0.025243799573122006
A,0.05,evaluation,1007,46,0.03827309665323586
A,0.05,evaluation,1007,47,0.02695293451966434
A,0.05,evaluation,1007,48,0.02941050002041612
A,0.05,evaluation,1007,49,0.026318398555875366
A,0.05,evaluation,1007,50,0.0452909182651057
A,0.05,evaluation,1007,51,0.04332600336562339
A,0.05,evaluation,1007,52,0.030440397501197758
A,0.05,evaluation,1007,53,0.028442595936244403
A,0.05,evaluation,1007,54,0.037083031327712734
A,0.05,evaluation,1007,55,0.044918282281621286
A,0.05,evaluation,1007,56,0.027302521395209264
A,0.05,evaluation,1007,57,0.022792965389356157
A,0.05,evaluation,1007,58,0.0316575848090036
A,0.05,evaluation,1007,59,0.03247617807958682
A,0.05,evaluation,1007,60,0.017192411058757517
A,0.05,evaluation,1007,61,0.039992224401763185
A,0.05,evaluation,1007,62,0.03966511278752008
A,0.05,evaluation,1007,63,0.06737193597610897
A,0.05,evaluation,1007,64,0.04301954738981589
A,0.05,evaluation,1007,65,0.025147205762726006
A,0.05,evaluation,1007,66,0.03755566447733005
A,0.05,evaluation,1007,67,0.029505109898727483
A,0.05,evaluation,1007,68,0.03149479388196261
A,0.05,evaluation,1007,69,0.037354810298255964
A,0.05,evaluation,1007,70,0.04196869864863633
A,0.05,evaluation,1007,71,0.038608268163769416
A,0.05,evaluation,1007,72,0.032178664503287185
A,0.05,evaluation,1007,73,0.03621320788876332
A,0.05,evaluation,1007,74,0.04021161776462772
A,0.05,evaluation,1007,75,0.038779995587222005
A,0.05,evaluation,1007,76,0.0331002243801959
A,0.05,evaluation,1007,77,0.039035234847691884
A,0.05,evaluation,1007,78,0.029795340150638956
A,0.05,evaluation,1007,79,0.03107164220172596
A,0.05,evaluation,1007,80,0.0904885174794045
A,0.05,evaluation,1007,81,0.06831715400314697
A,0.05,evaluation,1007,82,0.04173647261388408
A,0.05,evaluation,1007,83,0.06703956586283266
A,0.05,evaluation,1007,84,0.06520388797066329
A,0.05,evaluation,1007,85,0.025914848121599325
A,0.05,evaluation,1007,86,0.01602461799944993
A,0.05,evaluation,1007,87,0.025307054624215244
A,0.05,evaluation,1007,88,0.03425028229873779
A,0.05,evaluation,1007,89,0.024214821141935433
A,0.05,evaluation,1007,90,0.060124739552346096
A,0.05,evaluation,1007,91,0.03063895878979425
A,0.05,evaluation,1007,92,0.06040252475596697
A,0.05,evaluation,1007,93,0.038157513275598805
A,0.05,evaluation,1007,94,0.03033427091596458
A,0.05,evaluation,1007,95,0.030827012235434104
A,0.05,evaluation,1007,96,0.02939990828418998
A,0.05,evaluation,1007,97,0.03085571358316086
A,0.05,evaluation,1007,98,0.02137482321821642
A,0.05,evaluation,1007,99,0.034923297305514356
A,0.05,evaluation,1007,100,0.044748222479877184
A,0.05,evaluation,1007,101,0.04570612338378534
A,0.05,evaluation,1007,102,0.04138166500752587
A,0.05,evaluation,1007,103,0.03376053170932862
A,0.05,evaluation,1007,104,0.040019541275729646
A,0.05,evaluation,1007,105,0.02446983957436838
A,0.05,evaluation,1007,106,0.03862460704323861
A,0.05,evaluation,1007,107,0.03862460704323861
A,0.05,evaluation,1007,108,0.024913762884216206
A,0.05,evaluation,1007,109,0.023877341699505478
A,0.05,evaluation,1007,110,0.017889686778416902
A,0.05,evaluation,1007,111,0.0423146575831459
A,0.05,evaluation,1007,112,0.06172151848152274
A,0.05,evaluation,1007,113,0.05100200512948022
A,0.05,evaluation,1007,114,0.02706027426795604
A,0.05,evaluation,1007,115,0.01954234913870219
A,0.05,evaluation,1007,116,0.032055484769834164
A,0.05,evaluation,1007,117,0.022391241305539288
A,0.05,evaluation,1007,118,0.024208783307550913
A,0.05,evaluation,1007,119,0.03243523682190258
A,0.05,evaluation,1007,120,0.0322613688696513
A,0.05,evaluation,1007,121,0.043734861202806785
A,0.05,evaluation,1007,122,0.04626287077781728
A,0.05,evaluation,1007,123,0.0369275329967073
A,0.05,evaluation,1007,124,0.03709190115278699
A,0.05,evaluation,1007,125,0.036064753213534
A,0.05,evaluation,1007,126,0.037220714430283824
A,0.05,evaluation,1007,127,0.06507153109337643
A,0.05,evaluation,1008,0,0.03151328929392255
A,0.05,evaluation,1008,1,0.051442219071301615
A,0.05,evaluation,1008,2,0.030162846382313674
A,0.05,evaluation,1008,3,0.03681993528594513
A,0.05,evaluation,1008,4,0.028790661288198738
A,0.05,evaluation,1008,5,0.05052962810342575
A,0.05,evaluation,1008,6,0.04482193956855889
A,0.05,evaluation,1008,7,0.04317634297166701
A,0.05,evaluation,1008,8,0.0302355915826083
A,0.05,evaluation,1008,9,0.033361903681334015
A,0.05,evaluation,1008,10,0.02825742088528645
A,0.05,evaluation,1008,11,0.027186965186514825
A,0.05,evaluation,1008,12,0.045758148675079574
A,0.05,evaluation,1008,13,0.03810870224976021
A,0.05,evaluation,1008,14,0.048268162463023345
A,0.05,evaluation,1008,15,0.05080487321482863
A,0.05,evaluation,1008,16,0.0402983906596414
A,0.05,evaluation,1008,17,0.03185111493633129
A,0.05,evaluation,1008,18,0.026177386868449698
A,0.05,evaluation,1008,19,0.04410998798046232
A,0.05,evaluation,1008,20,0.04445676331297745
A,0.05,evaluation,1008,21,0.033126028469889095
A,0.05,evaluation,1008,22,0.02449159179818383
A,0.05,evaluation,1008,23,0.03557139244140407
A,0.05,evaluation,1008,24,0.03322986870894051
A,0.05,evaluation,1008,25,0.031535231392340074
A,0.05,evaluation,1008,26,0.023727504834587687
A,0.05,evaluation,1008,27,0.030399341950765015
A,0.05,evaluation,1008,28,0.02974326850949094
A,0.05,evaluation,1008,29,0.031834678570024866
A,0.05,evaluation,1008,30,0.02759300216365712
A,0.05,evaluation,1008,31,0.046625845779994124
A,0.05,evaluation,1008,32,0.035890828748619166
A,0.05,evaluation,1008,33,0.03381975166159895
A,0.05,evaluation,1008,34,0.023088157522171665
A,0.05,evaluation,1008,35,0.04272573483637278
A,0.05,evaluation,1008,36,0.03678322179947207
A,0.05,evaluation,1008,37,0.03647049848886352
A,0.05,evaluation,1008,38,0.06358128525646156
A,0.05,evaluation,1008,39,0.037544930380379204
A,0.05,evaluation,1008,40,0.018022800128508765
A,0.05,evaluation,1008,41,0.03629991288695106
A,0.05,evaluation,1008,42,0.043350472693773734
A,0.05,evaluation,1008,43,0.0384567355227995
A,0.05,evaluation,1008,44,0.038407811672781886
A,0.05,evaluation,1008,45,0.02018407007648717
A,0.05,evaluation,1008,46,0.02264340702715649
A,0.05,evaluation,1008,47,0.061184246338679915
A,0.05,evaluation,1008,48,0.05840263371050791
A,0.05,evaluation,1008,49,0.038282584957159756
A,0.05,evaluation,1008,50,0.039727001848632745
A,0.05,evaluation,1008,51,0.0350157410547296
A,0.05,evaluation,1008,52,0.03561848141912621
A,0.05,evaluation,1008,53,0.042703252287931426
A,0.05,evaluation,1008,54,0.03491149490037272
A,0.05,evaluation,1008,55,0.05810690742117636
A,0.05,evaluation,1008,56,0.019066120247200505
A,0.05,evaluation,1008,57,0.05365230295403972
A,0.05,evaluation,1008,58,0.048829588719617845
A,0.05,evaluation,1008,59,0.038007751547824375
A,0.05,evaluation,1008,60,0.03568914789784393
A,0.05,evaluation,1008,61,0.03244309225177448
A,0.05,evaluation,1008,62,0.03174864118021303
A,0.05,evaluation,1008,63,0.02707158152808678
A,0.05,evaluation,1008,64,0.03599245642782431
A,0.05,evaluation,1008,65,0.03042767526983413
A,0.05,evaluation,1008,66,0.04268193429294814
A,0.05,evaluation,1008,67,0.04523888869515824
A,0.05,evaluation,1008,68,0.032549068474387
A,0.05,evaluation,1008,69,0.03610072831202776
A,0.05,evaluation,1008,70,0.02931790163914275
A,0.05,evaluation,1008,71,0.03270179473359559
A,0.05,evaluation,1008,72,0.021383811784432993
A,0.05,evaluation,1008,73,0.020314613726395092
A,0.05,evaluation,1008,74,0.03645809107415254
A,0.05,evaluation,1008,75,0.03645809107415254
A,0.05,evaluation,1008,76,0.02932614967503061
A,0.05,evaluation,1008,77,0.037038246815517595
A,0.05,evaluation,1008,78,0.029271930896131643
A,0.05,evaluation,1008,79,0.041363245275601646
A,0.05,evaluation,1008,80,0.026415909293673073
A,0.05,evaluation,1008,81,0.04897811577214545
A,0.05,evaluation,1008,82,0.06098366101581665
A,0.05,evaluation,1008,83,0.021782260107405915
A,0.05,evaluation,1008,84,0.04877593584801922
A,0.05,evaluation,1008,85,0.04204297784972555
A,0.05,evaluation,1008,86,0.03868927684508618
A,0.05,evaluation,1008,87,0.02151608720584145
A,0.05,evaluation,1008,88,0.07217755343239823
A,0.05,evaluation,1008,89,0.042466405358337345
A,0.05,evaluation,1008,90,0.03268132715087234
A,0.05,evaluation,1008,91,0.044666915702274566
A,0.05,evaluation,1008,92,0.038081477080467885
A,0.05,evaluation,1008,93,0.015672872245206748
A,0.05,evaluation,1008,94,0.07035662409562532
A,0.05,evaluation,1008,95,0.05823646891398604
A,0.05,evaluation,1008,96,0.027872264838441296
A,0.05,evaluation,1008,97,0.0373363327167453
A,0.05,evaluation,1008,98,0.03256410121607278
A,0.05,evaluation,1008,99,0.030767794663658143
A,0.05,evaluation,1008,100,0.040754835497464115
A,0.05,evaluation,1008,101,0.03603083187676456
A,0.05,evaluation,1008,102,0.051310133262753584
A,0.05,evaluation,1008,103,0.05489161834296036
A,0.05,evaluation,1008,104,0.028283823098617447
A,0.05,evaluation,1008,105,0.03980514605536257
A,0.05,evaluation,1008,106,0.03766314797912451
A,0.05,evaluation,1008,107,0.05483796766922128
A,0.05,evaluation,1008,108,0.02634321390384642
A,0.05,evaluation,1008,109,0.0325510353906462
A,0.05,evaluation,1008,110,0.02454815449451135
A,0.05,evaluation,1008,111,0.0426308344390748
A,0.05,evaluation,1008,112,0.03272952226489624
A,0.05,evaluation,1008,113,0.024168987775736783
A,0.05,evaluation,1008,114,0.0179000152322287
A,0.05,evaluation,1008,115,0.03224429546333275
A,0.05,evaluation,1008,116,0.0356611479905439
A,0.05,evaluation,1008,117,0.027340207694243196
A,0.05,evaluation,1008,118,0.03494132074054828
A,0.05,evaluation,1008,119,0.023352581406430782
A,0.05,evaluation,1008,120,0.030333262701912153
A,0.05,evaluation,1008,121,0.023067445170466605
A,0.05,evaluation,1008,122,0.04402185059418745
A,0.05,evaluation,1008,123,0.03856827298557064
A,0.05,evaluation,1008,124,0.03282957123326713
A,0.05,evaluation,1008,125,0.03238550284740441
A,0.05,evaluation,1008,126,0.021637805586087522
A,0.05,evaluation,1008,127,0.03597878875386823
A,0.05,evaluation,1009,0,0.02097100204951452
A,0.05,evaluation,1009,1,0.03379419869059205
A,0.05,evaluation,1009,2,0.03853075216166185
A,0.05,evaluation,1009,3,0.04345300894755304
A,0.05,evaluation,1009,4,0.03959482408072457
A,0.05,evaluation,1009,5,0.03680518851997151
A,0.05,evaluation,1009,6,0.06496424523439714
A,0.05,evaluation,1009,7,0.04128124973812647
A,0.05,evaluation,1009,8,0.03768183792460611
A,0.05,evaluation,1009,9,0.020400315888238818
A,0.05,evaluation,1009,10,0.023905682010398166
A,0.05,evaluation,1009,11,0.031511691995191604
A,0.05,evaluation,1009,12,0.023361405362001486
A,0.05,evaluation,1009,13,0.028611653694016748
A,0.05,evaluation,1009,14,0.03369560228936827
A,0.05,evaluation,1009,15,0.03369560228936827
A,0.05,evaluation,1009,16,0.03198360810861145
A,0.05,evaluation,1009,17,0.04346957491695741
A,0.05,evaluation,1009,18,0.04252439791797681
A,0.05,evaluation,1009,19,0.04118582996972812
A,0.05,evaluation,1009,20,0.02629429709684422
A,0.05,evaluation,1009,21,0.02714650378847322
A,0.05,evaluation,1009,22,0.02550488439479842
A,0.05,evaluation,1009,23,0.02602289063156782
A,0.05,evaluation,1009,24,0.025676254234189212
A,0.05,evaluation,1009,25,0.03764361041576948
A,0.05,evaluation,1009,26,0.0204541005009833
A,0.05,evaluation,1009,27,0.044238849059121524
A,0.05,evaluation,1009,28,0.02168384483967828
A,0.05,evaluation,1009,29,0.03955028381422697
A,0.05,evaluation,1009,30,0.033988007228062896
A,0.05,evaluation,1009,31,0.022191925659181155
A,0.05,evaluation,1009,32,0.027577362562316188
A,0.05,evaluation,1009,33,0.05437960695479943
A,0.05,evaluation,1009,34,0.026388003968811358
A,0.05,evaluation,1009,35,0.035181004600457866
A,0.05,evaluation,1009,36,0.015279076101634786
A,0.05,evaluation,1009,37,0.03555848147683227
A,0.05,evaluation,1009,38,0.03604233417108067
A,0.05,evaluation,1009,39,0.045033573691371155
A,0.05,evaluation,1009,40,0.05315360299095084
A,0.05,evaluation,1009,41,0.03935856724251613
A,0.05,evaluation,1009,42,0.04907400252849736
A,0.05,evaluation,1009,43,0.027500928130459873
A,0.05,evaluation,1009,44,0.02005094839411521
A,0.05,evaluation,1009,45,0.06314940434405852
A,0.05,evaluation,1009,46,0.06840709802995504
A,0.05,evaluation,1009,47,0.03611242733943276
A,0.05,evaluation,1009,48,0.03307385765391663
A,0.05,evaluation,1009,49,0.021633863463111712
A,0.05,evaluation,1009,50,0.03510448782567241
A,0.05,evaluation,1009,51,0.05879059312071988
A,0.05,evaluation,1009,52,0.02455626960116242
A,0.05,evaluation,1009,53,0.04987367999410707
A,0.05,evaluation,1009,54,0.034054896167834026
A,0.05,evaluation,1009,55,0.04474602303031137
A,0.05,evaluation,1009,56,0.048031595423257474
A,0.05,evaluation,1009,57,0.05620980426646754
A,0.05,evaluation,1009,58,0.04017163147918493
A,0.05,evaluation,1009,59,0.037180491959761586
A,0.05,evaluation,1009,60,0.07340509408986207
A,0.05,evaluation,1009,61,0.0530020127795055
A,0.05,evaluation,1009,62,0.026026985647699494
A,0.05,evaluation,1009,63,0.03568719556337728
A,0.05,evaluation,1009,64,0.04146752004162933
A,0.05,evaluation,1009,65,0.036131554001541055
A,0.05,evaluation,1009,66,0.03080303705330706
A,0.05,evaluation,1009,67,0.02001162708513886
A,0.05,evaluation,1009,68,0.04712778444966545
A,0.05,evaluation,1009,69,0.024804967952959167
A,0.05,evaluation,1009,70,0.03122665040009987
A,0.05,evaluation,1009,71,0.04522345345496148
A,0.05,evaluation,1009,72,0.04026342711320691
A,0.05,evaluation,1009,73,0.027567410538235422
A,0.05,evaluation,1009,74,0.025926177967163677
A,0.05,evaluation,1009,75,0.038370152020795856
A,0.05,evaluation,1009,76,0.04372544107237103
A,0.05,evaluation,1009,77,0.028961847134405305
A,0.05,evaluation,1009,78,0.04197417826374315
A,0.05,evaluation,1009,79,0.04886226330633475
A,0.05,evaluation,1009,80,0.04046993990538433
A,0.05,evaluation,1009,81,0.031240670730923736
A,0.05,evaluation,1009,82,0.026273006068231713
A,0.05,evaluation,1009,83,0.029474344439536393
A,0.05,evaluation,1009,84,0.05389257575047672
A,0.05,evaluation,1009,85,0.02382625858525858
A,0.05,evaluation,1009,86,0.035614965184520585
A,0.05,evaluation,1009,87,0.03306610101476667
A,0.05,evaluation,1009,88,0.0316409051996816
A,0.05,evaluation,1009,89,0.02134127912653437
A,0.05,evaluation,1009,90,0.023098481575033754
A,0.05,evaluation,1009,91,0.03654815298665477
A,0.05,evaluation,1009,92,0.03605433302574995
A,0.05,evaluation,1009,93,0.03022413106206151
A,0.05,evaluation,1009,94,0.01892195988280297
A,0.05,evaluation,1009,95,0.02120849599565179
A,0.05,evaluation,1009,96,0.05216255378454978
A,0.05,evaluation,1009,97,0.03916805442745491
A,0.05,evaluation,1009,98,0.04511569185974279
A,0.05,evaluation,1009,99,0.03176659873463612
A,0.05,evaluation,1009,100,0.031050156449809352
A,0.05,evaluation,1009,101,0.042715647080413734
A,0.05,evaluation,1009,102,0.03934571404324366
A,0.05,evaluation,1009,103,0.03291927418152444
A,0.05,evaluation,1009,104,0.03361000364772862
A,0.05,evaluation,1009,105,0.02675474190994387
A,0.05,evaluation,1009,106,0.034121772833061816
A,0.05,evaluation,1009,107,0.044077801153000695
A,0.05,evaluation,1009,108,0.04000240377395192
A,0.05,evaluation,1009,109,0.06118129988837155
A,0.05,evaluation,1009,110,0.04729021844944535
A,0.05,evaluation,1009,111,0.035947172565342855
A,0.05,evaluation,1009,112,0.037969891797013114
A,0.05,evaluation,1009,113,0.024900300180611373
A,0.05,evaluation,1009,114,0.05644126108266073
A,0.05,evaluation,1009,115,0.04929236300995887
A,0.05,evaluation,1009,116,0.04802182994856593
A,0.05,evaluation,1009,117,0.04417723950576563
A,0.05,evaluation,1009,118,0.0337515245282199
A,0.05,evaluation,1009,119,0.055880519430565934
A,0.05,evaluation,1009,120,0.03886615184847578
A,0.05,evaluation,1009,121,0.03796893326993246
A,0.05,evaluation,1009,122,0.0428364252974926
A,0.05,evaluation,1009,123,0.06704712754562686
A,0.05,evaluation,1009,124,0.030058481718967356
A,0.05,evaluation,1009,125,0.02917882185545885
A,0.05,evaluation,1009,126,0.03146189243923383
A,0.05,evaluation,1009,127,0.028665751954281782
A,0.05,evaluation,1010,0,0.04465886944015179
A,0.05,evaluation,1010,1,0.04159230417620683
A,0.05,evaluation,1010,2,0.026556235203888723
A,0.05,evaluation,1010,3,0.014504092427586462
A,0.05,evaluation,1010,4,0.02800179294500041
A,0.05,evaluation,1010,5,0.030006773825476785
A,0.05,evaluation,1010,6,0.04608516283214371
A,0.05,evaluation,1010,7,0.03612890008600522
A,0.05,evaluation,1010,8,0.05016133600779332
A,0.05,evaluation,1010,9,0.040563795861703
A,0.05,evaluation,1010,10,0.03691734157481012
A,0.05,evaluation,1010,11,0.03812039210860787
A,0.05,evaluation,1010,12,0.035982715605936515
A,0.05,evaluation,1010,13,0.038545466831853004
A,0.05,evaluation,1010,14,0.03816024667463752
A,0.05,evaluation,1010,15,0.028779866739825407
A,0.05,evaluation,1010,16,0.03965391344331526
A,0.05,evaluation,1010,17,0.028882004728620445
A,0.05,evaluation,1010,18,0.03837396462582454
A,0.05,evaluation,1010,19,0.03507716974334649
A,0.05,evaluation,1010,20,0.02135544547994589
A,0.05,evaluation,1010,21,0.055168708866255745
A,0.05,evaluation,1010,22,0.044158517425936704
A,0.05,evaluation,1010,23,0.04888281067883514
A,0.05,evaluation,1010,24,0.03826203711087882
A,0.05,evaluation,1010,25,0.03905479505362339
A,0.05,evaluation,1010,26,0.036421780438588375
A,0.05,evaluation,1010,27,0.05485638605071058
A,0.05,evaluation,1010,28,0.04966398032932511
A,0.05,evaluation,1010,29,0.04391004613331177
A,0.05,evaluation,1010,30,0.03888545452894726
A,0.05,evaluation,1010,31,0.03888545452894726
A,0.05,evaluation,1010,32,0.029877181840145317
A,0.05,evaluation,1010,33,0.03543385965154374
A,0.05,evaluation,1010,34,0.03359975202349117
A,0.05,evaluation,1010,35,0.03526674306923619
A,0.05,evaluation,1010,36,0.0339728322331353
A,0.05,evaluation,1010,37,0.026392978242134768
A,0.05,evaluation,1010,38,0.03255946678337643
A,0.05,evaluation,1010,39,0.03660525030275169
A,0.05,evaluation,1010,40,0.03391628413945823
A,0.05,evaluation,1010,41,0.03391628413945823
A,0.05,evaluation,1010,42,0.044823373499475426
A,0.05,evaluation,1010,43,0.036310626056251884
A,0.05,evaluation,1010,44,0.02808670700032507
A,0.05,evaluation,1010,45,0.03451796800977867
A,0.05,evaluation,1010,46,0.027313059834727343
A,0.05,evaluation,1010,47,0.04112207058560391
A,0.05,evaluation,1010,48,0.028580786106604125
A,0.05,evaluation,1010,49,0.031005689607686154
A,0.05,evaluation,1010,50,0.03408278002937537
A,0.05,evaluation,1010,51,0.04552824504580319
A,0.05,evaluation,1010,52,0.027507190420657232
A,0.05,evaluation,1010,53,0.03318985401143565
A,0.05,evaluation,1010,54,0.025769641640475016
A,0.05,evaluation,1010,55,0.05495487334576288
A,0.05,evaluation,1010,56,0.03047119748470445
A,0.05,evaluation,1010,57,0.031150688015930003
A,0.05,evaluation,1010,58,0.0396919129435952
A,0.05,evaluation,1010,59,0.06299282465551698
A,0.05,evaluation,1010,60,0.05827407165851223
A,0.05,evaluation,1010,61,0.029425902509868346
A,0.05,evaluation,1010,62,0.026736992109655938
A,0.05,evaluation,1010,63,0.02521479833339524
A,0.05,evaluation,1010,64,0.025926697808645177
A,0.05,evaluation,1010,65,0.023531992067815644
A,0.05,evaluation,1010,66,0.036435704919994205
A,0.05,evaluation,1010,67,0.05476427066418553
A,0.05,evaluation,1010,68,0.04503200461015347
A,0.05,evaluation,1010,69,0.03722015191153255
A,0.05,evaluation,1010,70,0.025663025082683255
A,0.05,evaluation,1010,71,0.04612052894129903
A,0.05,evaluation,1010,72,0.07380235398477814
A,0.05,evaluation,1010,73,0.08240052775861817
A,0.05,evaluation,1010,74,0.04203409855890608
A,0.05,evaluation,1010,75,0.0468819037778421
A,0.05,evaluation,1010,76,0.045574523944010695
A,0.05,evaluation,1010,77,0.048596974252422584
A,0.05,evaluation,1010,78,0.03304844257131041
A,0.05,evaluation,1010,79,0.05630597790097405
A,0.05,evaluation,1010,80,0.0370616306848076
A,0.05,evaluation,1010,81,0.05031272779293293
A,0.05,evaluation,1010,82,0.025743739530961776
A,0.05,evaluation,1010,83,0.048711399758434804
A,0.05,evaluation,1010,84,0.024297534639738494
A,0.05,evaluation,1010,85,0.03749927920259427
A,0.05,evaluation,1010,86,0.04931019411836307
A,0.05,evaluation,1010,87,0.044486288041461486
A,0.05,evaluation,1010,88,0.04397151361489232
A,0.05,evaluation,1010,89,0.030857144979211937
A,0.05,evaluation,1010,90,0.03864244505227549
A,0.05,evaluation,1010,91,0.04472416780858002
A,0.05,evaluation,1010,92,0.04230120640864117
A,0.05,evaluation,1010,93,0.028091756001322576
A,0.05,evaluation,1010,94,0.0276497789272174
A,0.05,evaluation,1010,95,0.05947188738714693
A,0.05,evaluation,1010,96,0.036344065703097145
A,0.05,evaluation,1010,97,0.03237849331589804
A,0.05,evaluation,1010,98,0.028651768199731947
A,0.05,evaluation,1010,99,0.02633926769883896
A,0.05,evaluation,1010,100,0.032970662596517486
A,0.05,evaluation,1010,101,0.030342144489257095
A,0.05,evaluation,1010,102,0.022372272117197962
A,0.05,evaluation,1010,103,0.04481470154432443
A,0.05,evaluation,1010,104,0.03409433598946462
A,0.05,evaluation,1010,105,0.03708182077130538
A,0.05,evaluation,1010,106,0.043446233498901615
A,0.05,evaluation,1010,107,0.023753641807403192
A,0.05,evaluation,1010,108,0.04802076582960019
A,0.05,evaluation,1010,109,0.0462353144338802
A,0.05,evaluation,1010,110,0.03517115009448307
A,0.05,evaluation,1010,111,0.04267812084830208
A,0.05,evaluation,1010,112,0.04577582829509894
A,0.05,evaluation,1010,113,0.025421997265534915
A,0.05,evaluation,1010,114,0.033064829662331485
A,0.05,evaluation,1010,115,0.035989624164223355
A,0.05,evaluation,1010,116,0.08822323364258167
A,0.05,evaluation,1010,117,0.05182356900430596
A,0.05,evaluation,1010,118,0.02633802629965659
A,0.05,evaluation,1010,119,0.030055080872771506
A,0.05,evaluation,1010,120,0.026406536492373123
A,0.05,evaluation,1010,121,0.03576890518838699
A,0.05,evaluation,1010,122,0.03974779334016974
A,0.05,evaluation,1010,123,0.03169332563260537
A,0.05,evaluation,1010,124,0.032699455053947266
A,0.05,evaluation,1010,125,0.03509878532625335
A,0.05,evaluation,1010,126,0.018972207166940036
A,0.05,evaluation,1010,127,0.02705334715396851
A,0.05,evaluation,1011,0,0.03455502172102198
A,0.05,evaluation,1011,1,0.030802043336057308
A,0.05,evaluation,1011,2,0.03367109186924709
A,0.05,evaluation,1011,3,0.03346956990150051
A,0.05,evaluation,1011,4,0.02929038253139614
A,0.05,evaluation,1011,5,0.02996729742267218
A,0.05,evaluation,1011,6,0.05322744035399091
A,0.05,evaluation,1011,7,0.028706152346799782
A,0.05,evaluation,1011,8,0.041892521348647405
A,0.05,evaluation,1011,9,0.035287150673846523
A,0.05,evaluation,1011,10,0.030146939646040927
A,0.05,evaluation,1011,11,0.028964955232641393
A,0.05,evaluation,1011,12,0.023392447566108865
A,0.05,evaluation,1011,13,0.03806624475854753
A,0.05,evaluation,1011,14,0.036733240057429464
A,0.05,evaluation,1011,15,0.027041412054721492
A,0.05,evaluation,1011,16,0.0442429767914322
A,0.05,evaluation,1011,17,0.04110513255472889
A,0.05,evaluation,1011,18,0.024434999216421838
A,0.05,evaluation,1011,19,0.03610428610140437
A,0.05,evaluation,1011,20,0.02969454008119274
A,0.05,evaluation,1011,21,0.03836948682944766
A,0.05,evaluation,1011,22,0.057542614055026226
A,0.05,evaluation,1011,23,0.05661109733076928
A,0.05,evaluation,1011,24,0.03649961623986575
A,0.05,evaluation,1011,25,0.024971605661404994
A,0.05,evaluation,1011,26,0.028403316696152384
A,0.05,evaluation,1011,27,0.01957829215930256
A,0.05,evaluation,1011,28,0.019151797945966262
A,0.05,evaluation,1011,29,0.037725726870446674
A,0.05,evaluation,1011,30,0.021393153141810273
A,0.05,evaluation,1011,31,0.023783979992761634
A,0.05,evaluation,1011,32,0.03392741870081567
A,0.05,evaluation,1011,33,0.04008796397010023
A,0.05,evaluation,1011,34,0.046975020281235
A,0.05,evaluation,1011,35,0.024080603371551552
A,0.05,evaluation,1011,36,0.026815214541980437
A,0.05,evaluation,1011,37,0.03251348607872451
A,0.05,evaluation,1011,38,0.032765641634137976
A,0.05,evaluation,1011,39,0.10758326823288006
A,0.05,evaluation,1011,40,0.10013241765565473
A,0.05,evaluation,1011,41,0.03450084288463466
A,0.05,evaluation,1011,42,0.0389959627428591
A,0.05,evaluation,1011,43,0.021488115663561624
A,0.05,evaluation,1011,44,0.03645579916838068
A,0.05,evaluation,1011,45,0.027856674023680833
A,0.05,evaluation,1011,46,0.02614675513531893
A,0.05,evaluation,1011,47,0.0397310706897378
A,0.05,evaluation,1011,48,0.034132092996852714
A,0.05,evaluation,1011,49,0.03152234270174538
A,0.05,evaluation,1011,50,0.034740076786357904
A,0.05,evaluation,1011,51,0.016665330264207467
A,0.05,evaluation,1011,52,0.03975652372449315
A,0.05,evaluation,1011,53,0.04534267373795653
A,0.05,evaluation,1011,54,0.0495289651992481
A,0.05,evaluation,1011,55,0.05314136845477113
A,0.05,evaluation,1011,56,0.04574844395387187
A,0.05,evaluation,1011,57,0.03814714246285526
A,0.05,evaluation,1011,58,0.03286875547555254
A,0.05,evaluation,1011,59,0.053172877121169713
A,0.05,evaluation,1011,60,0.052782340692795686
A,0.05,evaluation,1011,61,0.06171620603604846
A,0.05,evaluation,1011,62,0.04123860259562301
A,0.05,evaluation,1011,63,0.037621955511362375
A,0.05,evaluation,1011,64,0.034343795739429854
A,0.05,evaluation,1011,65,0.030912937223946002
A,0.05,evaluation,1011,66,0.02656029438052601
A,0.05,evaluation,1011,67,0.04639308722517755
A,0.05,evaluation,1011,68,0.01709428874894099
A,0.05,evaluation,1011,69,0.04363301418624834
A,0.05,evaluation,1011,70,0.04312203824228902
A,0.05,evaluation,1011,71,0.027851126975733373
A,0.05,evaluation,1011,72,0.026528657684181944
A,0.05,evaluation,1011,73,0.038571115440691014
A,0.05,evaluation,1011,74,0.029866333863768746
A,0.05,evaluation,1011,75,0.033032974058804176
A,0.05,evaluation,1011,76,0.04892052903478039
A,0.05,evaluation,1011,77,0.032854981108490555
A,0.05,evaluation,1011,78,0.03222363970991504
A,0.05,evaluation,1011,79,0.027724900361552084
A,0.05,evaluation,1011,80,0.03486607421462529
A,0.05,evaluation,1011,81,0.035555209184557623
A,0.05,evaluation,1011,82,0.04931628255744641
A,0.05,evaluation,1011,83,0.07932652107642674
A,0.05,evaluation,1011,84,0.0780839704514733
A,0.05,evaluation,1011,85,0.04352134005075654
A,0.05,evaluation,1011,86,0.03284195371277099
A,0.05,evaluation,1011,87,0.032564677968699454
A,0.05,evaluation,1011,88,0.024988903094056047
A,0.05,evaluation,1011,89,0.08128996594521087
A,0.05,evaluation,1011,90,0.02596465454500746
A,0.05,evaluation,1011,91,0.03446025276876774
A,0.05,evaluation,1011,92,0.05180794927709511
A,0.05,evaluation,1011,93,0.042042158346501955
A,0.05,evaluation,1011,94,0.03144554578515045
A,0.05,evaluation,1011,95,0.03893352695012353
A,0.05,evaluation,1011,96,0.02706779871654441
A,0.05,evaluation,1011,97,0.03595546241894748
A,0.05,evaluation,1011,98,0.03128870058343606
A,0.05,evaluation,1011,99,0.02338675358794673
A,0.05,evaluation,1011,100,0.03917131907229093
A,0.05,evaluation,1011,101,0.05113429581309673
A,0.05,evaluation,1011,102,0.027262539079132148
A,0.05,evaluation,1011,103,0.041174075297072565
A,0.05,evaluation,1011,104,0.02425378768550457
A,0.05,evaluation,1011,105,0.03900602985369578
A,0.05,evaluation,1011,106,0.03158440790194995
A,0.05,evaluation,1011,107,0.05351300118583896
A,0.05,evaluation,1011,108,0.05738690666082841
A,0.05,evaluation,1011,109,0.05256991109604644
A,0.05,evaluation,1011,110,0.02930372810887566
A,0.05,evaluation,1011,111,0.03335076476817639
A,0.05,evaluation,1011,112,0.026754442248125357
A,0.05,evaluation,1011,113,0.03956321940126101
A,0.05,evaluation,1011,114,0.04038599654294592
A,0.05,evaluation,1011,115,0.033412258010799945
A,0.05,evaluation,1011,116,0.03691712498891876
A,0.05,evaluation,1011,117,0.033828738346738434
A,0.05,evaluation,1011,118,0.028089284272270323
A,0.05,evaluation,1011,119,0.047844223639584384
A,0.05,evaluation,1011,120,0.03359912804707045
A,0.05,evaluation,1011,121,0.024628381529335622
A,0.05,evaluation,1011,122,0.03467892649000108
A,0.05,evaluation,1011,123,0.030657508190382335
A,0.05,evaluation,1011,124,0.032882887542173826
A,0.05,evaluation,1011,125,0.038121084181046705
A,0.05,evaluation,1011,126,0.03024601189347098
A,0.05,evaluation,1011,127,0.03898999188841538
A,0.05,evaluation,1012,0,0.0337901903891068
A,0.05,evaluation,1012,1,0.029784358785395842
A,0.05,evaluation,1012,2,0.041481950197288835
A,0.05,evaluation,1012,3,0.037169187720328
A,0.05,evaluation,1012,4,0.026482011111083892
A,0.05,evaluation,1012,5,0.028021719893790153
A,0.05,evaluation,1012,6,0.032955366377637345
A,0.05,evaluation,1012,7,0.020027387150431064
A,0.05,evaluation,1012,8,0.053452052310351994
A,0.05,evaluation,1012,9,0.05286705606534925
A,0.05,evaluation,1012,10,0.029662212116037433
A,0.05,evaluation,1012,11,0.030932610264618854
A,0.05,evaluation,1012,12,0.03457349562063555
A,0.05,evaluation,1012,13,0.03927253841400796
A,0.05,evaluation,1012,14,0.06068633370530008
A,0.05,evaluation,1012,15,0.03313663720007353
A,0.05,evaluation,1012,16,0.06150516214804602
A,0.05,evaluation,1012,17,0.06404500109475192
A,0.05,evaluation,1012,18,0.027146679628490072
A,0.05,evaluation,1012,19,0.031551541660896715
A,0.05,evaluation,1012,20,0.04107475880584037
A,0.05,evaluation,1012,21,0.03417079777210541
A,0.05,evaluation,1012,22,0.03282888159059466
A,0.05,evaluation,1012,23,0.03777674063425062
A,0.05,evaluation,1012,24,0.018311453931282362
A,0.05,evaluation,1012,25,0.031593256437188515
A,0.05,evaluation,1012,26,0.04119568842767753
A,0.05,evaluation,1012,27,0.03781408757000672
A,0.05,evaluation,1012,28,0.033633999369037396
A,0.05,evaluation,1012,29,0.053622925449820225
A,0.05,evaluation,1012,30,0.0399523663159412
A,0.05,evaluation,1012,31,0.03659625988933395
A,0.05,evaluation,1012,32,0.04579058838429409
A,0.05,evaluation,1012,33,0.04700634891922132
A,0.05,evaluation,1012,34,0.047788249413431794
A,0.05,evaluation,1012,35,0.04039469557042341
A,0.05,evaluation,1012,36,0.020906666483186273
A,0.05,evaluation,1012,37,0.04518510302868872
A,0.05,evaluation,1012,38,0.055641422710445476
A,0.05,evaluation,1012,39,0.047449373391282815
A,0.05,evaluation,1012,40,0.031615598392074146
A,0.05,evaluation,1012,41,0.029919368862132298
A,0.05,evaluation,1012,42,0.03451371172817649
A,0.05,evaluation,1012,43,0.0221258555391797
A,0.05,evaluation,1012,44,0.027783400626735816
A,0.05,evaluation,1012,45,0.03537544446236278
A,0.05,evaluation,1012,46,0.037316081135912116
A,0.05,evaluation,1012,47,0.026129151035036546
A,0.05,evaluation,1012,48,0.0534213598394373
A,0.05,evaluation,1012,49,0.08931671484818943
A,0.05,evaluation,1012,50,0.04122623800929914
A,0.05,evaluation,1012,51,0.022590705379624015
A,0.05,evaluation,1012,52,0.05049610203292531
A,0.05,evaluation,1012,53,0.041435947199133835
A,0.05,evaluation,1012,54,0.03057693772635297
A,0.05,evaluation,1012,55,0.03251574856697251
A,0.05,evaluation,1012,56,0.018224747496818433
A,0.05,evaluation,1012,57,0.028355355575193003
A,0.05,evaluation,1012,58,0.03180117846763129
A,0.05,evaluation,1012,59,0.02072008737712136
A,0.05,evaluation,1012,60,0.046999103455236224
A,0.05,evaluation,1012,61,0.021367997312306486
A,0.05,evaluation,1012,62,0.02857310289064774
A,0.05,evaluation,1012,63,0.033770634430468856
A,0.05,evaluation,1012,64,0.04159520058093036
A,0.05,evaluation,1012,65,0.04408432356462899
A,0.05,evaluation,1012,66,0.026570586882262007
A,0.05,evaluation,1012,67,0.054507079975376696
A,0.05,evaluation,1012,68,0.05357856673388278
A,0.05,evaluation,1012,69,0.0453506465156121
A,0.05,evaluation,1012,70,0.026836806085543286
A,0.05,evaluation,1012,71,0.03131540004481512
A,0.05,evaluation,1012,72,0.024654249779893667
A,0.05,evaluation,1012,73,0.02723971330122099
A,0.05,evaluation,1012,74,0.031210896395405585
A,0.05,evaluation,1012,75,0.042800128590014586
A,0.05,evaluation,1012,76,0.03056716437325536
A,0.05,evaluation,1012,77,0.06181296261184055
A,0.05,evaluation,1012,78,0.03721906188024565
A,0.05,evaluation,1012,79,0.04006029244954871
A,0.05,evaluation,1012,80,0.029755412280257104
A,0.05,evaluation,1012,81,0.042275980227290934
A,0.05,evaluation,1012,82,0.04912466347543987
A,0.05,evaluation,1012,83,0.04850333056935077
A,0.05,evaluation,1012,84,0.04359431485256246
A,0.05,evaluation,1012,85,0.030269054161549718
A,0.05,evaluation,1012,86,0.03310735185725056
A,0.05,evaluation,1012,87,0.05060103761288874
A,0.05,evaluation,1012,88,0.020444435036015292
A,0.05,evaluation,1012,89,0.036880273715876155
A,0.05,evaluation,1012,90,0.023467214107331325
A,0.05,evaluation,1012,91,0.03082422546063339
A,0.05,evaluation,1012,92,0.03121533112130967
A,0.05,evaluation,1012,93,0.02852638334232248
A,0.05,evaluation,1012,94,0.045851197312124066
A,0.05,evaluation,1012,95,0.037038888143143545
A,0.05,evaluation,1012,96,0.02902476129993231
A,0.05,evaluation,1012,97,0.030857983203009975
A,0.05,evaluation,1012,98,0.03755175497961389
A,0.05,evaluation,1012,99,0.03590998824708585
A,0.05,evaluation,1012,100,0.032391069335083844
A,0.05,evaluation,1012,101,0.031162730009802065
A,0.05,evaluation,1012,102,0.02366293320741808
A,0.05,evaluation,1012,103,0.03474034277907678
A,0.05,evaluation,1012,104,0.040985644604052705
A,0.05,evaluation,1012,105,0.040925129351861725
A,0.05,evaluation,1012,106,0.02969054790762561
A,0.05,evaluation,1012,107,0.031231834824619456
A,0.05,evaluation,1012,108,0.03347181027489062
A,0.05,evaluation,1012,109,0.020839821851864032
A,0.05,evaluation,1012,110,0.024414155087226996
A,0.05,evaluation,1012,111,0.03338806775396188
A,0.05,evaluation,1012,112,0.03422002656852469
A,0.05,evaluation,1012,113,0.0357917729627265
A,0.05,evaluation,1012,114,0.032574334485221706
A,0.05,evaluation,1012,115,0.05114367722712612
A,0.05,evaluation,1012,116,0.04406706397775259
A,0.05,evaluation,1012,117,0.030213036180647617
A,0.05,evaluation,1012,118,0.038113980186604425
A,0.05,evaluation,1012,119,0.045116057725871794
A,0.05,evaluation,1012,120,0.04095991145797925
A,0.05,evaluation,1012,121,0.0413561221093833
A,0.05,evaluation,1012,122,0.031123803173048248
A,0.05,evaluation,1012,123,0.032159477830375316
A,0.05,evaluation,1012,124,0.02529258041138844
A,0.05,evaluation,1012,125,0.032599546557216474
A,0.05,evaluation,1012,126,0.03536394584659766
A,0.05,evaluation,1012,127,0.03916022893181861
A,0.05,evaluation,1013,0,0.039302438325604205
A,0.05,evaluation,1013,1,0.03090059056738466
A,0.05,evaluation,1013,2,0.015178269107596898
A,0.05,evaluation,1013,3,0.028868601916027914
A,0.05,evaluation,1013,4,0.027103772896276968
A,0.05,evaluation,1013,5,0.03186994984927163
A,0.05,evaluation,1013,6,0.030166865179681646
A,0.05,evaluation,1013,7,0.023605859595024287
A,0.05,evaluation,1013,8,0.03660667270974134
A,0.05,evaluation,1013,9,0.029669427049303778
A,0.05,evaluation,1013,10,0.042335220638554494
A,0.05,evaluation,1013,11,0.043349151856155954
A,0.05,evaluation,1013,12,0.05720761800120422
A,0.05,evaluation,1013,13,0.04345926858706331
A,0.05,evaluation,1013,14,0.0510201757453804
A,0.05,evaluation,1013,15,0.03624304977484674
A,0.05,evaluation,1013,16,0.03943688868455371
A,0.05,evaluation,1013,17,0.025702795476369777
A,0.05,evaluation,1013,18,0.026622391630797965
A,0.05,evaluation,1013,19,0.026131311599682308
A,0.05,evaluation,1013,20,0.06633185252591989
A,0.05,evaluation,1013,21,0.03083985644644066
A,0.05,evaluation,1013,22,0.017895900530139036
A,0.05,evaluation,1013,23,0.020112642888146792
A,0.05,evaluation,1013,24,0.02551594230007197
A,0.05,evaluation,1013,25,0.03414935547114895
A,0.05,evaluation,1013,26,0.06082983665872288
A,0.05,evaluation,1013,27,0.04257421289106663
A,0.05,evaluation,1013,28,0.0253492030497838
A,0.05,evaluation,1013,29,0.029123886454432618
A,0.05,evaluation,1013,30,0.024668129189873822
A,0.05,evaluation,1013,31,0.031044309692934605
A,0.05,evaluation,1013,32,0.033367485182637296
A,0.05,evaluation,1013,33,0.022515863452290508
A,0.05,evaluation,1013,34,0.0339967003982687
A,0.05,evaluation,1013,35,0.04159499915359327
A,0.05,evaluation,1013,36,0.01896620216114081
A,0.05,evaluation,1013,37,0.026895004833667635
A,0.05,evaluation,1013,38,0.03269837323190422
A,0.05,evaluation,1013,39,0.027950499972857146
A,0.05,evaluation,1013,40,0.028932657068809542
A,0.05,evaluation,1013,41,0.03898653567169594
A,0.05,evaluation,1013,42,0.04150423612940718
A,0.05,evaluation,1013,43,0.021726037813783794
A,0.05,evaluation,1013,44,0.03596574467279362
A,0.05,evaluation,1013,45,0.051948211713283066
A,0.05,evaluation,1013,46,0.03754754642885244
A,0.05,evaluation,1013,47,0.025544828264394456
A,0.05,evaluation,1013,48,0.029318492594032998
A,0.05,evaluation,1013,49,0.03600926196433957
A,0.05,evaluation,1013,50,0.024541902332229693
A,0.05,evaluation,1013,51,0.03477137643108619
A,0.05,evaluation,1013,52,0.03482967182091275
A,0.05,evaluation,1013,53,0.04072787400802186
A,0.05,evaluation,1013,54,0.03607027579618366
A,0.05,evaluation,1013,55,0.025394198138614765
A,0.05,evaluation,1013,56,0.028935475266323146
A,0.05,evaluation,1013,57,0.030540527332266726
A,0.05,evaluation,1013,58,0.036453289771654254
A,0.05,evaluation,1013,59,0.029621254072926786
A,0.05,evaluation,1013,60,0.04195795980841363
A,0.05,evaluation,1013,61,0.04001477608083903
A,0.05,evaluation,1013,62,0.029774245770031016
A,0.05,evaluation,1013,63,0.032359546701966224
A,0.05,evaluation,1013,64,0.026956076476651214
A,0.05,evaluation,1013,65,0.03902971488783602
A,0.05,evaluation,1013,66,0.02685324361236023
A,0.05,evaluation,1013,67,0.023586419868185188
A,0.05,evaluation,1013,68,0.0492640346644731
A,0.05,evaluation,1013,69,0.03721408952208998
A,0.05,evaluation,1013,70,0.028263737694876348
A,0.05,evaluation,1013,71,0.027179423042816675
A,0.05,evaluation,1013,72,0.03384164669125447
A,0.05,evaluation,1013,73,0.042029389592082494
A,0.05,evaluation,1013,74,0.03754664224453219
A,0.05,evaluation,1013,75,0.03694792216042159
A,0.05,evaluation,1013,76,0.02428120931469674
A,0.05,evaluation,1013,77,0.049455124702718234
A,0.05,evaluation,1013,78,0.02936732698155803
A,0.05,evaluation,1013,79,0.0551154556452742
A,0.05,evaluation,1013,80,0.03527737682558779
A,0.05,evaluation,1013,81,0.01796504283351654
A,0.05,evaluation,1013,82,0.031542193933062075
A,0.05,evaluation,1013,83,0.03515239151281221
A,0.05,evaluation,1013,84,0.031545261056998924
A,0.05,evaluation,1013,85,0.0196041392474016
A,0.05,evaluation,1013,86,0.03346218267895007
A,0.05,evaluation,1013,87,0.03224455785444573
A,0.05,evaluation,1013,88,0.035485192745849714
A,0.05,evaluation,1013,89,0.025775130061402612
A,0.05,evaluation,1013,90,0.0625441292582139
A,0.05,evaluation,1013,91,0.04266611504038975
A,0.05,evaluation,1013,92,0.042087115163705946
A,0.05,evaluation,1013,93,0.03413482512993843
A,0.05,evaluation,1013,94,0.03155024690017873
A,0.05,evaluation,1013,95,0.0322574048786332
A,0.05,evaluation,1013,96,0.03448201493742391
A,0.05,evaluation,1013,97,0.04524466606586841
A,0.05,evaluation,1013,98,0.03101648594411166
A,0.05,evaluation,1013,99,0.0391074802001155
A,0.05,evaluation,1013,100,0.048029881910438665
A,0.05,evaluation,1013,101,0.08304451425372034
A,0.05,evaluation,1013,102,0.07853969724121451
A,0.05,evaluation,1013,103,0.022209058275752175
A,0.05,evaluation,1013,104,0.04537053827540011
A,0.05,evaluation,1013,105,0.05109288502946796
A,0.05,evaluation,1013,106,0.02800546112797514
A,0.05,evaluation,1013,107,0.040336492271095065
A,0.05,evaluation,1013,108,0.024281729849166683
A,0.05,evaluation,1013,109,0.032235829599607
A,0.05,evaluation,1013,110,0.016188922840470188
A,0.05,evaluation,1013,111,0.027915825515352648
A,0.05,evaluation,1013,112,0.020685131447913896
A,0.05,evaluation,1013,113,0.021373116301621323
A,0.05,evaluation,1013,114,0.03447602298829916
A,0.05,evaluation,1013,115,0.03187114316429018
A,0.05,evaluation,1013,116,0.03389786893698479
A,0.05,evaluation,1013,117,0.029697587973756427
A,0.05,evaluation,1013,118,0.04682605779807614
A,0.05,evaluation,1013,119,0.047238703866623655
A,0.05,evaluation,1013,120,0.03968691358044274
A,0.05,evaluation,1013,121,0.04364979840747493
A,0.05,evaluation,1013,122,0.03597822853481686
A,0.05,evaluation,1013,123,0.05356376540005414
A,0.05,evaluation,1013,124,0.039407455595583174
A,0.05,evaluation,1013,125,0.0303569701773229
A,0.05,evaluation,1013,126,0.0248384564235037
A,0.05,evaluation,1013,127,0.03479667910646253
A,0.05,evaluation,1014,0,0.04580364085185553
A,0.05,evaluation,1014,1,0.03154095636028629
A,0.05,evaluation,1014,2,0.01788994905873162
A,0.05,evaluation,1014,3,0.04991516172607113
A,0.05,evaluation,1014,4,0.050276263126651954
A,0.05,evaluation,1014,5,0.042253301155859735
A,0.05,evaluation,1014,6,0.02465991452934893
A,0.05,evaluation,1014,7,0.031225482794612035
A,0.05,evaluation,1014,8,0.04642857508633007
A,0.05,evaluation,1014,9,0.021992475127958544
A,0.05,evaluation,1014,10,0.021595930677722863
A,0.05,evaluation,1014,11,0.02542541920455256
A,0.05,evaluation,1014,12,0.044381458815428355
A,0.05,evaluation,1014,13,0.032541069427708014
A,0.05,evaluation,1014,14,0.043484247251345254
A,0.05,evaluation,1014,15,0.050334630284628146
A,0.05,evaluation,1014,16,0.02811505195675118
A,0.05,evaluation,1014,17,0.019999152067946446
A,0.05,evaluation,1014,18,0.02714406099462091
A,0.05,evaluation,1014,19,0.02985321149422998
A,0.05,evaluation,1014,20,0.04433785631613179
A,0.05,evaluation,1014,21,0.03057611874535688
A,0.05,evaluation,1014,22,0.02415981711750581
A,0.05,evaluation,1014,23,0.03697930544152034
A,0.05,evaluation,1014,24,0.02866725239917753
A,0.05,evaluation,1014,25,0.04854053001062886
A,0.05,evaluation,1014,26,0.040081703803876906
A,0.05,evaluation,1014,27,0.03237125797790369
A,0.05,evaluation,1014,28,0.04203639141281644
A,0.05,evaluation,1014,29,0.041948853043618894
A,0.05,evaluation,1014,30,0.03138668233570616
A,0.05,evaluation,1014,31,0.029830651970251143
A,0.05,evaluation,1014,32,0.03814389068760635
A,0.05,evaluation,1014,33,0.03501571486230152
A,0.05,evaluation,1014,34,0.03710629749640559
A,0.05,evaluation,1014,35,0.03113339164418654
A,0.05,evaluation,1014,36,0.024064525008338444
A,0.05,evaluation,1014,37,0.03600743135246626
A,0.05,evaluation,1014,38,0.04201199008117458
A,0.05,evaluation,1014,39,0.04445236876067889
A,0.05,evaluation,1014,40,0.04422723753794851
A,0.05,evaluation,1014,41,0.02772741628688085
A,0.05,evaluation,1014,42,0.03067613121548643
A,0.05,evaluation,1014,43,0.0336299943218759
A,0.05,evaluation,1014,44,0.04985972384317933
A,0.05,evaluation,1014,45,0.041574395616853776
A,0.05,evaluation,1014,46,0.03323669555991543
A,0.05,evaluation,1014,47,0.022125454283633127
A,0.05,evaluation,1014,48,0.024814487107707395
A,0.05,evaluation,1014,49,0.030193395398614375
A,0.05,evaluation,1014,50,0.030564842933642665
A,0.05,evaluation,1014,51,0.05201945952775213
A,0.05,evaluation,1014,52,0.04548007257773801
A,0.05,evaluation,1014,53,0.03115882293491918
A,0.05,evaluation,1014,54,0.02659833733103528
A,0.05,evaluation,1014,55,0.028021533926200826
A,0.05,evaluation,1014,56,0.03076946653626944
A,0.05,evaluation,1014,57,0.0476591869560547
A,0.05,evaluation,1014,58,0.046463505708821184
A,0.05,evaluation,1014,59,0.04752269300934847
A,0.05,evaluation,1014,60,0.03949815837136012
A,0.05,evaluation,1014,61,0.030696930574961423
A,0.05,evaluation,1014,62,0.01603487180117258
A,0.05,evaluation,1014,63,0.02570004450461809
A,0.05,evaluation,1014,64,0.0249098801089086
A,0.05,evaluation,1014,65,0.024699168186706116
A,0.05,evaluation,1014,66,0.04197448684000637
A,0.05,evaluation,1014,67,0.04411465855308444
A,0.05,evaluation,1014,68,0.03585835139524607
A,0.05,evaluation,1014,69,0.04017053725265666
A,0.05,evaluation,1014,70,0.05179488209999685
A,0.05,evaluation,1014,71,0.03727726397956827
A,0.05,evaluation,1014,72,0.02941256871358272
A,0.05,evaluation,1014,73,0.041963494493007125
A,0.05,evaluation,1014,74,0.027398177651849043
A,0.05,evaluation,1014,75,0.03847818970736244
A,0.05,evaluation,1014,76,0.059548158349998326
A,0.05,evaluation,1014,77,0.045248341088522326
A,0.05,evaluation,1014,78,0.030639159789858372
A,0.05,evaluation,1014,79,0.030353678525995964
A,0.05,evaluation,1014,80,0.0311632407790507
A,0.05,evaluation,1014,81,0.026118968454449526
A,0.05,evaluation,1014,82,0.02636081805225567
A,0.05,evaluation,1014,83,0.026842335185467497
A,0.05,evaluation,1014,84,0.035556580202523544
A,0.05,evaluation,1014,85,0.035895584482470905
A,0.05,evaluation,1014,86,0.025307837854648824
A,0.05,evaluation,1014,87,0.02372901889591833
A,0.05,evaluation,1014,88,0.040693104703645885
A,0.05,evaluation,1014,89,0.04960754264791112
A,0.05,evaluation,1014,90,0.05114903886675748
A,0.05,evaluation,1014,91,0.02886524431767221
A,0.05,evaluation,1014,92,0.018237924543247908
A,0.05,evaluation,1014,93,0.030556341439645182
A,0.05,evaluation,1014,94,0.038956312627216785
A,0.05,evaluation,1014,95,0.02824693722378456
A,0.05,evaluation,1014,96,0.02626522121389556
A,0.05,evaluation,1014,97,0.05883939285948675
A,0.05,evaluation,1014,98,0.0385175031579119
A,0.05,evaluation,1014,99,0.04600113477811711
A,0.05,evaluation,1014,100,0.03939468256174547
A,0.05,evaluation,1014,101,0.029094362395382933
A,0.05,evaluation,1014,102,0.04203870224132117
A,0.05,evaluation,1014,103,0.028308090442537653
A,0.05,evaluation,1014,104,0.027122304649664142
A,0.05,evaluation,1014,105,0.038089455232059255
A,0.05,evaluation,1014,106,0.035959538974023125
A,0.05,evaluation,1014,107,0.026061185946382126
A,0.05,evaluation,1014,108,0.025397359559995225
A,0.05,evaluation,1014,109,0.023837285713880996
A,0.05,evaluation,1014,110,0.02528033461333401
A,0.05,evaluation,1014,111,0.05018180527340105
A,0.05,evaluation,1014,112,0.032694483478413194
A,0.05,evaluation,1014,113,0.045685909324910345
A,0.05,evaluation,1014,114,0.038494998071510564
A,0.05,evaluation,1014,115,0.04034622888325978
A,0.05,evaluation,1014,116,0.029520993829256832
A,0.05,evaluation,1014,117,0.05050677116947079
A,0.05,evaluation,1014,118,0.053630429975383365
A,0.05,evaluation,1014,119,0.03326039114104623
A,0.05,evaluation,1014,120,0.03799075657945077
A,0.05,evaluation,1014,121,0.04014423523930705
A,0.05,evaluation,1014,122,0.03612540577741735
A,0.05,evaluation,1014,123,0.04260646661600648
A,0.05,evaluation,1014,124,0.04032122892540364
A,0.05,evaluation,1014,125,0.027533880176808967
A,0.05,evaluation,1014,126,0.019311096875062772
A,0.05,evaluation,1014,127,0.03178480452524231
A,0.05,evaluation,1015,0,0.04245373821891302
A,0.05,evaluation,1015,1,0.03623495403308111
A,0.05,evaluation,1015,2,0.03619237235333911
A,0.05,evaluation,1015,3,0.02674066956377734
A,0.05,evaluation,1015,4,0.03140647898380394
A,0.05,evaluation,1015,5,0.06205191934241583
A,0.05,evaluation,1015,6,0.08590569758764943
A,0.05,evaluation,1015,7,0.031418974592544335
A,0.05,evaluation,1015,8,0.03657625700993694
A,0.05,evaluation,1015,9,0.04666248780162778
A,0.05,evaluation,1015,10,0.033134887851014636
A,0.05,evaluation,1015,11,0.035073758434137375
A,0.05,evaluation,1015,12,0.05617675818204107
A,0.05,evaluation,1015,13,0.019565651603428158
A,0.05,evaluation,1015,14,0.024405924137787582
A,0.05,evaluation,1015,15,0.03361023210600983
A,0.05,evaluation,1015,16,0.0318803786051608
A,0.05,evaluation,1015,17,0.044177812448387616
A,0.05,evaluation,1015,18,0.02617161303145936
A,0.05,evaluation,1015,19,0.03078260783556639
A,0.05,evaluation,1015,20,0.04343154702581262
A,0.05,evaluation,1015,21,0.03583263325863157
A,0.05,evaluation,1015,22,0.032688706713135784
A,0.05,evaluation,1015,23,0.04388429920733278
A,0.05,evaluation,1015,24,0.053527675032621444
A,0.05,evaluation,1015,25,0.057646263444581076
A,0.05,evaluation,1015,26,0.06370563679995933
A,0.05,evaluation,1015,27,0.037370110160362124
A,0.05,evaluation,1015,28,0.023119810295008206
A,0.05,evaluation,1015,29,0.04103637719267277
A,0.05,evaluation,1015,30,0.03873545382160846
A,0.05,evaluation,1015,31,0.0721243480651001
A,0.05,evaluation,1015,32,0.040500452830235956
A,0.05,evaluation,1015,33,0.059628226212203206
A,0.05,evaluation,1015,34,0.05403110337727629
A,0.05,evaluation,1015,35,0.013866204122635173
A,0.05,evaluation,1015,36,0.034720548698404574
A,0.05,evaluation,1015,37,0.022437312643370275
A,0.05,evaluation,1015,38,0.027712924872455524
A,0.05,evaluation,1015,39,0.046838219271028825
A,0.05,evaluation,1015,40,0.03464245577377156
A,0.05,evaluation,1015,41,0.034637362395086135
A,0.05,evaluation,1015,42,0.01920728775674141
A,0.05,evaluation,1015,43,0.03457440850681803
A,0.05,evaluation,1015,44,0.030998833033041295
A,0.05,evaluation,1015,45,0.04869832071669428
A,0.05,evaluation,1015,46,0.033737104627449
A,0.05,evaluation,1015,47,0.03813085626535684
A,0.05,evaluation,1015,48,0.04650378718551029
A,0.05,evaluation,1015,49,0.029394473415509912
A,0.05,evaluation,1015,50,0.04536972138121892
A,0.05,evaluation,1015,51,0.03304752432447358
A,0.05,evaluation,1015,52,0.027434377507247476
A,0.05,evaluation,1015,53,0.04468953557315519
A,0.05,evaluation,1015,54,0.032892162600860364
A,0.05,evaluation,1015,55,0.04293136838811315
A,0.05,evaluation,1015,56,0.035901018098775064
A,0.05,evaluation,1015,57,0.030243587719320952
A,0.05,evaluation,1015,58,0.03444871581752433
A,0.05,evaluation,1015,59,0.03190872392517424
A,0.05,evaluation,1015,60,0.027741903474042297
A,0.05,evaluation,1015,61,0.0526095230715693
A,0.05,evaluation,1015,62,0.04029018245560473
A,0.05,evaluation,1015,63,0.04625336802778978
A,0.05,evaluation,1015,64,0.03725109768009733
A,0.05,evaluation,1015,65,0.029395154075813515
A,0.05,evaluation,1015,66,0.030821808796169636
A,0.05,evaluation,1015,67,0.029877158369588597
A,0.05,evaluation,1015,68,0.03693474360686905
A,0.05,evaluation,1015,69,0.021993852372419104
A,0.05,evaluation,1015,70,0.025057920930856716
A,0.05,evaluation,1015,71,0.05721774152195474
A,0.05,evaluation,1015,72,0.03682612878737979
A,0.05,evaluation,1015,73,0.03300733517984955
A,0.05,evaluation,1015,74,0.06596156647978146
A,0.05,evaluation,1015,75,0.03919941152889467
A,0.05,evaluation,1015,76,0.029024971327202696
A,0.05,evaluation,1015,77,0.023618727792359878
A,0.05,evaluation,1015,78,0.024692229542900304
A,0.05,evaluation,1015,79,0.038196083748064144
A,0.05,evaluation,1015,80,0.030979827171581296
A,0.05,evaluation,1015,81,0.030979827171581296
A,0.05,evaluation,1015,82,0.05391119152233581
A,0.05,evaluation,1015,83,0.038066174554475696
A,0.05,evaluation,1015,84,0.043324993232330064
A,0.05,evaluation,1015,85,0.05481999652972849
A,0.05,evaluation,1015,86,0.029410763503518886
A,0.05,evaluation,1015,87,0.03873699422625171
A,0.05,evaluation,1015,88,0.034051505081837435
A,0.05,evaluation,1015,89,0.030760756130661322
A,0.05,evaluation,1015,90,0.03597005134233883
A,0.05,evaluation,1015,91,0.029410037381652043
A,0.05,evaluation,1015,92,0.02731485635818265
A,0.05,evaluation,1015,93,0.05592068065288558
A,0.05,evaluation,1015,94,0.03582794245547378
A,0.05,evaluation,1015,95,0.03582794245547378
A,0.05,evaluation,1015,96,0.034842910430005425
A,0.05,evaluation,1015,97,0.030812209617083725
A,0.05,evaluation,1015,98,0.032309741756526095
A,0.05,evaluation,1015,99,0.0343019028890893
A,0.05,evaluation,1015,100,0.06311719643038666
A,0.05,evaluation,1015,101,0.04678589713736936
A,0.05,evaluation,1015,102,0.057987749986221415
A,0.05,evaluation,1015,103,0.07926482931813428
A,0.05,evaluation,1015,104,0.028239928115583516
A,0.05,evaluation,1015,105,0.041729129798791176
A,0.05,evaluation,1015,106,0.03373022878642068
A,0.05,evaluation,1015,107,0.02406644766522098
A,0.05,evaluation,1015,108,0.030138684761737422
A,0.05,evaluation,1015,109,0.03392160604507802
A,0.05,evaluation,1015,110,0.03596831682407231
A,0.05,evaluation,1015,111,0.04587481625358487
A,0.05,evaluation,1015,112,0.03453546708906602
A,0.05,evaluation,1015,113,0.02996722325461617
A,0.05,evaluation,1015,114,0.041656413004491355
A,0.05,evaluation,1015,115,0.03184587351303525
A,0.05,evaluation,1015,116,0.042601652612950625
A,0.05,evaluation,1015,117,0.03852939347585516
A,0.05,evaluation,1015,118,0.03752949381179893
A,0.05,evaluation,1015,119,0.041877866022162036
A,0.05,evaluation,1015,120,0.04677775585111218
A,0.05,evaluation,1015,121,0.042060104010951456
A,0.05,evaluation,1015,122,0.029551971826569823
A,0.05,evaluation,1015,123,0.028341344443124854
A,0.05,evaluation,1015,124,0.049811357713006266
A,0.05,evaluation,1015,125,0.029336162680064747
A,0.05,evaluation,1015,126,0.054782748183662744
A,0.05,evaluation,1015,127,0.05653638359050839
A,0.05,evaluation,1016,0,0.030470772052692274
A,0.05,evaluation,1016,1,0.03174358014619988
A,0.05,evaluation,1016,2,0.029520291564702705
A,0.05,evaluation,1016,3,0.02809114847078345
A,0.05,evaluation,1016,4,0.031066269461166238
A,0.05,evaluation,1016,5,0.04393173634338571
A,0.05,evaluation,1016,6,0.0495494866224368
A,0.05,evaluation,1016,7,0.07174514254383729
A,0.05,evaluation,1016,8,0.051536774366728655
A,0.05,evaluation,1016,9,0.024446570156032778
A,0.05,evaluation,1016,10,0.035826178405616804
A,0.05,evaluation,1016,11,0.047982633779322596
A,0.05,evaluation,1016,12,0.044585194314257844
A,0.05,evaluation,1016,13,0.04325950693539371
A,0.05,evaluation,1016,14,0.02830035830988721
A,0.05,evaluation,1016,15,0.037100117603777794
A,0.05,evaluation,1016,16,0.02784457640310664
A,0.05,evaluation,1016,17,0.03341319497630316
A,0.05,evaluation,1016,18,0.043604538399672654
A,0.05,evaluation,1016,19,0.04696386953029201
A,0.05,evaluation,1016,20,0.05956737125887884
A,0.05,evaluation,1016,21,0.09407954708672567
A,0.05,evaluation,1016,22,0.053305909835854426
A,0.05,evaluation,1016,23,0.02565661621908752
A,0.05,evaluation,1016,24,0.03521519609549534
A,0.05,evaluation,1016,25,0.033871264898663066
A,0.05,evaluation,1016,26,0.020010251657646406
A,0.05,evaluation,1016,27,0.041511617368754916
A,0.05,evaluation,1016,28,0.023355287893796595
A,0.05,evaluation,1016,29,0.020395593849353383
A,0.05,evaluation,1016,30,0.04047501158264241
A,0.05,evaluation,1016,31,0.07639580831495452
A,0.05,evaluation,1016,32,0.07752280923651339
A,0.05,evaluation,1016,33,0.044633699825657125
A,0.05,evaluation,1016,34,0.03453404477258237
A,0.05,evaluation,1016,35,0.030187762910033167
A,0.05,evaluation,1016,36,0.03529892528080733
A,0.05,evaluation,1016,37,0.03618642252994838
A,0.05,evaluation,1016,38,0.020192299311300455
A,0.05,evaluation,1016,39,0.02681528410369355
A,0.05,evaluation,1016,40,0.04126479298048708
A,0.05,evaluation,1016,41,0.03688819760932724
A,0.05,evaluation,1016,42,0.02719259171437806
A,0.05,evaluation,1016,43,0.03533460775481839
A,0.05,evaluation,1016,44,0.0296283128155157
A,0.05,evaluation,1016,45,0.03694039489966609
A,0.05,evaluation,1016,46,0.02976333707738299
A,0.05,evaluation,1016,47,0.022750308587830864
A,0.05,evaluation,1016,48,0.03615988209008275
A,0.05,evaluation,1016,49,0.043993845524474745
A,0.05,evaluation,1016,50,0.03896878925151177
A,0.05,evaluation,1016,51,0.04859122136539932
A,0.05,evaluation,1016,52,0.02926064061491468
A,0.05,evaluation,1016,53,0.02245383981115379
A,0.05,evaluation,1016,54,0.03198547446126811
A,0.05,evaluation,1016,55,0.049137716902352774
A,0.05,evaluation,1016,56,0.05266653873987055
A,0.05,evaluation,1016,57,0.02607712563031843
A,0.05,evaluation,1016,58,0.02607712563031843
A,0.05,evaluation,1016,59,0.06319003256927491
A,0.05,evaluation,1016,60,0.06961142592236497
A,0.05,evaluation,1016,61,0.05127738444679575
A,0.05,evaluation,1016,62,0.049341516490241766
A,0.05,evaluation,1016,63,0.033200390261681735
A,0.05,evaluation,1016,64,0.028344579703539263
A,0.05,evaluation,1016,65,0.035295250318441364
A,0.05,evaluation,1016,66,0.029247915169411387
A,0.05,evaluation,1016,67,0.033761532299005394
A,0.05,evaluation,1016,68,0.02687581923105268
A,0.05,evaluation,1016,69,0.028053880795575532
A,0.05,evaluation,1016,70,0.036952422454658344
A,0.05,evaluation,1016,71,0.0285891181088583
A,0.05,evaluation,1016,72,0.036484157234599475
A,0.05,evaluation,1016,73,0.0450671934574662
A,0.05,evaluation,1016,74,0.036686084585496756
A,0.05,evaluation,1016,75,0.039966187809951904
A,0.05,evaluation,1016,76,0.036918044347615794
A,0.05,evaluation,1016,77,0.0563819576292417
A,0.05,evaluation,1016,78,0.03844324484629019
A,0.05,evaluation,1016,79,0.04945975426803051
A,0.05,evaluation,1016,80,0.041541725491901826
A,0.05,evaluation,1016,81,0.03413835087084288
A,0.05,evaluation,1016,82,0.0209378866552144
A,0.05,evaluation,1016,83,0.04651884959002989
A,0.05,evaluation,1016,84,0.04075500352677314
A,0.05,evaluation,1016,85,0.026668547447795343
A,0.05,evaluation,1016,86,0.028947642224322834
A,0.05,evaluation,1016,87,0.052712942800841656
A,0.05,evaluation,1016,88,0.044864733020961
A,0.05,evaluation,1016,89,0.0304453551800013
A,0.05,evaluation,1016,90,0.030706154765962834
A,0.05,evaluation,1016,91,0.038916463750962325
A,0.05,evaluation,1016,92,0.05433226186567269
A,0.05,evaluation,1016,93,0.039669534839786524
A,0.05,evaluation,1016,94,0.05289743912279832
A,0.05,evaluation,1016,95,0.029297342823811433
A,0.05,evaluation,1016,96,0.029815192686975495
A,0.05,evaluation,1016,97,0.0314485864771817
A,0.05,evaluation,1016,98,0.03758450709403392
A,0.05,evaluation,1016,99,0.04305164419305929
A,0.05,evaluation,1016,100,0.04423864239006109
A,0.05,evaluation,1016,101,0.04840410623294208
A,0.05,evaluation,1016,102,0.05776603798510898
A,0.05,evaluation,1016,103,0.02613524532956374
A,0.05,evaluation,1016,104,0.02530327445961339
A,0.05,evaluation,1016,105,0.028031502287689025
A,0.05,evaluation,1016,106,0.027400920497301324
A,0.05,evaluation,1016,107,0.04234846560503158
A,0.05,evaluation,1016,108,0.0417077518034033
A,0.05,evaluation,1016,109,0.044250196645579845
A,0.05,evaluation,1016,110,0.03749209856528518
A,0.05,evaluation,1016,111,0.04119631181925598
A,0.05,evaluation,1016,112,0.028157200731877774
A,0.05,evaluation,1016,113,0.04722834406350783
A,0.05,evaluation,1016,114,0.026635276752353942
A,0.05,evaluation,1016,115,0.041872400349932726
A,0.05,evaluation,1016,116,0.04915053061337671
A,0.05,evaluation,1016,117,0.026875647531632463
A,0.05,evaluation,1016,118,0.04259847339873696
A,0.05,evaluation,1016,119,0.028881901672475854
A,0.05,evaluation,1016,120,0.03240288089454929
A,0.05,evaluation,1016,121,0.03852913902246128
A,0.05,evaluation,1016,122,0.05110137734324138
A,0.05,evaluation,1016,123,0.03897042870699391
A,0.05,evaluation,1016,124,0.03629051612263496
A,0.05,evaluation,1016,125,0.03214533907419803
A,0.05,evaluation,1016,126,0.03918273079528928
A,0.05,evaluation,1016,127,0.055682206876231155
A,0.05,evaluation,1017,0,0.03565239116691621
A,0.05,evaluation,1017,1,0.03261534305561847
A,0.05,evaluation,1017,2,0.032370788360738256
A,0.05,evaluation,1017,3,0.043747648649650195
A,0.05,evaluation,1017,4,0.0296685317884095
A,0.05,evaluation,1017,5,0.04139715190313406
A,0.05,evaluation,1017,6,0.02597379412888623
A,0.05,evaluation,1017,7,0.039662040362061
A,0.05,evaluation,1017,8,0.05133615369806921
A,0.05,evaluation,1017,9,0.029166247898133046
A,0.05,evaluation,1017,10,0.0257918538369237
A,0.05,evaluation,1017,11,0.02147297120287195
A,0.05,evaluation,1017,12,0.02945121390760419
A,0.05,evaluation,1017,13,0.04979603407238581
A,0.05,evaluation,1017,14,0.025899486544222708
A,0.05,evaluation,1017,15,0.03389295743602705
A,0.05,evaluation,1017,16,0.034849009015993485
A,0.05,evaluation,1017,17,0.03137050685761688
A,0.05,evaluation,1017,18,0.04033636087055124
A,0.05,evaluation,1017,19,0.043288884512004966
A,0.05,evaluation,1017,20,0.03695529877939796
A,0.05,evaluation,1017,21,0.021954063670170998
A,0.05,evaluation,1017,22,0.033754599689919784
A,0.05,evaluation,1017,23,0.036055962659350016
A,0.05,evaluation,1017,24,0.0399577068098523
A,0.05,evaluation,1017,25,0.04147841257977509
A,0.05,evaluation,1017,26,0.03390634893356289
A,0.05,evaluation,1017,27,0.02182194677493758
A,0.05,evaluation,1017,28,0.03576733168783596
A,0.05,evaluation,1017,29,0.03198085695739846
A,0.05,evaluation,1017,30,0.03571772577122621
A,0.05,evaluation,1017,31,0.019315018493925
A,0.05,evaluation,1017,32,0.028090403773731315
A,0.05,evaluation,1017,33,0.04325875194079376
A,0.05,evaluation,1017,34,0.047524486192331905
A,0.05,evaluation,1017,35,0.03921097330585688
A,0.05,evaluation,1017,36,0.023398188844910996
A,0.05,evaluation,1017,37,0.02084295906375893
A,0.05,evaluation,1017,38,0.03043901089464522
A,0.05,evaluation,1017,39,0.0310203282606935
A,0.05,evaluation,1017,40,0.03861609720520526
A,0.05,evaluation,1017,41,0.053404824796784545
A,0.05,evaluation,1017,42,0.037951680925854964
A,0.05,evaluation,1017,43,0.043550245643116825
A,0.05,evaluation,1017,44,0.0325047446093969
A,0.05,evaluation,1017,45,0.03635951927792048
A,0.05,evaluation,1017,46,0.04129034427202352
A,0.05,evaluation,1017,47,0.03172959767372521
A,0.05,evaluation,1017,48,0.019717425027340085
A,0.05,evaluation,1017,49,0.04443069703117414
A,0.05,evaluation,1017,50,0.021979562943267285
A,0.05,evaluation,1017,51,0.027153656365791923
A,0.05,evaluation,1017,52,0.044607671517673364
A,0.05,evaluation,1017,53,0.0412664010172394
A,0.05,evaluation,1017,54,0.036865501976327264
A,0.05,evaluation,1017,55,0.03203061746090108
A,0.05,evaluation,1017,56,0.034670440583480025
A,0.05,evaluation,1017,57,0.08088454397845996
A,0.05,evaluation,1017,58,0.028072320263093593
A,0.05,evaluation,1017,59,0.02675173610832221
A,0.05,evaluation,1017,60,0.029861489371146407
A,0.05,evaluation,1017,61,0.03318947588759663
A,0.05,evaluation,1017,62,0.035028039008519696
A,0.05,evaluation,1017,63,0.018705253097306168
A,0.05,evaluation,1017,64,0.021915452565207036
A,0.05,evaluation,1017,65,0.03691534667900835
A,0.05,evaluation,1017,66,0.0370996079214354
A,0.05,evaluation,1017,67,0.02708905059744432
A,0.05,evaluation,1017,68,0.024435789469877178
A,0.05,evaluation,1017,69,0.02745513549646413
A,0.05,evaluation,1017,70,0.040979327887041464
A,0.05,evaluation,1017,71,0.05132589984948786
A,0.05,evaluation,1017,72,0.024724983657623212
A,0.05,evaluation,1017,73,0.020508553790584028
A,0.05,evaluation,1017,74,0.025796769732807145
A,0.05,evaluation,1017,75,0.02342311439735903
A,0.05,evaluation,1017,76,0.038852418422911775
A,0.05,evaluation,1017,77,0.05952900678104611
A,0.05,evaluation,1017,78,0.05026409586358882
A,0.05,evaluation,1017,79,0.02005504841876063
A,0.05,evaluation,1017,80,0.03903292754990123
A,0.05,evaluation,1017,81,0.028975313490883614
A,0.05,evaluation,1017,82,0.04121703665283083
A,0.05,evaluation,1017,83,0.039636227531767154
A,0.05,evaluation,1017,84,0.03063899488363392
A,0.05,evaluation,1017,85,0.029895208759017165
A,0.05,evaluation,1017,86,0.032219984038634464
A,0.05,evaluation,1017,87,0.034687245658780265
A,0.05,evaluation,1017,88,0.03781635561272583
A,0.05,evaluation,1017,89,0.04087254215922446
A,0.05,evaluation,1017,90,0.025126363651203923
A,0.05,evaluation,1017,91,0.03900241272925201
A,0.05,evaluation,1017,92,0.025503004687584263
A,0.05,evaluation,1017,93,0.037048577520820636
A,0.05,evaluation,1017,94,0.025004880069529833
A,0.05,evaluation,1017,95,0.02744055403421322
A,0.05,evaluation,1017,96,0.03142201440160655
A,0.05,evaluation,1017,97,0.04337806156613022
A,0.05,evaluation,1017,98,0.030581208272468907
A,0.05,evaluation,1017,99,0.03678695999079312
A,0.05,evaluation,1017,100,0.024375192315665373
A,0.05,evaluation,1017,101,0.02509024314086966
A,0.05,evaluation,1017,102,0.04509591597887742
A,0.05,evaluation,1017,103,0.03079594054713808
A,0.05,evaluation,1017,104,0.04804405959083413
A,0.05,evaluation,1017,105,0.02435622871007967
A,0.05,evaluation,1017,106,0.02016976821252653
A,0.05,evaluation,1017,107,0.02268499522765076
A,0.05,evaluation,1017,108,0.02742718241588063
A,0.05,evaluation,1017,109,0.04189585394747164
A,0.05,evaluation,1017,110,0.03896067078905838
A,0.05,evaluation,1017,111,0.03055759009078407
A,0.05,evaluation,1017,112,0.03304531535720314
A,0.05,evaluation,1017,113,0.026529927991212787
A,0.05,evaluation,1017,114,0.04230851111410305
A,0.05,evaluation,1017,115,0.02614668688168712
A,0.05,evaluation,1017,116,0.04860986831323928
A,0.05,evaluation,1017,117,0.0583637408207487
A,0.05,evaluation,1017,118,0.03140163409722216
A,0.05,evaluation,1017,119,0.04375727032839554
A,0.05,evaluation,1017,120,0.04325647669179536
A,0.05,evaluation,1017,121,0.0346115028943617
A,0.05,evaluation,1017,122,0.03146196525583861
A,0.05,evaluation,1017,123,0.026874516572700118
A,0.05,evaluation,1017,124,0.03561507111426618
A,0.05,evaluation,1017,125,0.046558607186873324
A,0.05,evaluation,1017,126,0.026405082021294365
A,0.05,evaluation,1017,127,0.0454526010141322
A,0.05,evaluation,1018,0,0.039509113824355485
A,0.05,evaluation,1018,1,0.023951111968387437
A,0.05,evaluation,1018,2,0.01783892772152823
A,0.05,evaluation,1018,3,0.03950302427825586
A,0.05,evaluation,1018,4,0.02976030897190078
A,0.05,evaluation,1018,5,0.035649558287808754
A,0.05,evaluation,1018,6,0.02034503438123858
A,0.05,evaluation,1018,7,0.04596739232102383
A,0.05,evaluation,1018,8,0.035803976255912195
A,0.05,evaluation,1018,9,0.052899222114736966
A,0.05,evaluation,1018,10,0.0387822116625932
A,0.05,evaluation,1018,11,0.033279858027361456
A,0.05,evaluation,1018,12,0.02583820156036988
A,0.05,evaluation,1018,13,0.03375142074480694
A,0.05,evaluation,1018,14,0.03262706011138121
A,0.05,evaluation,1018,15,0.0366136301270044
A,0.05,evaluation,1018,16,0.038503302780584336
A,0.05,evaluation,1018,17,0.04147610631057264
A,0.05,evaluation,1018,18,0.05189824303390306
A,0.05,evaluation,1018,19,0.03203762939301022
A,0.05,evaluation,1018,20,0.03950228090071867
A,0.05,evaluation,1018,21,0.02863155855682626
A,0.05,evaluation,1018,22,0.032461663635761626
A,0.05,evaluation,1018,23,0.03316604592532095
A,0.05,evaluation,1018,24,0.02466968515623197
A,0.05,evaluation,1018,25,0.02026770469972934
A,0.05,evaluation,1018,26,0.03887502736683337
A,0.05,evaluation,1018,27,0.026806820504723217
A,0.05,evaluation,1018,28,0.05379760330124959
A,0.05,evaluation,1018,29,0.03131950168739489
A,0.05,evaluation,1018,30,0.03314452203287083
A,0.05,evaluation,1018,31,0.02360232624941977
A,0.05,evaluation,1018,32,0.036902257485112305
A,0.05,evaluation,1018,33,0.030560261106165897
A,0.05,evaluation,1018,34,0.0332364712177242
A,0.05,evaluation,1018,35,0.02002803558724378
A,0.05,evaluation,1018,36,0.03525837902209592
A,0.05,evaluation,1018,37,0.040000032981895764
A,0.05,evaluation,1018,38,0.027100469076313957
A,0.05,evaluation,1018,39,0.028362895151565145
A,0.05,evaluation,1018,40,0.041762475758919726
A,0.05,evaluation,1018,41,0.03509584580547799
A,0.05,evaluation,1018,42,0.03182243861071627
A,0.05,evaluation,1018,43,0.022647760291933994
A,0.05,evaluation,1018,44,0.030693838564562634
A,0.05,evaluation,1018,45,0.03208327075567062
A,0.05,evaluation,1018,46,0.026410058365607572
A,0.05,evaluation,1018,47,0.0320857259552094
A,0.05,evaluation,1018,48,0.04526744687794132
A,0.05,evaluation,1018,49,0.023399504928879433
A,0.05,evaluation,1018,50,0.02839434069791573
A,0.05,evaluation,1018,51,0.01929941806045468
A,0.05,evaluation,1018,52,0.01884797024450402
A,0.05,evaluation,1018,53,0.024203601019154114
A,0.05,evaluation,1018,54,0.0233316102749363
A,0.05,evaluation,1018,55,0.024914868794141398
A,0.05,evaluation,1018,56,0.03701304945214735
A,0.05,evaluation,1018,57,0.03125441748022871
A,0.05,evaluation,1018,58,0.027017432292013657
A,0.05,evaluation,1018,59,0.02498466902314428
A,0.05,evaluation,1018,60,0.04205361953199839
A,0.05,evaluation,1018,61,0.02624453817048908
A,0.05,evaluation,1018,62,0.02123184659933776
A,0.05,evaluation,1018,63,0.027910129784863735
A,0.05,evaluation,1018,64,0.04039657886373286
A,0.05,evaluation,1018,65,0.022951453639371434
A,0.05,evaluation,1018,66,0.05644973183439783
A,0.05,evaluation,1018,67,0.04788782486446441
A,0.05,evaluation,1018,68,0.04265144705263357
A,0.05,evaluation,1018,69,0.022679540254690128
A,0.05,evaluation,1018,70,0.03164161966881085
A,0.05,evaluation,1018,71,0.02924431226780233
A,0.05,evaluation,1018,72,0.0356966609312635
A,0.05,evaluation,1018,73,0.03153722285680083
A,0.05,evaluation,1018,74,0.03281341326194431
A,0.05,evaluation,1018,75,0.0368068398643934
A,0.05,evaluation,1018,76,0.03918769507604427
A,0.05,evaluation,1018,77,0.035373894458158195
A,0.05,evaluation,1018,78,0.03497554397566732
A,0.05,evaluation,1018,79,0.04938839901510056
A,0.05,evaluation,1018,80,0.05686904139554827
A,0.05,evaluation,1018,81,0.04283007443881054
A,0.05,evaluation,1018,82,0.04339546461696471
A,0.05,evaluation,1018,83,0.03501124781548032
A,0.05,evaluation,1018,84,0.02108454862180957
A,0.05,evaluation,1018,85,0.03363912079319123
A,0.05,evaluation,1018,86,0.06188492392435668
A,0.05,evaluation,1018,87,0.04728278743825742
A,0.05,evaluation,1018,88,0.036441850376341976
A,0.05,evaluation,1018,89,0.046347859625759685
A,0.05,evaluation,1018,90,0.06117659207894949
A,0.05,evaluation,1018,91,0.03461184398883098
A,0.05,evaluation,1018,92,0.04431860834947221
A,0.05,evaluation,1018,93,0.022291363863929436
A,0.05,evaluation,1018,94,0.028398417937045367
A,0.05,evaluation,1018,95,0.03120532652398035
A,0.05,evaluation,1018,96,0.03973284313904599
A,0.05,evaluation,1018,97,0.025250664357093
A,0.05,evaluation,1018,98,0.04186053264357123
A,0.05,evaluation,1018,99,0.0399605221562995
A,0.05,evaluation,1018,100,0.04098374128618565
A,0.05,evaluation,1018,101,0.018561985898381428
A,0.05,evaluation,1018,102,0.028599655277562263
A,0.05,evaluation,1018,103,0.026879905940042963
A,0.05,evaluation,1018,104,0.03398506464792349
A,0.05,evaluation,1018,105,0.03531387160594114
A,0.05,evaluation,1018,106,0.04649317564288502
A,0.05,evaluation,1018,107,0.04221165146685524
A,0.05,evaluation,1018,108,0.03242996683277463
A,0.05,evaluation,1018,109,0.029025139822959456
A,0.05,evaluation,1018,110,0.0492332646906656
A,0.05,evaluation,1018,111,0.031170852088726532
A,0.05,evaluation,1018,112,0.04533664260748438
A,0.05,evaluation,1018,113,0.03671287151692469
A,0.05,evaluation,1018,114,0.045388695885179846
A,0.05,evaluation,1018,115,0.03532072251273605
A,0.05,evaluation,1018,116,0.053507321230684746
A,0.05,evaluation,1018,117,0.03307420317674095
A,0.05,evaluation,1018,118,0.04062363892022958
A,0.05,evaluation,1018,119,0.02669004165334002
A,0.05,evaluation,1018,120,0.06270625766954036
A,0.05,evaluation,1018,121,0.04031077310899739
A,0.05,evaluation,1018,122,0.0457992901290456
A,0.05,evaluation,1018,123,0.06125909195462104
A,0.05,evaluation,1018,124,0.03689939736537773
A,0.05,evaluation,1018,125,0.03050723179525794
A,0.05,evaluation,1018,126,0.03725329071444508
A,0.05,evaluation,1018,127,0.03654264449776945
A,0.05,evaluation,1019,0,0.021525628895133125
A,0.05,evaluation,1019,1,0.0332748450466801
A,0.05,evaluation,1019,2,0.03629586515192229
A,0.05,evaluation,1019,3,0.024624535340042147
A,0.05,evaluation,1019,4,0.028537842243465672
A,0.05,evaluation,1019,5,0.02236248242984458
A,0.05,evaluation,1019,6,0.02981306572029553
A,0.05,evaluation,1019,7,0.027921120635158357
A,0.05,evaluation,1019,8,0.035081231929599874
A,0.05,evaluation,1019,9,0.057210247440075745
A,0.05,evaluation,1019,10,0.06029383315830733
A,0.05,evaluation,1019,11,0.025787837775767652
A,0.05,evaluation,1019,12,0.0208252548247799
A,0.05,evaluation,1019,13,0.03073259461750659
A,0.05,evaluation,1019,14,0.026983006935324738
A,0.05,evaluation,1019,15,0.027999125416377946
A,0.05,evaluation,1019,16,0.020603061566453307
A,0.05,evaluation,1019,17,0.021181675821106853
A,0.05,evaluation,1019,18,0.028415088422120524
A,0.05,evaluation,1019,19,0.023617769216723428
A,0.05,evaluation,1019,20,0.038559122939637876
A,0.05,evaluation,1019,21,0.07574280799485783
A,0.05,evaluation,1019,22,0.046464595538013576
A,0.05,evaluation,1019,23,0.032887562964241786
A,0.05,evaluation,1019,24,0.03692499516490893
A,0.05,evaluation,1019,25,0.020777466301661607
A,0.05,evaluation,1019,26,0.06555964253308227
A,0.05,evaluation,1019,27,0.04428936209899481
A,0.05,evaluation,1019,28,0.03209411129921602
A,0.05,evaluation,1019,29,0.024079781866302608
A,0.05,evaluation,1019,30,0.02889874165315781
A,0.05,evaluation,1019,31,0.06143382708195855
A,0.05,evaluation,1019,32,0.06742271001496297
A,0.05,evaluation,1019,33,0.029915396355584767
A,0.05,evaluation,1019,34,0.02697284297089303
A,0.05,evaluation,1019,35,0.03332751028096434
A,0.05,evaluation,1019,36,0.02456142598110704
A,0.05,evaluation,1019,37,0.0371063688967613
A,0.05,evaluation,1019,38,0.03636130799075997
A,0.05,evaluation,1019,39,0.03961013391183471
A,0.05,evaluation,1019,40,0.08533411038846389
A,0.05,evaluation,1019,41,0.06061051556897912
A,0.05,evaluation,1019,42,0.04888851044557966
A,0.05,evaluation,1019,43,0.05379308606646338
A,0.05,evaluation,1019,44,0.03919336392710966
A,0.05,evaluation,1019,45,0.03385877163513709
A,0.05,evaluation,1019,46,0.02288010655295762
A,0.05,evaluation,1019,47,0.020669100956154637
A,0.05,evaluation,1019,48,0.02511721909151754
A,0.05,evaluation,1019,49,0.05438523438765741
A,0.05,evaluation,1019,50,0.037458599049068564
A,0.05,evaluation,1019,51,0.04130919504548397
A,0.05,evaluation,1019,52,0.023164869194503168
A,0.05,evaluation,1019,53,0.026023576347371156
A,0.05,evaluation,1019,54,0.03306172594714624
A,0.05,evaluation,1019,55,0.024136730752743557
A,0.05,evaluation,1019,56,0.030369873252474533
A,0.05,evaluation,1019,57,0.028216780633730454
A,0.05,evaluation,1019,58,0.04012235259634139
A,0.05,evaluation,1019,59,0.02498335376401524
A,0.05,evaluation,1019,60,0.04019537925808908
A,0.05,evaluation,1019,61,0.02986166070881744
A,0.05,evaluation,1019,62,0.020791433960967942
A,0.05,evaluation,1019,63,0.030611668612627346
A,0.05,evaluation,1019,64,0.05351159889494339
A,0.05,evaluation,1019,65,0.06602287652958927
A,0.05,evaluation,1019,66,0.022623217464112916
A,0.05,evaluation,1019,67,0.02407589774014034
A,0.05,evaluation,1019,68,0.03558331911840185
A,0.05,evaluation,1019,69,0.07812985021941143
A,0.05,evaluation,1019,70,0.026529081056445913
A,0.05,evaluation,1019,71,0.07207502715823821
A,0.05,evaluation,1019,72,0.04530017652274994
A,0.05,evaluation,1019,73,0.030549982350742882
A,0.05,evaluation,1019,74,0.014764609233497372
A,0.05,evaluation,1019,75,0.040506567119289294
A,0.05,evaluation,1019,76,0.037995600403250035
A,0.05,evaluation,1019,77,0.04202617375511519
A,0.05,evaluation,1019,78,0.028932639099045657
A,0.05,evaluation,1019,79,0.027836669850936295
A,0.05,evaluation,1019,80,0.038171865021679956
A,0.05,evaluation,1019,81,0.03950708660493804
A,0.05,evaluation,1019,82,0.030193580351838112
A,0.05,evaluation,1019,83,0.02490985523409467
A,0.05,evaluation,1019,84,0.02643462404709654
A,0.05,evaluation,1019,85,0.01966390758493866
A,0.05,evaluation,1019,86,0.019152900937735987
A,0.05,evaluation,1019,87,0.021368629863472155
A,0.05,evaluation,1019,88,0.024095167175539046
A,0.05,evaluation,1019,89,0.03273608893383349
A,0.05,evaluation,1019,90,0.026772096694131164
A,0.05,evaluation,1019,91,0.030394069719473837
A,0.05,evaluation,1019,92,0.019803405265802862
A,0.05,evaluation,1019,93,0.025342727535221043
A,0.05,evaluation,1019,94,0.022000751023265847
A,0.05,evaluation,1019,95,0.02550157404322284
A,0.05,evaluation,1019,96,0.02231589709894169
A,0.05,evaluation,1019,97,0.029937897458114315
A,0.05,evaluation,1019,98,0.03682204132100861
A,0.05,evaluation,1019,99,0.036087001895765275
A,0.05,evaluation,1019,100,0.04589195585442156
A,0.05,evaluation,1019,101,0.036800511733296744
A,0.05,evaluation,1019,102,0.021904488369903385
A,0.05,evaluation,1019,103,0.037459223731390934
A,0.05,evaluation,1019,104,0.031274819748204064
A,0.05,evaluation,1019,105,0.041479224193437914
A,0.05,evaluation,1019,106,0.03481906453444235
A,0.05,evaluation,1019,107,0.05047620653659335
A,0.05,evaluation,1019,108,0.08811314485418381
A,0.05,evaluation,1019,109,0.08109628148223619
A,0.05,evaluation,1019,110,0.02381679466356082
A,0.05,evaluation,1019,111,0.059922479124366934
A,0.05,evaluation,1019,112,0.0513746967288119
A,0.05,evaluation,1019,113,0.026463521987474876
A,0.05,evaluation,1019,114,0.03566099350994184
A,0.05,evaluation,1019,115,0.033194550504523565
A,0.05,evaluation,1019,116,0.0409182833692236
A,0.05,evaluation,1019,117,0.03724313201781504
A,0.05,evaluation,1019,118,0.03448479399187049
A,0.05,evaluation,1019,119,0.02617263057355918
A,0.05,evaluation,1019,120,0.020693289444496665
A,0.05,evaluation,1019,121,0.023427087488882992
A,0.05,evaluation,1019,122,0.03543966738339929
A,0.05,evaluation,1019,123,0.02573838965972164
A,0.05,evaluation,1019,124,0.028203518054902947
A,0.05,evaluation,1019,125,0.03676551739915693
A,0.05,evaluation,1019,126,0.039812296753795814
A,0.05,evaluation,1019,127,0.016288774779605192
B,0.0,calibration,1000,0,0.0
B,0.0,calibration,1000,1,0.0
B,0.0,calibration,1000,2,0.0
B,0.0,calibration,1000,3,0.0
B,0.0,calibration,1000,4,0.0
B,0.0,calibration,1000,5,0.0
B,0.0,calibration,1000,6,0.0
B,0.0,calibration,1000,7,0.0
B,0.0,calibration,1000,8,0.0
B,0.0,calibration,1000,9,0.0
B,0.0,calibration,1000,10,0.0
B,0.0,calibration,1000,11,0.0
B,0.0,calibration,1000,12,0.0
B,0.0,calibration,1000,13,0.0
B,0.0,calibration,1000,14,0.0
B,0.0,calibration,1000,15,0.0
B,0.0,calibration,1000,16,0.0
B,0.0,calibration,1000,17,0.0
B,0.0,calibration,1000,18,0.0
B,0.0,calibration,1000,19,0.0
B,0.0,calibration,1000,20,0.0
B,0.0,calibration,1000,21,0.0
B,0.0,calibration,1000,22,0.0
B,0.0,calibration,1000,23,0.0
B,0.0,calibration,1000,24,0.0
B,0.0,calibration,1000,25,0.0
B,0.0,calibration,1000,26,0.0
B,0.0,calibration,1000,27,0.0
B,0.0,calibration,1000,28,0.0
B,0.0,calibration,1000,29,0.0
B,0.0,calibration,1000,30,0.0
B,0.0,calibration,1000,31,0.0
B,0.0,calibration,1000,32,0.0
B,0.0,calibration,1000,33,0.0
B,0.0,calibration,1000,34,0.0
B,0.0,calibration,1000,35,0.0
B,0.0,calibration,1000,36,0.0
B,0.0,calibration,1000,37,0.0
B,0.0,calibration,1000,38,0.0
B,0.0,calibration,1000,39,0.0
B,0.0,calibration,1000,40,0.0
B,0.0,calibration,1000,41,0.0
B,0.0,calibration,1000,42,0.0
B,0.0,calibration,1000,43,0.0
B,0.0,calibration,1000,44,0.0
B,0.0,calibration,1000,45,0.0
B,0.0,calibration,1000,46,0.0
B,0.0,calibration,1000,47,0.0
B,0.0,calibration,1000,48,0.0
B,0.0,calibration,1000,49,0.0
B,0.0,calibration,1000,50,0.0
B,0.0,calibration,1000,51,0.0
B,0.0,calibration,1000,52,0.0
B,0.0,calibration,1000,53,0.0
B,0.0,calibration,1000,54,0.0
B,0.0,calibration,1000,55,0.0
B,0.0,calibration,1000,56,0.0
B,0.0,calibration,1000,57,0.0
B,0.0,calibration,1000,58,0.0
B,0.0,calibration,1000,59,0.0
B,0.0,calibration,1000,60,0.0
B,0.0,calibration,1000,61,0.0
B,0.0,calibration,1000,62,0.0
B,0.0,calibration,1000,63,0.0
B,0.0,calibration,1000,64,0.0
B,0.0,calibration,1000,65,0.0
B,0.0,calibration,1000,66,0.0
B,0.0,calibration,1000,67,0.0
B,0.0,calibration,1000,68,0.0
B,0.0,calibration,1000,69,0.0
B,0.0,calibration,1000,70,0.0
B,0.0,calibration,1000,71,0.0
B,0.0,calibration,1000,72,0.0
B,0.0,calibration,1000,73,0.0
B,0.0,calibration,1000,74,0.0
B,0.0,calibration,1000,75,0.0
B,0.0,calibration,1000,76,0.0
B,0.0,calibration,1000,77,0.0
B,0.0,calibration,1000,78,0.0
B,0.0,calibration,1000,79,0.0
B,0.0,calibration,1000,80,0.0
B,0.0,calibration,1000,81,0.0
B,0.0,calibration,1000,82,0.0
B,0.0,calibration,1000,83,0.0
B,0.0,calibration,1000,84,0.0
B,0.0,calibration,1000,85,0.0
B,0.0,calibration,1000,86,0.0
B,0.0,calibration,1000,87,0.0
B,0.0,calibration,1000,88,0.0
B,0.0,calibration,1000,89,0.0
B,0.0,calibration,1000,90,0.0
B,0.0,calibration,1000,91,0.0
B,0.0,calibration,1000,92,0.0
B,0.0,calibration,1000,93,0.0
B,0.0,calibration,1000,94,0.0
B,0.0,calibration,1000,95,0.0
B,0.0,calibration,1000,96,0.0
B,0.0,calibration,1000,97,0.0
B,0.0,calibration,1000,98,0.0
B,0.0,calibration,1000,99,0.0
B,0.0,calibration,1000,100,0.0
B,0.0,calibration,1000,101,0.0
B,0.0,calibration,1000,102,0.0
B,0.0,calibration,1000,103,0.0
B,0.0,calibration,1000,104,0.0
B,0.0,calibration,1000,105,0.0
B,0.0,calibration,1000,106,0.0
B,0.0,calibration,1000,107,0.0
B,0.0,calibration,1000,108,0.0
B,0.0,calibration,1000,109,0.0
B,0.0,calibration,1000,110,0.0
B,0.0,calibration,1000,111,0.0
B,0.0,calibration,1000,112,0.0
B,0.0,calibration,1000,113,0.0
B,0.0,calibration,1000,114,0.0
B,0.0,calibration,1000,115,0.0
B,0.0,calibration,1000,116,0.0
B,0.0,calibration,1000,117,0.0
B,0.0,calibration,1000,118,0.0
B,0.0,calibration,1000,119,0.0
B,0.0,calibration,1000,120,0.0
B,0.0,calibration,1000,121,0.0
B,0.0,calibration,1000,122,0.0
B,0.0,calibration,1000,123,0.0
B,0.0,calibration,1000,124,0.0
B,0.0,calibration,1000,125,0.0
B,0.0,calibration,1000,126,0.0
B,0.0,calibration,1000,127,0.0
B,0.0,calibration,1001,0,0.0
B,0.0,calibration,1001,1,0.0
B,0.0,calibration,1001,2,0.0
B,0.0,calibration,1001,3,0.0
B,0.0,calibration,1001,4,0.0
B,0.0,calibration,1001,5,0.0
B,0.0,calibration,1001,6,0.0
B,0.0,calibration,1001,7,0.0
B,0.0,calibration,1001,8,0.0
B,0.0,calibration,1001,9,0.0
B,0.0,calibration,1001,10,0.0
B,0.0,calibration,1001,11,0.0
B,0.0,calibration,1001,12,0.0
B,0.0,calibration,1001,13,0.0
B,0.0,calibration,1001,14,0.0
B,0.0,calibration,1001,15,0.0
B,0.0,calibration,1001,16,0.0
B,0.0,calibration,1001,17,0.0
B,0.0,calibration,1001,18,0.0
B,0.0,calibration,1001,19,0.0
B,0.0,calibration,1001,20,0.0
B,0.0,calibration,1001,21,0.0
B,0.0,calibration,1001,22,0.0
B,0.0,calibration,1001,23,0.0
B,0.0,calibration,1001,24,0.0
B,0.0,calibration,1001,25,0.0
B,0.0,calibration,1001,26,0.0
B,0.0,calibration,1001,27,0.0
B,0.0,calibration,1001,28,0.0
B,0.0,calibration,1001,29,0.0
B,0.0,calibration,1001,30,0.0
B,0.0,calibration,1001,31,0.0
B,0.0,calibration,1001,32,0.0
B,0.0,calibration,1001,33,0.0
B,0.0,calibration,1001,34,0.0
B,0.0,calibration,1001,35,0.0
B,0.0,calibration,1001,36,0.0
B,0.0,calibration,1001,37,0.0
B,0.0,calibration,1001,38,0.0
B,0.0,calibration,1001,39,0.0
B,0.0,calibration,1001,40,0.0
B,0.0,calibration,1001,41,0.0
B,0.0,calibration,1001,42,0.0
B,0.0,calibration,1001,43,0.0
B,0.0,calibration,1001,44,0.0
B,0.0,calibration,1001,45,0.0
B,0.0,calibration,1001,46,0.0
B,0.0,calibration,1001,47,0.0
B,0.0,calibration,1001,48,0.0
B,0.0,calibration,1001,49,0.0
B,0.0,calibration,1001,50,0.0
B,0.0,calibration,1001,51,0.0
B,0.0,calibration,1001,52,0.0
B,0.0,calibration,1001,53,0.0
B,0.0,calibration,1001,54,0.0
B,0.0,calibration,1001,55,0.0
B,0.0,calibration,1001,56,0.0
B,0.0,calibration,1001,57,0.0
B,0.0,calibration,1001,58,0.0
B,0.0,calibration,1001,59,0.0
B,0.0,calibration,1001,60,0.0
B,0.0,calibration,1001,61,0.0
B,0.0,calibration,1001,62,0.0
B,0.0,calibration,1001,63,0.0
B,0.0,calibration,1001,64,0.0
B,0.0,calibration,1001,65,0.0
B,0.0,calibration,1001,66,0.0
B,0.0,calibration,1001,67,0.0
B,0.0,calibration,1001,68,0.0
B,0.0,calibration,1001,69,0.0
B,0.0,calibration,1001,70,0.0
B,0.0,calibration,1001,71,0.0
B,0.0,calibration,1001,72,0.0
B,0.0,calibration,1001,73,0.0
B,0.0,calibration,1001,74,0.0
B,0.0,calibration,1001,75,0.0
B,0.0,calibration,1001,76,0.0
B,0.0,calibration,1001,77,0.0
B,0.0,calibration,1001,78,0.0
B,0.0,calibration,1001,79,0.0
B,0.0,calibration,1001,80,0.0
B,0.0,calibration,1001,81,0.0
B,0.0,calibration,1001,82,0.0
B,0.0,calibration,1001,83,0.0
B,0.0,calibration,1001,84,0.0
B,0.0,calibration,1001,85,0.0
B,0.0,calibration,1001,86,0.0
B,0.0,calibration,1001,87,0.0
B,0.0,calibration,1001,88,0.0
B,0.0,calibration,1001,89,0.0
B,0.0,calibration,1001,90,0.0
B,0.0,calibration,1001,91,0.0
B,0.0,calibration,1001,92,0.0
B,0.0,calibration,1001,93,0.0
B,0.0,calibration,1001,94,0.0
B,0.0,calibration,1001,95,0.0
B,0.0,calibration,1001,96,0.0
B,0.0,calibration,1001,97,0.0
B,0.0,calibration,1001,98,0.0
B,0.0,calibration,1001,99,0.0
B,0.0,calibration,1001,100,0.0
B,0.0,calibration,1001,101,0.0
B,0.0,calibration,1001,102,0.0
B,0.0,calibration,1001,103,0.0
B,0.0,calibration,1001,104,0.0
B,0.0,calibration,1001,105,0.0
B,0.0,calibration,1001,106,0.0
B,0.0,calibration,1001,107,0.0
B,0.0,calibration,1001,108,0.0
B,0.0,calibration,1001,109,0.0
B,0.0,calibration,1001,110,0.0
B,0.0,calibration,1001,111,0.0
B,0.0,calibration,1001,112,0.0
B,0.0,calibration,1001,113,0.0
B,0.0,calibration,1001,114,0.0
B,0.0,calibration,1001,115,0.0
B,0.0,calibration,1001,116,0.0
B,0.0,calibration,1001,117,0.0
B,0.0,calibration,1001,118,0.0
B,0.0,calibration,1001,119,0.0
B,0.0,calibration,1001,120,0.0
B,0.0,calibration,1001,121,0.0
B,0.0,calibration,1001,122,0.0
B,0.0,calibration,1001,123,0.0
B,0.0,calibration,1001,124,0.0
B,0.0,calibration,1001,125,0.0
B,0.0,calibration,1001,126,0.0
B,0.0,calibration,1001,127,0.0
B,0.0,calibration,1002,0,0.0
B,0.0,calibration,1002,1,0.0
B,0.0,calibration,1002,2,0.0
B,0.0,calibration,1002,3,0.0
B,0.0,calibration,1002,4,0.0
B,0.0,calibration,1002,5,0.0
B,0.0,calibration,1002,6,0.0
B,0.0,calibration,1002,7,0.0
B,0.0,calibration,1002,8,0.0
B,0.0,calibration,1002,9,0.0
B,0.0,calibration,1002,10,0.0
B,0.0,calibration,1002,11,0.0
B,0.0,calibration,1002,12,0.0
B,0.0,calibration,1002,13,0.0
B,0.0,calibration,1002,14,0.0
B,0.0,calibration,1002,15,0.0
B,0.0,calibration,1002,16,0.0
B,0.0,calibration,1002,17,0.0
B,0.0,calibration,1002,18,0.0
B,0.0,calibration,1002,19,0.0
B,0.0,calibration,1002,20,0.0
B,0.0,calibration,1002,21,0.0
B,0.0,calibration,1002,22,0.0
B,0.0,calibration,1002,23,0.0
B,0.0,calibration,1002,24,0.0
B,0.0,calibration,1002,25,0.0
B,0.0,calibration,1002,26,0.0
B,0.0,calibration,1002,27,0.0
B,0.0,calibration,1002,28,0.0
B,0.0,calibration,1002,29,0.0
B,0.0,calibration,1002,30,0.0
B,0.0,calibration,1002,31,0.0
B,0.0,calibration,1002,32,0.0
B,0.0,calibration,1002,33,0.0
B,0.0,calibration,1002,34,0.0
B,0.0,calibration,1002,35,0.0
B,0.0,calibration,1002,36,0.0
B,0.0,calibration,1002,37,0.0
B,0.0,calibration,1002,38,0.0
B,0.0,calibration,1002,39,0.0
B,0.0,calibration,1002,40,0.0
B,0.0,calibration,1002,41,0.0
B,0.0,calibration,1002,42,0.0
B,0.0,calibration,1002,43,0.0
B,0.0,calibration,1002,44,0.0
B,0.0,calibration,1002,45,0.0
B,0.0,calibration,1002,46,0.0
B,0.0,calibration,1002,47,0.0
B,0.0,calibration,1002,48,0.0
B,0.0,calibration,1002,49,0.0
B,0.0,calibration,1002,50,0.0
B,0.0,calibration,1002,51,0.0
B,0.0,calibration,1002,52,0.0
B,0.0,calibration,1002,53,0.0
B,0.0,calibration,1002,54,0.0
B,0.0,calibration,1002,55,0.0
B,0.0,calibration,1002,56,0.0
B,0.0,calibration,1002,57,0.0
B,0.0,calibration,1002,58,0.0
B,0.0,calibration,1002,59,0.0
B,0.0,calibration,1002,60,0.0
B,0.0,calibration,1002,61,0.0
B,0.0,calibration,1002,62,0.0
B,0.0,calibration,1002,63,0.0
B,0.0,calibration,1002,64,0.0
B,0.0,calibration,1002,65,0.0
B,0.0,calibration,1002,66,0.0
B,0.0,calibration,1002,67,0.0
B,0.0,calibration,1002,68,0.0
B,0.0,calibration,1002,69,0.0
B,0.0,calibration,1002,70,0.0
B,0.0,calibration,1002,71,0.0
B,0.0,calibration,1002,72,0.0
B,0.0,calibration,1002,73,0.0
B,0.0,calibration,1002,74,0.0
B,0.0,calibration,1002,75,0.0
B,0.0,calibration,1002,76,0.0
B,0.0,calibration,1002,77,0.0
B,0.0,calibration,1002,78,0.0
B,0.0,calibration,1002,79,0.0
B,0.0,calibration,1002,80,0.0
B,0.0,calibration,1002,81,0.0
B,0.0,calibration,1002,82,0.0
B,0.0,calibration,1002,83,0.0
B,0.0,calibration,1002,84,0.0
B,0.0,calibration,1002,85,0.0
B,0.0,calibration,1002,86,0.0
B,0.0,calibration,1002,87,0.0
B,0.0,calibration,1002,88,0.0
B,0.0,calibration,1002,89,0.0
B,0.0,calibration,1002,90,0.0
B,0.0,calibration,1002,91,0.0
B,0.0,calibration,1002,92,0.0
B,0.0,calibration,1002,93,0.0
B,0.0,calibration,1002,94,0.0
B,0.0,calibration,1002,95,0.0
B,0.0,calibration,1002,96,0.0
B,0.0,calibration,1002,97,0.0
B,0.0,calibration,1002,98,0.0
B,0.0,calibration,1002,99,0.0
B,0.0,calibration,1002,100,0.0
B,0.0,calibration,1002,101,0.0
B,0.0,calibration,1002,102,0.0
B,0.0,calibration,1002,103,0.0
B,0.0,calibration,1002,104,0.0
B,0.0,calibration,1002,105,0.0
B,0.0,calibration,1002,106,0.0
B,0.0,calibration,1002,107,0.0
B,0.0,calibration,1002,108,0.0
B,0.0,calibration,1002,109,0.0
B,0.0,calibration,1002,110,0.0
B,0.0,calibration,1002,111,0.0
B,0.0,calibration,1002,112,0.0
B,0.0,calibration,1002,113,0.0
B,0.0,calibration,1002,114,0.0
B,0.0,calibration,1002,115,0.0
B,0.0,calibration,1002,116,0.0
B,0.0,calibration,1002,117,0.0
B,0.0,calibration,1002,118,0.0
B,0.0,calibration,1002,119,0.0
B,0.0,calibration,1002,120,0.0
B,0.0,calibration,1002,121,0.0
B,0.0,calibration,1002,122,0.0
B,0.0,calibration,1002,123,0.0
B,0.0,calibration,1002,124,0.0
B,0.0,calibration,1002,125,0.0
B,0.0,calibration,1002,126,0.0
B,0.0,calibration,1002,127,0.0
B,0.0,calibration,1003,0,0.0
B,0.0,calibration,1003,1,0.0
B,0.0,calibration,1003,2,0.0
B,0.0,calibration,1003,3,0.0
B,0.0,calibration,1003,4,0.0
B,0.0,calibration,1003,5,0.0
B,0.0,calibration,1003,6,0.0
B,0.0,calibration,1003,7,0.0
B,0.0,calibration,1003,8,0.0
B,0.0,calibration,1003,9,0.0
B,0.0,calibration,1003,10,0.0
B,0.0,calibration,1003,11,0.0
B,0.0,calibration,1003,12,0.0
B,0.0,calibration,1003,13,0.0
B,0.0,calibration,1003,14,0.0
B,0.0,calibration,1003,15,0.0
B,0.0,calibration,1003,16,0.0
B,0.0,calibration,1003,17,0.0
B,0.0,calibration,1003,18,0.0
B,0.0,calibration,1003,19,0.0
B,0.0,calibration,1003,20,0.0
B,0.0,calibration,1003,21,0.0
B,0.0,calibration,1003,22,0.0
B,0.0,calibration,1003,23,0.0
B,0.0,calibration,1003,24,0.0
B,0.0,calibration,1003,25,0.0
B,0.0,calibration,1003,26,0.0
B,0.0,calibration,1003,27,0.0
B,0.0,calibration,1003,28,0.0
B,0.0,calibration,1003,29,0.0
B,0.0,calibration,1003,30,0.0
B,0.0,calibration,1003,31,0.0
B,0.0,calibration,1003,32,0.0
B,0.0,calibration,1003,33,0.0
B,0.0,calibration,1003,34,0.0
B,0.0,calibration,1003,35,0.0
B,0.0,calibration,1003,36,0.0
B,0.0,calibration,1003,37,0.0
B,0.0,calibration,1003,38,0.0
B,0.0,calibration,1003,39,0.0
B,0.0,calibration,1003,40,0.0
B,0.0,calibration,1003,41,0.0
B,0.0,calibration,1003,42,0.0
B,0.0,calibration,1003,43,0.0
B,0.0,calibration,1003,44,0.0
B,0.0,calibration,1003,45,0.0
B,0.0,calibration,1003,46,0.0
B,0.0,calibration,1003,47,0.0
B,0.0,calibration,1003,48,0.0
B,0.0,calibration,1003,49,0.0
B,0.0,calibration,1003,50,0.0
B,0.0,calibration,1003,51,0.0
B,0.0,calibration,1003,52,0.0
B,0.0,calibration,1003,53,0.0
B,0.0,calibration,1003,54,0.0
B,0.0,calibration,1003,55,0.0
B,0.0,calibration,1003,56,0.0
B,0.0,calibration,1003,57,0.0
B,0.0,calibration,1003,58,0.0
B,0.0,calibration,1003,59,0.0
B,0.0,calibration,1003,60,0.0
B,0.0,calibration,1003,61,0.0
B,0.0,calibration,1003,62,0.0
B,0.0,calibration,1003,63,0.0
B,0.0,calibration,1003,64,0.0
B,0.0,calibration,1003,65,0.0
B,0.0,calibration,1003,66,0.0
B,0.0,calibration,1003,67,0.0
B,0.0,calibration,1003,68,0.0
B,0.0,calibration,1003,69,0.0
B,0.0,calibration,1003,70,0.0
B,0.0,calibration,1003,71,0.0
B,0.0,calibration,1003,72,0.0
B,0.0,calibration,1003,73,0.0
B,0.0,calibration,1003,74,0.0
B,0.0,calibration,1003,75,0.0
B,0.0,calibration,1003,76,0.0
B,0.0,calibration,1003,77,0.0
B,0.0,calibration,1003,78,0.0
B,0.0,calibration,1003,79,0.0
B,0.0,calibration,1003,80,0.0
B,0.0,calibration,1003,81,0.0
B,0.0,calibration,1003,82,0.0
B,0.0,calibration,1003,83,0.0
B,0.0,calibration,1003,84,0.0
B,0.0,calibration,1003,85,0.0
B,0.0,calibration,1003,86,0.0
B,0.0,calibration,1003,87,0.0
B,0.0,calibration,1003,88,0.0
B,0.0,calibration,1003,89,0.0
B,0.0,calibration,1003,90,0.0
B,0.0,calibration,1003,91,0.0
B,0.0,calibration,1003,92,0.0
B,0.0,calibration,1003,93,0.0
B,0.0,calibration,1003,94,0.0
B,0.0,calibration,1003,95,0.0
B,0.0,calibration,1003,96,0.0
B,0.0,calibration,1003,97,0.0
B,0.0,calibration,1003,98,0.0
B,0.0,calibration,1003,99,0.0
B,0.0,calibration,1003,100,0.0
B,0.0,calibration,1003,101,0.0
B,0.0,calibration,1003,102,0.0
B,0.0,calibration,1003,103,0.0
B,0.0,calibration,1003,104,0.0
B,0.0,calibration,1003,105,0.0
B,0.0,calibration,1003,106,0.0
B,0.0,calibration,1003,107,0.0
B,0.0,calibration,1003,108,0.0
B,0.0,calibration,1003,109,0.0
B,0.0,calibration,1003,110,0.0
B,0.0,calibration,1003,111,0.0
B,0.0,calibration,1003,112,0.0
B,0.0,calibration,1003,113,0.0
B,0.0,calibration,1003,114,0.0
B,0.0,calibration,1003,115,0.0
B,0.0,calibration,1003,116,0.0
B,0.0,calibration,1003,117,0.0
B,0.0,calibration,1003,118,0.0
B,0.0,calibration,1003,119,0.0
B,0.0,calibration,1003,120,0.0
B,0.0,calibration,1003,121,0.0
B,0.0,calibration,1003,122,0.0
B,0.0,calibration,1003,123,0.0
B,0.0,calibration,1003,124,0.0
B,0.0,calibration,1003,125,0.0
B,0.0,calibration,1003,126,0.0
B,0.0,calibration,1003,127,0.0
B,0.0,calibration,1004,0,0.0
B,0.0,calibration,1004,1,0.0
B,0.0,calibration,1004,2,0.0
B,0.0,calibration,1004,3,0.0
B,0.0,calibration,1004,4,0.0
B,0.0,calibration,1004,5,0.0
B,0.0,calibration,1004,6,0.0
B,0.0,calibration,1004,7,0.0
B,0.0,calibration,1004,8,0.0
B,0.0,calibration,1004,9,0.0
B,0.0,calibration,1004,10,0.0
B,0.0,calibration,1004,11,0.0
B,0.0,calibration,1004,12,0.0
B,0.0,calibration,1004,13,0.0
B,0.0,calibration,1004,14,0.0
B,0.0,calibration,1004,15,0.0
B,0.0,calibration,1004,16,0.0
B,0.0,calibration,1004,17,0.0
B,0.0,calibration,1004,18,0.0
B,0.0,calibration,1004,19,0.0
B,0.0,calibration,1004,20,0.0
B,0.0,calibration,1004,21,0.0
B,0.0,calibration,1004,22,0.0
B,0.0,calibration,1004,23,0.0
B,0.0,calibration,1004,24,0.0
B,0.0,calibration,1004,25,0.0
B,0.0,calibration,1004,26,0.0
B,0.0,calibration,1004,27,0.0
B,0.0,calibration,1004,28,0.0
B,0.0,calibration,1004,29,0.0
B,0.0,calibration,1004,30,0.0
B,0.0,calibration,1004,31,0.0
B,0.0,calibration,1004,32,0.0
B,0.0,calibration,1004,33,0.0
B,0.0,calibration,1004,34,0.0
B,0.0,calibration,1004,35,0.0
B,0.0,calibration,1004,36,0.0
B,0.0,calibration,1004,37,0.0
B,0.0,calibration,1004,38,0.0
B,0.0,calibration,1004,39,0.0
B,0.0,calibration,1004,40,0.0
B,0.0,calibration,1004,41,0.0
B,0.0,calibration,1004,42,0.0
B,0.0,calibration,1004,43,0.0
B,0.0,calibration,1004,44,0.0
B,0.0,calibration,1004,45,0.0
B,0.0,calibration,1004,46,0.0
B,0.0,calibration,1004,47,0.0
B,0.0,calibration,1004,48,0.0
B,0.0,calibration,1004,49,0.0
B,0.0,calibration,1004,50,0.0
B,0.0,calibration,1004,51,0.0
B,0.0,calibration,1004,52,0.0
B,0.0,calibration,1004,53,0.0
B,0.0,calibration,1004,54,0.0
B,0.0,calibration,1004,55,0.0
B,0.0,calibration,1004,56,0.0
B,0.0,calibration,1004,57,0.0
B,0.0,calibration,1004,58,0.0
B,0.0,calibration,1004,59,0.0
B,0.0,calibration,1004,60,0.0
B,0.0,calibration,1004,61,0.0
B,0.0,calibration,1004,62,0.0
B,0.0,calibration,1004,63,0.0
B,0.0,calibration,1004,64,0.0
B,0.0,calibration,1004,65,0.0
B,0.0,calibration,1004,66,0.0
B,0.0,calibration,1004,67,0.0
B,0.0,calibration,1004,68,0.0
B,0.0,calibration,1004,69,0.0
B,0.0,calibration,1004,70,0.0
B,0.0,calibration,1004,71,0.0
B,0.0,calibration,1004,72,0.0
B,0.0,calibration,1004,73,0.0
B,0.0,calibration,1004,74,0.0
B,0.0,calibration,1004,75,0.0
B,0.0,calibration,1004,76,0.0
B,0.0,calibration,1004,77,0.0
B,0.0,calibration,1004,78,0.0
B,0.0,calibration,1004,79,0.0
B,0.0,calibration,1004,80,0.0
B,0.0,calibration,1004,81,0.0
B,0.0,calibration,1004,82,0.0
B,0.0,calibration,1004,83,0.0
B,0.0,calibration,1004,84,0.0
B,0.0,calibration,1004,85,0.0
B,0.0,calibration,1004,86,0.0
B,0.0,calibration,1004,87,0.0
B,0.0,calibration,1004,88,0.0
B,0.0,calibration,1004,89,0.0
B,0.0,calibration,1004,90,0.0
B,0.0,calibration,1004,91,0.0
B,0.0,calibration,1004,92,0.0
B,0.0,calibration,1004,93,0.0
B,0.0,calibration,1004,94,0.0
B,0.0,calibration,1004,95,0.0
B,0.0,calibration,1004,96,0.0
B,0.0,calibration,1004,97,0.0
B,0.0,calibration,1004,98,0.0
B,0.0,calibration,1004,99,0.0
B,0.0,calibration,1004,100,0.0
B,0.0,calibration,1004,101,0.0
B,0.0,calibration,1004,102,0.0
B,0.0,calibration,1004,103,0.0
B,0.0,calibration,1004,104,0.0
B,0.0,calibration,1004,105,0.0
B,0.0,calibration,1004,106,0.0
B,0.0,calibration,1004,107,0.0
B,0.0,calibration,1004,108,0.0
B,0.0,calibration,1004,109,0.0
B,0.0,calibration,1004,110,0.0
B,0.0,calibration,1004,111,0.0
B,0.0,calibration,1004,112,0.0
B,0.0,calibration,1004,113,0.0
B,0.0,calibration,1004,114,0.0
B,0.0,calibration,1004,115,0.0
B,0.0,calibration,1004,116,0.0
B,0.0,calibration,1004,117,0.0
B,0.0,calibration,1004,118,0.0
B,0.0,calibration,1004,119,0.0
B,0.0,calibration,1004,120,0.0
B,0.0,calibration,1004,121,0.0
B,0.0,calibration,1004,122,0.0
B,0.0,calibration,1004,123,0.0
B,0.0,calibration,1004,124,0.0
B,0.0,calibration,1004,125,0.0
B,0.0,calibration,1004,126,0.0
B,0.0,calibration,1004,127,0.0
B,0.0,evaluation,1005,0,0.0
B,0.0,evaluation,1005,1,0.0
B,0.0,evaluation,1005,2,0.0
B,0.0,evaluation,1005,3,0.0
B,0.0,evaluation,1005,4,0.0
B,0.0,evaluation,1005,5,0.0
B,0.0,evaluation,1005,6,0.0
B,0.0,evaluation,1005,7,0.0
B,0.0,evaluation,1005,8,0.0
B,0.0,evaluation,1005,9,0.0
B,0.0,evaluation,1005,10,0.0
B,0.0,evaluation,1005,11,0.0
B,0.0,evaluation,1005,12,0.0
B,0.0,evaluation,1005,13,0.0
B,0.0,evaluation,1005,14,0.0
B,0.0,evaluation,1005,15,0.0
B,0.0,evaluation,1005,16,0.0
B,0.0,evaluation,1005,17,0.0
B,0.0,evaluation,1005,18,0.0
B,0.0,evaluation,1005,19,0.0
B,0.0,evaluation,1005,20,0.0
B,0.0,evaluation,1005,21,0.0
B,0.0,evaluation,1005,22,0.0
B,0.0,evaluation,1005,23,0.0
B,0.0,evaluation,1005,24,0.0
B,0.0,evaluation,1005,25,0.0
B,0.0,evaluation,1005,26,0.0
B,0.0,evaluation,1005,27,0.0
B,0.0,evaluation,1005,28,0.0
B,0.0,evaluation,1005,29,0.0
B,0.0,evaluation,1005,30,0.0
B,0.0,evaluation,1005,31,0.0
B,0.0,evaluation,1005,32,0.0
B,0.0,evaluation,1005,33,0.0
B,0.0,evaluation,1005,34,0.0
B,0.0,evaluation,1005,35,0.0
B,0.0,evaluation,1005,36,0.0
B,0.0,evaluation,1005,37,0.0
B,0.0,evaluation,1005,38,0.0
B,0.0,evaluation,1005,39,0.0
B,0.0,evaluation,1005,40,0.0
B,0.0,evaluation,1005,41,0.0
B,0.0,evaluation,1005,42,0.0
B,0.0,evaluation,1005,43,0.0
B,0.0,evaluation,1005,44,0.0
B,0.0,evaluation,1005,45,0.0
B,0.0,evaluation,1005,46,0.0
B,0.0,evaluation,1005,47,0.0
B,0.0,evaluation,1005,48,0.0
B,0.0,evaluation,1005,49,0.0
B,0.0,evaluation,1005,50,0.0
B,0.0,evaluation,1005,51,0.0
B,0.0,evaluation,1005,52,0.0
B,0.0,evaluation,1005,53,0.0
B,0.0,evaluation,1005,54,0.0
B,0.0,evaluation,1005,55,0.0
B,0.0,evaluation,1005,56,0.0
B,0.0,evaluation,1005,57,0.0
B,0.0,evaluation,1005,58,0.0
B,0.0,evaluation,1005,59,0.0
B,0.0,evaluation,1005,60,0.0
B,0.0,evaluation,1005,61,0.0
B,0.0,evaluation,1005,62,0.0
B,0.0,evaluation,1005,63,0.0
B,0.0,evaluation,1005,64,0.0
B,0.0,evaluation,1005,65,0.0
B,0.0,evaluation,1005,66,0.0
B,0.0,evaluation,1005,67,0.0
B,0.0,evaluation,1005,68,0.0
B,0.0,evaluation,1005,69,0.0
B,0.0,evaluation,1005,70,0.0
B,0.0,evaluation,1005,71,0.0
B,0.0,evaluation,1005,72,0.0
B,0.0,evaluation,1005,73,0.0
B,0.0,evaluation,1005,74,0.0
B,0.0,evaluation,1005,75,0.0
B,0.0,evaluation,1005,76,0.0
B,0.0,evaluation,1005,77,0.0
B,0.0,evaluation,1005,78,0.0
B,0.0,evaluation,1005,79,0.0
B,0.0,evaluation,1005,80,0.0
B,0.0,evaluation,1005,81,0.0
B,0.0,evaluation,1005,82,0.0
B,0.0,evaluation,1005,83,0.0
B,0.0,evaluation,1005,84,0.0
B,0.0,evaluation,1005,85,0.0
B,0.0,evaluation,1005,86,0.0
B,0.0,evaluation,1005,87,0.0
B,0.0,evaluation,1005,88,0.0
B,0.0,evaluation,1005,89,0.0
B,0.0,evaluation,1005,90,0.0
B,0.0,evaluation,1005,91,0.0
B,0.0,evaluation,1005,92,0.0
B,0.0,evaluation,1005,93,0.0
B,0.0,evaluation,1005,94,0.0
B,0.0,evaluation,1005,95,0.0
B,0.0,evaluation,1005,96,0.0
B,0.0,evaluation,1005,97,0.0
B,0.0,evaluation,1005,98,0.0
B,0.0,evaluation,1005,99,0.0
B,0.0,evaluation,1005,100,0.0
B,0.0,evaluation,1005,101,0.0
B,0.0,evaluation,1005,102,0.0
B,0.0,evaluation,1005,103,0.0
B,0.0,evaluation,1005,104,0.0
B,0.0,evaluation,1005,105,0.0
B,0.0,evaluation,1005,106,0.0
B,0.0,evaluation,1005,107,0.0
B,0.0,evaluation,1005,108,0.0
B,0.0,evaluation,1005,109,0.0
B,0.0,evaluation,1005,110,0.0
B,0.0,evaluation,1005,111,0.0
B,0.0,evaluation,1005,112,0.0
B,0.0,evaluation,1005,113,0.0
B,0.0,evaluation,1005,114,0.0
B,0.0,evaluation,1005,115,0.0
B,0.0,evaluation,1005,116,0.0
B,0.0,evaluation,1005,117,0.0
B,0.0,evaluation,1005,118,0.0
B,0.0,evaluation,1005,119,0.0
B,0.0,evaluation,1005,120,0.0
B,0.0,evaluation,1005,121,0.0
B,0.0,evaluation,1005,122,0.0
B,0.0,evaluation,1005,123,0.0
B,0.0,evaluation,1005,124,0.0
B,0.0,evaluation,1005,125,0.0
B,0.0,evaluation,1005,126,0.0
B,0.0,evaluation,1005,127,0.0
B,0.0,evaluation,1006,0,0.0
B,0.0,evaluation,1006,1,0.0
B,0.0,evaluation,1006,2,0.0
B,0.0,evaluation,1006,3,0.0
B,0.0,evaluation,1006,4,0.0
B,0.0,evaluation,1006,5,0.0
B,0.0,evaluation,1006,6,0.0
B,0.0,evaluation,1006,7,0.0
B,0.0,evaluation,1006,8,0.0
B,0.0,evaluation,1006,9,0.0
B,0.0,evaluation,1006,10,0.0
B,0.0,evaluation,1006,11,0.0
B,0.0,evaluation,1006,12,0.0
B,0.0,evaluation,1006,13,0.0
B,0.0,evaluation,1006,14,0.0
B,0.0,evaluation,1006,15,0.0
B,0.0,evaluation,1006,16,0.0
B,0.0,evaluation,1006,17,0.0
B,0.0,evaluation,1006,18,0.0
B,0.0,evaluation,1006,19,0.0
B,0.0,evaluation,1006,20,0.0
B,0.0,evaluation,1006,21,0.0
B,0.0,evaluation,1006,22,0.0
B,0.0,evaluation,1006,23,0.0
B,0.0,evaluation,1006,24,0.0
B,0.0,evaluation,1006,25,0.0
B,0.0,evaluation,1006,26,0.0
B,0.0,evaluation,1006,27,0.0
B,0.0,evaluation,1006,28,0.0
B,0.0,evaluation,1006,29,0.0
B,0.0,evaluation,1006,30,0.0
B,0.0,evaluation,1006,31,0.0
B,0.0,evaluation,1006,32,0.0
B,0.0,evaluation,1006,33,0.0
B,0.0,evaluation,1006,34,0.0
B,0.0,evaluation,1006,35,0.0
B,0.0,evaluation,1006,36,0.0
B,0.0,evaluation,1006,37,0.0
B,0.0,evaluation,1006,38,0.0
B,0.0,evaluation,1006,39,0.0
B,0.0,evaluation,1006,40,0.0
B,0.0,evaluation,1006,41,0.0
B,0.0,evaluation,1006,42,0.0
B,0.0,evaluation,1006,43,0.0
B,0.0,evaluation,1006,44,0.0
B,0.0,evaluation,1006,45,0.0
B,0.0,evaluation,1006,46,0.0
B,0.0,evaluation,1006,47,0.0
B,0.0,evaluation,1006,48,0.0
B,0.0,evaluation,1006,49,0.0
B,0.0,evaluation,1006,50,0.0
B,0.0,evaluation,1006,51,0.0
B,0.0,evaluation,1006,52,0.0
B,0.0,evaluation,1006,53,0.0
B,0.0,evaluation,1006,54,0.0
B,0.0,evaluation,1006,55,0.0
B,0.0,evaluation,1006,56,0.0
B,0.0,evaluation,1006,57,0.0
B,0.0,evaluation,1006,58,0.0
B,0.0,evaluation,1006,59,0.0
B,0.0,evaluation,1006,60,0.0
B,0.0,evaluation,1006,61,0.0
B,0.0,evaluation,1006,62,0.0
B,0.0,evaluation,1006,63,0.0
B,0.0,evaluation,1006,64,0.0
B,0.0,evaluation,1006,65,0.0
B,0.0,evaluation,1006,66,0.0
B,0.0,evaluation,1006,67,0.0
B,0.0,evaluation,1006,68,0.0
B,0.0,evaluation,1006,69,0.0
B,0.0,evaluation,1006,70,0.0
B,0.0,evaluation,1006,71,0.0
B,0.0,evaluation,1006,72,0.0
B,0.0,evaluation,1006,73,0.0
B,0.0,evaluation,1006,74,0.0
B,0.0,evaluation,1006,75,0.0
B,0.0,evaluation,1006,76,0.0
B,0.0,evaluation,1006,77,0.0
B,0.0,evaluation,1006,78,0.0
B,0.0,evaluation,1006,79,0.0
B,0.0,evaluation,1006,80,0.0
B,0.0,evaluation,1006,81,0.0
B,0.0,evaluation,1006,82,0.0
B,0.0,evaluation,1006,83,0.0
B,0.0,evaluation,1006,84,0.0
B,0.0,evaluation,1006,85,0.0
B,0.0,evaluation,1006,86,0.0
B,0.0,evaluation,1006,87,0.0
B,0.0,evaluation,1006,88,0.0
B,0.0,evaluation,1006,89,0.0
B,0.0,evaluation,1006,90,0.0
B,0.0,evaluation,1006,91,0.0
B,0.0,evaluation,1006,92,0.0
B,0.0,evaluation,1006,93,0.0
B,0.0,evaluation,1006,94,0.0
B,0.0,evaluation,1006,95,0.0
B,0.0,evaluation,1006,96,0.0
B,0.0,evaluation,1006,97,0.0
B,0.0,evaluation,1006,98,0.0
B,0.0,evaluation,1006,99,0.0
B,0.0,evaluation,1006,100,0.0
B,0.0,evaluation,1006,101,0.0
B,0.0,evaluation,1006,102,0.0
B,0.0,evaluation,1006,103,0.0
B,0.0,evaluation,1006,104,0.0
B,0.0,evaluation,1006,105,0.0
B,0.0,evaluation,1006,106,0.0
B,0.0,evaluation,1006,107,0.0
B,0.0,evaluation,1006,108,0.0
B,0.0,evaluation,1006,109,0.0
B,0.0,evaluation,1006,110,0.0
B,0.0,evaluation,1006,111,0.0
B,0.0,evaluation,1006,112,0.0
B,0.0,evaluation,1006,113,0.0
B,0.0,evaluation,1006,114,0.0
B,0.0,evaluation,1006,115,0.0
B,0.0,evaluation,1006,116,0.0
B,0.0,evaluation,1006,117,0.0
B,0.0,evaluation,1006,118,0.0
B,0.0,evaluation,1006,119,0.0
B,0.0,evaluation,1006,120,0.0
B,0.0,evaluation,1006,121,0.0
B,0.0,evaluation,1006,122,0.0
B,0.0,evaluation,1006,123,0.0
B,0.0,evaluation,1006,124,0.0
B,0.0,evaluation,1006,125,0.0
B,0.0,evaluation,1006,126,0.0
B,0.0,evaluation,1006,127,0.0
B,0.0,evaluation,1007,0,0.0
B,0.0,evaluation,1007,1,0.0
B,0.0,evaluation,1007,2,0.0
B,0.0,evaluation,1007,3,0.0
B,0.0,evaluation,1007,4,0.0
B,0.0,evaluation,1007,5,0.0
B,0.0,evaluation,1007,6,0.0
B,0.0,evaluation,1007,7,0.0
B,0.0,evaluation,1007,8,0.0
B,0.0,evaluation,1007,9,0.0
B,0.0,evaluation,1007,10,0.0
B,0.0,evaluation,1007,11,0.0
B,0.0,evaluation,1007,12,0.0
B,0.0,evaluation,1007,13,0.0
B,0.0,evaluation,1007,14,0.0
B,0.0,evaluation,1007,15,0.0
B,0.0,evaluation,1007,16,0.0
B,0.0,evaluation,1007,17,0.0
B,0.0,evaluation,1007,18,0.0
B,0.0,evaluation,1007,19,0.0
B,0.0,evaluation,1007,20,0.0
B,0.0,evaluation,1007,21,0.0
B,0.0,evaluation,1007,22,0.0
B,0.0,evaluation,1007,23,0.0
B,0.0,evaluation,1007,24,0.0
B,0.0,evaluation,1007,25,0.0
B,0.0,evaluation,1007,26,0.0
B,0.0,evaluation,1007,27,0.0
B,0.0,evaluation,1007,28,0.0
B,0.0,evaluation,1007,29,0.0
B,0.0,evaluation,1007,30,0.0
B,0.0,evaluation,1007,31,0.0
B,0.0,evaluation,1007,32,0.0
B,0.0,evaluation,1007,33,0.0
B,0.0,evaluation,1007,34,0.0
B,0.0,evaluation,1007,35,0.0
B,0.0,evaluation,1007,36,0.0
B,0.0,evaluation,1007,37,0.0
B,0.0,evaluation,1007,38,0.0
B,0.0,evaluation,1007,39,0.0
B,0.0,evaluation,1007,40,0.0
B,0.0,evaluation,1007,41,0.0
B,0.0,evaluation,1007,42,0.0
B,0.0,evaluation,1007,43,0.0
B,0.0,evaluation,1007,44,0.0
B,0.0,evaluation,1007,45,0.0
B,0.0,evaluation,1007,46,0.0
B,0.0,evaluation,1007,47,0.0
B,0.0,evaluation,1007,48,0.0
B,0.0,evaluation,1007,49,0.0
B,0.0,evaluation,1007,50,0.0
B,0.0,evaluation,1007,51,0.0
B,0.0,evaluation,1007,52,0.0
B,0.0,evaluation,1007,53,0.0
B,0.0,evaluation,1007,54,0.0
B,0.0,evaluation,1007,55,0.0
B,0.0,evaluation,1007,56,0.0
B,0.0,evaluation,1007,57,0.0
B,0.0,evaluation,1007,58,0.0
B,0.0,evaluation,1007,59,0.0
B,0.0,evaluation,1007,60,0.0
B,0.0,evaluation,1007,61,0.0
B,0.0,evaluation,1007,62,0.0
B,0.0,evaluation,1007,63,0.0
B,0.0,evaluation,1007,64,0.0
B,0.0,evaluation,1007,65,0.0
B,0.0,evaluation,1007,66,0.0
B,0.0,evaluation,1007,67,0.0
B,0.0,evaluation,1007,68,0.0
B,0.0,evaluation,1007,69,0.0
B,0.0,evaluation,1007,70,0.0
B,0.0,evaluation,1007,71,0.0
B,0.0,evaluation,1007,72,0.0
B,0.0,evaluation,1007,73,0.0
B,0.0,evaluation,1007,74,0.0
B,0.0,evaluation,1007,75,0.0
B,0.0,evaluation,1007,76,0.0
B,0.0,evaluation,1007,77,0.0
B,0.0,evaluation,1007,78,0.0
B,0.0,evaluation,1007,79,0.0
B,0.0,evaluation,1007,80,0.0
B,0.0,evaluation,1007,81,0.0
B,0.0,evaluation,1007,82,0.0
B,0.0,evaluation,1007,83,0.0
B,0.0,evaluation,1007,84,0.0
B,0.0,evaluation,1007,85,0.0
B,0.0,evaluation,1007,86,0.0
B,0.0,evaluation,1007,87,0.0
B,0.0,evaluation,1007,88,0.0
B,0.0,evaluation,1007,89,0.0
B,0.0,evaluation,1007,90,0.0
B,0.0,evaluation,1007,91,0.0
B,0.0,evaluation,1007,92,0.0
B,0.0,evaluation,1007,93,0.0
B,0.0,evaluation,1007,94,0.0
B,0.0,evaluation,1007,95,0.0
B,0.0,evaluation,1007,96,0.0
B,0.0,evaluation,1007,97,0.0
B,0.0,evaluation,1007,98,0.0
B,0.0,evaluation,1007,99,0.0
B,0.0,evaluation,1007,100,0.0
B,0.0,evaluation,1007,101,0.0
B,0.0,evaluation,1007,102,0.0
B,0.0,evaluation,1007,103,0.0
B,0.0,evaluation,1007,104,0.0
B,0.0,evaluation,1007,105,0.0
B,0.0,evaluation,1007,106,0.0
B,0.0,evaluation,1007,107,0.0
B,0.0,evaluation,1007,108,0.0
B,0.0,evaluation,1007,109,0.0
B,0.0,evaluation,1007,110,0.0
B,0.0,evaluation,1007,111,0.0
B,0.0,evaluation,1007,112,0.0
B,0.0,evaluation,1007,113,0.0
B,0.0,evaluation,1007,114,0.0
B,0.0,evaluation,1007,115,0.0
B,0.0,evaluation,1007,116,0.0
B,0.0,evaluation,1007,117,0.0
B,0.0,evaluation,1007,118,0.0
B,0.0,evaluation,1007,119,0.0
B,0.0,evaluation,1007,120,0.0
B,0.0,evaluation,1007,121,0.0
B,0.0,evaluation,1007,122,0.0
B,0.0,evaluation,1007,123,0.0
B,0.0,evaluation,1007,124,0.0
B,0.0,evaluation,1007,125,0.0
B,0.0,evaluation,1007,126,0.0
B,0.0,evaluation,1007,127,0.0
B,0.0,evaluation,1008,0,0.0
B,0.0,evaluation,1008,1,0.0
B,0.0,evaluation,1008,2,0.0
B,0.0,evaluation,1008,3,0.0
B,0.0,evaluation,1008,4,0.0
B,0.0,evaluation,1008,5,0.0
B,0.0,evaluation,1008,6,0.0
B,0.0,evaluation,1008,7,0.0
B,0.0,evaluation,1008,8,0.0
B,0.0,evaluation,1008,9,0.0
B,0.0,evaluation,1008,10,0.0
B,0.0,evaluation,1008,11,0.0
B,0.0,evaluation,1008,12,0.0
B,0.0,evaluation,1008,13,0.0
B,0.0,evaluation,1008,14,0.0
B,0.0,evaluation,1008,15,0.0
B,0.0,evaluation,1008,16,0.0
B,0.0,evaluation,1008,17,0.0
B,0.0,evaluation,1008,18,0.0
B,0.0,evaluation,1008,19,0.0
B,0.0,evaluation,1008,20,0.0
B,0.0,evaluation,1008,21,0.0
B,0.0,evaluation,1008,22,0.0
B,0.0,evaluation,1008,23,0.0
B,0.0,evaluation,1008,24,0.0
B,0.0,evaluation,1008,25,0.0
B,0.0,evaluation,1008,26,0.0
B,0.0,evaluation,1008,27,0.0
B,0.0,evaluation,1008,28,0.0
B,0.0,evaluation,1008,29,0.0
B,0.0,evaluation,1008,30,0.0
B,0.0,evaluation,1008,31,0.0
B,0.0,evaluation,1008,32,0.0
B,0.0,evaluation,1008,33,0.0
B,0.0,evaluation,1008,34,0.0
B,0.0,evaluation,1008,35,0.0
B,0.0,evaluation,1008,36,0.0
B,0.0,evaluation,1008,37,0.0
B,0.0,evaluation,1008,38,0.0
B,0.0,evaluation,1008,39,0.0
B,0.0,evaluation,1008,40,0.0
B,0.0,evaluation,1008,41,0.0
B,0.0,evaluation,1008,42,0.0
B,0.0,evaluation,1008,43,0.0
B,0.0,evaluation,1008,44,0.0
B,0.0,evaluation,1008,45,0.0
B,0.0,evaluation,1008,46,0.0
B,0.0,evaluation,1008,47,0.0
B,0.0,evaluation,1008,48,0.0
B,0.0,evaluation,1008,49,0.0
B,0.0,evaluation,1008,50,0.0
B,0.0,evaluation,1008,51,0.0
B,0.0,evaluation,1008,52,0.0
B,0.0,evaluation,1008,53,0.0
B,0.0,evaluation,1008,54,0.0
B,0.0,evaluation,1008,55,0.0
B,0.0,evaluation,1008,56,0.0
B,0.0,evaluation,1008,57,0.0
B,0.0,evaluation,1008,58,0.0
B,0.0,evaluation,1008,59,0.0
B,0.0,evaluation,1008,60,0.0
B,0.0,evaluation,1008,61,0.0
B,0.0,evaluation,1008,62,0.0
B,0.0,evaluation,1008,63,0.0
B,0.0,evaluation,1008,64,0.0
B,0.0,evaluation,1008,65,0.0
B,0.0,evaluation,1008,66,0.0
B,0.0,evaluation,1008,67,0.0
B,0.0,evaluation,1008,68,0.0
B,0.0,evaluation,1008,69,0.0
B,0.0,evaluation,1008,70,0.0
B,0.0,evaluation,1008,71,0.0
B,0.0,evaluation,1008,72,0.0
B,0.0,evaluation,1008,73,0.0
B,0.0,evaluation,1008,74,0.0
B,0.0,evaluation,1008,75,0.0
B,0.0,evaluation,1008,76,0.0
B,0.0,evaluation,1008,77,0.0
B,0.0,evaluation,1008,78,0.0
B,0.0,evaluation,1008,79,0.0
B,0.0,evaluation,1008,80,0.0
B,0.0,evaluation,1008,81,0.0
B,0.0,evaluation,1008,82,0.0
B,0.0,evaluation,1008,83,0.0
B,0.0,evaluation,1008,84,0.0
B,0.0,evaluation,1008,85,0.0
B,0.0,evaluation,1008,86,0.0
B,0.0,evaluation,1008,87,0.0
B,0.0,evaluation,1008,88,0.0
B,0.0,evaluation,1008,89,0.0
B,0.0,evaluation,1008,90,0.0
B,0.0,evaluation,1008,91,0.0
B,0.0,evaluation,1008,92,0.0
B,0.0,evaluation,1008,93,0.0
B,0.0,evaluation,1008,94,0.0
B,0.0,evaluation,1008,95,0.0
B,0.0,evaluation,1008,96,0.0
B,0.0,evaluation,1008,97,0.0
B,0.0,evaluation,1008,98,0.0
B,0.0,evaluation,1008,99,0.0
B,0.0,evaluation,1008,100,0.0
B,0.0,evaluation,1008,101,0.0
B,0.0,evaluation,1008,102,0.0
B,0.0,evaluation,1008,103,0.0
B,0.0,evaluation,1008,104,0.0
B,0.0,evaluation,1008,105,0.0
B,0.0,evaluation,1008,106,0.0
B,0.0,evaluation,1008,107,0.0
B,0.0,evaluation,1008,108,0.0
B,0.0,evaluation,1008,109,0.0
B,0.0,evaluation,1008,110,0.0
B,0.0,evaluation,1008,111,0.0
B,0.0,evaluation,1008,112,0.0
B,0.0,evaluation,1008,113,0.0
B,0.0,evaluation,1008,114,0.0
B,0.0,evaluation,1008,115,0.0
B,0.0,evaluation,1008,116,0.0
B,0.0,evaluation,1008,117,0.0
B,0.0,evaluation,1008,118,0.0
B,0.0,evaluation,1008,119,0.0
B,0.0,evaluation,1008,120,0.0
B,0.0,evaluation,1008,121,0.0
B,0.0,evaluation,1008,122,0.0
B,0.0,evaluation,1008,123,0.0
B,0.0,evaluation,1008,124,0.0
B,0.0,evaluation,1008,125,0.0
B,0.0,evaluation,1008,126,0.0
B,0.0,evaluation,1008,127,0.0
B,0.0,evaluation,1009,0,0.0
B,0.0,evaluation,1009,1,0.0
B,0.0,evaluation,1009,2,0.0
B,0.0,evaluation,1009,3,0.0
B,0.0,evaluation,1009,4,0.0
B,0.0,evaluation,1009,5,0.0
B,0.0,evaluation,1009,6,0.0
B,0.0,evaluation,1009,7,0.0
B,0.0,evaluation,1009,8,0.0
B,0.0,evaluation,1009,9,0.0
B,0.0,evaluation,1009,10,0.0
B,0.0,evaluation,1009,11,0.0
B,0.0,evaluation,1009,12,0.0
B,0.0,evaluation,1009,13,0.0
B,0.0,evaluation,1009,14,0.0
B,0.0,evaluation,1009,15,0.0
B,0.0,evaluation,1009,16,0.0
B,0.0,evaluation,1009,17,0.0
B,0.0,evaluation,1009,18,0.0
B,0.0,evaluation,1009,19,0.0
B,0.0,evaluation,1009,20,0.0
B,0.0,evaluation,1009,21,0.0
B,0.0,evaluation,1009,22,0.0
B,0.0,evaluation,1009,23,0.0
B,0.0,evaluation,1009,24,0.0
B,0.0,evaluation,1009,25,0.0
B,0.0,evaluation,1009,26,0.0
B,0.0,evaluation,1009,27,0.0
B,0.0,evaluation,1009,28,0.0
B,0.0,evaluation,1009,29,0.0
B,0.0,evaluation,1009,30,0.0
B,0.0,evaluation,1009,31,0.0
B,0.0,evaluation,1009,32,0.0
B,0.0,evaluation,1009,33,0.0
B,0.0,evaluation,1009,34,0.0
B,0.0,evaluation,1009,35,0.0
B,0.0,evaluation,1009,36,0.0
B,0.0,evaluation,1009,37,0.0
B,0.0,evaluation,1009,38,0.0
B,0.0,evaluation,1009,39,0.0
B,0.0,evaluation,1009,40,0.0
B,0.0,evaluation,1009,41,0.0
B,0.0,evaluation,1009,42,0.0
B,0.0,evaluation,1009,43,0.0
B,0.0,evaluation,1009,44,0.0
B,0.0,evaluation,1009,45,0.0
B,0.0,evaluation,1009,46,0.0
B,0.0,evaluation,1009,47,0.0
B,0.0,evaluation,1009,48,0.0
B,0.0,evaluation,1009,49,0.0
B,0.0,evaluation,1009,50,0.0
B,0.0,evaluation,1009,51,0.0
B,0.0,evaluation,1009,52,0.0
B,0.0,evaluation,1009,53,0.0
B,0.0,evaluation,1009,54,0.0
B,0.0,evaluation,1009,55,0.0
B,0.0,evaluation,1009,56,0.0
B,0.0,evaluation,1009,57,0.0
B,0.0,evaluation,1009,58,0.0
B,0.0,evaluation,1009,59,0.0
B,0.0,evaluation,1009,60,0.0
B,0.0,evaluation,1009,61,0.0
B,0.0,evaluation,1009,62,0.0
B,0.0,evaluation,1009,63,0.0
B,0.0,evaluation,1009,64,0.0
B,0.0,evaluation,1009,65,0.0
B,0.0,evaluation,1009,66,0.0
B,0.0,evaluation,1009,67,0.0
B,0.0,evaluation,1009,68,0.0
B,0.0,evaluation,1009,69,0.0
B,0.0,evaluation,1009,70,0.0
B,0.0,evaluation,1009,71,0.0
B,0.0,evaluation,1009,72,0.0
B,0.0,evaluation,1009,73,0.0
B,0.0,evaluation,1009,74,0.0
B,0.0,evaluation,1009,75,0.0
B,0.0,evaluation,1009,76,0.0
B,0.0,evaluation,1009,77,0.0
B,0.0,evaluation,1009,78,0.0
B,0.0,evaluation,1009,79,0.0
B,0.0,evaluation,1009,80,0.0
B,0.0,evaluation,1009,81,0.0
B,0.0,evaluation,1009,82,0.0
B,0.0,evaluation,1009,83,0.0
B,0.0,evaluation,1009,84,0.0
B,0.0,evaluation,1009,85,0.0
B,0.0,evaluation,1009,86,0.0
B,0.0,evaluation,1009,87,0.0
B,0.0,evaluation,1009,88,0.0
B,0.0,evaluation,1009,89,0.0
B,0.0,evaluation,1009,90,0.0
B,0.0,evaluation,1009,91,0.0
B,0.0,evaluation,1009,92,0.0
B,0.0,evaluation,1009,93,0.0
B,0.0,evaluation,1009,94,0.0
B,0.0,evaluation,1009,95,0.0
B,0.0,evaluation,1009,96,0.0
B,0.0,evaluation,1009,97,0.0
B,0.0,evaluation,1009,98,0.0
B,0.0,evaluation,1009,99,0.0
B,0.0,evaluation,1009,100,0.0
B,0.0,evaluation,1009,101,0.0
B,0.0,evaluation,1009,102,0.0
B,0.0,evaluation,1009,103,0.0
B,0.0,evaluation,1009,104,0.0
B,0.0,evaluation,1009,105,0.0
B,0.0,evaluation,1009,106,0.0
B,0.0,evaluation,1009,107,0.0
B,0.0,evaluation,1009,108,0.0
B,0.0,evaluation,1009,109,0.0
B,0.0,evaluation,1009,110,0.0
B,0.0,evaluation,1009,111,0.0
B,0.0,evaluation,1009,112,0.0
B,0.0,evaluation,1009,113,0.0
B,0.0,evaluation,1009,114,0.0
B,0.0,evaluation,1009,115,0.0
B,0.0,evaluation,1009,116,0.0
B,0.0,evaluation,1009,117,0.0
B,0.0,evaluation,1009,118,0.0
B,0.0,evaluation,1009,119,0.0
B,0.0,evaluation,1009,120,0.0
B,0.0,evaluation,1009,121,0.0
B,0.0,evaluation,1009,122,0.0
B,0.0,evaluation,1009,123,0.0
B,0.0,evaluation,1009,124,0.0
B,0.0,evaluation,1009,125,0.0
B,0.0,evaluation,1009,126,0.0
B,0.0,evaluation,1009,127,0.0
B,0.0,evaluation,1010,0,0.0
B,0.0,evaluation,1010,1,0.0
B,0.0,evaluation,1010,2,0.0
B,0.0,evaluation,1010,3,0.0
B,0.0,evaluation,1010,4,0.0
B,0.0,evaluation,1010,5,0.0
B,0.0,evaluation,1010,6,0.0
B,0.0,evaluation,1010,7,0.0
B,0.0,evaluation,1010,8,0.0
B,0.0,evaluation,1010,9,0.0
B,0.0,evaluation,1010,10,0.0
B,0.0,evaluation,1010,11,0.0
B,0.0,evaluation,1010,12,0.0
B,0.0,evaluation,1010,13,0.0
B,0.0,evaluation,1010,14,0.0
B,0.0,evaluation,1010,15,0.0
B,0.0,evaluation,1010,16,0.0
B,0.0,evaluation,1010,17,0.0
B,0.0,evaluation,1010,18,0.0
B,0.0,evaluation,1010,19,0.0
B,0.0,evaluation,1010,20,0.0
B,0.0,evaluation,1010,21,0.0
B,0.0,evaluation,1010,22,0.0
B,0.0,evaluation,1010,23,0.0
B,0.0,evaluation,1010,24,0.0
B,0.0,evaluation,1010,25,0.0
B,0.0,evaluation,1010,26,0.0
B,0.0,evaluation,1010,27,0.0
B,0.0,evaluation,1010,28,0.0
B,0.0,evaluation,1010,29,0.0
B,0.0,evaluation,1010,30,0.0
B,0.0,evaluation,1010,31,0.0
B,0.0,evaluation,1010,32,0.0
B,0.0,evaluation,1010,33,0.0
B,0.0,evaluation,1010,34,0.0
B,0.0,evaluation,1010,35,0.0
B,0.0,evaluation,1010,36,0.0
B,0.0,evaluation,1010,37,0.0
B,0.0,evaluation,1010,38,0.0
B,0.0,evaluation,1010,39,0.0
B,0.0,evaluation,1010,40,0.0
B,0.0,evaluation,1010,41,0.0
B,0.0,evaluation,1010,42,0.0
B,0.0,evaluation,1010,43,0.0
B,0.0,evaluation,1010,44,0.0
B,0.0,evaluation,1010,45,0.0
B,0.0,evaluation,1010,46,0.0
B,0.0,evaluation,1010,47,0.0
B,0.0,evaluation,1010,48,0.0
B,0.0,evaluation,1010,49,0.0
B,0.0,evaluation,1010,50,0.0
B,0.0,evaluation,1010,51,0.0
B,0.0,evaluation,1010,52,0.0
B,0.0,evaluation,1010,53,0.0
B,0.0,evaluation,1010,54,0.0
B,0.0,evaluation,1010,55,0.0
B,0.0,evaluation,1010,56,0.0
B,0.0,evaluation,1010,57,0.0
B,0.0,evaluation,1010,58,0.0
B,0.0,evaluation,1010,59,0.0
B,0.0,evaluation,1010,60,0.0
B,0.0,evaluation,1010,61,0.0
B,0.0,evaluation,1010,62,0.0
B,0.0,evaluation,1010,63,0.0
B,0.0,evaluation,1010,64,0.0
B,0.0,evaluation,1010,65,0.0
B,0.0,evaluation,1010,66,0.0
B,0.0,evaluation,1010,67,0.0
B,0.0,evaluation,1010,68,0.0
B,0.0,evaluation,1010,69,0.0
B,0.0,evaluation,1010,70,0.0
B,0.0,evaluation,1010,71,0.0
B,0.0,evaluation,1010,72,0.0
B,0.0,evaluation,1010,73,0.0
B,0.0,evaluation,1010,74,0.0
B,0.0,evaluation,1010,75,0.0
B,0.0,evaluation,1010,76,0.0
B,0.0,evaluation,1010,77,0.0
B,0.0,evaluation,1010,78,0.0
B,0.0,evaluation,1010,79,0.0
B,0.0,evaluation,1010,80,0.0
B,0.0,evaluation,1010,81,0.0
B,0.0,evaluation,1010,82,0.0
B,0.0,evaluation,1010,83,0.0
B,0.0,evaluation,1010,84,0.0
B,0.0,evaluation,1010,85,0.0
B,0.0,evaluation,1010,86,0.0
B,0.0,evaluation,1010,87,0.0
B,0.0,evaluation,1010,88,0.0
B,0.0,evaluation,1010,89,0.0
B,0.0,evaluation,1010,90,0.0
B,0.0,evaluation,1010,91,0.0
B,0.0,evaluation,1010,92,0.0
B,0.0,evaluation,1010,93,0.0
B,0.0,evaluation,1010,94,0.0
B,0.0,evaluation,1010,95,0.0
B,0.0,evaluation,1010,96,0.0
B,0.0,evaluation,1010,97,0.0
B,0.0,evaluation,1010,98,0.0
B,0.0,evaluation,1010,99,0.0
B,0.0,evaluation,1010,100,0.0
B,0.0,evaluation,1010,101,0.0
B,0.0,evaluation,1010,102,0.0
B,0.0,evaluation,1010,103,0.0
B,0.0,evaluation,1010,104,0.0
B,0.0,evaluation,1010,105,0.0
B,0.0,evaluation,1010,106,0.0
B,0.0,evaluation,1010,107,0.0
B,0.0,evaluation,1010,108,0.0
B,0.0,evaluation,1010,109,0.0
B,0.0,evaluation,1010,110,0.0
B,0.0,evaluation,1010,111,0.0
B,0.0,evaluation,1010,112,0.0
B,0.0,evaluation,1010,113,0.0
B,0.0,evaluation,1010,114,0.0
B,0.0,evaluation,1010,115,0.0
B,0.0,evaluation,1010,116,0.0
B,0.0,evaluation,1010,117,0.0
B,0.0,evaluation,1010,118,0.0
B,0.0,evaluation,1010,119,0.0
B,0.0,evaluation,1010,120,0.0
B,0.0,evaluation,1010,121,0.0
B,0.0,evaluation,1010,122,0.0
B,0.0,evaluation,1010,123,0.0
B,0.0,evaluation,1010,124,0.0
B,0.0,evaluation,1010,125,0.0
B,0.0,evaluation,1010,126,0.0
B,0.0,evaluation,1010,127,0.0
B,0.0,evaluation,1011,0,0.0
B,0.0,evaluation,1011,1,0.0
B,0.0,evaluation,1011,2,0.0
B,0.0,evaluation,1011,3,0.0
B,0.0,evaluation,1011,4,0.0
B,0.0,evaluation,1011,5,0.0
B,0.0,evaluation,1011,6,0.0
B,0.0,evaluation,1011,7,0.0
B,0.0,evaluation,1011,8,0.0
B,0.0,evaluation,1011,9,0.0
B,0.0,evaluation,1011,10,0.0
B,0.0,evaluation,1011,11,0.0
B,0.0,evaluation,1011,12,0.0
B,0.0,evaluation,1011,13,0.0
B,0.0,evaluation,1011,14,0.0
B,0.0,evaluation,1011,15,0.0
B,0.0,evaluation,1011,16,0.0
B,0.0,evaluation,1011,17,0.0
B,0.0,evaluation,1011,18,0.0
B,0.0,evaluation,1011,19,0.0
B,0.0,evaluation,1011,20,0.0
B,0.0,evaluation,1011,21,0.0
B,0.0,evaluation,1011,22,0.0
B,0.0,evaluation,1011,23,0.0
B,0.0,evaluation,1011,24,0.0
B,0.0,evaluation,1011,25,0.0
B,0.0,evaluation,1011,26,0.0
B,0.0,evaluation,1011,27,0.0
B,0.0,evaluation,1011,28,0.0
B,0.0,evaluation,1011,29,0.0
B,0.0,evaluation,1011,30,0.0
B,0.0,evaluation,1011,31,0.0
B,0.0,evaluation,1011,32,0.0
B,0.0,evaluation,1011,33,0.0
B,0.0,evaluation,1011,34,0.0
B,0.0,evaluation,1011,35,0.0
B,0.0,evaluation,1011,36,0.0
B,0.0,evaluation,1011,37,0.0
B,0.0,evaluation,1011,38,0.0
B,0.0,evaluation,1011,39,0.0
B,0.0,evaluation,1011,40,0.0
B,0.0,evaluation,1011,41,0.0
B,0.0,evaluation,1011,42,0.0
B,0.0,evaluation,1011,43,0.0
B,0.0,evaluation,1011,44,0.0
B,0.0,evaluation,1011,45,0.0
B,0.0,evaluation,1011,46,0.0
B,0.0,evaluation,1011,47,0.0
B,0.0,evaluation,1011,48,0.0
B,0.0,evaluation,1011,49,0.0
B,0.0,evaluation,1011,50,0.0
B,0.0,evaluation,1011,51,0.0
B,0.0,evaluation,1011,52,0.0
B,0.0,evaluation,1011,53,0.0
B,0.0,evaluation,1011,54,0.0
B,0.0,evaluation,1011,55,0.0
B,0.0,evaluation,1011,56,0.0
B,0.0,evaluation,1011,57,0.0
B,0.0,evaluation,1011,58,0.0
B,0.0,evaluation,1011,59,0.0
B,0.0,evaluation,1011,60,0.0
B,0.0,evaluation,1011,61,0.0
B,0.0,evaluation,1011,62,0.0
B,0.0,evaluation,1011,63,0.0
B,0.0,evaluation,1011,64,0.0
B,0.0,evaluation,1011,65,0.0
B,0.0,evaluation,1011,66,0.0
B,0.0,evaluation,1011,67,0.0
B,0.0,evaluation,1011,68,0.0
B,0.0,evaluation,1011,69,0.0
B,0.0,evaluation,1011,70,0.0
B,0.0,evaluation,1011,71,0.0
B,0.0,evaluation,1011,72,0.0
B,0.0,evaluation,1011,73,0.0
B,0.0,evaluation,1011,74,0.0
B,0.0,evaluation,1011,75,0.0
B,0.0,evaluation,1011,76,0.0
B,0.0,evaluation,1011,77,0.0
B,0.0,evaluation,1011,78,0.0
B,0.0,evaluation,1011,79,0.0
B,0.0,evaluation,1011,80,0.0
B,0.0,evaluation,1011,81,0.0
B,0.0,evaluation,1011,82,0.0
B,0.0,evaluation,1011,83,0.0
B,0.0,evaluation,1011,84,0.0
B,0.0,evaluation,1011,85,0.0
B,0.0,evaluation,1011,86,0.0
B,0.0,evaluation,1011,87,0.0
B,0.0,evaluation,1011,88,0.0
B,0.0,evaluation,1011,89,0.0
B,0.0,evaluation,1011,90,0.0
B,0.0,evaluation,1011,91,0.0
B,0.0,evaluation,1011,92,0.0
B,0.0,evaluation,1011,93,0.0
B,0.0,evaluation,1011,94,0.0
B,0.0,evaluation,1011,95,0.0
B,0.0,evaluation,1011,96,0.0
B,0.0,evaluation,1011,97,0.0
B,0.0,evaluation,1011,98,0.0
B,0.0,evaluation,1011,99,0.0
B,0.0,evaluation,1011,100,0.0
B,0.0,evaluation,1011,101,0.0
B,0.0,evaluation,1011,102,0.0
B,0.0,evaluation,1011,103,0.0
B,0.0,evaluation,1011,104,0.0
B,0.0,evaluation,1011,105,0.0
B,0.0,evaluation,1011,106,0.0
B,0.0,evaluation,1011,107,0.0
B,0.0,evaluation,1011,108,0.0
B,0.0,evaluation,1011,109,0.0
B,0.0,evaluation,1011,110,0.0
B,0.0,evaluation,1011,111,0.0
B,0.0,evaluation,1011,112,0.0
B,0.0,evaluation,1011,113,0.0
B,0.0,evaluation,1011,114,0.0
B,0.0,evaluation,1011,115,0.0
B,0.0,evaluation,1011,116,0.0
B,0.0,evaluation,1011,117,0.0
B,0.0,evaluation,1011,118,0.0
B,0.0,evaluation,1011,119,0.0
B,0.0,evaluation,1011,120,0.0
B,0.0,evaluation,1011,121,0.0
B,0.0,evaluation,1011,122,0.0
B,0.0,evaluation,1011,123,0.0
B,0.0,evaluation,1011,124,0.0
B,0.0,evaluation,1011,125,0.0
B,0.0,evaluation,1011,126,0.0
B,0.0,evaluation,1011,127,0.0
B,0.0,evaluation,1012,0,0.0
B,0.0,evaluation,1012,1,0.0
B,0.0,evaluation,1012,2,0.0
B,0.0,evaluation,1012,3,0.0
B,0.0,evaluation,1012,4,0.0
B,0.0,evaluation,1012,5,0.0
B,0.0,evaluation,1012,6,0.0
B,0.0,evaluation,1012,7,0.0
B,0.0,evaluation,1012,8,0.0
B,0.0,evaluation,1012,9,0.0
B,0.0,evaluation,1012,10,0.0
B,0.0,evaluation,1012,11,0.0
B,0.0,evaluation,1012,12,0.0
B,0.0,evaluation,1012,13,0.0
B,0.0,evaluation,1012,14,0.0
B,0.0,evaluation,1012,15,0.0
B,0.0,evaluation,1012,16,0.0
B,0.0,evaluation,1012,17,0.0
B,0.0,evaluation,1012,18,0.0
B,0.0,evaluation,1012,19,0.0
B,0.0,evaluation,1012,20,0.0
B,0.0,evaluation,1012,21,0.0
B,0.0,evaluation,1012,22,0.0
B,0.0,evaluation,1012,23,0.0
B,0.0,evaluation,1012,24,0.0
B,0.0,evaluation,1012,25,0.0
B,0.0,evaluation,1012,26,0.0
B,0.0,evaluation,1012,27,0.0
B,0.0,evaluation,1012,28,0.0
B,0.0,evaluation,1012,29,0.0
B,0.0,evaluation,1012,30,0.0
B,0.0,evaluation,1012,31,0.0
B,0.0,evaluation,1012,32,0.0
B,0.0,evaluation,1012,33,0.0
B,0.0,evaluation,1012,34,0.0
B,0.0,evaluation,1012,35,0.0
B,0.0,evaluation,1012,36,0.0
B,0.0,evaluation,1012,37,0.0
B,0.0,evaluation,1012,38,0.0
B,0.0,evaluation,1012,39,0.0
B,0.0,evaluation,1012,40,0.0
B,0.0,evaluation,1012,41,0.0
B,0.0,evaluation,1012,42,0.0
B,0.0,evaluation,1012,43,0.0
B,0.0,evaluation,1012,44,0.0
B,0.0,evaluation,1012,45,0.0
B,0.0,evaluation,1012,46,0.0
B,0.0,evaluation,1012,47,0.0
B,0.0,evaluation,1012,48,0.0
B,0.0,evaluation,1012,49,0.0
B,0.0,evaluation,1012,50,0.0
B,0.0,evaluation,1012,51,0.0
B,0.0,evaluation,1012,52,0.0
B,0.0,evaluation,1012,53,0.0
B,0.0,evaluation,1012,54,0.0
B,0.0,evaluation,1012,55,0.0
B,0.0,evaluation,1012,56,0.0
B,0.0,evaluation,1012,57,0.0
B,0.0,evaluation,1012,58,0.0
B,0.0,evaluation,1012,59,0.0
B,0.0,evaluation,1012,60,0.0
B,0.0,evaluation,1012,61,0.0
B,0.0,evaluation,1012,62,0.0
B,0.0,evaluation,1012,63,0.0
B,0.0,evaluation,1012,64,0.0
B,0.0,evaluation,1012,65,0.0
B,0.0,evaluation,1012,66,0.0
B,0.0,evaluation,1012,67,0.0
B,0.0,evaluation,1012,68,0.0
B,0.0,evaluation,1012,69,0.0
B,0.0,evaluation,1012,70,0.0
B,0.0,evaluation,1012,71,0.0
B,0.0,evaluation,1012,72,0.0
B,0.0,evaluation,1012,73,0.0
B,0.0,evaluation,1012,74,0.0
B,0.0,evaluation,1012,75,0.0
B,0.0,evaluation,1012,76,0.0
B,0.0,evaluation,1012,77,0.0
B,0.0,evaluation,1012,78,0.0
B,0.0,evaluation,1012,79,0.0
B,0.0,evaluation,1012,80,0.0
B,0.0,evaluation,1012,81,0.0
B,0.0,evaluation,1012,82,0.0
B,0.0,evaluation,1012,83,0.0
B,0.0,evaluation,1012,84,0.0
B,0.0,evaluation,1012,85,0.0
B,0.0,evaluation,1012,86,0.0
B,0.0,evaluation,1012,87,0.0
B,0.0,evaluation,1012,88,0.0
B,0.0,evaluation,1012,89,0.0
B,0.0,evaluation,1012,90,0.0
B,0.0,evaluation,1012,91,0.0
B,0.0,evaluation,1012,92,0.0
B,0.0,evaluation,1012,93,0.0
B,0.0,evaluation,1012,94,0.0
B,0.0,evaluation,1012,95,0.0
B,0.0,evaluation,1012,96,0.0
B,0.0,evaluation,1012,97,0.0
B,0.0,evaluation,1012,98,0.0
B,0.0,evaluation,1012,99,0.0
B,0.0,evaluation,1012,100,0.0
B,0.0,evaluation,1012,101,0.0
B,0.0,evaluation,1012,102,0.0
B,0.0,evaluation,1012,103,0.0
B,0.0,evaluation,1012,104,0.0
B,0.0,evaluation,1012,105,0.0
B,0.0,evaluation,1012,106,0.0
B,0.0,evaluation,1012,107,0.0
B,0.0,evaluation,1012,108,0.0
B,0.0,evaluation,1012,109,0.0
B,0.0,evaluation,1012,110,0.0
B,0.0,evaluation,1012,111,0.0
B,0.0,evaluation,1012,112,0.0
B,0.0,evaluation,1012,113,0.0
B,0.0,evaluation,1012,114,0.0
B,0.0,evaluation,1012,115,0.0
B,0.0,evaluation,1012,116,0.0
B,0.0,evaluation,1012,117,0.0
B,0.0,evaluation,1012,118,0.0
B,0.0,evaluation,1012,119,0.0
B,0.0,evaluation,1012,120,0.0
B,0.0,evaluation,1012,121,0.0
B,0.0,evaluation,1012,122,0.0
B,0.0,evaluation,1012,123,0.0
B,0.0,evaluation,1012,124,0.0
B,0.0,evaluation,1012,125,0.0
B,0.0,evaluation,1012,126,0.0
B,0.0,evaluation,1012,127,0.0
B,0.0,evaluation,1013,0,0.0
B,0.0,evaluation,1013,1,0.0
B,0.0,evaluation,1013,2,0.0
B,0.0,evaluation,1013,3,0.0
B,0.0,evaluation,1013,4,0.0
B,0.0,evaluation,1013,5,0.0
B,0.0,evaluation,1013,6,0.0
B,0.0,evaluation,1013,7,0.0
B,0.0,evaluation,1013,8,0.0
B,0.0,evaluation,1013,9,0.0
B,0.0,evaluation,1013,10,0.0
B,0.0,evaluation,1013,11,0.0
B,0.0,evaluation,1013,12,0.0
B,0.0,evaluation,1013,13,0.0
B,0.0,evaluation,1013,14,0.0
B,0.0,evaluation,1013,15,0.0
B,0.0,evaluation,1013,16,0.0
B,0.0,evaluation,1013,17,0.0
B,0.0,evaluation,1013,18,0.0
B,0.0,evaluation,1013,19,0.0
B,0.0,evaluation,1013,20,0.0
B,0.0,evaluation,1013,21,0.0
B,0.0,evaluation,1013,22,0.0
B,0.0,evaluation,1013,23,0.0
B,0.0,evaluation,1013,24,0.0
B,0.0,evaluation,1013,25,0.0
B,0.0,evaluation,1013,26,0.0
B,0.0,evaluation,1013,27,0.0
B,0.0,evaluation,1013,28,0.0
B,0.0,evaluation,1013,29,0.0
B,0.0,evaluation,1013,30,0.0
B,0.0,evaluation,1013,31,0.0
B,0.0,evaluation,1013,32,0.0
B,0.0,evaluation,1013,33,0.0
B,0.0,evaluation,1013,34,0.0
B,0.0,evaluation,1013,35,0.0
B,0.0,evaluation,1013,36,0.0
B,0.0,evaluation,1013,37,0.0
B,0.0,evaluation,1013,38,0.0
B,0.0,evaluation,1013,39,0.0
B,0.0,evaluation,1013,40,0.0
B,0.0,evaluation,1013,41,0.0
B,0.0,evaluation,1013,42,0.0
B,0.0,evaluation,1013,43,0.0
B,0.0,evaluation,1013,44,0.0
B,0.0,evaluation,1013,45,0.0
B,0.0,evaluation,1013,46,0.0
B,0.0,evaluation,1013,47,0.0
B,0.0,evaluation,1013,48,0.0
B,0.0,evaluation,1013,49,0.0
B,0.0,evaluation,1013,50,0.0
B,0.0,evaluation,1013,51,0.0
B,0.0,evaluation,1013,52,0.0
B,0.0,evaluation,1013,53,0.0
B,0.0,evaluation,1013,54,0.0
B,0.0,evaluation,1013,55,0.0
B,0.0,evaluation,1013,56,0.0
B,0.0,evaluation,1013,57,0.0
B,0.0,evaluation,1013,58,0.0
B,0.0,evaluation,1013,59,0.0
B,0.0,evaluation,1013,60,0.0
B,0.0,evaluation,1013,61,0.0
B,0.0,evaluation,1013,62,0.0
B,0.0,evaluation,1013,63,0.0
B,0.0,evaluation,1013,64,0.0
B,0.0,evaluation,1013,65,0.0
B,0.0,evaluation,1013,66,0.0
B,0.0,evaluation,1013,67,0.0
B,0.0,evaluation,1013,68,0.0
B,0.0,evaluation,1013,69,0.0
B,0.0,evaluation,1013,70,0.0
B,0.0,evaluation,1013,71,0.0
B,0.0,evaluation,1013,72,0.0
B,0.0,evaluation,1013,73,0.0
B,0.0,evaluation,1013,74,0.0
B,0.0,evaluation,1013,75,0.0
B,0.0,evaluation,1013,76,0.0
B,0.0,evaluation,1013,77,0.0
B,0.0,evaluation,1013,78,0.0
B,0.0,evaluation,1013,79,0.0
B,0.0,evaluation,1013,80,0.0
B,0.0,evaluation,1013,81,0.0
B,0.0,evaluation,1013,82,0.0
B,0.0,evaluation,1013,83,0.0
B,0.0,evaluation,1013,84,0.0
B,0.0,evaluation,1013,85,0.0
B,0.0,evaluation,1013,86,0.0
B,0.0,evaluation,1013,87,0.0
B,0.0,evaluation,1013,88,0.0
B,0.0,evaluation,1013,89,0.0
B,0.0,evaluation,1013,90,0.0
B,0.0,evaluation,1013,91,0.0
B,0.0,evaluation,1013,92,0.0
B,0.0,evaluation,1013,93,0.0
B,0.0,evaluation,1013,94,0.0
B,0.0,evaluation,1013,95,0.0
B,0.0,evaluation,1013,96,0.0
B,0.0,evaluation,1013,97,0.0
B,0.0,evaluation,1013,98,0.0
B,0.0,evaluation,1013,99,0.0
B,0.0,evaluation,1013,100,0.0
B,0.0,evaluation,1013,101,0.0
B,0.0,evaluation,1013,102,0.0
B,0.0,evaluation,1013,103,0.0
B,0.0,evaluation,1013,104,0.0
B,0.0,evaluation,1013,105,0.0
B,0.0,evaluation,1013,106,0.0
B,0.0,evaluation,1013,107,0.0
B,0.0,evaluation,1013,108,0.0
B,0.0,evaluation,1013,109,0.0
B,0.0,evaluation,1013,110,0.0
B,0.0,evaluation,1013,111,0.0
B,0.0,evaluation,1013,112,0.0
B,0.0,evaluation,1013,113,0.0
B,0.0,evaluation,1013,114,0.0
B,0.0,evaluation,1013,115,0.0
B,0.0,evaluation,1013,116,0.0
B,0.0,evaluation,1013,117,0.0
B,0.0,evaluation,1013,118,0.0
B,0.0,evaluation,1013,119,0.0
B,0.0,evaluation,1013,120,0.0
B,0.0,evaluation,1013,121,0.0
B,0.0,evaluation,1013,122,0.0
B,0.0,evaluation,1013,123,0.0
B,0.0,evaluation,1013,124,0.0
B,0.0,evaluation,1013,125,0.0
B,0.0,evaluation,1013,126,0.0
B,0.0,evaluation,1013,127,0.0
B,0.0,evaluation,1014,0,0.0
B,0.0,evaluation,1014,1,0.0
B,0.0,evaluation,1014,2,0.0
B,0.0,evaluation,1014,3,0.0
B,0.0,evaluation,1014,4,0.0
B,0.0,evaluation,1014,5,0.0
B,0.0,evaluation,1014,6,0.0
B,0.0,evaluation,1014,7,0.0
B,0.0,evaluation,1014,8,0.0
B,0.0,evaluation,1014,9,0.0
B,0.0,evaluation,1014,10,0.0
B,0.0,evaluation,1014,11,0.0
B,0.0,evaluation,1014,12,0.0
B,0.0,evaluation,1014,13,0.0
B,0.0,evaluation,1014,14,0.0
B,0.0,evaluation,1014,15,0.0
B,0.0,evaluation,1014,16,0.0
B,0.0,evaluation,1014,17,0.0
B,0.0,evaluation,1014,18,0.0
B,0.0,evaluation,1014,19,0.0
B,0.0,evaluation,1014,20,0.0
B,0.0,evaluation,1014,21,0.0
B,0.0,evaluation,1014,22,0.0
B,0.0,evaluation,1014,23,0.0
B,0.0,evaluation,1014,24,0.0
B,0.0,evaluation,1014,25,0.0
B,0.0,evaluation,1014,26,0.0
B,0.0,evaluation,1014,27,0.0
B,0.0,evaluation,1014,28,0.0
B,0.0,evaluation,1014,29,0.0
B,0.0,evaluation,1014,30,0.0
B,0.0,evaluation,1014,31,0.0
B,0.0,evaluation,1014,32,0.0
B,0.0,evaluation,1014,33,0.0
B,0.0,evaluation,1014,34,0.0
B,0.0,evaluation,1014,35,0.0
B,0.0,evaluation,1014,36,0.0
B,0.0,evaluation,1014,37,0.0
B,0.0,evaluation,1014,38,0.0
B,0.0,evaluation,1014,39,0.0
B,0.0,evaluation,1014,40,0.0
B,0.0,evaluation,1014,41,0.0
B,0.0,evaluation,1014,42,0.0
B,0.0,evaluation,1014,43,0.0
B,0.0,evaluation,1014,44,0.0
B,0.0,evaluation,1014,45,0.0
B,0.0,evaluation,1014,46,0.0
B,0.0,evaluation,1014,47,0.0
B,0.0,evaluation,1014,48,0.0
B,0.0,evaluation,1014,49,0.0
B,0.0,evaluation,1014,50,0.0
B,0.0,evaluation,1014,51,0.0
B,0.0,evaluation,1014,52,0.0
B,0.0,evaluation,1014,53,0.0
B,0.0,evaluation,1014,54,0.0
B,0.0,evaluation,1014,55,0.0
B,0.0,evaluation,1014,56,0.0
B,0.0,evaluation,1014,57,0.0
B,0.0,evaluation,1014,58,0.0
B,0.0,evaluation,1014,59,0.0
B,0.0,evaluation,1014,60,0.0
B,0.0,evaluation,1014,61,0.0
B,0.0,evaluation,1014,62,0.0
B,0.0,evaluation,1014,63,0.0
B,0.0,evaluation,1014,64,0.0
B,0.0,evaluation,1014,65,0.0
B,0.0,evaluation,1014,66,0.0
B,0.0,evaluation,1014,67,0.0
B,0.0,evaluation,1014,68,0.0
B,0.0,evaluation,1014,69,0.0
B,0.0,evaluation,1014,70,0.0
B,0.0,evaluation,1014,71,0.0
B,0.0,evaluation,1014,72,0.0
B,0.0,evaluation,1014,73,0.0
B,0.0,evaluation,1014,74,0.0
B,0.0,evaluation,1014,75,0.0
B,0.0,evaluation,1014,76,0.0
B,0.0,evaluation,1014,77,0.0
B,0.0,evaluation,1014,78,0.0
B,0.0,evaluation,1014,79,0.0
B,0.0,evaluation,1014,80,0.0
B,0.0,evaluation,1014,81,0.0
B,0.0,evaluation,1014,82,0.0
B,0.0,evaluation,1014,83,0.0
B,0.0,evaluation,1014,84,0.0
B,0.0,evaluation,1014,85,0.0
B,0.0,evaluation,1014,86,0.0
B,0.0,evaluation,1014,87,0.0
B,0.0,evaluation,1014,88,0.0
B,0.0,evaluation,1014,89,0.0
B,0.0,evaluation,1014,90,0.0
B,0.0,evaluation,1014,91,0.0
B,0.0,evaluation,1014,92,0.0
B,0.0,evaluation,1014,93,0.0
B,0.0,evaluation,1014,94,0.0
B,0.0,evaluation,1014,95,0.0
B,0.0,evaluation,1014,96,0.0
B,0.0,evaluation,1014,97,0.0
B,0.0,evaluation,1014,98,0.0
B,0.0,evaluation,1014,99,0.0
B,0.0,evaluation,1014,100,0.0
B,0.0,evaluation,1014,101,0.0
B,0.0,evaluation,1014,102,0.0
B,0.0,evaluation,1014,103,0.0
B,0.0,evaluation,1014,104,0.0
B,0.0,evaluation,1014,105,0.0
B,0.0,evaluation,1014,106,0.0
B,0.0,evaluation,1014,107,0.0
B,0.0,evaluation,1014,108,0.0
B,0.0,evaluation,1014,109,0.0
B,0.0,evaluation,1014,110,0.0
B,0.0,evaluation,1014,111,0.0
B,0.0,evaluation,1014,112,0.0
B,0.0,evaluation,1014,113,0.0
B,0.0,evaluation,1014,114,0.0
B,0.0,evaluation,1014,115,0.0
B,0.0,evaluation,1014,116,0.0
B,0.0,evaluation,1014,117,0.0
B,0.0,evaluation,1014,118,0.0
B,0.0,evaluation,1014,119,0.0
B,0.0,evaluation,1014,120,0.0
B,0.0,evaluation,1014,121,0.0
B,0.0,evaluation,1014,122,0.0
B,0.0,evaluation,1014,123,0.0
B,0.0,evaluation,1014,124,0.0
B,0.0,evaluation,1014,125,0.0
B,0.0,evaluation,1014,126,0.0
B,0.0,evaluation,1014,127,0.0
B,0.0,evaluation,1015,0,0.0
B,0.0,evaluation,1015,1,0.0
B,0.0,evaluation,1015,2,0.0
B,0.0,evaluation,1015,3,0.0
B,0.0,evaluation,1015,4,0.0
B,0.0,evaluation,1015,5,0.0
B,0.0,evaluation,1015,6,0.0
B,0.0,evaluation,1015,7,0.0
B,0.0,evaluation,1015,8,0.0
B,0.0,evaluation,1015,9,0.0
B,0.0,evaluation,1015,10,0.0
B,0.0,evaluation,1015,11,0.0
B,0.0,evaluation,1015,12,0.0
B,0.0,evaluation,1015,13,0.0
B,0.0,evaluation,1015,14,0.0
B,0.0,evaluation,1015,15,0.0
B,0.0,evaluation,1015,16,0.0
B,0.0,evaluation,1015,17,0.0
B,0.0,evaluation,1015,18,0.0
B,0.0,evaluation,1015,19,0.0
B,0.0,evaluation,1015,20,0.0
B,0.0,evaluation,1015,21,0.0
B,0.0,evaluation,1015,22,0.0
B,0.0,evaluation,1015,23,0.0
B,0.0,evaluation,1015,24,0.0
B,0.0,evaluation,1015,25,0.0
B,0.0,evaluation,1015,26,0.0
B,0.0,evaluation,1015,27,0.0
B,0.0,evaluation,1015,28,0.0
B,0.0,evaluation,1015,29,0.0
B,0.0,evaluation,1015,30,0.0
B,0.0,evaluation,1015,31,0.0
B,0.0,evaluation,1015,32,0.0
B,0.0,evaluation,1015,33,0.0
B,0.0,evaluation,1015,34,0.0
B,0.0,evaluation,1015,35,0.0
B,0.0,evaluation,1015,36,0.0
B,0.0,evaluation,1015,37,0.0
B,0.0,evaluation,1015,38,0.0
B,0.0,evaluation,1015,39,0.0
B,0.0,evaluation,1015,40,0.0
B,0.0,evaluation,1015,41,0.0
B,0.0,evaluation,1015,42,0.0
B,0.0,evaluation,1015,43,0.0
B,0.0,evaluation,1015,44,0.0
B,0.0,evaluation,1015,45,0.0
B,0.0,evaluation,1015,46,0.0
B,0.0,evaluation,1015,47,0.0
B,0.0,evaluation,1015,48,0.0
B,0.0,evaluation,1015,49,0.0
B,0.0,evaluation,1015,50,0.0
B,0.0,evaluation,1015,51,0.0
B,0.0,evaluation,1015,52,0.0
B,0.0,evaluation,1015,53,0.0
B,0.0,evaluation,1015,54,0.0
B,0.0,evaluation,1015,55,0.0
B,0.0,evaluation,1015,56,0.0
B,0.0,evaluation,1015,57,0.0
B,0.0,evaluation,1015,58,0.0
B,0.0,evaluation,1015,59,0.0
B,0.0,evaluation,1015,60,0.0
B,0.0,evaluation,1015,61,0.0
B,0.0,evaluation,1015,62,0.0
B,0.0,evaluation,1015,63,0.0
B,0.0,evaluation,1015,64,0.0
B,0.0,evaluation,1015,65,0.0
B,0.0,evaluation,1015,66,0.0
B,0.0,evaluation,1015,67,0.0
B,0.0,evaluation,1015,68,0.0
B,0.0,evaluation,1015,69,0.0
B,0.0,evaluation,1015,70,0.0
B,0.0,evaluation,1015,71,0.0
B,0.0,evaluation,1015,72,0.0
B,0.0,evaluation,1015,73,0.0
B,0.0,evaluation,1015,74,0.0
B,0.0,evaluation,1015,75,0.0
B,0.0,evaluation,1015,76,0.0
B,0.0,evaluation,1015,77,0.0
B,0.0,evaluation,1015,78,0.0
B,0.0,evaluation,1015,79,0.0
B,0.0,evaluation,1015,80,0.0
B,0.0,evaluation,1015,81,0.0
B,0.0,evaluation,1015,82,0.0
B,0.0,evaluation,1015,83,0.0
B,0.0,evaluation,1015,84,0.0
B,0.0,evaluation,1015,85,0.0
B,0.0,evaluation,1015,86,0.0
B,0.0,evaluation,1015,87,0.0
B,0.0,evaluation,1015,88,0.0
B,0.0,evaluation,1015,89,0.0
B,0.0,evaluation,1015,90,0.0
B,0.0,evaluation,1015,91,0.0
B,0.0,evaluation,1015,92,0.0
B,0.0,evaluation,1015,93,0.0
B,0.0,evaluation,1015,94,0.0
B,0.0,evaluation,1015,95,0.0
B,0.0,evaluation,1015,96,0.0
B,0.0,evaluation,1015,97,0.0
B,0.0,evaluation,1015,98,0.0
B,0.0,evaluation,1015,99,0.0
B,0.0,evaluation,1015,100,0.0
B,0.0,evaluation,1015,101,0.0
B,0.0,evaluation,1015,102,0.0
B,0.0,evaluation,1015,103,0.0
B,0.0,evaluation,1015,104,0.0
B,0.0,evaluation,1015,105,0.0
B,0.0,evaluation,1015,106,0.0
B,0.0,evaluation,1015,107,0.0
B,0.0,evaluation,1015,108,0.0
B,0.0,evaluation,1015,109,0.0
B,0.0,evaluation,1015,110,0.0
B,0.0,evaluation,1015,111,0.0
B,0.0,evaluation,1015,112,0.0
B,0.0,evaluation,1015,113,0.0
B,0.0,evaluation,1015,114,0.0
B,0.0,evaluation,1015,115,0.0
B,0.0,evaluation,1015,116,0.0
B,0.0,evaluation,1015,117,0.0
B,0.0,evaluation,1015,118,0.0
B,0.0,evaluation,1015,119,0.0
B,0.0,evaluation,1015,120,0.0
B,0.0,evaluation,1015,121,0.0
B,0.0,evaluation,1015,122,0.0
B,0.0,evaluation,1015,123,0.0
B,0.0,evaluation,1015,124,0.0
B,0.0,evaluation,1015,125,0.0
B,0.0,evaluation,1015,126,0.0
B,0.0,evaluation,1015,127,0.0
B,0.0,evaluation,1016,0,0.0
B,0.0,evaluation,1016,1,0.0
B,0.0,evaluation,1016,2,0.0
B,0.0,evaluation,1016,3,0.0
B,0.0,evaluation,1016,4,0.0
B,0.0,evaluation,1016,5,0.0
B,0.0,evaluation,1016,6,0.0
B,0.0,evaluation,1016,7,0.0
B,0.0,evaluation,1016,8,0.0
B,0.0,evaluation,1016,9,0.0
B,0.0,evaluation,1016,10,0.0
B,0.0,evaluation,1016,11,0.0
B,0.0,evaluation,1016,12,0.0
B,0.0,evaluation,1016,13,0.0
B,0.0,evaluation,1016,14,0.0
B,0.0,evaluation,1016,15,0.0
B,0.0,evaluation,1016,16,0.0
B,0.0,evaluation,1016,17,0.0
B,0.0,evaluation,1016,18,0.0
B,0.0,evaluation,1016,19,0.0
B,0.0,evaluation,1016,20,0.0
B,0.0,evaluation,1016,21,0.0
B,0.0,evaluation,1016,22,0.0
B,0.0,evaluation,1016,23,0.0
B,0.0,evaluation,1016,24,0.0
B,0.0,evaluation,1016,25,0.0
B,0.0,evaluation,1016,26,0.0
B,0.0,evaluation,1016,27,0.0
B,0.0,evaluation,1016,28,0.0
B,0.0,evaluation,1016,29,0.0
B,0.0,evaluation,1016,30,0.0
B,0.0,evaluation,1016,31,0.0
B,0.0,evaluation,1016,32,0.0
B,0.0,evaluation,1016,33,0.0
B,0.0,evaluation,1016,34,0.0
B,0.0,evaluation,1016,35,0.0
B,0.0,evaluation,1016,36,0.0
B,0.0,evaluation,1016,37,0.0
B,0.0,evaluation,1016,38,0.0
B,0.0,evaluation,1016,39,0.0
B,0.0,evaluation,1016,40,0.0
B,0.0,evaluation,1016,41,0.0
B,0.0,evaluation,1016,42,0.0
B,0.0,evaluation,1016,43,0.0
B,0.0,evaluation,1016,44,0.0
B,0.0,evaluation,1016,45,0.0
B,0.0,evaluation,1016,46,0.0
B,0.0,evaluation,1016,47,0.0
B,0.0,evaluation,1016,48,0.0
B,0.0,evaluation,1016,49,0.0
B,0.0,evaluation,1016,50,0.0
B,0.0,evaluation,1016,51,0.0
B,0.0,evaluation,1016,52,0.0
B,0.0,evaluation,1016,53,0.0
B,0.0,evaluation,1016,54,0.0
B,0.0,evaluation,1016,55,0.0
B,0.0,evaluation,1016,56,0.0
B,0.0,evaluation,1016,57,0.0
B,0.0,evaluation,1016,58,0.0
B,0.0,evaluation,1016,59,0.0
B,0.0,evaluation,1016,60,0.0
B,0.0,evaluation,1016,61,0.0
B,0.0,evaluation,1016,62,0.0
B,0.0,evaluation,1016,63,0.0
B,0.0,evaluation,1016,64,0.0
B,0.0,evaluation,1016,65,0.0
B,0.0,evaluation,1016,66,0.0
B,0.0,evaluation,1016,67,0.0
B,0.0,evaluation,1016,68,0.0
B,0.0,evaluation,1016,69,0.0
B,0.0,evaluation,1016,70,0.0
B,0.0,evaluation,1016,71,0.0
B,0.0,evaluation,1016,72,0.0
B,0.0,evaluation,1016,73,0.0
B,0.0,evaluation,1016,74,0.0
B,0.0,evaluation,1016,75,0.0
B,0.0,evaluation,1016,76,0.0
B,0.0,evaluation,1016,77,0.0
B,0.0,evaluation,1016,78,0.0
B,0.0,evaluation,1016,79,0.0
B,0.0,evaluation,1016,80,0.0
B,0.0,evaluation,1016,81,0.0
B,0.0,evaluation,1016,82,0.0
B,0.0,evaluation,1016,83,0.0
B,0.0,evaluation,1016,84,0.0
B,0.0,evaluation,1016,85,0.0
B,0.0,evaluation,1016,86,0.0
B,0.0,evaluation,1016,87,0.0
B,0.0,evaluation,1016,88,0.0
B,0.0,evaluation,1016,89,0.0
B,0.0,evaluation,1016,90,0.0
B,0.0,evaluation,1016,91,0.0
B,0.0,evaluation,1016,92,0.0
B,0.0,evaluation,1016,93,0.0
B,0.0,evaluation,1016,94,0.0
B,0.0,evaluation,1016,95,0.0
B,0.0,evaluation,1016,96,0.0
B,0.0,evaluation,1016,97,0.0
B,0.0,evaluation,1016,98,0.0
B,0.0,evaluation,1016,99,0.0
B,0.0,evaluation,1016,100,0.0
B,0.0,evaluation,1016,101,0.0
B,0.0,evaluation,1016,102,0.0
B,0.0,evaluation,1016,103,0.0
B,0.0,evaluation,1016,104,0.0
B,0.0,evaluation,1016,105,0.0
B,0.0,evaluation,1016,106,0.0
B,0.0,evaluation,1016,107,0.0
B,0.0,evaluation,1016,108,0.0
B,0.0,evaluation,1016,109,0.0
B,0.0,evaluation,1016,110,0.0
B,0.0,evaluation,1016,111,0.0
B,0.0,evaluation,1016,112,0.0
B,0.0,evaluation,1016,113,0.0
B,0.0,evaluation,1016,114,0.0
B,0.0,evaluation,1016,115,0.0
B,0.0,evaluation,1016,116,0.0
B,0.0,evaluation,1016,117,0.0
B,0.0,evaluation,1016,118,0.0
B,0.0,evaluation,1016,119,0.0
B,0.0,evaluation,1016,120,0.0
B,0.0,evaluation,1016,121,0.0
B,0.0,evaluation,1016,122,0.0
B,0.0,evaluation,1016,123,0.0
B,0.0,evaluation,1016,124,0.0
B,0.0,evaluation,1016,125,0.0
B,0.0,evaluation,1016,126,0.0
B,0.0,evaluation,1016,127,0.0
B,0.0,evaluation,1017,0,0.0
B,0.0,evaluation,1017,1,0.0
B,0.0,evaluation,1017,2,0.0
B,0.0,evaluation,1017,3,0.0
B,0.0,evaluation,1017,4,0.0
B,0.0,evaluation,1017,5,0.0
B,0.0,evaluation,1017,6,0.0
B,0.0,evaluation,1017,7,0.0
B,0.0,evaluation,1017,8,0.0
B,0.0,evaluation,1017,9,0.0
B,0.0,evaluation,1017,10,0.0
B,0.0,evaluation,1017,11,0.0
B,0.0,evaluation,1017,12,0.0
B,0.0,evaluation,1017,13,0.0
B,0.0,evaluation,1017,14,0.0
B,0.0,evaluation,1017,15,0.0
B,0.0,evaluation,1017,16,0.0
B,0.0,evaluation,1017,17,0.0
B,0.0,evaluation,1017,18,0.0
B,0.0,evaluation,1017,19,0.0
B,0.0,evaluation,1017,20,0.0
B,0.0,evaluation,1017,21,0.0
B,0.0,evaluation,1017,22,0.0
B,0.0,evaluation,1017,23,0.0
B,0.0,evaluation,1017,24,0.0
B,0.0,evaluation,1017,25,0.0
B,0.0,evaluation,1017,26,0.0
B,0.0,evaluation,1017,27,0.0
B,0.0,evaluation,1017,28,0.0
B,0.0,evaluation,1017,29,0.0
B,0.0,evaluation,1017,30,0.0
B,0.0,evaluation,1017,31,0.0
B,0.0,evaluation,1017,32,0.0
B,0.0,evaluation,1017,33,0.0
B,0.0,evaluation,1017,34,0.0
B,0.0,evaluation,1017,35,0.0
B,0.0,evaluation,1017,36,0.0
B,0.0,evaluation,1017,37,0.0
B,0.0,evaluation,1017,38,0.0
B,0.0,evaluation,1017,39,0.0
B,0.0,evaluation,1017,40,0.0
B,0.0,evaluation,1017,41,0.0
B,0.0,evaluation,1017,42,0.0
B,0.0,evaluation,1017,43,0.0
B,0.0,evaluation,1017,44,0.0
B,0.0,evaluation,1017,45,0.0
B,0.0,evaluation,1017,46,0.0
B,0.0,evaluation,1017,47,0.0
B,0.0,evaluation,1017,48,0.0
B,0.0,evaluation,1017,49,0.0
B,0.0,evaluation,1017,50,0.0
B,0.0,evaluation,1017,51,0.0
B,0.0,evaluation,1017,52,0.0
B,0.0,evaluation,1017,53,0.0
B,0.0,evaluation,1017,54,0.0
B,0.0,evaluation,1017,55,0.0
B,0.0,evaluation,1017,56,0.0
B,0.0,evaluation,1017,57,0.0
B,0.0,evaluation,1017,58,0.0
B,0.0,evaluation,1017,59,0.0
B,0.0,evaluation,1017,60,0.0
B,0.0,evaluation,1017,61,0.0
B,0.0,evaluation,1017,62,0.0
B,0.0,evaluation,1017,63,0.0
B,0.0,evaluation,1017,64,0.0
B,0.0,evaluation,1017,65,0.0
B,0.0,evaluation,1017,66,0.0
B,0.0,evaluation,1017,67,0.0
B,0.0,evaluation,1017,68,0.0
B,0.0,evaluation,1017,69,0.0
B,0.0,evaluation,1017,70,0.0
B,0.0,evaluation,1017,71,0.0
B,0.0,evaluation,1017,72,0.0
B,0.0,evaluation,1017,73,0.0
B,0.0,evaluation,1017,74,0.0
B,0.0,evaluation,1017,75,0.0
B,0.0,evaluation,1017,76,0.0
B,0.0,evaluation,1017,77,0.0
B,0.0,evaluation,1017,78,0.0
B,0.0,evaluation,1017,79,0.0
B,0.0,evaluation,1017,80,0.0
B,0.0,evaluation,1017,81,0.0
B,0.0,evaluation,1017,82,0.0
B,0.0,evaluation,1017,83,0.0
B,0.0,evaluation,1017,84,0.0
B,0.0,evaluation,1017,85,0.0
B,0.0,evaluation,1017,86,0.0
B,0.0,evaluation,1017,87,0.0
B,0.0,evaluation,1017,88,0.0
B,0.0,evaluation,1017,89,0.0
B,0.0,evaluation,1017,90,0.0
B,0.0,evaluation,1017,91,0.0
B,0.0,evaluation,1017,92,0.0
B,0.0,evaluation,1017,93,0.0
B,0.0,evaluation,1017,94,0.0
B,0.0,evaluation,1017,95,0.0
B,0.0,evaluation,1017,96,0.0
B,0.0,evaluation,1017,97,0.0
B,0.0,evaluation,1017,98,0.0
B,0.0,evaluation,1017,99,0.0
B,0.0,evaluation,1017,100,0.0
B,0.0,evaluation,1017,101,0.0
B,0.0,evaluation,1017,102,0.0
B,0.0,evaluation,1017,103,0.0
B,0.0,evaluation,1017,104,0.0
B,0.0,evaluation,1017,105,0.0
B,0.0,evaluation,1017,106,0.0
B,0.0,evaluation,1017,107,0.0
B,0.0,evaluation,1017,108,0.0
B,0.0,evaluation,1017,109,0.0
B,0.0,evaluation,1017,110,0.0
B,0.0,evaluation,1017,111,0.0
B,0.0,evaluation,1017,112,0.0
B,0.0,evaluation,1017,113,0.0
B,0.0,evaluation,1017,114,0.0
B,0.0,evaluation,1017,115,0.0
B,0.0,evaluation,1017,116,0.0
B,0.0,evaluation,1017,117,0.0
B,0.0,evaluation,1017,118,0.0
B,0.0,evaluation,1017,119,0.0
B,0.0,evaluation,1017,120,0.0
B,0.0,evaluation,1017,121,0.0
B,0.0,evaluation,1017,122,0.0
B,0.0,evaluation,1017,123,0.0
B,0.0,evaluation,1017,124,0.0
B,0.0,evaluation,1017,125,0.0
B,0.0,evaluation,1017,126,0.0
B,0.0,evaluation,1017,127,0.0
B,0.0,evaluation,1018,0,0.0
B,0.0,evaluation,1018,1,0.0
B,0.0,evaluation,1018,2,0.0
B,0.0,evaluation,1018,3,0.0
B,0.0,evaluation,1018,4,0.0
B,0.0,evaluation,1018,5,0.0
B,0.0,evaluation,1018,6,0.0
B,0.0,evaluation,1018,7,0.0
B,0.0,evaluation,1018,8,0.0
B,0.0,evaluation,1018,9,0.0
B,0.0,evaluation,1018,10,0.0
B,0.0,evaluation,1018,11,0.0
B,0.0,evaluation,1018,12,0.0
B,0.0,evaluation,1018,13,0.0
B,0.0,evaluation,1018,14,0.0
B,0.0,evaluation,1018,15,0.0
B,0.0,evaluation,1018,16,0.0
B,0.0,evaluation,1018,17,0.0
B,0.0,evaluation,1018,18,0.0
B,0.0,evaluation,1018,19,0.0
B,0.0,evaluation,1018,20,0.0
B,0.0,evaluation,1018,21,0.0
B,0.0,evaluation,1018,22,0.0
B,0.0,evaluation,1018,23,0.0
B,0.0,evaluation,1018,24,0.0
B,0.0,evaluation,1018,25,0.0
B,0.0,evaluation,1018,26,0.0
B,0.0,evaluation,1018,27,0.0
B,0.0,evaluation,1018,28,0.0
B,0.0,evaluation,1018,29,0.0
B,0.0,evaluation,1018,30,0.0
B,0.0,evaluation,1018,31,0.0
B,0.0,evaluation,1018,32,0.0
B,0.0,evaluation,1018,33,0.0
B,0.0,evaluation,1018,34,0.0
B,0.0,evaluation,1018,35,0.0
B,0.0,evaluation,1018,36,0.0
B,0.0,evaluation,1018,37,0.0
B,0.0,evaluation,1018,38,0.0
B,0.0,evaluation,1018,39,0.0
B,0.0,evaluation,1018,40,0.0
B,0.0,evaluation,1018,41,0.0
B,0.0,evaluation,1018,42,0.0
B,0.0,evaluation,1018,43,0.0
B,0.0,evaluation,1018,44,0.0
B,0.0,evaluation,1018,45,0.0
B,0.0,evaluation,1018,46,0.0
B,0.0,evaluation,1018,47,0.0
B,0.0,evaluation,1018,48,0.0
B,0.0,evaluation,1018,49,0.0
B,0.0,evaluation,1018,50,0.0
B,0.0,evaluation,1018,51,0.0
B,0.0,evaluation,1018,52,0.0
B,0.0,evaluation,1018,53,0.0
B,0.0,evaluation,1018,54,0.0
B,0.0,evaluation,1018,55,0.0
B,0.0,evaluation,1018,56,0.0
B,0.0,evaluation,1018,57,0.0
B,0.0,evaluation,1018,58,0.0
B,0.0,evaluation,1018,59,0.0
B,0.0,evaluation,1018,60,0.0
B,0.0,evaluation,1018,61,0.0
B,0.0,evaluation,1018,62,0.0
B,0.0,evaluation,1018,63,0.0
B,0.0,evaluation,1018,64,0.0
B,0.0,evaluation,1018,65,0.0
B,0.0,evaluation,1018,66,0.0
B,0.0,evaluation,1018,67,0.0
B,0.0,evaluation,1018,68,0.0
B,0.0,evaluation,1018,69,0.0
B,0.0,evaluation,1018,70,0.0
B,0.0,evaluation,1018,71,0.0
B,0.0,evaluation,1018,72,0.0
B,0.0,evaluation,1018,73,0.0
B,0.0,evaluation,1018,74,0.0
B,0.0,evaluation,1018,75,0.0
B,0.0,evaluation,1018,76,0.0
B,0.0,evaluation,1018,77,0.0
B,0.0,evaluation,1018,78,0.0
B,0.0,evaluation,1018,79,0.0
B,0.0,evaluation,1018,80,0.0
B,0.0,evaluation,1018,81,0.0
B,0.0,evaluation,1018,82,0.0
B,0.0,evaluation,1018,83,0.0
B,0.0,evaluation,1018,84,0.0
B,0.0,evaluation,1018,85,0.0
B,0.0,evaluation,1018,86,0.0
B,0.0,evaluation,1018,87,0.0
B,0.0,evaluation,1018,88,0.0
B,0.0,evaluation,1018,89,0.0
B,0.0,evaluation,1018,90,0.0
B,0.0,evaluation,1018,91,0.0
B,0.0,evaluation,1018,92,0.0
B,0.0,evaluation,1018,93,0.0
B,0.0,evaluation,1018,94,0.0
B,0.0,evaluation,1018,95,0.0
B,0.0,evaluation,1018,96,0.0
B,0.0,evaluation,1018,97,0.0
B,0.0,evaluation,1018,98,0.0
B,0.0,evaluation,1018,99,0.0
B,0.0,evaluation,1018,100,0.0
B,0.0,evaluation,1018,101,0.0
B,0.0,evaluation,1018,102,0.0
B,0.0,evaluation,1018,103,0.0
B,0.0,evaluation,1018,104,0.0
B,0.0,evaluation,1018,105,0.0
B,0.0,evaluation,1018,106,0.0
B,0.0,evaluation,1018,107,0.0
B,0.0,evaluation,1018,108,0.0
B,0.0,evaluation,1018,109,0.0
B,0.0,evaluation,1018,110,0.0
B,0.0,evaluation,1018,111,0.0
B,0.0,evaluation,1018,112,0.0
B,0.0,evaluation,1018,113,0.0
B,0.0,evaluation,1018,114,0.0
B,0.0,evaluation,1018,115,0.0
B,0.0,evaluation,1018,116,0.0
B,0.0,evaluation,1018,117,0.0
B,0.0,evaluation,1018,118,0.0
B,0.0,evaluation,1018,119,0.0
B,0.0,evaluation,1018,120,0.0
B,0.0,evaluation,1018,121,0.0
B,0.0,evaluation,1018,122,0.0
B,0.0,evaluation,1018,123,0.0
B,0.0,evaluation,1018,124,0.0
B,0.0,evaluation,1018,125,0.0
B,0.0,evaluation,1018,126,0.0
B,0.0,evaluation,1018,127,0.0
B,0.0,evaluation,1019,0,0.0
B,0.0,evaluation,1019,1,0.0
B,0.0,evaluation,1019,2,0.0
B,0.0,evaluation,1019,3,0.0
B,0.0,evaluation,1019,4,0.0
B,0.0,evaluation,1019,5,0.0
B,0.0,evaluation,1019,6,0.0
B,0.0,evaluation,1019,7,0.0
B,0.0,evaluation,1019,8,0.0
B,0.0,evaluation,1019,9,0.0
B,0.0,evaluation,1019,10,0.0
B,0.0,evaluation,1019,11,0.0
B,0.0,evaluation,1019,12,0.0
B,0.0,evaluation,1019,13,0.0
B,0.0,evaluation,1019,14,0.0
B,0.0,evaluation,1019,15,0.0
B,0.0,evaluation,1019,16,0.0
B,0.0,evaluation,1019,17,0.0
B,0.0,evaluation,1019,18,0.0
B,0.0,evaluation,1019,19,0.0
B,0.0,evaluation,1019,20,0.0
B,0.0,evaluation,1019,21,0.0
B,0.0,evaluation,1019,22,0.0
B,0.0,evaluation,1019,23,0.0
B,0.0,evaluation,1019,24,0.0
B,0.0,evaluation,1019,25,0.0
B,0.0,evaluation,1019,26,0.0
B,0.0,evaluation,1019,27,0.0
B,0.0,evaluation,1019,28,0.0
B,0.0,evaluation,1019,29,0.0
B,0.0,evaluation,1019,30,0.0
B,0.0,evaluation,1019,31,0.0
B,0.0,evaluation,1019,32,0.0
B,0.0,evaluation,1019,33,0.0
B,0.0,evaluation,1019,34,0.0
B,0.0,evaluation,1019,35,0.0
B,0.0,evaluation,1019,36,0.0
B,0.0,evaluation,1019,37,0.0
B,0.0,evaluation,1019,38,0.0
B,0.0,evaluation,1019,39,0.0
B,0.0,evaluation,1019,40,0.0
B,0.0,evaluation,1019,41,0.0
B,0.0,evaluation,1019,42,0.0
B,0.0,evaluation,1019,43,0.0
B,0.0,evaluation,1019,44,0.0
B,0.0,evaluation,1019,45,0.0
B,0.0,evaluation,1019,46,0.0
B,0.0,evaluation,1019,47,0.0
B,0.0,evaluation,1019,48,0.0
B,0.0,evaluation,1019,49,0.0
B,0.0,evaluation,1019,50,0.0
B,0.0,evaluation,1019,51,0.0
B,0.0,evaluation,1019,52,0.0
B,0.0,evaluation,1019,53,0.0
B,0.0,evaluation,1019,54,0.0
B,0.0,evaluation,1019,55,0.0
B,0.0,evaluation,1019,56,0.0
B,0.0,evaluation,1019,57,0.0
B,0.0,evaluation,1019,58,0.0
B,0.0,evaluation,1019,59,0.0
B,0.0,evaluation,1019,60,0.0
B,0.0,evaluation,1019,61,0.0
B,0.0,evaluation,1019,62,0.0
B,0.0,evaluation,1019,63,0.0
B,0.0,evaluation,1019,64,0.0
B,0.0,evaluation,1019,65,0.0
B,0.0,evaluation,1019,66,0.0
B,0.0,evaluation,1019,67,0.0
B,0.0,evaluation,1019,68,0.0
B,0.0,evaluation,1019,69,0.0
B,0.0,evaluation,1019,70,0.0
B,0.0,evaluation,1019,71,0.0
B,0.0,evaluation,1019,72,0.0
B,0.0,evaluation,1019,73,0.0
B,0.0,evaluation,1019,74,0.0
B,0.0,evaluation,1019,75,0.0
B,0.0,evaluation,1019,76,0.0
B,0.0,evaluation,1019,77,0.0
B,0.0,evaluation,1019,78,0.0
B,0.0,evaluation,1019,79,0.0
B,0.0,evaluation,1019,80,0.0
B,0.0,evaluation,1019,81,0.0
B,0.0,evaluation,1019,82,0.0
B,0.0,evaluation,1019,83,0.0
B,0.0,evaluation,1019,84,0.0
B,0.0,evaluation,1019,85,0.0
B,0.0,evaluation,1019,86,0.0
B,0.0,evaluation,1019,87,0.0
B,0.0,evaluation,1019,88,0.0
B,0.0,evaluation,1019,89,0.0
B,0.0,evaluation,1019,90,0.0
B,0.0,evaluation,1019,91,0.0
B,0.0,evaluation,1019,92,0.0
B,0.0,evaluation,1019,93,0.0
B,0.0,evaluation,1019,94,0.0
B,0.0,evaluation,1019,95,0.0
B,0.0,evaluation,1019,96,0.0
B,0.0,evaluation,1019,97,0.0
B,0.0,evaluation,1019,98,0.0
B,0.0,evaluation,1019,99,0.0
B,0.0,evaluation,1019,100,0.0
B,0.0,evaluation,1019,101,0.0
B,0.0,evaluation,1019,102,0.0
B,0.0,evaluation,1019,103,0.0
B,0.0,evaluation,1019,104,0.0
B,0.0,evaluation,1019,105,0.0
B,0.0,evaluation,1019,106,0.0
B,0.0,evaluation,1019,107,0.0
B,0.0,evaluation,1019,108,0.0
B,0.0,evaluation,1019,109,0.0
B,0.0,evaluation,1019,110,0.0
B,0.0,evaluation,1019,111,0.0
B,0.0,evaluation,1019,112,0.0
B,0.0,evaluation,1019,113,0.0
B,0.0,evaluation,1019,114,0.0
B,0.0,evaluation,1019,115,0.0
B,0.0,evaluation,1019,116,0.0
B,0.0,evaluation,1019,117,0.0
B,0.0,evaluation,1019,118,0.0
B,0.0,evaluation,1019,119,0.0
B,0.0,evaluation,1019,120,0.0
B,0.0,evaluation,1019,121,0.0
B,0.0,evaluation,1019,122,0.0
B,0.0,evaluation,1019,123,0.0
B,0.0,evaluation,1019,124,0.0
B,0.0,evaluation,1019,125,0.0
B,0.0,evaluation,1019,126,0.0
B,0.0,evaluation,1019,127,0.0
B,0.05,calibration,1000,0,0.0627744891221085
B,0.05,calibration,1000,1,0.03578652549521513
B,0.05,calibration,1000,2,0.040734715693467226
B,0.05,calibration,1000,3,0.023961533186399875
B,0.05,calibration,1000,4,0.019243652375623796
B,0.05,calibration,1000,5,0.027247194729433016
B,0.05,calibration,1000,6,0.04199182587585856
B,0.05,calibration,1000,7,0.023891721159568842
B,0.05,calibration,1000,8,0.05191364462877049
B,0.05,calibration,1000,9,0.04929179804011158
B,0.05,calibration,1000,10,0.04501503883500674
B,0.05,calibration,1000,11,0.03798480882159894
B,0.05,calibration,1000,12,0.04519408536596253
B,0.05,calibration,1000,13,0.03635142677144099
B,0.05,calibration,1000,14,0.018283046242607848
B,0.05,calibration,1000,15,0.024203621354769292
B,0.05,calibration,1000,16,0.03639284813200344
B,0.05,calibration,1000,17,0.03569527623293578
B,0.05,calibration,1000,18,0.029338994000017243
B,0.05,calibration,1000,19,0.02956197840826677
B,0.05,calibration,1000,20,0.03122713829486905
B,0.05,calibration,1000,21,0.038581385147461
B,0.05,calibration,1000,22,0.0375485221432665
B,0.05,calibration,1000,23,0.03975646915610832
B,0.05,calibration,1000,24,0.029849852390326937
B,0.05,calibration,1000,25,0.03775851372946673
B,0.05,calibration,1000,26,0.028110452294135214
B,0.05,calibration,1000,27,0.02855084076194197
B,0.05,calibration,1000,28,0.02531003749050873
B,0.05,calibration,1000,29,0.028744056905170623
B,0.05,calibration,1000,30,0.026588795116970952
B,0.05,calibration,1000,31,0.03605126498657323
B,0.05,calibration,1000,32,0.041922967305648595
B,0.05,calibration,1000,33,0.03806697209570827
B,0.05,calibration,1000,34,0.0580425714891567
B,0.05,calibration,1000,35,0.07549254372635217
B,0.05,calibration,1000,36,0.02209120554072816
B,0.05,calibration,1000,37,0.02636509595825437
B,0.05,calibration,1000,38,0.026093454611389955
B,0.05,calibration,1000,39,0.015229593164684668
B,0.05,calibration,1000,40,0.01926177733513798
B,0.05,calibration,1000,41,0.016893827365054903
B,0.05,calibration,1000,42,0.02136373898356525
B,0.05,calibration,1000,43,0.018613893731914466
B,0.05,calibration,1000,44,0.0190721179022713
B,0.05,calibration,1000,45,0.02535856597213689
B,0.05,calibration,1000,46,0.03389945066017916
B,0.05,calibration,1000,47,0.023242289442584607
B,0.05,calibration,1000,48,0.019307680232795263
B,0.05,calibration,1000,49,0.024351523070882786
B,0.05,calibration,1000,50,0.05379715058558063
B,0.05,calibration,1000,51,0.02195555844731075
B,0.05,calibration,1000,52,0.040064002303368595
B,0.05,calibration,1000,53,0.04067486928004228
B,0.05,calibration,1000,54,0.025009572286989662
B,0.05,calibration,1000,55,0.02227474148828125
B,0.05,calibration,1000,56,0.0291514092388162
B,0.05,calibration,1000,57,0.02438317075614909
B,0.05,calibration,1000,58,0.03589057183649736
B,0.05,calibration,1000,59,0.0350976885047743
B,0.05,calibration,1000,60,0.03193551743335127
B,0.05,calibration,1000,61,0.05311370669218285
B,0.05,calibration,1000,62,0.026484973592206383
B,0.05,calibration,1000,63,0.029834170010926947
B,0.05,calibration,1000,64,0.04892712246182365
B,0.05,calibration,1000,65,0.051617196286444705
B,0.05,calibration,1000,66,0.04269808642219053
B,0.05,calibration,1000,67,0.04363094258692196
B,0.05,calibration,1000,68,0.029817847723450697
B,0.05,calibration,1000,69,0.024189180549521804
B,0.05,calibration,1000,70,0.022459435242785236
B,0.05,calibration,1000,71,0.0363335802597583
B,0.05,calibration,1000,72,0.050500226084115946
B,0.05,calibration,1000,73,0.040198689980532026
B,0.05,calibration,1000,74,0.02717094600268455
B,0.05,calibration,1000,75,0.03360377068967754
B,0.05,calibration,1000,76,0.02300134692850786
B,0.05,calibration,1000,77,0.0309625899299643
B,0.05,calibration,1000,78,0.03627943910699488
B,0.05,calibration,1000,79,0.03627943910699488
B,0.05,calibration,1000,80,0.028746190017426773
B,0.05,calibration,1000,81,0.029127621499245557
B,0.05,calibration,1000,82,0.03300421925508862
B,0.05,calibration,1000,83,0.02816019802201991
B,0.05,calibration,1000,84,0.025930257936092688
B,0.05,calibration,1000,85,0.03076984517139649
B,0.05,calibration,1000,86,0.035587477866178246
B,0.05,calibration,1000,87,0.033199497836579744
B,0.05,calibration,1000,88,0.023169866032829972
B,0.05,calibration,1000,89,0.02287363867006223
B,0.05,calibration,1000,90,0.060948506376855005
B,0.05,calibration,1000,91,0.041625452266816666
B,0.05,calibration,1000,92,0.03043387114843033
B,0.05,calibration,1000,93,0.03823730684720584
B,0.05,calibration,1000,94,0.041453904001482605
B,0.05,calibration,1000,95,0.017205051351445035
B,0.05,calibration,1000,96,0.03220820342653993
B,0.05,calibration,1000,97,0.039206438279947395
B,0.05,calibration,1000,98,0.03540046963970059
B,0.05,calibration,1000,99,0.02924441184061946
B,0.05,calibration,1000,100,0.03055878602073052
B,0.05,calibration,1000,101,0.03899049451828124
B,0.05,calibration,1000,102,0.05572219822210539
B,0.05,calibration,1000,103,0.03263277123629839
B,0.05,calibration,1000,104,0.03153937850693858
B,0.05,calibration,1000,105,0.04603135580774295
B,0.05,calibration,1000,106,0.043063200129127926
B,0.05,calibration,1000,107,0.038264969240721286
B,0.05,calibration,1000,108,0.026023359526979498
B,0.05,calibration,1000,109,0.036407949494584674
B,0.05,calibration,1000,110,0.031419517387191565
B,0.05,calibration,1000,111,0.030753347041353837
B,0.05,calibration,1000,112,0.02907834626131305
B,0.05,calibration,1000,113,0.019839999179743717
B,0.05,calibration,1000,114,0.022415155143526884
B,0.05,calibration,1000,115,0.023506366214499242
B,0.05,calibration,1000,116,0.022302187204292057
B,0.05,calibration,1000,117,0.022649622666145106
B,0.05,calibration,1000,118,0.040031726652675334
B,0.05,calibration,1000,119,0.0359542639321819
B,0.05,calibration,1000,120,0.0224078054738093
B,0.05,calibration,1000,121,0.041076934037802104
B,0.05,calibration,1000,122,0.028611653549651783
B,0.05,calibration,1000,123,0.02490819559012592
B,0.05,calibration,1000,124,0.02147439343775232
B,0.05,calibration,1000,125,0.0266918344522126
B,0.05,calibration,1000,126,0.033221731716808145
B,0.05,calibration,1000,127,0.07956109029601202
B,0.05,calibration,1001,0,0.015328754672484665
B,0.05,calibration,1001,1,0.022440988755228763
B,0.05,calibration,1001,2,0.03669615740506177
B,0.05,calibration,1001,3,0.014378958017530974
B,0.05,calibration,1001,4,0.029171400542872275
B,0.05,calibration,1001,5,0.030376339058155077
B,0.05,calibration,1001,6,0.025132838168200933
B,0.05,calibration,1001,7,0.015459506495308866
B,0.05,calibration,1001,8,0.03436356214398894
B,0.05,calibration,1001,9,0.03434289317500141
B,0.05,calibration,1001,10,0.04286083201424698
B,0.05,calibration,1001,11,0.03835326003659634
B,0.05,calibration,1001,12,0.04560843030776193
B,0.05,calibration,1001,13,0.025176073538379695
B,0.05,calibration,1001,14,0.046412567203940325
B,0.05,calibration,1001,15,0.023277555472984244
B,0.05,calibration,1001,16,0.054248303241171886
B,0.05,calibration,1001,17,0.050597790967641526
B,0.05,calibration,1001,18,0.0228332110877257
B,0.05,calibration,1001,19,0.029000513586325296
B,0.05,calibration,1001,20,0.032508241577711455
B,0.05,calibration,1001,21,0.04157919039490329
B,0.05,calibration,1001,22,0.06651805240031841
B,0.05,calibration,1001,23,0.027241936040659987
B,0.05,calibration,1001,24,0.020474450158969842
B,0.05,calibration,1001,25,0.016594494035930215
B,0.05,calibration,1001,26,0.021122326251024698
B,0.05,calibration,1001,27,0.029823292834634862
B,0.05,calibration,1001,28,0.03615654468766044
B,0.05,calibration,1001,29,0.05094233331759815
B,0.05,calibration,1001,30,0.042385257706212626
B,0.05,calibration,1001,31,0.024898853184988474
B,0.05,calibration,1001,32,0.03130259716833826
B,0.05,calibration,1001,33,0.023105487423173258
B,0.05,calibration,1001,34,0.022863602218884914
B,0.05,calibration,1001,35,0.021409215246691454
B,0.05,calibration,1001,36,0.030352850446610846
B,0.05,calibration,1001,37,0.0325542951539395
B,0.05,calibration,1001,38,0.022337987571038942
B,0.05,calibration,1001,39,0.03734929797852979
B,0.05,calibration,1001,40,0.02775636093135283
B,0.05,calibration,1001,41,0.015628129932728642
B,0.05,calibration,1001,42,0.01999639994329532
B,0.05,calibration,1001,43,0.04412609648076962
B,0.05,calibration,1001,44,0.032588479010896676
B,0.05,calibration,1001,45,0.02986729051310702
B,0.05,calibration,1001,46,0.06357395432846272
B,0.05,calibration,1001,47,0.03247431035302665
B,0.05,calibration,1001,48,0.027764947721035507
B,0.05,calibration,1001,49,0.026939821515125528
B,0.05,calibration,1001,50,0.03577028008683997
B,0.05,calibration,1001,51,0.03700809181923362
B,0.05,calibration,1001,52,0.02778800318907221
B,0.05,calibration,1001,53,0.028740624375754753
B,0.05,calibration,1001,54,0.0361210028576284
B,0.05,calibration,1001,55,0.05246691018890606
B,0.05,calibration,1001,56,0.03659378505786848
B,0.05,calibration,1001,57,0.05549047001238755
B,0.05,calibration,1001,58,0.07691599032970961
B,0.05,calibration,1001,59,0.01654582894655058
B,0.05,calibration,1001,60,0.018808921885365013
B,0.05,calibration,1001,61,0.056707597074578425
B,0.05,calibration,1001,62,0.018949875706329607
B,0.05,calibration,1001,63,0.0458792054386357
B,0.05,calibration,1001,64,0.02762810340406674
B,0.05,calibration,1001,65,0.038305481416754994
B,0.05,calibration,1001,66,0.05332709351483397
B,0.05,calibration,1001,67,0.01588809634602266
B,0.05,calibration,1001,68,0.016035601617337664
B,0.05,calibration,1001,69,0.019722100083545715
B,0.05,calibration,1001,70,0.043140887377141765
B,0.05,calibration,1001,71,0.03565678836913532
B,0.05,calibration,1001,72,0.020941406579446667
B,0.05,calibration,1001,73,0.025709556553554863
B,0.05,calibration,1001,74,0.025709556553554863
B,0.05,calibration,1001,75,0.023659016053348046
B,0.05,calibration,1001,76,0.018494443047351886
B,0.05,calibration,1001,77,0.027497626203906445
B,0.05,calibration,1001,78,0.019147295791639374
B,0.05,calibration,1001,79,0.03733214587760319
B,0.05,calibration,1001,80,0.03265117822160088
B,0.05,calibration,1001,81,0.022190855558645896
B,0.05,calibration,1001,82,0.023018488512508255
B,0.05,calibration,1001,83,0.02285223915434039
B,0.05,calibration,1001,84,0.025238027564200176
B,0.05,calibration,1001,85,0.029859264861598345
B,0.05,calibration,1001,86,0.01918231915501792
B,0.05,calibration,1001,87,0.02070884508023079
B,0.05,calibration,1001,88,0.02557634963413513
B,0.05,calibration,1001,89,0.025034223923353686
B,0.05,calibration,1001,90,0.02255003229035533
B,0.05,calibration,1001,91,0.050388442894930885
B,0.05,calibration,1001,92,0.03779797894306955
B,0.05,calibration,1001,93,0.04533795744304772
B,0.05,calibration,1001,94,0.025880859356125774
B,0.05,calibration,1001,95,0.023211955844598484
B,0.05,calibration,1001,96,0.02844355010390921
B,0.05,calibration,1001,97,0.043259385654235344
B,0.05,calibration,1001,98,0.028869728863212096
B,0.05,calibration,1001,99,0.036321871871920874
B,0.05,calibration,1001,100,0.02589369991204963
B,0.05,calibration,1001,101,0.04430110368493523
B,0.05,calibration,1001,102,0.03581480724892972
B,0.05,calibration,1001,103,0.030421722281441
B,0.05,calibration,1001,104,0.027968098196000334
B,0.05,calibration,1001,105,0.03751508230511798
B,0.05,calibration,1001,106,0.032596367666627005
B,0.05,calibration,1001,107,0.030050127269500793
B,0.05,calibration,1001,108,0.018161194350430565
B,0.05,calibration,1001,109,0.020587285190227587
B,0.05,calibration,1001,110,0.02032148290277222
B,0.05,calibration,1001,111,0.025849260301775562
B,0.05,calibration,1001,112,0.025849260301775562
B,0.05,calibration,1001,113,0.03272505368546813
B,0.05,calibration,1001,114,0.032496763185266286
B,0.05,calibration,1001,115,0.021107043029788816
B,0.05,calibration,1001,116,0.02445023793875833
B,0.05,calibration,1001,117,0.021367869850704185
B,0.05,calibration,1001,118,0.034250545901799954
B,0.05,calibration,1001,119,0.028747601952134327
B,0.05,calibration,1001,120,0.02035454745525609
B,0.05,calibration,1001,121,0.018628480832110002
B,0.05,calibration,1001,122,0.025758039784947534
B,0.05,calibration,1001,123,0.026472053707213283
B,0.05,calibration,1001,124,0.030564028860933873
B,0.05,calibration,1001,125,0.025263396936348242
B,0.05,calibration,1001,126,0.020721682523708554
B,0.05,calibration,1001,127,0.025110725126987796
B,0.05,calibration,1002,0,0.03380321236500798
B,0.05,calibration,1002,1,0.045648015118317536
B,0.05,calibration,1002,2,0.04290910826743077
B,0.05,calibration,1002,3,0.05275518495646811
B,0.05,calibration,1002,4,0.051509474876866204
B,0.05,calibration,1002,5,0.016639350422486144
B,0.05,calibration,1002,6,0.025392149554677973
B,0.05,calibration,1002,7,0.023886503001560894
B,0.05,calibration,1002,8,0.030034484415985527
B,0.05,calibration,1002,9,0.022428933352584973
B,0.05,calibration,1002,10,0.021295628592576315
B,0.05,calibration,1002,11,0.027270163060694436
B,0.05,calibration,1002,12,0.028467595852077032
B,0.05,calibration,1002,13,0.019040084744481437
B,0.05,calibration,1002,14,0.02373625351177247
B,0.05,calibration,1002,15,0.027711957440484894
B,0.05,calibration,1002,16,0.034375182823229614
B,0.05,calibration,1002,17,0.04393262669698761
B,0.05,calibration,1002,18,0.0519624413731343
B,0.05,calibration,1002,19,0.046915328979900556
B,0.05,calibration,1002,20,0.03356570008355697
B,0.05,calibration,1002,21,0.030351891214695392
B,0.05,calibration,1002,22,0.030982891274233336
B,0.05,calibration,1002,23,0.022021781626517762
B,0.05,calibration,1002,24,0.025114764713766127
B,0.05,calibration,1002,25,0.06598599616662087
B,0.05,calibration,1002,26,0.06657977295222656
B,0.05,calibration,1002,27,0.04175443357270062
B,0.05,calibration,1002,28,0.035927847748804864
B,0.05,calibration,1002,29,0.04387557281605972
B,0.05,calibration,1002,30,0.03196904483746703
B,0.05,calibration,1002,31,0.0333416888655015
B,0.05,calibration,1002,32,0.022348575586123964
B,0.05,calibration,1002,33,0.025830008630770444
B,0.05,calibration,1002,34,0.02209191021293605
B,0.05,calibration,1002,35,0.04658141440824787
B,0.05,calibration,1002,36,0.04419674240449802
B,0.05,calibration,1002,37,0.03325384922642291
B,0.05,calibration,1002,38,0.061796353416792266
B,0.05,calibration,1002,39,0.02423915035836907
B,0.05,calibration,1002,40,0.028700999936107766
B,0.05,calibration,1002,41,0.049500542106851675
B,0.05,calibration,1002,42,0.054681409635887385
B,0.05,calibration,1002,43,0.04703956983720986
B,0.05,calibration,1002,44,0.030119359317748264
B,0.05,calibration,1002,45,0.019952404629538793
B,0.05,calibration,1002,46,0.039426347057054195
B,0.05,calibration,1002,47,0.023283810086270208
B,0.05,calibration,1002,48,0.024280827799539592
B,0.05,calibration,1002,49,0.024570693599868274
B,0.05,calibration,1002,50,0.020330686776828956
B,0.05,calibration,1002,51,0.03609771001920409
B,0.05,calibration,1002,52,0.022208778695574374
B,0.05,calibration,1002,53,0.026328339841557788
B,0.05,calibration,1002,54,0.03130363908296879
B,0.05,calibration,1002,55,0.03158660661024193
B,0.05,calibration,1002,56,0.06859072789759854
B,0.05,calibration,1002,57,0.057616202690628664
B,0.05,calibration,1002,58,0.02723257619915373
B,0.05,calibration,1002,59,0.03593670751966804
B,0.05,calibration,1002,60,0.02413339248931906
B,0.05,calibration,1002,61,0.024722413177954206
B,0.05,calibration,1002,62,0.02140665749121389
B,0.05,calibration,1002,63,0.06296634349303148
B,0.05,calibration,1002,64,0.06218262540815753
B,0.05,calibration,1002,65,0.06291577608491586
B,0.05,calibration,1002,66,0.03186318527774025
B,0.05,calibration,1002,67,0.03186318527774025
B,0.05,calibration,1002,68,0.03777675194821045
B,0.05,calibration,1002,69,0.039772001685705466
B,0.05,calibration,1002,70,0.044012413711301074
B,0.05,calibration,1002,71,0.05107233620188456
B,0.05,calibration,1002,72,0.02895233849324567
B,0.05,calibration,1002,73,0.05707792411170046
B,0.05,calibration,1002,74,0.037616739933762994
B,0.05,calibration,1002,75,0.02685385518188392
B,0.05,calibration,1002,76,0.03080662421869193
B,0.05,calibration,1002,77,0.022559481086933286
B,0.05,calibration,1002,78,0.033010110043740895
B,0.05,calibration,1002,79,0.03783078261430389
B,0.05,calibration,1002,80,0.03531911274884503
B,0.05,calibration,1002,81,0.021735898141594996
B,0.05,calibration,1002,82,0.034073761262153
B,0.05,calibration,1002,83,0.021676725528975614
B,0.05,calibration,1002,84,0.02512257390878961
B,0.05,calibration,1002,85,0.023203142241543018
B,0.05,calibration,1002,86,0.02482281053898737
B,0.05,calibration,1002,87,0.022535161372267187
B,0.05,calibration,1002,88,0.02100952452106159
B,0.05,calibration,1002,89,0.018443973644057032
B,0.05,calibration,1002,90,0.06672087573604268
B,0.05,calibration,1002,91,0.06853915542591685
B,0.05,calibration,1002,92,0.029461655399994263
B,0.05,calibration,1002,93,0.022247982119183843
B,0.05,calibration,1002,94,0.014012471529895626
B,0.05,calibration,1002,95,0.03871554932096438
B,0.05,calibration,1002,96,0.05445933012466894
B,0.05,calibration,1002,97,0.03958178063384857
B,0.05,calibration,1002,98,0.03256353508070722
B,0.05,calibration,1002,99,0.041064656219595985
B,0.05,calibration,1002,100,0.021338692105123264
B,0.05,calibration,1002,101,0.028807262522971274
B,0.05,calibration,1002,102,0.04555881867746753
B,0.05,calibration,1002,103,0.019718777381520787
B,0.05,calibration,1002,104,0.024108458382539215
B,0.05,calibration,1002,105,0.02919904327572015
B,0.05,calibration,1002,106,0.025698334206058104
B,0.05,calibration,1002,107,0.029796692336125197
B,0.05,calibration,1002,108,0.02962689155945515
B,0.05,calibration,1002,109,0.025864110742056662
B,0.05,calibration,1002,110,0.040108381188240914
B,0.05,calibration,1002,111,0.03624846746497443
B,0.05,calibration,1002,112,0.02986805819825432
B,0.05,calibration,1002,113,0.023881756204015336
B,0.05,calibration,1002,114,0.02426772815741908
B,0.05,calibration,1002,115,0.01965662559776132
B,0.05,calibration,1002,116,0.01863793775792909
B,0.05,calibration,1002,117,0.022041615883572535
B,0.05,calibration,1002,118,0.016672820518111864
B,0.05,calibration,1002,119,0.049542250351843786
B,0.05,calibration,1002,120,0.05648027316969792
B,0.05,calibration,1002,121,0.027138014371009656
B,0.05,calibration,1002,122,0.023023139569412952
B,0.05,calibration,1002,123,0.022596345053894587
B,0.05,calibration,1002,124,0.032064216454057756
B,0.05,calibration,1002,125,0.04494438185334386
B,0.05,calibration,1002,126,0.025252374474035347
B,0.05,calibration,1002,127,0.02998396089197367
B,0.05,calibration,1003,0,0.025694056814928867
B,0.05,calibration,1003,1,0.025029112553531227
B,0.05,calibration,1003,2,0.04899436697687032
B,0.05,calibration,1003,3,0.03237839161888817
B,0.05,calibration,1003,4,0.04345482127868783
B,0.05,calibration,1003,5,0.06339459393361258
B,0.05,calibration,1003,6,0.04459634234186666
B,0.05,calibration,1003,7,0.03569604585445962
B,0.05,calibration,1003,8,0.022294664550225524
B,0.05,calibration,1003,9,0.03291524745079691
B,0.05,calibration,1003,10,0.034786401403569506
B,0.05,calibration,1003,11,0.04950992295481843
B,0.05,calibration,1003,12,0.03234892059103986
B,0.05,calibration,1003,13,0.023245868006713178
B,0.05,calibration,1003,14,0.02613796128736738
B,0.05,calibration,1003,15,0.04678498498011416
B,0.05,calibration,1003,16,0.022634536532285685
B,0.05,calibration,1003,17,0.0348047669631239
B,0.05,calibration,1003,18,0.028277292716185697
B,0.05,calibration,1003,19,0.025329824433676734
B,0.05,calibration,1003,20,0.025954252980375216
B,0.05,calibration,1003,21,0.025954252980375216
B,0.05,calibration,1003,22,0.021361404722734015
B,0.05,calibration,1003,23,0.0262938306895543
B,0.05,calibration,1003,24,0.03348614790705218
B,0.05,calibration,1003,25,0.03031137761716124
B,0.05,calibration,1003,26,0.056284909484939194
B,0.05,calibration,1003,27,0.02973209967868745
B,0.05,calibration,1003,28,0.02973209967868745
B,0.05,calibration,1003,29,0.029741899184795195
B,0.05,calibration,1003,30,0.03471796237206898
B,0.05,calibration,1003,31,0.04106274266507953
B,0.05,calibration,1003,32,0.029431554328237616
B,0.05,calibration,1003,33,0.03027676085941286
B,0.05,calibration,1003,34,0.037227418518316985
B,0.05,calibration,1003,35,0.03717449589296985
B,0.05,calibration,1003,36,0.047968306289655205
B,0.05,calibration,1003,37,0.038097818171461684
B,0.05,calibration,1003,38,0.039513459051604014
B,0.05,calibration,1003,39,0.03878576814342857
B,0.05,calibration,1003,40,0.03820261380476672
B,0.05,calibration,1003,41,0.021566712599273452
B,0.05,calibration,1003,42,0.023287312120124942
B,0.05,calibration,1003,43,0.02210825477377576
B,0.05,calibration,1003,44,0.02241901435616149
B,0.05,calibration,1003,45,0.022765650705151172
B,0.05,calibration,1003,46,0.019868879029423726
B,0.05,calibration,1003,47,0.046952676907285495
B,0.05,calibration,1003,48,0.03765101490710965
B,0.05,calibration,1003,49,0.022898224095527206
B,0.05,calibration,1003,50,0.0303561513737792
B,0.05,calibration,1003,51,0.018156437307667844
B,0.05,calibration,1003,52,0.07089310996702036
B,0.05,calibration,1003,53,0.08251715296452722
B,0.05,calibration,1003,54,0.02926154895998867
B,0.05,calibration,1003,55,0.035343323917966
B,0.05,calibration,1003,56,0.035343323917966
B,0.05,calibration,1003,57,0.017421471339684566
B,0.05,calibration,1003,58,0.03980453275637835
B,0.05,calibration,1003,59,0.028684025039027214
B,0.05,calibration,1003,60,0.0341585002597177
B,0.05,calibration,1003,61,0.04359478821611886
B,0.05,calibration,1003,62,0.025409185509158723
B,0.05,calibration,1003,63,0.04087756955527308
B,0.05,calibration,1003,64,0.03915307313726546
B,0.05,calibration,1003,65,0.055227989599086036
B,0.05,calibration,1003,66,0.050318704709767126
B,0.05,calibration,1003,67,0.026836745987735475
B,0.05,calibration,1003,68,0.022620584964374517
B,0.05,calibration,1003,69,0.06297040859606795
B,0.05,calibration,1003,70,0.06071768726043525
B,0.05,calibration,1003,71,0.03171338807919427
B,0.05,calibration,1003,72,0.03904150709971184
B,0.05,calibration,1003,73,0.021785384805900754
B,0.05,calibration,1003,74,0.027936329906679436
B,0.05,calibration,1003,75,0.028823651607039806
B,0.05,calibration,1003,76,0.03097669258022473
B,0.05,calibration,1003,77,0.024989846028413587
B,0.05,calibration,1003,78,0.02933903788434361
B,0.05,calibration,1003,79,0.04233406820932084
B,0.05,calibration,1003,80,0.02656004825616562
B,0.05,calibration,1003,81,0.038881073129110155
B,0.05,calibration,1003,82,0.024393388214909467
B,0.05,calibration,1003,83,0.03022809607921051
B,0.05,calibration,1003,84,0.024947228765976995
B,0.05,calibration,1003,85,0.018597326498721586
B,0.05,calibration,1003,86,0.019947631803104035
B,0.05,calibration,1003,87,0.01959225505628103
B,0.05,calibration,1003,88,0.03234941243113158
B,0.05,calibration,1003,89,0.025625966172458277
B,0.05,calibration,1003,90,0.024707274374965813
B,0.05,calibration,1003,91,0.030078313621452052
B,0.05,calibration,1003,92,0.025654392002913196
B,0.05,calibration,1003,93,0.01887311157772545
B,0.05,calibration,1003,94,0.01956501540653796
B,0.05,calibration,1003,95,0.021882492481902077
B,0.05,calibration,1003,96,0.024879600200428453
B,0.05,calibration,1003,97,0.03361160893244074
B,0.05,calibration,1003,98,0.04266671309414617
B,0.05,calibration,1003,99,0.026674679900212883
B,0.05,calibration,1003,100,0.0475183955493515
B,0.05,calibration,1003,101,0.029176463398792006
B,0.05,calibration,1003,102,0.029027795469209024
B,0.05,calibration,1003,103,0.024027598386418894
B,0.05,calibration,1003,104,0.023377620666418616
B,0.05,calibration,1003,105,0.02361366570218605
B,0.05,calibration,1003,106,0.022534872552981325
B,0.05,calibration,1003,107,0.014549069600997472
B,0.05,calibration,1003,108,0.02701668784886211
B,0.05,calibration,1003,109,0.0238812037540303
B,0.05,calibration,1003,110,0.025371615170203025
B,0.05,calibration,1003,111,0.024447051786288157
B,0.05,calibration,1003,112,0.030766122068714846
B,0.05,calibration,1003,113,0.019145354934356096
B,0.05,calibration,1003,114,0.020928530695042913
B,0.05,calibration,1003,115,0.03461715621395842
B,0.05,calibration,1003,116,0.03334964217819929
B,0.05,calibration,1003,117,0.03198614934388855
B,0.05,calibration,1003,118,0.027735437149891684
B,0.05,calibration,1003,119,0.017278577346631376
B,0.05,calibration,1003,120,0.029218061726474037
B,0.05,calibration,1003,121,0.02159757733861469
B,0.05,calibration,1003,122,0.043948013129738256
B,0.05,calibration,1003,123,0.042769858268122046
B,0.05,calibration,1003,124,0.05630006960787823
B,0.05,calibration,1003,125,0.020289628215511016
B,0.05,calibration,1003,126,0.03819273210060606
B,0.05,calibration,1003,127,0.05432063624677802
B,0.05,calibration,1004,0,0.02418721778160974
B,0.05,calibration,1004,1,0.029517266416959138
B,0.05,calibration,1004,2,0.04622242809405458
B,0.05,calibration,1004,3,0.07943320111533375
B,0.05,calibration,1004,4,0.020566637771090114
B,0.05,calibration,1004,5,0.024251259270655676
B,0.05,calibration,1004,6,0.02619507614666826
B,0.05,calibration,1004,7,0.04058884218294816
B,0.05,calibration,1004,8,0.04058884218294816
B,0.05,calibration,1004,9,0.033855795401615735
B,0.05,calibration,1004,10,0.022455580037677905
B,0.05,calibration,1004,11,0.01943515865779418
B,0.05,calibration,1004,12,0.03282492324809588
B,0.05,calibration,1004,13,0.033900524041262176
B,0.05,calibration,1004,14,0.022481341328875082
B,0.05,calibration,1004,15,0.018139820088073952
B,0.05,calibration,1004,16,0.022573429606724357
B,0.05,calibration,1004,17,0.041494774262379186
B,0.05,calibration,1004,18,0.038902214132413515
B,0.05,calibration,1004,19,0.03490285647295667
B,0.05,calibration,1004,20,0.016953780663252198
B,0.05,calibration,1004,21,0.03154171322161309
B,0.05,calibration,1004,22,0.03318151605032155
B,0.05,calibration,1004,23,0.01987121342426549
B,0.05,calibration,1004,24,0.03529739043628609
B,0.05,calibration,1004,25,0.024960329595177605
B,0.05,calibration,1004,26,0.02608393049717149
B,0.05,calibration,1004,27,0.026011135911997454
B,0.05,calibration,1004,28,0.03281935251746949
B,0.05,calibration,1004,29,0.03566750970308269
B,0.05,calibration,1004,30,0.027723356491475497
B,0.05,calibration,1004,31,0.032056006704347426
B,0.05,calibration,1004,32,0.03347656016616708
B,0.05,calibration,1004,33,0.026607192093239057
B,0.05,calibration,1004,34,0.018455232915093697
B,0.05,calibration,1004,35,0.01956991812380928
B,0.05,calibration,1004,36,0.027470337070713974
B,0.05,calibration,1004,37,0.025005670850147634
B,0.05,calibration,1004,38,0.027749596135660293
B,0.05,calibration,1004,39,0.039480945332845824
B,0.05,calibration,1004,40,0.02435367868727567
B,0.05,calibration,1004,41,0.035528287072847525
B,0.05,calibration,1004,42,0.04018376372847328
B,0.05,calibration,1004,43,0.029027694855925677
B,0.05,calibration,1004,44,0.022214268333200116
B,0.05,calibration,1004,45,0.022214268333200116
B,0.05,calibration,1004,46,0.022374471920709932
B,0.05,calibration,1004,47,0.029860678361787574
B,0.05,calibration,1004,48,0.022441162220720567
B,0.05,calibration,1004,49,0.025914890025338116
B,0.05,calibration,1004,50,0.02351159381564974
B,0.05,calibration,1004,51,0.03130005945009656
B,0.05,calibration,1004,52,0.017811221465488664
B,0.05,calibration,1004,53,0.03660775690270737
B,0.05,calibration,1004,54,0.03852449609815563
B,0.05,calibration,1004,55,0.038885773818351815
B,0.05,calibration,1004,56,0.026071478114854982
B,0.05,calibration,1004,57,0.02609747457264401
B,0.05,calibration,1004,58,0.028314704866170978
B,0.05,calibration,1004,59,0.028282467914578918
B,0.05,calibration,1004,60,0.029219134635192406
B,0.05,calibration,1004,61,0.021560410968855928
B,0.05,calibration,1004,62,0.02751515479695129
B,0.05,calibration,1004,63,0.02992025665459748
B,0.05,calibration,1004,64,0.023924643646841062
B,0.05,calibration,1004,65,0.02681764721722929
B,0.05,calibration,1004,66,0.02279175833740591
B,0.05,calibration,1004,67,0.03117306410333462
B,0.05,calibration,1004,68,0.030454650864466422
B,0.05,calibration,1004,69,0.028048878514472464
B,0.05,calibration,1004,70,0.021533189046962414
B,0.05,calibration,1004,71,0.021510587772365142
B,0.05,calibration,1004,72,0.016464504206273774
B,0.05,calibration,1004,73,0.026819266461722696
B,0.05,calibration,1004,74,0.020461699122188648
B,0.05,calibration,1004,75,0.021871878464357605
B,0.05,calibration,1004,76,0.018973254306306725
B,0.05,calibration,1004,77,0.020193956998232152
B,0.05,calibration,1004,78,0.04350609233543967
B,0.05,calibration,1004,79,0.03533682000210669
B,0.05,calibration,1004,80,0.051270321599769075
B,0.05,calibration,1004,81,0.035545754268776236
B,0.05,calibration,1004,82,0.03170694783226996
B,0.05,calibration,1004,83,0.03626043541719187
B,0.05,calibration,1004,84,0.029084696840991936
B,0.05,calibration,1004,85,0.029875380615024538
B,0.05,calibration,1004,86,0.022525300145098782
B,0.05,calibration,1004,87,0.020705245430550134
B,0.05,calibration,1004,88,0.023810829836672626
B,0.05,calibration,1004,89,0.021742380508575663
B,0.05,calibration,1004,90,0.03233841348588314
B,0.05,calibration,1004,91,0.03127665061375255
B,0.05,calibration,1004,92,0.03127665061375255
B,0.05,calibration,1004,93,0.0330299185375272
B,0.05,calibration,1004,94,0.03679814172884216
B,0.05,calibration,1004,95,0.048938993813479964
B,0.05,calibration,1004,96,0.02704015370806555
B,0.05,calibration,1004,97,0.02449255341214618
B,0.05,calibration,1004,98,0.03045722459782612
B,0.05,calibration,1004,99,0.03498293891025922
B,0.05,calibration,1004,100,0.040240174833896664
B,0.05,calibration,1004,101,0.04534495977523245
B,0.05,calibration,1004,102,0.039232569942265774
B,0.05,calibration,1004,103,0.031100636693724953
B,0.05,calibration,1004,104,0.031100636693724953
B,0.05,calibration,1004,105,0.05046260203685879
B,0.05,calibration,1004,106,0.037198545301771746
B,0.05,calibration,1004,107,0.01957626759913013
B,0.05,calibration,1004,108,0.02222194669725612
B,0.05,calibration,1004,109,0.033290194103017645
B,0.05,calibration,1004,110,0.026333822786829792
B,0.05,calibration,1004,111,0.021186821999730758
B,0.05,calibration,1004,112,0.023195258944361155
B,0.05,calibration,1004,113,0.02060050940725644
B,0.05,calibration,1004,114,0.022423147875455282
B,0.05,calibration,1004,115,0.02486190843055059
B,0.05,calibration,1004,116,0.02679395367696486
B,0.05,calibration,1004,117,0.03405426061223962
B,0.05,calibration,1004,118,0.018660560408756972
B,0.05,calibration,1004,119,0.02237400058789535
B,0.05,calibration,1004,120,0.020301671932566406
B,0.05,calibration,1004,121,0.02178846269219825
B,0.05,calibration,1004,122,0.024431302317587764
B,0.05,calibration,1004,123,0.03554329657403222
B,0.05,calibration,1004,124,0.02428583638107109
B,0.05,calibration,1004,125,0.024760531399520447
B,0.05,calibration,1004,126,0.019927487501651187
B,0.05,calibration,1004,127,0.026901890528341577
B,0.05,evaluation,1005,0,0.06594503044163255
B,0.05,evaluation,1005,1,0.05322380809836488
B,0.05,evaluation,1005,2,0.023729988851769385
B,0.05,evaluation,1005,3,0.0269583286049669
B,0.05,evaluation,1005,4,0.023751968958995326
B,0.05,evaluation,1005,5,0.028402634786218198
B,0.05,evaluation,1005,6,0.03278851218013604
B,0.05,evaluation,1005,7,0.035720745964038236
B,0.05,evaluation,1005,8,0.050773792039699006
B,0.05,evaluation,1005,9,0.027617731957268105
B,0.05,evaluation,1005,10,0.03676187497217942
B,0.05,evaluation,1005,11,0.023762618842464587
B,0.05,evaluation,1005,12,0.027311777870923818
B,0.05,evaluation,1005,13,0.02998399725604037
B,0.05,evaluation,1005,14,0.02344813767051536
B,0.05,evaluation,1005,15,0.03567677041656386
B,0.05,evaluation,1005,16,0.028398277196570593
B,0.05,evaluation,1005,17,0.025772307964065766
B,0.05,evaluation,1005,18,0.03759134650706178
B,0.05,evaluation,1005,19,0.02927387134264961
B,0.05,evaluation,1005,20,0.033163582012115916
B,0.05,evaluation,1005,21,0.027060551128225974
B,0.05,evaluation,1005,22,0.021901346250199766
B,0.05,evaluation,1005,23,0.023661947337840675
B,0.05,evaluation,1005,24,0.023948152083190316
B,0.05,evaluation,1005,25,0.04530748488280506
B,0.05,evaluation,1005,26,0.026277013901081565
B,0.05,evaluation,1005,27,0.041171509802066686
B,0.05,evaluation,1005,28,0.03296724291223033
B,0.05,evaluation,1005,29,0.05161360669208234
B,0.05,evaluation,1005,30,0.06217469825762115
B,0.05,evaluation,1005,31,0.016247538248114583
B,0.05,evaluation,1005,32,0.029074171685027683
B,0.05,evaluation,1005,33,0.036763451418927576
B,0.05,evaluation,1005,34,0.03643620377695627
B,0.05,evaluation,1005,35,0.04641058966459688
B,0.05,evaluation,1005,36,0.035301919218793054
B,0.05,evaluation,1005,37,0.032911050710235756
B,0.05,evaluation,1005,38,0.038572459299633904
B,0.05,evaluation,1005,39,0.06120433674903626
B,0.05,evaluation,1005,40,0.09342212836172524
B,0.05,evaluation,1005,41,0.05284191808205495
B,0.05,evaluation,1005,42,0.017493604170190413
B,0.05,evaluation,1005,43,0.0459410558404605
B,0.05,evaluation,1005,44,0.0449668878909533
B,0.05,evaluation,1005,45,0.030606269633673744
B,0.05,evaluation,1005,46,0.02862798495102986
B,0.05,evaluation,1005,47,0.0286367025251706
B,0.05,evaluation,1005,48,0.02832722012019141
B,0.05,evaluation,1005,49,0.03129435213379039
B,0.05,evaluation,1005,50,0.029169934059940464
B,0.05,evaluation,1005,51,0.02743289734162241
B,0.05,evaluation,1005,52,0.029221006689068338
B,0.05,evaluation,1005,53,0.03312893108806604
B,0.05,evaluation,1005,54,0.01512359909687163
B,0.05,evaluation,1005,55,0.03606809914800199
B,0.05,evaluation,1005,56,0.03234161903406637
B,0.05,evaluation,1005,57,0.031862215681127425
B,0.05,evaluation,1005,58,0.03751491577159941
B,0.05,evaluation,1005,59,0.028273006692790655
B,0.05,evaluation,1005,60,0.034033674095003116
B,0.05,evaluation,1005,61,0.04129608867107897
B,0.05,evaluation,1005,62,0.01822051385610894
B,0.05,evaluation,1005,63,0.022668273878123923
B,0.05,evaluation,1005,64,0.030596779700636928
B,0.05,evaluation,1005,65,0.022814575691420216
B,0.05,evaluation,1005,66,0.021011308044295032
B,0.05,evaluation,1005,67,0.016213183993311092
B,0.05,evaluation,1005,68,0.01691955731788533
B,0.05,evaluation,1005,69,0.059803126822158686
B,0.05,evaluation,1005,70,0.056938579955953805
B,0.05,evaluation,1005,71,0.025568996347429457
B,0.05,evaluation,1005,72,0.031969760419329696
B,0.05,evaluation,1005,73,0.028781515911838307
B,0.05,evaluation,1005,74,0.032946762381226236
B,0.05,evaluation,1005,75,0.028028367844680713
B,0.05,evaluation,1005,76,0.07642598905740972
B,0.05,evaluation,1005,77,0.03413149975187829
B,0.05,evaluation,1005,78,0.03930783089064421
B,0.05,evaluation,1005,79,0.03225789724273162
B,0.05,evaluation,1005,80,0.03176500075012247
B,0.05,evaluation,1005,81,0.033221181136685346
B,0.05,evaluation,1005,82,0.019703724609205983
B,0.05,evaluation,1005,83,0.04059608456560751
B,0.05,evaluation,1005,84,0.03541389523516697
B,0.05,evaluation,1005,85,0.028429086760598327
B,0.05,evaluation,1005,86,0.03365315097045332
B,0.05,evaluation,1005,87,0.02820402750500445
B,0.05,evaluation,1005,88,0.025932453678033866
B,0.05,evaluation,1005,89,0.03428542825843278
B,0.05,evaluation,1005,90,0.02176045888045426
B,0.05,evaluation,1005,91,0.062398428034307396
B,0.05,evaluation,1005,92,0.05928110967315725
B,0.05,evaluation,1005,93,0.019427507806935796
B,0.05,evaluation,1005,94,0.03264464838113576
B,0.05,evaluation,1005,95,0.02297122780154595
B,0.05,evaluation,1005,96,0.01986835408576948
B,0.05,evaluation,1005,97,0.041490378376312906
B,0.05,evaluation,1005,98,0.04251719501754983
B,0.05,evaluation,1005,99,0.04186514844961475
B,0.05,evaluation,1005,100,0.02689826526218761
B,0.05,evaluation,1005,101,0.04314398197437535
B,0.05,evaluation,1005,102,0.022020893064608887
B,0.05,evaluation,1005,103,0.030180701128530912
B,0.05,evaluation,1005,104,0.03026853795906964
B,0.05,evaluation,1005,105,0.030551154679475487
B,0.05,evaluation,1005,106,0.027492507708395647
B,0.05,evaluation,1005,107,0.031160739120713835
B,0.05,evaluation,1005,108,0.035103896247512256
B,0.05,evaluation,1005,109,0.022671861744985977
B,0.05,evaluation,1005,110,0.021254495584863385
B,0.05,evaluation,1005,111,0.02870402571713153
B,0.05,evaluation,1005,112,0.019423568513224253
B,0.05,evaluation,1005,113,0.06584730468905212
B,0.05,evaluation,1005,114,0.05433288591849403
B,0.05,evaluation,1005,115,0.033008648916989965
B,0.05,evaluation,1005,116,0.026533435508001663
B,0.05,evaluation,1005,117,0.024848705498903844
B,0.05,evaluation,1005,118,0.026040633313350527
B,0.05,evaluation,1005,119,0.025063596170434244
B,0.05,evaluation,1005,120,0.02966438543320457
B,0.05,evaluation,1005,121,0.031502635996983795
B,0.05,evaluation,1005,122,0.02562326878891731
B,0.05,evaluation,1005,123,0.02562326878891731
B,0.05,evaluation,1005,124,0.023166574855347535
B,0.05,evaluation,1005,125,0.030159422526380694
B,0.05,evaluation,1005,126,0.030159422526380694
B,0.05,evaluation,1005,127,0.023030842081502023
B,0.05,evaluation,1006,0,0.027378504860693098
B,0.05,evaluation,1006,1,0.03319065368870033
B,0.05,evaluation,1006,2,0.04356747328501437
B,0.05,evaluation,1006,3,0.036471639954963025
B,0.05,evaluation,1006,4,0.0459064520563518
B,0.05,evaluation,1006,5,0.03553207041013412
B,0.05,evaluation,1006,6,0.024212718009609318
B,0.05,evaluation,1006,7,0.03726644515479516
B,0.05,evaluation,1006,8,0.02500216739939021
B,0.05,evaluation,1006,9,0.028412615113130348
B,0.05,evaluation,1006,10,0.027970975471842907
B,0.05,evaluation,1006,11,0.02047675921830304
B,0.05,evaluation,1006,12,0.022919224470648453
B,0.05,evaluation,1006,13,0.024526843058222447
B,0.05,evaluation,1006,14,0.03474529785683628
B,0.05,evaluation,1006,15,0.030471861878604817
B,0.05,evaluation,1006,16,0.03913079690068698
B,0.05,evaluation,1006,17,0.036387651235370175
B,0.05,evaluation,1006,18,0.022445004205446838
B,0.05,evaluation,1006,19,0.02690864971331802
B,0.05,evaluation,1006,20,0.02316350619375826
B,0.05,evaluation,1006,21,0.01611029962203575
B,0.05,evaluation,1006,22,0.029817728991019605
B,0.05,evaluation,1006,23,0.034002437984537684
B,0.05,evaluation,1006,24,0.03315252117926008
B,0.05,evaluation,1006,25,0.022724906034880192
B,0.05,evaluation,1006,26,0.020628899424944523
B,0.05,evaluation,1006,27,0.01702300833523171
B,0.05,evaluation,1006,28,0.03659053693491987
B,0.05,evaluation,1006,29,0.036929884587599354
B,0.05,evaluation,1006,30,0.024790928477833277
B,0.05,evaluation,1006,31,0.02295034877112046
B,0.05,evaluation,1006,32,0.020184065871417706
B,0.05,evaluation,1006,33,0.03099216971859768
B,0.05,evaluation,1006,34,0.03047694844200015
B,0.05,evaluation,1006,35,0.026694230477906075
B,0.05,evaluation,1006,36,0.017402029314105703
B,0.05,evaluation,1006,37,0.026598067052051783
B,0.05,evaluation,1006,38,0.018300575294954408
B,0.05,evaluation,1006,39,0.03258223684700837
B,0.05,evaluation,1006,40,0.02757910414544894
B,0.05,evaluation,1006,41,0.030374254771001766
B,0.05,evaluation,1006,42,0.031101098159184312
B,0.05,evaluation,1006,43,0.02860167523774356
B,0.05,evaluation,1006,44,0.03827001788984827
B,0.05,evaluation,1006,45,0.03404702170655752
B,0.05,evaluation,1006,46,0.03258099063072875
B,0.05,evaluation,1006,47,0.04038927666821892
B,0.05,evaluation,1006,48,0.03568436946584151
B,0.05,evaluation,1006,49,0.05111264354542941
B,0.05,evaluation,1006,50,0.042486326153917876
B,0.05,evaluation,1006,51,0.02545648164824188
B,0.05,evaluation,1006,52,0.03153005405717152
B,0.05,evaluation,1006,53,0.028827333141614342
B,0.05,evaluation,1006,54,0.05303182850521429
B,0.05,evaluation,1006,55,0.030795031031782133
B,0.05,evaluation,1006,56,0.03477263336358097
B,0.05,evaluation,1006,57,0.028551920350361956
B,0.05,evaluation,1006,58,0.030192625117796454
B,0.05,evaluation,1006,59,0.03497330614137879
B,0.05,evaluation,1006,60,0.03521100735903429
B,0.05,evaluation,1006,61,0.02256427912642378
B,0.05,evaluation,1006,62,0.01851454646536463
B,0.05,evaluation,1006,63,0.0274142248520573
B,0.05,evaluation,1006,64,0.02811976177807333
B,0.05,evaluation,1006,65,0.02918822475995962
B,0.05,evaluation,1006,66,0.02565111583704624
B,0.05,evaluation,1006,67,0.030237286491335426
B,0.05,evaluation,1006,68,0.024272856018811115
B,0.05,evaluation,1006,69,0.021261476644512167
B,0.05,evaluation,1006,70,0.030279882828173482
B,0.05,evaluation,1006,71,0.023955551563157554
B,0.05,evaluation,1006,72,0.04434194038681291
B,0.05,evaluation,1006,73,0.0334640955088214
B,0.05,evaluation,1006,74,0.024521814104023945
B,0.05,evaluation,1006,75,0.03252801667396463
B,0.05,evaluation,1006,76,0.03012579639205415
B,0.05,evaluation,1006,77,0.02925240604386012
B,0.05,evaluation,1006,78,0.025930789377901664
B,0.05,evaluation,1006,79,0.02298395569591364
B,0.05,evaluation,1006,80,0.02298395569591364
B,0.05,evaluation,1006,81,0.02094078641539182
B,0.05,evaluation,1006,82,0.02603234254779979
B,0.05,evaluation,1006,83,0.026926423691288004
B,0.05,evaluation,1006,84,0.021525269210996643
B,0.05,evaluation,1006,85,0.03788256799872777
B,0.05,evaluation,1006,86,0.03662444790202349
B,0.05,evaluation,1006,87,0.0203868609345923
B,0.05,evaluation,1006,88,0.03759201999223361
B,0.05,evaluation,1006,89,0.042093566801760324
B,0.05,evaluation,1006,90,0.030582823118906793
B,0.05,evaluation,1006,91,0.022438897278629428
B,0.05,evaluation,1006,92,0.027256902113808393
B,0.05,evaluation,1006,93,0.049778539561147
B,0.05,evaluation,1006,94,0.07480688007849007
B,0.05,evaluation,1006,95,0.027101502564567337
B,0.05,evaluation,1006,96,0.02553942449798864
B,0.05,evaluation,1006,97,0.0302716388436588
B,0.05,evaluation,1006,98,0.024791060205317364
B,0.05,evaluation,1006,99,0.028440794251680133
B,0.05,evaluation,1006,100,0.03230026313237441
B,0.05,evaluation,1006,101,0.03258481099350098
B,0.05,evaluation,1006,102,0.03369556593960069
B,0.05,evaluation,1006,103,0.03691687707290431
B,0.05,evaluation,1006,104,0.02900238775859948
B,0.05,evaluation,1006,105,0.02966322596107157
B,0.05,evaluation,1006,106,0.025789478802266286
B,0.05,evaluation,1006,107,0.020295327392774908
B,0.05,evaluation,1006,108,0.027838561262631012
B,0.05,evaluation,1006,109,0.017601386979599648
B,0.05,evaluation,1006,110,0.015355359865053639
B,0.05,evaluation,1006,111,0.012542460290758423
B,0.05,evaluation,1006,112,0.017735946498734514
B,0.05,evaluation,1006,113,0.024579319379351067
B,0.05,evaluation,1006,114,0.023113348895444946
B,0.05,evaluation,1006,115,0.022561408600548866
B,0.05,evaluation,1006,116,0.0649107710963514
B,0.05,evaluation,1006,117,0.04543102755214479
B,0.05,evaluation,1006,118,0.03133746604565513
B,0.05,evaluation,1006,119,0.024074854332198026
B,0.05,evaluation,1006,120,0.01291676161584929
B,0.05,evaluation,1006,121,0.019419526184349972
B,0.05,evaluation,1006,122,0.02253479017662785
B,0.05,evaluation,1006,123,0.027124284873724074
B,0.05,evaluation,1006,124,0.024073107122735554
B,0.05,evaluation,1006,125,0.038061379081942084
B,0.05,evaluation,1006,126,0.030324752882915678
B,0.05,evaluation,1006,127,0.04378580624511208
B,0.05,evaluation,1007,0,0.026057259513372455
B,0.05,evaluation,1007,1,0.024500957971791425
B,0.05,evaluation,1007,2,0.01960658949539755
B,0.05,evaluation,1007,3,0.033306701410931394
B,0.05,evaluation,1007,4,0.045710307969063266
B,0.05,evaluation,1007,5,0.061108705993615384
B,0.05,evaluation,1007,6,0.04147220424748877
B,0.05,evaluation,1007,7,0.040137745632086316
B,0.05,evaluation,1007,8,0.040441384489279766
B,0.05,evaluation,1007,9,0.02941316691542492
B,0.05,evaluation,1007,10,0.036190321409926896
B,0.05,evaluation,1007,11,0.03554359794884801
B,0.05,evaluation,1007,12,0.01800771580418538
B,0.05,evaluation,1007,13,0.029023518646112842
B,0.05,evaluation,1007,14,0.029817690077694473
B,0.05,evaluation,1007,15,0.05322477233011011
B,0.05,evaluation,1007,16,0.020702460614384438
B,0.05,evaluation,1007,17,0.026869057495534372
B,0.05,evaluation,1007,18,0.02768901868489632
B,0.05,evaluation,1007,19,0.020293205522421275
B,0.05,evaluation,1007,20,0.022469580405515128
B,0.05,evaluation,1007,21,0.02722493216197308
B,0.05,evaluation,1007,22,0.03480697653350165
B,0.05,evaluation,1007,23,0.02930427711658568
B,0.05,evaluation,1007,24,0.024020728772680466
B,0.05,evaluation,1007,25,0.016347830209244144
B,0.05,evaluation,1007,26,0.018165077710133537
B,0.05,evaluation,1007,27,0.013873390521399603
B,0.05,evaluation,1007,28,0.02877694490651509
B,0.05,evaluation,1007,29,0.04376825274399405
B,0.05,evaluation,1007,30,0.03608411860648897
B,0.05,evaluation,1007,31,0.03512861650158903
B,0.05,evaluation,1007,32,0.02795953682256381
B,0.05,evaluation,1007,33,0.04108758993909872
B,0.05,evaluation,1007,34,0.03876154983526833
B,0.05,evaluation,1007,35,0.03798164269660734
B,0.05,evaluation,1007,36,0.02525714026110136
B,0.05,evaluation,1007,37,0.05505289873278191
B,0.05,evaluation,1007,38,0.028781211435855974
B,0.05,evaluation,1007,39,0.02698281432942424
B,0.05,evaluation,1007,40,0.024132089624105804
B,0.05,evaluation,1007,41,0.08239723674264535
B,0.05,evaluation,1007,42,0.052756808695657964
B,0.05,evaluation,1007,43,0.023818396830194946
B,0.05,evaluation,1007,44,0.030849404188803137
B,0.05,evaluation,1007,45,0.024157905475942064
B,0.05,evaluation,1007,46,0.029106455454199376
B,0.05,evaluation,1007,47,0.027708961532727866
B,0.05,evaluation,1007,48,0.02470940552431765
B,0.05,evaluation,1007,49,0.021205528867899864
B,0.05,evaluation,1007,50,0.02597949256639125
B,0.05,evaluation,1007,51,0.02900621609407651
B,0.05,evaluation,1007,52,0.0329097823274577
B,0.05,evaluation,1007,53,0.03166842777394238
B,0.05,evaluation,1007,54,0.031370996136689915
B,0.05,evaluation,1007,55,0.024518073928116717
B,0.05,evaluation,1007,56,0.05306054553772507
B,0.05,evaluation,1007,57,0.028599316328196706
B,0.05,evaluation,1007,58,0.026443699374415007
B,0.05,evaluation,1007,59,0.021896099362780412
B,0.05,evaluation,1007,60,0.02818208989175873
B,0.05,evaluation,1007,61,0.023314172640693687
B,0.05,evaluation,1007,62,0.020740671490634244
B,0.05,evaluation,1007,63,0.040951337162997106
B,0.05,evaluation,1007,64,0.042586401902163985
B,0.05,evaluation,1007,65,0.03370932115994779
B,0.05,evaluation,1007,66,0.03453564310493862
B,0.05,evaluation,1007,67,0.026513301902117044
B,0.05,evaluation,1007,68,0.023519074969044852
B,0.05,evaluation,1007,69,0.03637080218776754
B,0.05,evaluation,1007,70,0.027863771212604832
B,0.05,evaluation,1007,71,0.021345617713288228
B,0.05,evaluation,1007,72,0.01661321634565767
B,0.05,evaluation,1007,73,0.024275579663491552
B,0.05,evaluation,1007,74,0.02958350407370585
B,0.05,evaluation,1007,75,0.03736773666490523
B,0.05,evaluation,1007,76,0.028714088648400454
B,0.05,evaluation,1007,77,0.01964370814656986
B,0.05,evaluation,1007,78,0.026291370316751588
B,0.05,evaluation,1007,79,0.01697793419313391
B,0.05,evaluation,1007,80,0.02293369853792447
B,0.05,evaluation,1007,81,0.024112618455701215
B,0.05,evaluation,1007,82,0.03743938689943871
B,0.05,evaluation,1007,83,0.03743938689943871
B,0.05,evaluation,1007,84,0.02411638832137175
B,0.05,evaluation,1007,85,0.031115048867630626
B,0.05,evaluation,1007,86,0.03203584197618403
B,0.05,evaluation,1007,87,0.02121465483183916
B,0.05,evaluation,1007,88,0.027420022772689345
B,0.05,evaluation,1007,89,0.04348935907424592
B,0.05,evaluation,1007,90,0.061652661109706075
B,0.05,evaluation,1007,91,0.04080837025863855
B,0.05,evaluation,1007,92,0.03886176391028348
B,0.05,evaluation,1007,93,0.017447627121157105
B,0.05,evaluation,1007,94,0.02683608041592097
B,0.05,evaluation,1007,95,0.024142065484467387
B,0.05,evaluation,1007,96,0.029786000480387514
B,0.05,evaluation,1007,97,0.031028805477404303
B,0.05,evaluation,1007,98,0.020309199992383974
B,0.05,evaluation,1007,99,0.019205229903629994
B,0.05,evaluation,1007,100,0.037415309508904565
B,0.05,evaluation,1007,101,0.032103019973637924
B,0.05,evaluation,1007,102,0.047135809282417514
B,0.05,evaluation,1007,103,0.03746726433756851
B,0.05,evaluation,1007,104,0.03784460020603597
B,0.05,evaluation,1007,105,0.03831970641723295
B,0.05,evaluation,1007,106,0.026393498637410445
B,0.05,evaluation,1007,107,0.032578103256756724
B,0.05,evaluation,1007,108,0.028393390272714793
B,0.05,evaluation,1007,109,0.024891988526471023
B,0.05,evaluation,1007,110,0.023831674369569594
B,0.05,evaluation,1007,111,0.025382443660253943
B,0.05,evaluation,1007,112,0.029649415088964494
B,0.05,evaluation,1007,113,0.03282326728043817
B,0.05,evaluation,1007,114,0.044602785889571145
B,0.05,evaluation,1007,115,0.04128349286176025
B,0.05,evaluation,1007,116,0.023210312525241715
B,0.05,evaluation,1007,117,0.0349353656069514
B,0.05,evaluation,1007,118,0.03436602074664746
B,0.05,evaluation,1007,119,0.048854681170047355
B,0.05,evaluation,1007,120,0.048854681170047355
B,0.05,evaluation,1007,121,0.022116740242452998
B,0.05,evaluation,1007,122,0.02171725223542669
B,0.05,evaluation,1007,123,0.027285842811662433
B,0.05,evaluation,1007,124,0.038044851922623885
B,0.05,evaluation,1007,125,0.043374159035445156
B,0.05,evaluation,1007,126,0.02396571535578676
B,0.05,evaluation,1007,127,0.028081681700322075
B,0.05,evaluation,1008,0,0.024895995109419894
B,0.05,evaluation,1008,1,0.022696868487505767
B,0.05,evaluation,1008,2,0.024504768287910914
B,0.05,evaluation,1008,3,0.029010422215754034
B,0.05,evaluation,1008,4,0.0337545122101695
B,0.05,evaluation,1008,5,0.01735196464601796
B,0.05,evaluation,1008,6,0.03243827964831325
B,0.05,evaluation,1008,7,0.04374310705286064
B,0.05,evaluation,1008,8,0.038258163498136946
B,0.05,evaluation,1008,9,0.016963876260992404
B,0.05,evaluation,1008,10,0.059774857887677696
B,0.05,evaluation,1008,11,0.04062468305308306
B,0.05,evaluation,1008,12,0.0383380132192509
B,0.05,evaluation,1008,13,0.04627615385090267
B,0.05,evaluation,1008,14,0.03468628593198527
B,0.05,evaluation,1008,15,0.033901132228872644
B,0.05,evaluation,1008,16,0.050865368690094184
B,0.05,evaluation,1008,17,0.022384237466738878
B,0.05,evaluation,1008,18,0.0486335919665184
B,0.05,evaluation,1008,19,0.039476628886705556
B,0.05,evaluation,1008,20,0.029605583096768463
B,0.05,evaluation,1008,21,0.025132846599036154
B,0.05,evaluation,1008,22,0.025134114171581144
B,0.05,evaluation,1008,23,0.023516928028004255
B,0.05,evaluation,1008,24,0.021082949805787114
B,0.05,evaluation,1008,25,0.03716113015920494
B,0.05,evaluation,1008,26,0.02607155179125699
B,0.05,evaluation,1008,27,0.03961255980316117
B,0.05,evaluation,1008,28,0.026563669535505097
B,0.05,evaluation,1008,29,0.04611373642751848
B,0.05,evaluation,1008,30,0.02633356418821977
B,0.05,evaluation,1008,31,0.028324285854702647
B,0.05,evaluation,1008,32,0.021255083320963163
B,0.05,evaluation,1008,33,0.0179924140621055
B,0.05,evaluation,1008,34,0.04374802687298522
B,0.05,evaluation,1008,35,0.04374802687298522
B,0.05,evaluation,1008,36,0.017897291793999903
B,0.05,evaluation,1008,37,0.028911638563736543
B,0.05,evaluation,1008,38,0.03135302407872351
B,0.05,evaluation,1008,39,0.021243108785325385
B,0.05,evaluation,1008,40,0.022118676677848385
B,0.05,evaluation,1008,41,0.022573623580962897
B,0.05,evaluation,1008,42,0.018745952937055707
B,0.05,evaluation,1008,43,0.01841483843793515
B,0.05,evaluation,1008,44,0.05084966703986599
B,0.05,evaluation,1008,45,0.05193658856362049
B,0.05,evaluation,1008,46,0.017857871584636267
B,0.05,evaluation,1008,47,0.027481918688656015
B,0.05,evaluation,1008,48,0.028207112146186326
B,0.05,evaluation,1008,49,0.031301722642510424
B,0.05,evaluation,1008,50,0.023301572139245413
B,0.05,evaluation,1008,51,0.020531751817285587
B,0.05,evaluation,1008,52,0.02793988702913716
B,0.05,evaluation,1008,53,0.02175388678019044
B,0.05,evaluation,1008,54,0.05538068146107672
B,0.05,evaluation,1008,55,0.05538068146107672
B,0.05,evaluation,1008,56,0.025015778873066045
B,0.05,evaluation,1008,57,0.02881657655613737
B,0.05,evaluation,1008,58,0.03975396796432695
B,0.05,evaluation,1008,59,0.028500801473192318
B,0.05,evaluation,1008,60,0.02391564610713883
B,0.05,evaluation,1008,61,0.026995227775503096
B,0.05,evaluation,1008,62,0.043458076470431754
B,0.05,evaluation,1008,63,0.02416918468044483
B,0.05,evaluation,1008,64,0.036615714360978116
B,0.05,evaluation,1008,65,0.036615714360978116
B,0.05,evaluation,1008,66,0.026534609620679717
B,0.05,evaluation,1008,67,0.02398633585378554
B,0.05,evaluation,1008,68,0.032798070260915246
B,0.05,evaluation,1008,69,0.047387601803838025
B,0.05,evaluation,1008,70,0.035607491031177455
B,0.05,evaluation,1008,71,0.035607491031177455
B,0.05,evaluation,1008,72,0.02685033532807875
B,0.05,evaluation,1008,73,0.02377062899563994
B,0.05,evaluation,1008,74,0.03076680343354952
B,0.05,evaluation,1008,75,0.019038127430539058
B,0.05,evaluation,1008,76,0.030017029618791685
B,0.05,evaluation,1008,77,0.039935548287696854
B,0.05,evaluation,1008,78,0.06631626619333175
B,0.05,evaluation,1008,79,0.09087009659348566
B,0.05,evaluation,1008,80,0.0295940611562924
B,0.05,evaluation,1008,81,0.03256937196449203
B,0.05,evaluation,1008,82,0.03459876381909459
B,0.05,evaluation,1008,83,0.04576138979674055
B,0.05,evaluation,1008,84,0.04679696186423446
B,0.05,evaluation,1008,85,0.01919020941982455
B,0.05,evaluation,1008,86,0.021117938174541537
B,0.05,evaluation,1008,87,0.03225561590445283
B,0.05,evaluation,1008,88,0.022690357566434755
B,0.05,evaluation,1008,89,0.05925213968776083
B,0.05,evaluation,1008,90,0.06907508968489504
B,0.05,evaluation,1008,91,0.025556600520012684
B,0.05,evaluation,1008,92,0.04057128798863219
B,0.05,evaluation,1008,93,0.02919001956646998
B,0.05,evaluation,1008,94,0.025000419256989398
B,0.05,evaluation,1008,95,0.024379826216979733
B,0.05,evaluation,1008,96,0.02757663705941593
B,0.05,evaluation,1008,97,0.04337004993318719
B,0.05,evaluation,1008,98,0.021457404260213975
B,0.05,evaluation,1008,99,0.03332462998317057
B,0.05,evaluation,1008,100,0.02349060324729401
B,0.05,evaluation,1008,101,0.0241463784491322
B,0.05,evaluation,1008,102,0.02533134453444183
B,0.05,evaluation,1008,103,0.027529106134728254
B,0.05,evaluation,1008,104,0.03217092177613526
B,0.05,evaluation,1008,105,0.03834088948492201
B,0.05,evaluation,1008,106,0.040659979146108916
B,0.05,evaluation,1008,107,0.034763465858362125
B,0.05,evaluation,1008,108,0.03582995386087795
B,0.05,evaluation,1008,109,0.02538994728952535
B,0.05,evaluation,1008,110,0.028386084528514204
B,0.05,evaluation,1008,111,0.022412175153132922
B,0.05,evaluation,1008,112,0.02112033902550706
B,0.05,evaluation,1008,113,0.021232188054164054
B,0.05,evaluation,1008,114,0.03923703686088702
B,0.05,evaluation,1008,115,0.014736433395054982
B,0.05,evaluation,1008,116,0.018631377688665927
B,0.05,evaluation,1008,117,0.02726689618370351
B,0.05,evaluation,1008,118,0.03658636736234219
B,0.05,evaluation,1008,119,0.018923110008112372
B,0.05,evaluation,1008,120,0.028675440764307086
B,0.05,evaluation,1008,121,0.03862512752322278
B,0.05,evaluation,1008,122,0.04319278619909306
B,0.05,evaluation,1008,123,0.029111634362306273
B,0.05,evaluation,1008,124,0.0285620447227651
B,0.05,evaluation,1008,125,0.02115232421087036
B,0.05,evaluation,1008,126,0.03043523974462803
B,0.05,evaluation,1008,127,0.020739315843620765
B,0.05,evaluation,1009,0,0.04701826727087852
B,0.05,evaluation,1009,1,0.020704642000358014
B,0.05,evaluation,1009,2,0.027623072335900403
B,0.05,evaluation,1009,3,0.017600127672071246
B,0.05,evaluation,1009,4,0.03394376960451044
B,0.05,evaluation,1009,5,0.03799808499459506
B,0.05,evaluation,1009,6,0.022305603360425863
B,0.05,evaluation,1009,7,0.023631430926257628
B,0.05,evaluation,1009,8,0.023276749264343366
B,0.05,evaluation,1009,9,0.031895156062507465
B,0.05,evaluation,1009,10,0.02303112458602327
B,0.05,evaluation,1009,11,0.06139131159627048
B,0.05,evaluation,1009,12,0.05311465341306351
B,0.05,evaluation,1009,13,0.020133381621762494
B,0.05,evaluation,1009,14,0.0315110720122794
B,0.05,evaluation,1009,15,0.030238304158411125
B,0.05,evaluation,1009,16,0.038641662667272154
B,0.05,evaluation,1009,17,0.029183546242423752
B,0.05,evaluation,1009,18,0.028122139488124972
B,0.05,evaluation,1009,19,0.02757809011480429
B,0.05,evaluation,1009,20,0.027639467353880745
B,0.05,evaluation,1009,21,0.0253523090027168
B,0.05,evaluation,1009,22,0.05735484924453649
B,0.05,evaluation,1009,23,0.05672295979681785
B,0.05,evaluation,1009,24,0.025770249561525765
B,0.05,evaluation,1009,25,0.024675160844568153
B,0.05,evaluation,1009,26,0.03372033906537536
B,0.05,evaluation,1009,27,0.024699278556560712
B,0.05,evaluation,1009,28,0.03249276235425426
B,0.05,evaluation,1009,29,0.018838589742946416
B,0.05,evaluation,1009,30,0.029658652218283562
B,0.05,evaluation,1009,31,0.04454322747729608
B,0.05,evaluation,1009,32,0.040102783373214684
B,0.05,evaluation,1009,33,0.032814402800629354
B,0.05,evaluation,1009,34,0.03157955213426443
B,0.05,evaluation,1009,35,0.027949825705035382
B,0.05,evaluation,1009,36,0.023997170881617673
B,0.05,evaluation,1009,37,0.02662949626183278
B,0.05,evaluation,1009,38,0.020219169514995063
B,0.05,evaluation,1009,39,0.022517214063320745
B,0.05,evaluation,1009,40,0.02833635921898739
B,0.05,evaluation,1009,41,0.017453832395850438
B,0.05,evaluation,1009,42,0.03328904236409144
B,0.05,evaluation,1009,43,0.03578474530241693
B,0.05,evaluation,1009,44,0.03137156671198012
B,0.05,evaluation,1009,45,0.05290932298611084
B,0.05,evaluation,1009,46,0.0538337959192606
B,0.05,evaluation,1009,47,0.022042308155661827
B,0.05,evaluation,1009,48,0.03549279886475528
B,0.05,evaluation,1009,49,0.04665693633465531
B,0.05,evaluation,1009,50,0.030345641906257603
B,0.05,evaluation,1009,51,0.02997919963317082
B,0.05,evaluation,1009,52,0.029261029712971204
B,0.05,evaluation,1009,53,0.05551882586428317
B,0.05,evaluation,1009,54,0.07070804707193032
B,0.05,evaluation,1009,55,0.021104361059008696
B,0.05,evaluation,1009,56,0.02131211609574793
B,0.05,evaluation,1009,57,0.020796979734345574
B,0.05,evaluation,1009,58,0.015692515132532024
B,0.05,evaluation,1009,59,0.028093749090647706
B,0.05,evaluation,1009,60,0.027700389230322097
B,0.05,evaluation,1009,61,0.030941720958359675
B,0.05,evaluation,1009,62,0.03046164070055668
B,0.05,evaluation,1009,63,0.023513176014682585
B,0.05,evaluation,1009,64,0.0240775852706636
B,0.05,evaluation,1009,65,0.029993146578812163
B,0.05,evaluation,1009,66,0.02437445652837994
B,0.05,evaluation,1009,67,0.02448496800162904
B,0.05,evaluation,1009,68,0.030783350407584925
B,0.05,evaluation,1009,69,0.050778656468835254
B,0.05,evaluation,1009,70,0.026734778906471662
B,0.05,evaluation,1009,71,0.024508632168659047
B,0.05,evaluation,1009,72,0.026660538094660513
B,0.05,evaluation,1009,73,0.039339644366252924
B,0.05,evaluation,1009,74,0.016193851857474212
B,0.05,evaluation,1009,75,0.026409954617495845
B,0.05,evaluation,1009,76,0.04259866277711091
B,0.05,evaluation,1009,77,0.03792743243617591
B,0.05,evaluation,1009,78,0.038093208285683265
B,0.05,evaluation,1009,79,0.018153789951864785
B,0.05,evaluation,1009,80,0.020156942512417148
B,0.05,evaluation,1009,81,0.020130254912716784
B,0.05,evaluation,1009,82,0.02611867294094858
B,0.05,evaluation,1009,83,0.05071186935328251
B,0.05,evaluation,1009,84,0.052885030844619096
B,0.05,evaluation,1009,85,0.01650658955117907
B,0.05,evaluation,1009,86,0.0498842165558335
B,0.05,evaluation,1009,87,0.05224175343494955
B,0.05,evaluation,1009,88,0.024827519491641692
B,0.05,evaluation,1009,89,0.046300452884152465
B,0.05,evaluation,1009,90,0.04435006040450226
B,0.05,evaluation,1009,91,0.0388961344215117
B,0.05,evaluation,1009,92,0.06173783657234422
B,0.05,evaluation,1009,93,0.06645866471932807
B,0.05,evaluation,1009,94,0.02809391994198948
B,0.05,evaluation,1009,95,0.015286913542745785
B,0.05,evaluation,1009,96,0.023563882108827584
B,0.05,evaluation,1009,97,0.022786458085031575
B,0.05,evaluation,1009,98,0.023417932667564107
B,0.05,evaluation,1009,99,0.02556050746827246
B,0.05,evaluation,1009,100,0.028366313051961776
B,0.05,evaluation,1009,101,0.035717139492990276
B,0.05,evaluation,1009,102,0.02434891943343291
B,0.05,evaluation,1009,103,0.021208030350869524
B,0.05,evaluation,1009,104,0.028633078977468543
B,0.05,evaluation,1009,105,0.03048467235407179
B,0.05,evaluation,1009,106,0.021317242117561613
B,0.05,evaluation,1009,107,0.02132347549761341
B,0.05,evaluation,1009,108,0.023441198989295198
B,0.05,evaluation,1009,109,0.021963002566642423
B,0.05,evaluation,1009,110,0.023275588899043492
B,0.05,evaluation,1009,111,0.03855712017991597
B,0.05,evaluation,1009,112,0.022509626341160327
B,0.05,evaluation,1009,113,0.03062303293413749
B,0.05,evaluation,1009,114,0.03062303293413749
B,0.05,evaluation,1009,115,0.06299026609680541
B,0.05,evaluation,1009,116,0.035731293400941666
B,0.05,evaluation,1009,117,0.03253639495325922
B,0.05,evaluation,1009,118,0.025424506871828567
B,0.05,evaluation,1009,119,0.04152777497643473
B,0.05,evaluation,1009,120,0.0364040814585186
B,0.05,evaluation,1009,121,0.024710799481799245
B,0.05,evaluation,1009,122,0.019946455838037475
B,0.05,evaluation,1009,123,0.03486482961249693
B,0.05,evaluation,1009,124,0.018949348088308154
B,0.05,evaluation,1009,125,0.02175511350310261
B,0.05,evaluation,1009,126,0.02273664473773812
B,0.05,evaluation,1009,127,0.032765920725997516
B,0.05,evaluation,1010,0,0.0257819111000457
B,0.05,evaluation,1010,1,0.02642844868035385
B,0.05,evaluation,1010,2,0.033194995120333436
B,0.05,evaluation,1010,3,0.026747695865862824
B,0.05,evaluation,1010,4,0.02730522856498413
B,0.05,evaluation,1010,5,0.03204746462832145
B,0.05,evaluation,1010,6,0.03331871209876089
B,0.05,evaluation,1010,7,0.017896885890510313
B,0.05,evaluation,1010,8,0.03345793722248175
B,0.05,evaluation,1010,9,0.04184562706411979
B,0.05,evaluation,1010,10,0.04092777131505185
B,0.05,evaluation,1010,11,0.024635816501237445
B,0.05,evaluation,1010,12,0.022653479037024304
B,0.05,evaluation,1010,13,0.024853287388983805
B,0.05,evaluation,1010,14,0.024853287388983805
B,0.05,evaluation,1010,15,0.02910048614148475
B,0.05,evaluation,1010,16,0.026996696509294316
B,0.05,evaluation,1010,17,0.020749855185557803
B,0.05,evaluation,1010,18,0.026604671405755842
B,0.05,evaluation,1010,19,0.03293752560140649
B,0.05,evaluation,1010,20,0.03487184711860279
B,0.05,evaluation,1010,21,0.02330877512357446
B,0.05,evaluation,1010,22,0.030016566538954487
B,0.05,evaluation,1010,23,0.03517279602245181
B,0.05,evaluation,1010,24,0.019857156000571363
B,0.05,evaluation,1010,25,0.02296849440009375
B,0.05,evaluation,1010,26,0.03525442222715469
B,0.05,evaluation,1010,27,0.03437547544155197
B,0.05,evaluation,1010,28,0.02331541922844025
B,0.05,evaluation,1010,29,0.024198102767128346
B,0.05,evaluation,1010,30,0.03180007221299205
B,0.05,evaluation,1010,31,0.03394433000201766
B,0.05,evaluation,1010,32,0.025346338672496235
B,0.05,evaluation,1010,33,0.029912753451690532
B,0.05,evaluation,1010,34,0.01906866201827327
B,0.05,evaluation,1010,35,0.020904396974058118
B,0.05,evaluation,1010,36,0.016182973444004906
B,0.05,evaluation,1010,37,0.021383274392394264
B,0.05,evaluation,1010,38,0.02075805212308235
B,0.05,evaluation,1010,39,0.03116793102584356
B,0.05,evaluation,1010,40,0.03429492706291665
B,0.05,evaluation,1010,41,0.025620188271418376
B,0.05,evaluation,1010,42,0.027295453498904637
B,0.05,evaluation,1010,43,0.03140367470391804
B,0.05,evaluation,1010,44,0.033367901279569345
B,0.05,evaluation,1010,45,0.02570205619951113
B,0.05,evaluation,1010,46,0.037555640738645896
B,0.05,evaluation,1010,47,0.03427849527995028
B,0.05,evaluation,1010,48,0.0186785968501601
B,0.05,evaluation,1010,49,0.01937664268296531
B,0.05,evaluation,1010,50,0.037278270118578094
B,0.05,evaluation,1010,51,0.044237949457862885
B,0.05,evaluation,1010,52,0.04691250990979268
B,0.05,evaluation,1010,53,0.03745808754190766
B,0.05,evaluation,1010,54,0.07191396878635842
B,0.05,evaluation,1010,55,0.021041508658798724
B,0.05,evaluation,1010,56,0.02019090069712709
B,0.05,evaluation,1010,57,0.018199021627427855
B,0.05,evaluation,1010,58,0.024652987160759532
B,0.05,evaluation,1010,59,0.028357852918265203
B,0.05,evaluation,1010,60,0.028269976791300194
B,0.05,evaluation,1010,61,0.03033630921562613
B,0.05,evaluation,1010,62,0.022074571835826715
B,0.05,evaluation,1010,63,0.037480200887904574
B,0.05,evaluation,1010,64,0.02556546231055526
B,0.05,evaluation,1010,65,0.015576933011002665
B,0.05,evaluation,1010,66,0.028932952579742738
B,0.05,evaluation,1010,67,0.03800520490094525
B,0.05,evaluation,1010,68,0.015540449677146725
B,0.05,evaluation,1010,69,0.017362534366920923
B,0.05,evaluation,1010,70,0.017815582870186815
B,0.05,evaluation,1010,71,0.024777802322575565
B,0.05,evaluation,1010,72,0.023023022972881307
B,0.05,evaluation,1010,73,0.01698413041247087
B,0.05,evaluation,1010,74,0.017470923149305012
B,0.05,evaluation,1010,75,0.02408082188060999
B,0.05,evaluation,1010,76,0.05395117566297217
B,0.05,evaluation,1010,77,0.06867527377909055
B,0.05,evaluation,1010,78,0.01775263104070375
B,0.05,evaluation,1010,79,0.026183216311420426
B,0.05,evaluation,1010,80,0.028553764727966724
B,0.05,evaluation,1010,81,0.0363670071016271
B,0.05,evaluation,1010,82,0.02511739223010742
B,0.05,evaluation,1010,83,0.04180985489572259
B,0.05,evaluation,1010,84,0.04841769172830382
B,0.05,evaluation,1010,85,0.030239266643309587
B,0.05,evaluation,1010,86,0.0326799243166904
B,0.05,evaluation,1010,87,0.026386484402947313
B,0.05,evaluation,1010,88,0.02677031947020811
B,0.05,evaluation,1010,89,0.01894379204850241
B,0.05,evaluation,1010,90,0.03643651931977536
B,0.05,evaluation,1010,91,0.03465818780297114
B,0.05,evaluation,1010,92,0.022599730135507937
B,0.05,evaluation,1010,93,0.01928370061998927
B,0.05,evaluation,1010,94,0.025020213190120016
B,0.05,evaluation,1010,95,0.02189741902727707
B,0.05,evaluation,1010,96,0.029127797948832773
B,0.05,evaluation,1010,97,0.0412339540599585
B,0.05,evaluation,1010,98,0.02726576372729342
B,0.05,evaluation,1010,99,0.02033776567438915
B,0.05,evaluation,1010,100,0.04909856790454442
B,0.05,evaluation,1010,101,0.03730275599047153
B,0.05,evaluation,1010,102,0.030137041266959652
B,0.05,evaluation,1010,103,0.03278952604890037
B,0.05,evaluation,1010,104,0.0281653085386529
B,0.05,evaluation,1010,105,0.0227800579273692
B,0.05,evaluation,1010,106,0.021812357182026648
B,0.05,evaluation,1010,107,0.0398253954142186
B,0.05,evaluation,1010,108,0.037235711683402596
B,0.05,evaluation,1010,109,0.0197495749323454
B,0.05,evaluation,1010,110,0.023467675592261948
B,0.05,evaluation,1010,111,0.02278723420386894
B,0.05,evaluation,1010,112,0.024440095781033788
B,0.05,evaluation,1010,113,0.02093676998773305
B,0.05,evaluation,1010,114,0.025389631445422944
B,0.05,evaluation,1010,115,0.021884677872653927
B,0.05,evaluation,1010,116,0.03531249140282838
B,0.05,evaluation,1010,117,0.018605605233285114
B,0.05,evaluation,1010,118,0.02051426708057948
B,0.05,evaluation,1010,119,0.034708731047377095
B,0.05,evaluation,1010,120,0.02979973703034719
B,0.05,evaluation,1010,121,0.030933691502593702
B,0.05,evaluation,1010,122,0.024967314684204572
B,0.05,evaluation,1010,123,0.030543574664699202
B,0.05,evaluation,1010,124,0.03259201679058206
B,0.05,evaluation,1010,125,0.06388947188385638
B,0.05,evaluation,1010,126,0.049387630070915886
B,0.05,evaluation,1010,127,0.02692108565548601
B,0.05,evaluation,1011,0,0.029736415592943183
B,0.05,evaluation,1011,1,0.02684915576187423
B,0.05,evaluation,1011,2,0.02079641858253417
B,0.05,evaluation,1011,3,0.01941683679654066
B,0.05,evaluation,1011,4,0.022975657877115807
B,0.05,evaluation,1011,5,0.021709660577048304
B,0.05,evaluation,1011,6,0.02838306439319918
B,0.05,evaluation,1011,7,0.01941547445980732
B,0.05,evaluation,1011,8,0.018988109139310844
B,0.05,evaluation,1011,9,0.05014509323561564
B,0.05,evaluation,1011,10,0.041420657287235735
B,0.05,evaluation,1011,11,0.06233942260419323
B,0.05,evaluation,1011,12,0.06466525355146915
B,0.05,evaluation,1011,13,0.018344797068988672
B,0.05,evaluation,1011,14,0.03147777827630438
B,0.05,evaluation,1011,15,0.031997053631432404
B,0.05,evaluation,1011,16,0.03221896509084517
B,0.05,evaluation,1011,17,0.02032998629136048
B,0.05,evaluation,1011,18,0.0311022087724244
B,0.05,evaluation,1011,19,0.026669409446638204
B,0.05,evaluation,1011,20,0.02780135268146032
B,0.05,evaluation,1011,21,0.029243147096217253
B,0.05,evaluation,1011,22,0.023505290177818647
B,0.05,evaluation,1011,23,0.023414246298683272
B,0.05,evaluation,1011,24,0.02702069435371676
B,0.05,evaluation,1011,25,0.03493281250295052
B,0.05,evaluation,1011,26,0.03211569645997994
B,0.05,evaluation,1011,27,0.043618968227965155
B,0.05,evaluation,1011,28,0.029275281967813732
B,0.05,evaluation,1011,29,0.02714122255309174
B,0.05,evaluation,1011,30,0.02714122255309174
B,0.05,evaluation,1011,31,0.01754816740816481
B,0.05,evaluation,1011,32,0.015884993210039167
B,0.05,evaluation,1011,33,0.02426796104660825
B,0.05,evaluation,1011,34,0.020278791050577935
B,0.05,evaluation,1011,35,0.02047946516398072
B,0.05,evaluation,1011,36,0.029497884055079387
B,0.05,evaluation,1011,37,0.03426653830068485
B,0.05,evaluation,1011,38,0.03066158664560191
B,0.05,evaluation,1011,39,0.0345828166289537
B,0.05,evaluation,1011,40,0.024674443444890032
B,0.05,evaluation,1011,41,0.027203266777139287
B,0.05,evaluation,1011,42,0.024613256879408914
B,0.05,evaluation,1011,43,0.025061976324151303
B,0.05,evaluation,1011,44,0.0463707587421463
B,0.05,evaluation,1011,45,0.03471065853837424
B,0.05,evaluation,1011,46,0.03875886753242108
B,0.05,evaluation,1011,47,0.03148310594091724
B,0.05,evaluation,1011,48,0.022749035129263684
B,0.05,evaluation,1011,49,0.021954127731179357
B,0.05,evaluation,1011,50,0.024076318742392758
B,0.05,evaluation,1011,51,0.019640304003456118
B,0.05,evaluation,1011,52,0.032396399100792075
B,0.05,evaluation,1011,53,0.03105941010109617
B,0.05,evaluation,1011,54,0.017467945610558658
B,0.05,evaluation,1011,55,0.05673697528818794
B,0.05,evaluation,1011,56,0.04004196487617509
B,0.05,evaluation,1011,57,0.02404695590272345
B,0.05,evaluation,1011,58,0.0208236184813525
B,0.05,evaluation,1011,59,0.029525131225600174
B,0.05,evaluation,1011,60,0.051329071542302734
B,0.05,evaluation,1011,61,0.047396984629512307
B,0.05,evaluation,1011,62,0.030304208822884326
B,0.05,evaluation,1011,63,0.028069723020153484
B,0.05,evaluation,1011,64,0.02756806732290821
B,0.05,evaluation,1011,65,0.0353454700787251
B,0.05,evaluation,1011,66,0.022217798615037324
B,0.05,evaluation,1011,67,0.03816786170277658
B,0.05,evaluation,1011,68,0.020963864654303256
B,0.05,evaluation,1011,69,0.032899199046745556
B,0.05,evaluation,1011,70,0.029105962201770565
B,0.05,evaluation,1011,71,0.019121493823639896
B,0.05,evaluation,1011,72,0.023578853344754166
B,0.05,evaluation,1011,73,0.023646346044799864
B,0.05,evaluation,1011,74,0.018112557940779483
B,0.05,evaluation,1011,75,0.04520507024600948
B,0.05,evaluation,1011,76,0.03738281377289282
B,0.05,evaluation,1011,77,0.023873119163637463
B,0.05,evaluation,1011,78,0.02367393474530831
B,0.05,evaluation,1011,79,0.021026353258098957
B,0.05,evaluation,1011,80,0.02511276482368696
B,0.05,evaluation,1011,81,0.023190524333609436
B,0.05,evaluation,1011,82,0.04812354401266816
B,0.05,evaluation,1011,83,0.022135841855594477
B,0.05,evaluation,1011,84,0.023546388098900667
B,0.05,evaluation,1011,85,0.0443349991322316
B,0.05,evaluation,1011,86,0.029586680649953706
B,0.05,evaluation,1011,87,0.024421519216029676
B,0.05,evaluation,1011,88,0.03831397235849049
B,0.05,evaluation,1011,89,0.02797562727817319
B,0.05,evaluation,1011,90,0.029328762072172148
B,0.05,evaluation,1011,91,0.03158562310651862
B,0.05,evaluation,1011,92,0.03051125658326978
B,0.05,evaluation,1011,93,0.01945680450182305
B,0.05,evaluation,1011,94,0.022482867684902
B,0.05,evaluation,1011,95,0.03403839295376263
B,0.05,evaluation,1011,96,0.04111733719451144
B,0.05,evaluation,1011,97,0.03503758452308407
B,0.05,evaluation,1011,98,0.03611590471739053
B,0.05,evaluation,1011,99,0.030511486619914402
B,0.05,evaluation,1011,100,0.056789692248354035
B,0.05,evaluation,1011,101,0.09468206780331123
B,0.05,evaluation,1011,102,0.07767983800270159
B,0.05,evaluation,1011,103,0.039857035473392505
B,0.05,evaluation,1011,104,0.022512400287344858
B,0.05,evaluation,1011,105,0.03300181671567767
B,0.05,evaluation,1011,106,0.01984703643555319
B,0.05,evaluation,1011,107,0.01932141374329538
B,0.05,evaluation,1011,108,0.02488771929173926
B,0.05,evaluation,1011,109,0.04509545481082716
B,0.05,evaluation,1011,110,0.034519051759002654
B,0.05,evaluation,1011,111,0.04636867388050547
B,0.05,evaluation,1011,112,0.02422035415169578
B,0.05,evaluation,1011,113,0.034157310980049226
B,0.05,evaluation,1011,114,0.03709191205440294
B,0.05,evaluation,1011,115,0.02753013240776892
B,0.05,evaluation,1011,116,0.030585990439618876
B,0.05,evaluation,1011,117,0.025632014117827187
B,0.05,evaluation,1011,118,0.023812937243924453
B,0.05,evaluation,1011,119,0.02520372569604179
B,0.05,evaluation,1011,120,0.02283995235208342
B,0.05,evaluation,1011,121,0.0314228286909978
B,0.05,evaluation,1011,122,0.03434457092510754
B,0.05,evaluation,1011,123,0.026675798386398962
B,0.05,evaluation,1011,124,0.021747269408551956
B,0.05,evaluation,1011,125,0.020870282503614335
B,0.05,evaluation,1011,126,0.038251565909388496
B,0.05,evaluation,1011,127,0.03374732173519654
B,0.05,evaluation,1012,0,0.021937951929098837
B,0.05,evaluation,1012,1,0.02758599282336635
B,0.05,evaluation,1012,2,0.03984383200402941
B,0.05,evaluation,1012,3,0.04105457202500462
B,0.05,evaluation,1012,4,0.01949854962795944
B,0.05,evaluation,1012,5,0.01796434648678627
B,0.05,evaluation,1012,6,0.02118956544264558
B,0.05,evaluation,1012,7,0.022815506730289065
B,0.05,evaluation,1012,8,0.024594841923751245
B,0.05,evaluation,1012,9,0.02755486516811467
B,0.05,evaluation,1012,10,0.033999119532565895
B,0.05,evaluation,1012,11,0.0277508331212274
B,0.05,evaluation,1012,12,0.027250411860897272
B,0.05,evaluation,1012,13,0.026229214265980114
B,0.05,evaluation,1012,14,0.03981879916674101
B,0.05,evaluation,1012,15,0.06422204740637
B,0.05,evaluation,1012,16,0.0320126340598291
B,0.05,evaluation,1012,17,0.030420783753709366
B,0.05,evaluation,1012,18,0.030420783753709366
B,0.05,evaluation,1012,19,0.03527992513807568
B,0.05,evaluation,1012,20,0.05515580471446235
B,0.05,evaluation,1012,21,0.02394337809414121
B,0.05,evaluation,1012,22,0.054832486139905906
B,0.05,evaluation,1012,23,0.04414701966459833
B,0.05,evaluation,1012,24,0.025945956933960693
B,0.05,evaluation,1012,25,0.021330423979070538
B,0.05,evaluation,1012,26,0.053838901869948885
B,0.05,evaluation,1012,27,0.02965352732059813
B,0.05,evaluation,1012,28,0.04301185824663023
B,0.05,evaluation,1012,29,0.0389603764569218
B,0.05,evaluation,1012,30,0.02258103853171381
B,0.05,evaluation,1012,31,0.023307101277438833
B,0.05,evaluation,1012,32,0.036321541586664285
B,0.05,evaluation,1012,33,0.03481782083551694
B,0.05,evaluation,1012,34,0.023346148322742084
B,0.05,evaluation,1012,35,0.027347773978572354
B,0.05,evaluation,1012,36,0.03370417145281998
B,0.05,evaluation,1012,37,0.02382024113249418
B,0.05,evaluation,1012,38,0.021997026111965863
B,0.05,evaluation,1012,39,0.020787070704388094
B,0.05,evaluation,1012,40,0.018041080838235225
B,0.05,evaluation,1012,41,0.02370844060865917
B,0.05,evaluation,1012,42,0.024864994632383838
B,0.05,evaluation,1012,43,0.044271640233717546
B,0.05,evaluation,1012,44,0.03810934105041733
B,0.05,evaluation,1012,45,0.029853628527926543
B,0.05,evaluation,1012,46,0.038017894554883164
B,0.05,evaluation,1012,47,0.041197030874998236
B,0.05,evaluation,1012,48,0.028802980970640726
B,0.05,evaluation,1012,49,0.021430369153285476
B,0.05,evaluation,1012,50,0.03707409332502676
B,0.05,evaluation,1012,51,0.0312929034216716
B,0.05,evaluation,1012,52,0.052684073689782285
B,0.05,evaluation,1012,53,0.01883527719709005
B,0.05,evaluation,1012,54,0.028047604218945293
B,0.05,evaluation,1012,55,0.01902322958545502
B,0.05,evaluation,1012,56,0.030596444063168034
B,0.05,evaluation,1012,57,0.03224574897541346
B,0.05,evaluation,1012,58,0.05081321879304812
B,0.05,evaluation,1012,59,0.021018794456081825
B,0.05,evaluation,1012,60,0.02359555893059459
B,0.05,evaluation,1012,61,0.02283821716831197
B,0.05,evaluation,1012,62,0.022107195356993195
B,0.05,evaluation,1012,63,0.03753173406194235
B,0.05,evaluation,1012,64,0.023211452611237304
B,0.05,evaluation,1012,65,0.027831140265828752
B,0.05,evaluation,1012,66,0.020416038906532236
B,0.05,evaluation,1012,67,0.02748912513752036
B,0.05,evaluation,1012,68,0.037238843110241455
B,0.05,evaluation,1012,69,0.02850519273005243
B,0.05,evaluation,1012,70,0.021396413297698175
B,0.05,evaluation,1012,71,0.019835393109072716
B,0.05,evaluation,1012,72,0.026854149536426716
B,0.05,evaluation,1012,73,0.018768036657536152
B,0.05,evaluation,1012,74,0.02072892749199412
B,0.05,evaluation,1012,75,0.025776990487306237
B,0.05,evaluation,1012,76,0.026564494918723043
B,0.05,evaluation,1012,77,0.04691232470467302
B,0.05,evaluation,1012,78,0.03387686716256058
B,0.05,evaluation,1012,79,0.026691785856058588
B,0.05,evaluation,1012,80,0.029953194210452526
B,0.05,evaluation,1012,81,0.034860953868659166
B,0.05,evaluation,1012,82,0.02372118585031214
B,0.05,evaluation,1012,83,0.02285531430927237
B,0.05,evaluation,1012,84,0.028469551601107645
B,0.05,evaluation,1012,85,0.02326091713658096
B,0.05,evaluation,1012,86,0.033251893800169074
B,0.05,evaluation,1012,87,0.02303518164294615
B,0.05,evaluation,1012,88,0.018046077289210108
B,0.05,evaluation,1012,89,0.02298033145310781
B,0.05,evaluation,1012,90,0.030861074233885462
B,0.05,evaluation,1012,91,0.02626005143641992
B,0.05,evaluation,1012,92,0.026835897545914644
B,0.05,evaluation,1012,93,0.027509027933951907
B,0.05,evaluation,1012,94,0.031345751969948835
B,0.05,evaluation,1012,95,0.02265875120416537
B,0.05,evaluation,1012,96,0.02240150428332094
B,0.05,evaluation,1012,97,0.025658865594964414
B,0.05,evaluation,1012,98,0.023998476175438398
B,0.05,evaluation,1012,99,0.03618409876950354
B,0.05,evaluation,1012,100,0.029213381629263416
B,0.05,evaluation,1012,101,0.028902981538004233
B,0.05,evaluation,1012,102,0.02341144034203262
B,0.05,evaluation,1012,103,0.03257596351460196
B,0.05,evaluation,1012,104,0.030784445492740342
B,0.05,evaluation,1012,105,0.020392353101290048
B,0.05,evaluation,1012,106,0.03887148741641422
B,0.05,evaluation,1012,107,0.01740510187872446
B,0.05,evaluation,1012,108,0.02203586711440234
B,0.05,evaluation,1012,109,0.026585881354471198
B,0.05,evaluation,1012,110,0.027490859769917178
B,0.05,evaluation,1012,111,0.021598507278880352
B,0.05,evaluation,1012,112,0.015652656028859555
B,0.05,evaluation,1012,113,0.02097848162306177
B,0.05,evaluation,1012,114,0.027617294003105558
B,0.05,evaluation,1012,115,0.036518514629699045
B,0.05,evaluation,1012,116,0.03773847761007477
B,0.05,evaluation,1012,117,0.06827204414272667
B,0.05,evaluation,1012,118,0.0323016391746517
B,0.05,evaluation,1012,119,0.029096570360820865
B,0.05,evaluation,1012,120,0.029208582552769022
B,0.05,evaluation,1012,121,0.02466540098890785
B,0.05,evaluation,1012,122,0.02045198496962839
B,0.05,evaluation,1012,123,0.044887136564137675
B,0.05,evaluation,1012,124,0.055197361377865004
B,0.05,evaluation,1012,125,0.028969878175008644
B,0.05,evaluation,1012,126,0.022974842679688627
B,0.05,evaluation,1012,127,0.07928720338239284
B,0.05,evaluation,1013,0,0.03255664378843506
B,0.05,evaluation,1013,1,0.02723166444149014
B,0.05,evaluation,1013,2,0.01803600299308125
B,0.05,evaluation,1013,3,0.022218907686368028
B,0.05,evaluation,1013,4,0.017003626522878623
B,0.05,evaluation,1013,5,0.03328248821303415
B,0.05,evaluation,1013,6,0.045228258384025305
B,0.05,evaluation,1013,7,0.051014633936843634
B,0.05,evaluation,1013,8,0.03621831353001105
B,0.05,evaluation,1013,9,0.03207459825703179
B,0.05,evaluation,1013,10,0.029349260682087208
B,0.05,evaluation,1013,11,0.02896852554669646
B,0.05,evaluation,1013,12,0.033005364560369066
B,0.05,evaluation,1013,13,0.027824612929299757
B,0.05,evaluation,1013,14,0.03673207818386104
B,0.05,evaluation,1013,15,0.029405258646294036
B,0.05,evaluation,1013,16,0.030852266703665625
B,0.05,evaluation,1013,17,0.02444654979676952
B,0.05,evaluation,1013,18,0.01929668260947999
B,0.05,evaluation,1013,19,0.025745123479365126
B,0.05,evaluation,1013,20,0.025745123479365126
B,0.05,evaluation,1013,21,0.01749584724709023
B,0.05,evaluation,1013,22,0.03677722136860914
B,0.05,evaluation,1013,23,0.0434095459257611
B,0.05,evaluation,1013,24,0.02507744557697268
B,0.05,evaluation,1013,25,0.022262576621056747
B,0.05,evaluation,1013,26,0.03303099132618556
B,0.05,evaluation,1013,27,0.03303099132618556
B,0.05,evaluation,1013,28,0.027318665837089806
B,0.05,evaluation,1013,29,0.021507177712905196
B,0.05,evaluation,1013,30,0.03290467526376409
B,0.05,evaluation,1013,31,0.03682452198360763
B,0.05,evaluation,1013,32,0.020530193996964596
B,0.05,evaluation,1013,33,0.02492848502809477
B,0.05,evaluation,1013,34,0.04142426538680556
B,0.05,evaluation,1013,35,0.05330025995387336
B,0.05,evaluation,1013,36,0.032422652122013576
B,0.05,evaluation,1013,37,0.032422652122013576
B,0.05,evaluation,1013,38,0.022336074523920058
B,0.05,evaluation,1013,39,0.02506782445821898
B,0.05,evaluation,1013,40,0.03980921948488661
B,0.05,evaluation,1013,41,0.030712122898082544
B,0.05,evaluation,1013,42,0.028660847163195904
B,0.05,evaluation,1013,43,0.019921905127108758
B,0.05,evaluation,1013,44,0.03060469089855819
B,0.05,evaluation,1013,45,0.034651290087936965
B,0.05,evaluation,1013,46,0.02404584031334945
B,0.05,evaluation,1013,47,0.02515013422641285
B,0.05,evaluation,1013,48,0.020797994388334212
B,0.05,evaluation,1013,49,0.04032255056836754
B,0.05,evaluation,1013,50,0.030539212500823355
B,0.05,evaluation,1013,51,0.01496009900853612
B,0.05,evaluation,1013,52,0.027224884165966676
B,0.05,evaluation,1013,53,0.036161983120168856
B,0.05,evaluation,1013,54,0.045974198642964065
B,0.05,evaluation,1013,55,0.030797789787265634
B,0.05,evaluation,1013,56,0.02417049749321762
B,0.05,evaluation,1013,57,0.03335413764165855
B,0.05,evaluation,1013,58,0.027519627256434996
B,0.05,evaluation,1013,59,0.023434342695015133
B,0.05,evaluation,1013,60,0.03141849473353644
B,0.05,evaluation,1013,61,0.01928917182492968
B,0.05,evaluation,1013,62,0.031656540702228106
B,0.05,evaluation,1013,63,0.021895063318590216
B,0.05,evaluation,1013,64,0.02935253572337458
B,0.05,evaluation,1013,65,0.0366031045973661
B,0.05,evaluation,1013,66,0.04016050675437072
B,0.05,evaluation,1013,67,0.03406024647510128
B,0.05,evaluation,1013,68,0.03349135913388864
B,0.05,evaluation,1013,69,0.04495999979411114
B,0.05,evaluation,1013,70,0.039443306926614435
B,0.05,evaluation,1013,71,0.03826741852018509
B,0.05,evaluation,1013,72,0.0409635677087784
B,0.05,evaluation,1013,73,0.01857300493208123
B,0.05,evaluation,1013,74,0.020334224540797807
B,0.05,evaluation,1013,75,0.024758011630243035
B,0.05,evaluation,1013,76,0.026829066690027017
B,0.05,evaluation,1013,77,0.027798947583271692
B,0.05,evaluation,1013,78,0.027798947583271692
B,0.05,evaluation,1013,79,0.024274681521076626
B,0.05,evaluation,1013,80,0.02441669040580718
B,0.05,evaluation,1013,81,0.050085711162355884
B,0.05,evaluation,1013,82,0.030131363463893834
B,0.05,evaluation,1013,83,0.02420305913018697
B,0.05,evaluation,1013,84,0.033129660415270566
B,0.05,evaluation,1013,85,0.029641761668718278
B,0.05,evaluation,1013,86,0.03278292114870553
B,0.05,evaluation,1013,87,0.03130702879352515
B,0.05,evaluation,1013,88,0.021248909249170944
B,0.05,evaluation,1013,89,0.01812698814281276
B,0.05,evaluation,1013,90,0.021946411650033998
B,0.05,evaluation,1013,91,0.029534271453927646
B,0.05,evaluation,1013,92,0.03353195442556195
B,0.05,evaluation,1013,93,0.023904927395135514
B,0.05,evaluation,1013,94,0.025607904402307244
B,0.05,evaluation,1013,95,0.02610604231421451
B,0.05,evaluation,1013,96,0.024515607873298123
B,0.05,evaluation,1013,97,0.02829388339680608
B,0.05,evaluation,1013,98,0.023647472467310027
B,0.05,evaluation,1013,99,0.019502464889385236
B,0.05,evaluation,1013,100,0.02281208523819525
B,0.05,evaluation,1013,101,0.03143775265851334
B,0.05,evaluation,1013,102,0.017894526393346037
B,0.05,evaluation,1013,103,0.0231556128243341
B,0.05,evaluation,1013,104,0.02421632090002267
B,0.05,evaluation,1013,105,0.034095852061991797
B,0.05,evaluation,1013,106,0.034095852061991797
B,0.05,evaluation,1013,107,0.029043788252761327
B,0.05,evaluation,1013,108,0.03459891304254335
B,0.05,evaluation,1013,109,0.029324451400483786
B,0.05,evaluation,1013,110,0.02120720485554343
B,0.05,evaluation,1013,111,0.030729481124555952
B,0.05,evaluation,1013,112,0.0260981254608226
B,0.05,evaluation,1013,113,0.01734727410512185
B,0.05,evaluation,1013,114,0.037137503665157216
B,0.05,evaluation,1013,115,0.03803099113631654
B,0.05,evaluation,1013,116,0.024872454388403423
B,0.05,evaluation,1013,117,0.020480527111621488
B,0.05,evaluation,1013,118,0.030754136533341456
B,0.05,evaluation,1013,119,0.03485412195597308
B,0.05,evaluation,1013,120,0.027453093493720902
B,0.05,evaluation,1013,121,0.0291079397839121
B,0.05,evaluation,1013,122,0.06503729399172634
B,0.05,evaluation,1013,123,0.05521707360344327
B,0.05,evaluation,1013,124,0.03685911743430094
B,0.05,evaluation,1013,125,0.023288684809399135
B,0.05,evaluation,1013,126,0.016337630382625517
B,0.05,evaluation,1013,127,0.01657882142235164
B,0.05,evaluation,1014,0,0.0196497188660699
B,0.05,evaluation,1014,1,0.01788930187225049
B,0.05,evaluation,1014,2,0.023678201828635795
B,0.05,evaluation,1014,3,0.023678201828635795
B,0.05,evaluation,1014,4,0.020951258199851525
B,0.05,evaluation,1014,5,0.017882769873556744
B,0.05,evaluation,1014,6,0.0176326874881323
B,0.05,evaluation,1014,7,0.03076839994424943
B,0.05,evaluation,1014,8,0.09340484180260017
B,0.05,evaluation,1014,9,0.06954847663754363
B,0.05,evaluation,1014,10,0.02002630201708326
B,0.05,evaluation,1014,11,0.015362701889340826
B,0.05,evaluation,1014,12,0.03919545244818415
B,0.05,evaluation,1014,13,0.04172947694699626
B,0.05,evaluation,1014,14,0.02455849906006735
B,0.05,evaluation,1014,15,0.023430709135760563
B,0.05,evaluation,1014,16,0.0272575811410653
B,0.05,evaluation,1014,17,0.0182137067882627
B,0.05,evaluation,1014,18,0.019620154930591053
B,0.05,evaluation,1014,19,0.016413961505148105
B,0.05,evaluation,1014,20,0.06386266281230571
B,0.05,evaluation,1014,21,0.03800546309080194
B,0.05,evaluation,1014,22,0.03732571083209405
B,0.05,evaluation,1014,23,0.03745124108058813
B,0.05,evaluation,1014,24,0.03459943352623042
B,0.05,evaluation,1014,25,0.03510274347839345
B,0.05,evaluation,1014,26,0.03702550805866493
B,0.05,evaluation,1014,27,0.054620137781090955
B,0.05,evaluation,1014,28,0.04607684902065224
B,0.05,evaluation,1014,29,0.021926957636152718
B,0.05,evaluation,1014,30,0.025224326414315386
B,0.05,evaluation,1014,31,0.0287369333433583
B,0.05,evaluation,1014,32,0.022797853830223456
B,0.05,evaluation,1014,33,0.023162921509657576
B,0.05,evaluation,1014,34,0.0329898329513303
B,0.05,evaluation,1014,35,0.051185630607988544
B,0.05,evaluation,1014,36,0.02047034069954734
B,0.05,evaluation,1014,37,0.03235696750401649
B,0.05,evaluation,1014,38,0.03521113827623906
B,0.05,evaluation,1014,39,0.05355331325317153
B,0.05,evaluation,1014,40,0.022544438116974708
B,0.05,evaluation,1014,41,0.03516916091363514
B,0.05,evaluation,1014,42,0.03516916091363514
B,0.05,evaluation,1014,43,0.022400560089567784
B,0.05,evaluation,1014,44,0.02036380120730178
B,0.05,evaluation,1014,45,0.0285738740323766
B,0.05,evaluation,1014,46,0.026381529404011807
B,0.05,evaluation,1014,47,0.021316689038689683
B,0.05,evaluation,1014,48,0.04318583697091906
B,0.05,evaluation,1014,49,0.04564316732725616
B,0.05,evaluation,1014,50,0.02446818495899751
B,0.05,evaluation,1014,51,0.017513658395332872
B,0.05,evaluation,1014,52,0.025454211428141752
B,0.05,evaluation,1014,53,0.031116825167804285
B,0.05,evaluation,1014,54,0.029122939419450364
B,0.05,evaluation,1014,55,0.03487058200309359
B,0.05,evaluation,1014,56,0.02193786481547795
B,0.05,evaluation,1014,57,0.01951632898753409
B,0.05,evaluation,1014,58,0.032534215538939745
B,0.05,evaluation,1014,59,0.03446387262885458
B,0.05,evaluation,1014,60,0.019662002492263915
B,0.05,evaluation,1014,61,0.020111110588176287
B,0.05,evaluation,1014,62,0.02227539566889248
B,0.05,evaluation,1014,63,0.0278125497514419
B,0.05,evaluation,1014,64,0.03364522943730042
B,0.05,evaluation,1014,65,0.025877231460689848
B,0.05,evaluation,1014,66,0.045578709586395205
B,0.05,evaluation,1014,67,0.02624296438908541
B,0.05,evaluation,1014,68,0.0266689190291855
B,0.05,evaluation,1014,69,0.022221251315067997
B,0.05,evaluation,1014,70,0.018637857664539487
B,0.05,evaluation,1014,71,0.030375225273928618
B,0.05,evaluation,1014,72,0.016708417563345228
B,0.05,evaluation,1014,73,0.04582299180022502
B,0.05,evaluation,1014,74,0.04582299180022502
B,0.05,evaluation,1014,75,0.023201137828246343
B,0.05,evaluation,1014,76,0.021888227434343932
B,0.05,evaluation,1014,77,0.03543381632344919
B,0.05,evaluation,1014,78,0.026434667221287178
B,0.05,evaluation,1014,79,0.02053277049979541
B,0.05,evaluation,1014,80,0.03239015759434086
B,0.05,evaluation,1014,81,0.04162463773804573
B,0.05,evaluation,1014,82,0.04269080021472369
B,0.05,evaluation,1014,83,0.0318678648312024
B,0.05,evaluation,1014,84,0.04815248996210608
B,0.05,evaluation,1014,85,0.02189447496105625
B,0.05,evaluation,1014,86,0.03256828695969716
B,0.05,evaluation,1014,87,0.025586374682164542
B,0.05,evaluation,1014,88,0.03068199761031206
B,0.05,evaluation,1014,89,0.030887805781511332
B,0.05,evaluation,1014,90,0.0378029439068626
B,0.05,evaluation,1014,91,0.028658695191776332
B,0.05,evaluation,1014,92,0.023470842657708213
B,0.05,evaluation,1014,93,0.019855993295486943
B,0.05,evaluation,1014,94,0.04610493965232182
B,0.05,evaluation,1014,95,0.0372855328528712
B,0.05,evaluation,1014,96,0.029777561142514702
B,0.05,evaluation,1014,97,0.026246618250362057
B,0.05,evaluation,1014,98,0.028128085754167254
B,0.05,evaluation,1014,99,0.025572128635785424
B,0.05,evaluation,1014,100,0.01894964524647992
B,0.05,evaluation,1014,101,0.02749144556295141
B,0.05,evaluation,1014,102,0.024995700416685057
B,0.05,evaluation,1014,103,0.0260404019808613
B,0.05,evaluation,1014,104,0.02099203295984837
B,0.05,evaluation,1014,105,0.05189972514461458
B,0.05,evaluation,1014,106,0.05189972514461458
B,0.05,evaluation,1014,107,0.034633667486335146
B,0.05,evaluation,1014,108,0.019440071529193862
B,0.05,evaluation,1014,109,0.02131159681688362
B,0.05,evaluation,1014,110,0.05008217171657031
B,0.05,evaluation,1014,111,0.05410736287385798
B,0.05,evaluation,1014,112,0.0313235829853144
B,0.05,evaluation,1014,113,0.020270377239731907
B,0.05,evaluation,1014,114,0.029892277481157144
B,0.05,evaluation,1014,115,0.02049091047932019
B,0.05,evaluation,1014,116,0.03537578879357956
B,0.05,evaluation,1014,117,0.031775119411714514
B,0.05,evaluation,1014,118,0.03872308338776573
B,0.05,evaluation,1014,119,0.027248453744159587
B,0.05,evaluation,1014,120,0.026264581276884805
B,0.05,evaluation,1014,121,0.022775677127064707
B,0.05,evaluation,1014,122,0.02594326865657632
B,0.05,evaluation,1014,123,0.021108210025892235
B,0.05,evaluation,1014,124,0.01860361535891998
B,0.05,evaluation,1014,125,0.04187243124692505
B,0.05,evaluation,1014,126,0.035088165965322236
B,0.05,evaluation,1014,127,0.028740046760891758
B,0.05,evaluation,1015,0,0.025634866366602727
B,0.05,evaluation,1015,1,0.03789715028239779
B,0.05,evaluation,1015,2,0.04057853982386017
B,0.05,evaluation,1015,3,0.04198345372359494
B,0.05,evaluation,1015,4,0.019008904938258672
B,0.05,evaluation,1015,5,0.020663046316656344
B,0.05,evaluation,1015,6,0.02187235315082031
B,0.05,evaluation,1015,7,0.023714176897787473
B,0.05,evaluation,1015,8,0.03957569287672094
B,0.05,evaluation,1015,9,0.042423993759946904
B,0.05,evaluation,1015,10,0.04163517984880985
B,0.05,evaluation,1015,11,0.048197765974208384
B,0.05,evaluation,1015,12,0.034594832487539424
B,0.05,evaluation,1015,13,0.028802067968056254
B,0.05,evaluation,1015,14,0.029549413879421976
B,0.05,evaluation,1015,15,0.04641158192989195
B,0.05,evaluation,1015,16,0.06984677242349349
B,0.05,evaluation,1015,17,0.01534937662348271
B,0.05,evaluation,1015,18,0.03911883512756939
B,0.05,evaluation,1015,19,0.030778731065205706
B,0.05,evaluation,1015,20,0.03550402210041853
B,0.05,evaluation,1015,21,0.03625746328168669
B,0.05,evaluation,1015,22,0.02758066197579371
B,0.05,evaluation,1015,23,0.02660431584395193
B,0.05,evaluation,1015,24,0.020907430786045067
B,0.05,evaluation,1015,25,0.029386173413862682
B,0.05,evaluation,1015,26,0.03374599660310054
B,0.05,evaluation,1015,27,0.022087128492978184
B,0.05,evaluation,1015,28,0.022747913543501364
B,0.05,evaluation,1015,29,0.0462007945553448
B,0.05,evaluation,1015,30,0.03969300031580977
B,0.05,evaluation,1015,31,0.030365281878765638
B,0.05,evaluation,1015,32,0.018452183071492285
B,0.05,evaluation,1015,33,0.034444584765367416
B,0.05,evaluation,1015,34,0.034444584765367416
B,0.05,evaluation,1015,35,0.04048291369784436
B,0.05,evaluation,1015,36,0.02368948460874183
B,0.05,evaluation,1015,37,0.022458739601971783
B,0.05,evaluation,1015,38,0.020367597947560653
B,0.05,evaluation,1015,39,0.04935714276786929
B,0.05,evaluation,1015,40,0.032976747018065036
B,0.05,evaluation,1015,41,0.02315077893847068
B,0.05,evaluation,1015,42,0.02315077893847068
B,0.05,evaluation,1015,43,0.02251120203529748
B,0.05,evaluation,1015,44,0.02251120203529748
B,0.05,evaluation,1015,45,0.03563168454874538
B,0.05,evaluation,1015,46,0.030769048011147618
B,0.05,evaluation,1015,47,0.02559003168196672
B,0.05,evaluation,1015,48,0.06964693025055904
B,0.05,evaluation,1015,49,0.05316767684935267
B,0.05,evaluation,1015,50,0.025034064223076025
B,0.05,evaluation,1015,51,0.044140888301117856
B,0.05,evaluation,1015,52,0.038360502541794766
B,0.05,evaluation,1015,53,0.03361238636834202
B,0.05,evaluation,1015,54,0.033079624759901366
B,0.05,evaluation,1015,55,0.02919106940288343
B,0.05,evaluation,1015,56,0.028252399523839344
B,0.05,evaluation,1015,57,0.022058005338835996
B,0.05,evaluation,1015,58,0.0350013759403503
B,0.05,evaluation,1015,59,0.03640394928943376
B,0.05,evaluation,1015,60,0.02382063129008785
B,0.05,evaluation,1015,61,0.01877771743184415
B,0.05,evaluation,1015,62,0.03194039786305239
B,0.05,evaluation,1015,63,0.023614449466482237
B,0.05,evaluation,1015,64,0.02242600194161722
B,0.05,evaluation,1015,65,0.0246387808156162
B,0.05,evaluation,1015,66,0.019681946148862997
B,0.05,evaluation,1015,67,0.030988291818940236
B,0.05,evaluation,1015,68,0.041765242986921865
B,0.05,evaluation,1015,69,0.03863987921533729
B,0.05,evaluation,1015,70,0.03259441519224131
B,0.05,evaluation,1015,71,0.02740614593584164
B,0.05,evaluation,1015,72,0.026730867823107574
B,0.05,evaluation,1015,73,0.03294514946261684
B,0.05,evaluation,1015,74,0.027456376274869562
B,0.05,evaluation,1015,75,0.035892575357445944
B,0.05,evaluation,1015,76,0.0401459876995012
B,0.05,evaluation,1015,77,0.03343213214151512
B,0.05,evaluation,1015,78,0.035875417730375
B,0.05,evaluation,1015,79,0.038851567428212774
B,0.05,evaluation,1015,80,0.025585748334151077
B,0.05,evaluation,1015,81,0.05610036493420193
B,0.05,evaluation,1015,82,0.05610036493420193
B,0.05,evaluation,1015,83,0.03247446898460344
B,0.05,evaluation,1015,84,0.02602666053455667
B,0.05,evaluation,1015,85,0.05385435381050818
B,0.05,evaluation,1015,86,0.028090143112749627
B,0.05,evaluation,1015,87,0.04772451814445719
B,0.05,evaluation,1015,88,0.020739140771758188
B,0.05,evaluation,1015,89,0.03511967023312415
B,0.05,evaluation,1015,90,0.031559816232712694
B,0.05,evaluation,1015,91,0.02186356201336214
B,0.05,evaluation,1015,92,0.026310642649281374
B,0.05,evaluation,1015,93,0.018415033489725924
B,0.05,evaluation,1015,94,0.022498031398836927
B,0.05,evaluation,1015,95,0.025348052691475068
B,0.05,evaluation,1015,96,0.03251301919188922
B,0.05,evaluation,1015,97,0.03136884305987081
B,0.05,evaluation,1015,98,0.026878558984327682
B,0.05,evaluation,1015,99,0.03468881085257701
B,0.05,evaluation,1015,100,0.02990455515863552
B,0.05,evaluation,1015,101,0.02594764600769754
B,0.05,evaluation,1015,102,0.030635090065709802
B,0.05,evaluation,1015,103,0.022869271224482107
B,0.05,evaluation,1015,104,0.026718241307487234
B,0.05,evaluation,1015,105,0.020443867218538372
B,0.05,evaluation,1015,106,0.019073631222073895
B,0.05,evaluation,1015,107,0.03744341426065606
B,0.05,evaluation,1015,108,0.02681666703512617
B,0.05,evaluation,1015,109,0.03369771920360054
B,0.05,evaluation,1015,110,0.04128397885064408
B,0.05,evaluation,1015,111,0.03456781586575436
B,0.05,evaluation,1015,112,0.03630980608797567
B,0.05,evaluation,1015,113,0.019583782804568906
B,0.05,evaluation,1015,114,0.044733536206458785
B,0.05,evaluation,1015,115,0.021970345352935964
B,0.05,evaluation,1015,116,0.02929924759843519
B,0.05,evaluation,1015,117,0.02198851789094694
B,0.05,evaluation,1015,118,0.04791877078079182
B,0.05,evaluation,1015,119,0.057031367749717427
B,0.05,evaluation,1015,120,0.04053511491123604
B,0.05,evaluation,1015,121,0.042825315560960225
B,0.05,evaluation,1015,122,0.026508703657837834
B,0.05,evaluation,1015,123,0.024080356932530744
B,0.05,evaluation,1015,124,0.01972093466707422
B,0.05,evaluation,1015,125,0.035133542341015386
B,0.05,evaluation,1015,126,0.06152366162503528
B,0.05,evaluation,1015,127,0.046654001489233765
B,0.05,evaluation,1016,0,0.021400656962938996
B,0.05,evaluation,1016,1,0.019976034659514
B,0.05,evaluation,1016,2,0.020421369687997185
B,0.05,evaluation,1016,3,0.07986647604898725
B,0.05,evaluation,1016,4,0.07519806706925196
B,0.05,evaluation,1016,5,0.024307858110908548
B,0.05,evaluation,1016,6,0.03300928507347811
B,0.05,evaluation,1016,7,0.0371935860344508
B,0.05,evaluation,1016,8,0.05642040311652852
B,0.05,evaluation,1016,9,0.045816012929531885
B,0.05,evaluation,1016,10,0.03314087731146134
B,0.05,evaluation,1016,11,0.020604286844043487
B,0.05,evaluation,1016,12,0.02159366328075052
B,0.05,evaluation,1016,13,0.03098843749777823
B,0.05,evaluation,1016,14,0.025951998181014714
B,0.05,evaluation,1016,15,0.019322463003507394
B,0.05,evaluation,1016,16,0.024801557069414386
B,0.05,evaluation,1016,17,0.024527455144003597
B,0.05,evaluation,1016,18,0.021458997020637367
B,0.05,evaluation,1016,19,0.033235430127718624
B,0.05,evaluation,1016,20,0.029175976009512147
B,0.05,evaluation,1016,21,0.03249396926958509
B,0.05,evaluation,1016,22,0.04119285442471618
B,0.05,evaluation,1016,23,0.04036547289918298
B,0.05,evaluation,1016,24,0.031948766940526355
B,0.05,evaluation,1016,25,0.04403378207218009
B,0.05,evaluation,1016,26,0.04337471576432991
B,0.05,evaluation,1016,27,0.03042403749716141
B,0.05,evaluation,1016,28,0.039399096776018896
B,0.05,evaluation,1016,29,0.025606482864270894
B,0.05,evaluation,1016,30,0.03137090709680229
B,0.05,evaluation,1016,31,0.024508563982807693
B,0.05,evaluation,1016,32,0.02805810217034418
B,0.05,evaluation,1016,33,0.07305118053597837
B,0.05,evaluation,1016,34,0.07328158254224534
B,0.05,evaluation,1016,35,0.028284238361419176
B,0.05,evaluation,1016,36,0.017011108806691877
B,0.05,evaluation,1016,37,0.04442379760095056
B,0.05,evaluation,1016,38,0.04442379760095056
B,0.05,evaluation,1016,39,0.03210286249011149
B,0.05,evaluation,1016,40,0.03216607179986686
B,0.05,evaluation,1016,41,0.02178648081086748
B,0.05,evaluation,1016,42,0.025154233384514644
B,0.05,evaluation,1016,43,0.030748581670908826
B,0.05,evaluation,1016,44,0.061244506627282896
B,0.05,evaluation,1016,45,0.03179953664597812
B,0.05,evaluation,1016,46,0.04418774770635267
B,0.05,evaluation,1016,47,0.04427775014276268
B,0.05,evaluation,1016,48,0.01955075187602314
B,0.05,evaluation,1016,49,0.03912160167576634
B,0.05,evaluation,1016,50,0.027505219642875944
B,0.05,evaluation,1016,51,0.0455630316730173
B,0.05,evaluation,1016,52,0.02927343468216173
B,0.05,evaluation,1016,53,0.03235423425375378
B,0.05,evaluation,1016,54,0.023398362054577612
B,0.05,evaluation,1016,55,0.023497527818471267
B,0.05,evaluation,1016,56,0.029013551634058207
B,0.05,evaluation,1016,57,0.03353698881184436
B,0.05,evaluation,1016,58,0.04902478767235151
B,0.05,evaluation,1016,59,0.06273163772922075
B,0.05,evaluation,1016,60,0.07635301003831338
B,0.05,evaluation,1016,61,0.016615296319298978
B,0.05,evaluation,1016,62,0.024787127486858684
B,0.05,evaluation,1016,63,0.04702324459373819
B,0.05,evaluation,1016,64,0.022893316173789008
B,0.05,evaluation,1016,65,0.03375375232823993
B,0.05,evaluation,1016,66,0.056967888858325655
B,0.05,evaluation,1016,67,0.02478858927064688
B,0.05,evaluation,1016,68,0.028058353548630385
B,0.05,evaluation,1016,69,0.036813307403017824
B,0.05,evaluation,1016,70,0.023922433682013078
B,0.05,evaluation,1016,71,0.020953304794680327
B,0.05,evaluation,1016,72,0.018296288883172612
B,0.05,evaluation,1016,73,0.028495464201443138
B,0.05,evaluation,1016,74,0.021488364138172143
B,0.05,evaluation,1016,75,0.018533078960198762
B,0.05,evaluation,1016,76,0.027757394240026156
B,0.05,evaluation,1016,77,0.034161446812822474
B,0.05,evaluation,1016,78,0.03908563479681877
B,0.05,evaluation,1016,79,0.027092617864080595
B,0.05,evaluation,1016,80,0.035116010095142605
B,0.05,evaluation,1016,81,0.048568369740491196
B,0.05,evaluation,1016,82,0.0490272626220431
B,0.05,evaluation,1016,83,0.03405831014767979
B,0.05,evaluation,1016,84,0.04858852837290695
B,0.05,evaluation,1016,85,0.03772339837046439
B,0.05,evaluation,1016,86,0.02078556310187918
B,0.05,evaluation,1016,87,0.026279262818800553
B,0.05,evaluation,1016,88,0.03909586987386625
B,0.05,evaluation,1016,89,0.040587003709028686
B,0.05,evaluation,1016,90,0.017444033568946807
B,0.05,evaluation,1016,91,0.020772600161647753
B,0.05,evaluation,1016,92,0.04504853016935967
B,0.05,evaluation,1016,93,0.04504853016935967
B,0.05,evaluation,1016,94,0.022770219963219818
B,0.05,evaluation,1016,95,0.026957715987876756
B,0.05,evaluation,1016,96,0.027766176452087593
B,0.05,evaluation,1016,97,0.015643565548355436
B,0.05,evaluation,1016,98,0.021655519501259567
B,0.05,evaluation,1016,99,0.027373420855332314
B,0.05,evaluation,1016,100,0.022975878556616668
B,0.05,evaluation,1016,101,0.029493588588120623
B,0.05,evaluation,1016,102,0.03762363260328758
B,0.05,evaluation,1016,103,0.027342977795452583
B,0.05,evaluation,1016,104,0.023429634861863086
B,0.05,evaluation,1016,105,0.03550014077919117
B,0.05,evaluation,1016,106,0.02825679483095643
B,0.05,evaluation,1016,107,0.03659302598417982
B,0.05,evaluation,1016,108,0.0271108155055689
B,0.05,evaluation,1016,109,0.02585460336490516
B,0.05,evaluation,1016,110,0.027665700964965984
B,0.05,evaluation,1016,111,0.05154760708078854
B,0.05,evaluation,1016,112,0.032808934914759696
B,0.05,evaluation,1016,113,0.051493996985317134
B,0.05,evaluation,1016,114,0.04017228645472799
B,0.05,evaluation,1016,115,0.032311196207490844
B,0.05,evaluation,1016,116,0.026027281253539244
B,0.05,evaluation,1016,117,0.02198188173836249
B,0.05,evaluation,1016,118,0.02710320118933024
B,0.05,evaluation,1016,119,0.0333630790420395
B,0.05,evaluation,1016,120,0.034647843823893715
B,0.05,evaluation,1016,121,0.038449848729609354
B,0.05,evaluation,1016,122,0.021971119573130526
B,0.05,evaluation,1016,123,0.03976514715726452
B,0.05,evaluation,1016,124,0.03976514715726452
B,0.05,evaluation,1016,125,0.030041988704641177
B,0.05,evaluation,1016,126,0.03508102411434
B,0.05,evaluation,1016,127,0.03324555705031078
B,0.05,evaluation,1017,0,0.02247490531099408
B,0.05,evaluation,1017,1,0.03039637908887652
B,0.05,evaluation,1017,2,0.026122091044918028
B,0.05,evaluation,1017,3,0.01925412500588939
B,0.05,evaluation,1017,4,0.019544110972939066
B,0.05,evaluation,1017,5,0.02425812188347362
B,0.05,evaluation,1017,6,0.026185410659097033
B,0.05,evaluation,1017,7,0.026859648629901933
B,0.05,evaluation,1017,8,0.02893381667557572
B,0.05,evaluation,1017,9,0.02448635246983953
B,0.05,evaluation,1017,10,0.023887249190759782
B,0.05,evaluation,1017,11,0.08500120460566082
B,0.05,evaluation,1017,12,0.12553605227891626
B,0.05,evaluation,1017,13,0.01972606166975928
B,0.05,evaluation,1017,14,0.01939765050880886
B,0.05,evaluation,1017,15,0.05433068259915988
B,0.05,evaluation,1017,16,0.051372306925426964
B,0.05,evaluation,1017,17,0.053977631678432475
B,0.05,evaluation,1017,18,0.045020432998706256
B,0.05,evaluation,1017,19,0.01965828792616854
B,0.05,evaluation,1017,20,0.025092838222447997
B,0.05,evaluation,1017,21,0.044664612059925696
B,0.05,evaluation,1017,22,0.04321019671743695
B,0.05,evaluation,1017,23,0.04720966639465771
B,0.05,evaluation,1017,24,0.035715607696932106
B,0.05,evaluation,1017,25,0.019887440376333592
B,0.05,evaluation,1017,26,0.040517283032169504
B,0.05,evaluation,1017,27,0.03305250124392663
B,0.05,evaluation,1017,28,0.03239080271425117
B,0.05,evaluation,1017,29,0.04228034209294759
B,0.05,evaluation,1017,30,0.03557847408705725
B,0.05,evaluation,1017,31,0.03790656193462277
B,0.05,evaluation,1017,32,0.050590217453916494
B,0.05,evaluation,1017,33,0.04979867391808533
B,0.05,evaluation,1017,34,0.03819218957523025
B,0.05,evaluation,1017,35,0.04945875769367315
B,0.05,evaluation,1017,36,0.0490387671673036
B,0.05,evaluation,1017,37,0.050094582224667436
B,0.05,evaluation,1017,38,0.04859571934651169
B,0.05,evaluation,1017,39,0.037514472488928224
B,0.05,evaluation,1017,40,0.020339305873503744
B,0.05,evaluation,1017,41,0.04223260384920985
B,0.05,evaluation,1017,42,0.048438069343412354
B,0.05,evaluation,1017,43,0.031848567942223405
B,0.05,evaluation,1017,44,0.017873488568933733
B,0.05,evaluation,1017,45,0.03330136686697183
B,0.05,evaluation,1017,46,0.04355114277950187
B,0.05,evaluation,1017,47,0.018478027525439145
B,0.05,evaluation,1017,48,0.03805117864618342
B,0.05,evaluation,1017,49,0.030480251817473193
B,0.05,evaluation,1017,50,0.026292480564745507
B,0.05,evaluation,1017,51,0.02340934779180279
B,0.05,evaluation,1017,52,0.08064045420519333
B,0.05,evaluation,1017,53,0.060623356156320723
B,0.05,evaluation,1017,54,0.01801666615382974
B,0.05,evaluation,1017,55,0.052438031889321474
B,0.05,evaluation,1017,56,0.05083601072903887
B,0.05,evaluation,1017,57,0.02175417290685712
B,0.05,evaluation,1017,58,0.034640384726026284
B,0.05,evaluation,1017,59,0.04003152714043684
B,0.05,evaluation,1017,60,0.02772294306021761
B,0.05,evaluation,1017,61,0.021513925608880227
B,0.05,evaluation,1017,62,0.05269802210679089
B,0.05,evaluation,1017,63,0.0417455673523604
B,0.05,evaluation,1017,64,0.028478949258975206
B,0.05,evaluation,1017,65,0.03943072759769334
B,0.05,evaluation,1017,66,0.07186447146105845
B,0.05,evaluation,1017,67,0.02810669979807493
B,0.05,evaluation,1017,68,0.024887318143649154
B,0.05,evaluation,1017,69,0.025680622492075422
B,0.05,evaluation,1017,70,0.030485304437884303
B,0.05,evaluation,1017,71,0.0321195688384739
B,0.05,evaluation,1017,72,0.04722959379118341
B,0.05,evaluation,1017,73,0.0490611781650126
B,0.05,evaluation,1017,74,0.031209729878754727
B,0.05,evaluation,1017,75,0.03292158808050974
B,0.05,evaluation,1017,76,0.04285752720823721
B,0.05,evaluation,1017,77,0.03600373705827827
B,0.05,evaluation,1017,78,0.023644918823736982
B,0.05,evaluation,1017,79,0.026050057294388827
B,0.05,evaluation,1017,80,0.018725156616380967
B,0.05,evaluation,1017,81,0.0260727911627108
B,0.05,evaluation,1017,82,0.048647322959675776
B,0.05,evaluation,1017,83,0.05801172543863761
B,0.05,evaluation,1017,84,0.01951451538294193
B,0.05,evaluation,1017,85,0.03131299700424789
B,0.05,evaluation,1017,86,0.04316247229710901
B,0.05,evaluation,1017,87,0.02388265799040548
B,0.05,evaluation,1017,88,0.025380685041362892
B,0.05,evaluation,1017,89,0.031144010511551995
B,0.05,evaluation,1017,90,0.029128071372418823
B,0.05,evaluation,1017,91,0.02859007428530512
B,0.05,evaluation,1017,92,0.02194997744819384
B,0.05,evaluation,1017,93,0.03306918214479869
B,0.05,evaluation,1017,94,0.055738165423375424
B,0.05,evaluation,1017,95,0.02103680990992339
B,0.05,evaluation,1017,96,0.03255134978946165
B,0.05,evaluation,1017,97,0.02726123007904431
B,0.05,evaluation,1017,98,0.04652510476626717
B,0.05,evaluation,1017,99,0.052295417399174995
B,0.05,evaluation,1017,100,0.015952730637356943
B,0.05,evaluation,1017,101,0.024959056555294595
B,0.05,evaluation,1017,102,0.022772324624340458
B,0.05,evaluation,1017,103,0.0375781120686528
B,0.05,evaluation,1017,104,0.044656391365493375
B,0.05,evaluation,1017,105,0.030223796446148796
B,0.05,evaluation,1017,106,0.026486460243468346
B,0.05,evaluation,1017,107,0.019002434230164067
B,0.05,evaluation,1017,108,0.01886255485065387
B,0.05,evaluation,1017,109,0.02617521446039597
B,0.05,evaluation,1017,110,0.02570241110873281
B,0.05,evaluation,1017,111,0.03824794504663662
B,0.05,evaluation,1017,112,0.04642023625700126
B,0.05,evaluation,1017,113,0.08769182357846914
B,0.05,evaluation,1017,114,0.07303155390063842
B,0.05,evaluation,1017,115,0.024969331799589697
B,0.05,evaluation,1017,116,0.024413525023504967
B,0.05,evaluation,1017,117,0.028549073439386202
B,0.05,evaluation,1017,118,0.025833480904007618
B,0.05,evaluation,1017,119,0.025622268243861462
B,0.05,evaluation,1017,120,0.029330768766210255
B,0.05,evaluation,1017,121,0.029766289096104976
B,0.05,evaluation,1017,122,0.031720577286622045
B,0.05,evaluation,1017,123,0.034060467983208734
B,0.05,evaluation,1017,124,0.029720695565300465
B,0.05,evaluation,1017,125,0.02542171509280405
B,0.05,evaluation,1017,126,0.020754410746878955
B,0.05,evaluation,1017,127,0.03932892445241171
B,0.05,evaluation,1018,0,0.028142940262281646
B,0.05,evaluation,1018,1,0.0164330780980432
B,0.05,evaluation,1018,2,0.02724877003468043
B,0.05,evaluation,1018,3,0.02879254600317381
B,0.05,evaluation,1018,4,0.031589003009233764
B,0.05,evaluation,1018,5,0.02380697963702999
B,0.05,evaluation,1018,6,0.01739424643347494
B,0.05,evaluation,1018,7,0.04167032948022989
B,0.05,evaluation,1018,8,0.0320428453386652
B,0.05,evaluation,1018,9,0.02102575470261902
B,0.05,evaluation,1018,10,0.02500922702681973
B,0.05,evaluation,1018,11,0.02156292997627901
B,0.05,evaluation,1018,12,0.02688100270710511
B,0.05,evaluation,1018,13,0.024776884645133695
B,0.05,evaluation,1018,14,0.01896067842929417
B,0.05,evaluation,1018,15,0.016162683210742462
B,0.05,evaluation,1018,16,0.02791383454152968
B,0.05,evaluation,1018,17,0.03101093692825669
B,0.05,evaluation,1018,18,0.03452300661632915
B,0.05,evaluation,1018,19,0.032148544839011174
B,0.05,evaluation,1018,20,0.041228009122215165
B,0.05,evaluation,1018,21,0.031193969967642232
B,0.05,evaluation,1018,22,0.024146074291167472
B,0.05,evaluation,1018,23,0.033905508752243324
B,0.05,evaluation,1018,24,0.023892109769821646
B,0.05,evaluation,1018,25,0.01979526411835178
B,0.05,evaluation,1018,26,0.018563120789683224
B,0.05,evaluation,1018,27,0.038189862464716035
B,0.05,evaluation,1018,28,0.027097478139724906
B,0.05,evaluation,1018,29,0.026698474766200686
B,0.05,evaluation,1018,30,0.03427466990697848
B,0.05,evaluation,1018,31,0.03706452789175636
B,0.05,evaluation,1018,32,0.027526783019274914
B,0.05,evaluation,1018,33,0.026380911060252872
B,0.05,evaluation,1018,34,0.08067678767505271
B,0.05,evaluation,1018,35,0.1049977371368715
B,0.05,evaluation,1018,36,0.10457821159843483
B,0.05,evaluation,1018,37,0.08449348690061098
B,0.05,evaluation,1018,38,0.06462483109658909
B,0.05,evaluation,1018,39,0.04118515920713023
B,0.05,evaluation,1018,40,0.07006064803094025
B,0.05,evaluation,1018,41,0.054134949509998295
B,0.05,evaluation,1018,42,0.02884163911132838
B,0.05,evaluation,1018,43,0.05527202636392606
B,0.05,evaluation,1018,44,0.03212649146670807
B,0.05,evaluation,1018,45,0.01775213422081956
B,0.05,evaluation,1018,46,0.023362882333347115
B,0.05,evaluation,1018,47,0.033288090297697165
B,0.05,evaluation,1018,48,0.036928395263522644
B,0.05,evaluation,1018,49,0.04612470236509092
B,0.05,evaluation,1018,50,0.05806738715928805
B,0.05,evaluation,1018,51,0.024949739197089614
B,0.05,evaluation,1018,52,0.027937681866671202
B,0.05,evaluation,1018,53,0.03871160470385557
B,0.05,evaluation,1018,54,0.027423661534530852
B,0.05,evaluation,1018,55,0.02073899359226691
B,0.05,evaluation,1018,56,0.0153829714764626
B,0.05,evaluation,1018,57,0.06333876973407154
B,0.05,evaluation,1018,58,0.045415481410834374
B,0.05,evaluation,1018,59,0.028028201986219303
B,0.05,evaluation,1018,60,0.028341753737915126
B,0.05,evaluation,1018,61,0.027282727100296354
B,0.05,evaluation,1018,62,0.02877743612183245
B,0.05,evaluation,1018,63,0.02614167401427804
B,0.05,evaluation,1018,64,0.024804200120911113
B,0.05,evaluation,1018,65,0.023032467152299525
B,0.05,evaluation,1018,66,0.020326752972280128
B,0.05,evaluation,1018,67,0.027534690101825007
B,0.05,evaluation,1018,68,0.05088442912133778
B,0.05,evaluation,1018,69,0.02862228994038646
B,0.05,evaluation,1018,70,0.029700587270018616
B,0.05,evaluation,1018,71,0.03126668010490075
B,0.05,evaluation,1018,72,0.029458191444248216
B,0.05,evaluation,1018,73,0.05892544839527078
B,0.05,evaluation,1018,74,0.04090707630301341
B,0.05,evaluation,1018,75,0.03000096507580681
B,0.05,evaluation,1018,76,0.015949572951718713
B,0.05,evaluation,1018,77,0.021287827003365654
B,0.05,evaluation,1018,78,0.023490439894639826
B,0.05,evaluation,1018,79,0.021722223638041625
B,0.05,evaluation,1018,80,0.024291828447763914
B,0.05,evaluation,1018,81,0.015658227803514516
B,0.05,evaluation,1018,82,0.024200967180093763
B,0.05,evaluation,1018,83,0.03554837151535766
B,0.05,evaluation,1018,84,0.04505406723676675
B,0.05,evaluation,1018,85,0.021577533754576356
B,0.05,evaluation,1018,86,0.031154783126163876
B,0.05,evaluation,1018,87,0.02991587586805905
B,0.05,evaluation,1018,88,0.02408310501400884
B,0.05,evaluation,1018,89,0.03135174048467998
B,0.05,evaluation,1018,90,0.021236967680155663
B,0.05,evaluation,1018,91,0.02455454065651086
B,0.05,evaluation,1018,92,0.03073542820296593
B,0.05,evaluation,1018,93,0.022265316504031872
B,0.05,evaluation,1018,94,0.03941103932704207
B,0.05,evaluation,1018,95,0.026228983147862497
B,0.05,evaluation,1018,96,0.06187179623704958
B,0.05,evaluation,1018,97,0.037377537606693934
B,0.05,evaluation,1018,98,0.02397995507762779
B,0.05,evaluation,1018,99,0.02574433516033095
B,0.05,evaluation,1018,100,0.03583823996413976
B,0.05,evaluation,1018,101,0.04011844641868645
B,0.05,evaluation,1018,102,0.02252195812380295
B,0.05,evaluation,1018,103,0.023229041271728784
B,0.05,evaluation,1018,104,0.024772186751846947
B,0.05,evaluation,1018,105,0.03620068700799947
B,0.05,evaluation,1018,106,0.020391062223226494
B,0.05,evaluation,1018,107,0.03222241766039044
B,0.05,evaluation,1018,108,0.03589290493666754
B,0.05,evaluation,1018,109,0.019775654331240514
B,0.05,evaluation,1018,110,0.04127740573033953
B,0.05,evaluation,1018,111,0.02858535091542446
B,0.05,evaluation,1018,112,0.02680634256382941
B,0.05,evaluation,1018,113,0.026756119705879766
B,0.05,evaluation,1018,114,0.03384696659803252
B,0.05,evaluation,1018,115,0.016604814376636093
B,0.05,evaluation,1018,116,0.020501494158597967
B,0.05,evaluation,1018,117,0.02409352966293649
B,0.05,evaluation,1018,118,0.019243792777982147
B,0.05,evaluation,1018,119,0.029856724597442777
B,0.05,evaluation,1018,120,0.021904062820339257
B,0.05,evaluation,1018,121,0.02715577286851692
B,0.05,evaluation,1018,122,0.0284722204573497
B,0.05,evaluation,1018,123,0.03224581583253003
B,0.05,evaluation,1018,124,0.021914534043142798
B,0.05,evaluation,1018,125,0.02052672366894791
B,0.05,evaluation,1018,126,0.03363211332882006
B,0.05,evaluation,1018,127,0.027831360639406874
B,0.05,evaluation,1019,0,0.02420077589387634
B,0.05,evaluation,1019,1,0.02077565550487076
B,0.05,evaluation,1019,2,0.017929957655449885
B,0.05,evaluation,1019,3,0.034749646473157925
B,0.05,evaluation,1019,4,0.03917351273251275
B,0.05,evaluation,1019,5,0.02591191901985332
B,0.05,evaluation,1019,6,0.032854439070796326
B,0.05,evaluation,1019,7,0.03336805498589937
B,0.05,evaluation,1019,8,0.023655184405305712
B,0.05,evaluation,1019,9,0.025330505041270227
B,0.05,evaluation,1019,10,0.05024665557791356
B,0.05,evaluation,1019,11,0.05024665557791356
B,0.05,evaluation,1019,12,0.03565401286743858
B,0.05,evaluation,1019,13,0.024385546091128127
B,0.05,evaluation,1019,14,0.02891092873272884
B,0.05,evaluation,1019,15,0.021644231242242434
B,0.05,evaluation,1019,16,0.018987727178682884
B,0.05,evaluation,1019,17,0.0630642577644378
B,0.05,evaluation,1019,18,0.04632910565203113
B,0.05,evaluation,1019,19,0.029024004785778178
B,0.05,evaluation,1019,20,0.04175880931121728
B,0.05,evaluation,1019,21,0.027466390322566064
B,0.05,evaluation,1019,22,0.01783405197010117
B,0.05,evaluation,1019,23,0.03339188892559601
B,0.05,evaluation,1019,24,0.03809997883501061
B,0.05,evaluation,1019,25,0.04616381576508438
B,0.05,evaluation,1019,26,0.021803141060709123
B,0.05,evaluation,1019,27,0.039587749628930774
B,0.05,evaluation,1019,28,0.028134759667343884
B,0.05,evaluation,1019,29,0.0270165203466236
B,0.05,evaluation,1019,30,0.028701383143283465
B,0.05,evaluation,1019,31,0.0271173245582966
B,0.05,evaluation,1019,32,0.03135825865331434
B,0.05,evaluation,1019,33,0.02853764459792143
B,0.05,evaluation,1019,34,0.022620239857276188
B,0.05,evaluation,1019,35,0.02197627921719473
B,0.05,evaluation,1019,36,0.024667720201237447
B,0.05,evaluation,1019,37,0.021889317585485922
B,0.05,evaluation,1019,38,0.022690937923136506
B,0.05,evaluation,1019,39,0.023707834093269712
B,0.05,evaluation,1019,40,0.027445570779907478
B,0.05,evaluation,1019,41,0.032125922886989164
B,0.05,evaluation,1019,42,0.022293974971988255
B,0.05,evaluation,1019,43,0.03939224067531527
B,0.05,evaluation,1019,44,0.022594816631666348
B,0.05,evaluation,1019,45,0.029216877997825696
B,0.05,evaluation,1019,46,0.026823936173713564
B,0.05,evaluation,1019,47,0.023006963205697895
B,0.05,evaluation,1019,48,0.018576146452110143
B,0.05,evaluation,1019,49,0.0492981351207397
B,0.05,evaluation,1019,50,0.03741424220898487
B,0.05,evaluation,1019,51,0.024843762259947624
B,0.05,evaluation,1019,52,0.020757672293902102
B,0.05,evaluation,1019,53,0.038817437098681545
B,0.05,evaluation,1019,54,0.02762140883027972
B,0.05,evaluation,1019,55,0.05488761558135202
B,0.05,evaluation,1019,56,0.05166755785205224
B,0.05,evaluation,1019,57,0.019504250753740168
B,0.05,evaluation,1019,58,0.022908577306993784
B,0.05,evaluation,1019,59,0.01567697328871779
B,0.05,evaluation,1019,60,0.018346596089714288
B,0.05,evaluation,1019,61,0.03837240433097404
B,0.05,evaluation,1019,62,0.04775349872390522
B,0.05,evaluation,1019,63,0.023920776337291255
B,0.05,evaluation,1019,64,0.02966112291040371
B,0.05,evaluation,1019,65,0.026037901014363665
B,0.05,evaluation,1019,66,0.027026225338628362
B,0.05,evaluation,1019,67,0.026825597445872332
B,0.05,evaluation,1019,68,0.054437836011657414
B,0.05,evaluation,1019,69,0.04196976222540327
B,0.05,evaluation,1019,70,0.035881999672439796
B,0.05,evaluation,1019,71,0.06015141923500267
B,0.05,evaluation,1019,72,0.03728010488065196
B,0.05,evaluation,1019,73,0.03728010488065196
B,0.05,evaluation,1019,74,0.021258477066891445
B,0.05,evaluation,1019,75,0.023105248446712384
B,0.05,evaluation,1019,76,0.031934181960595165
B,0.05,evaluation,1019,77,0.030805060337473544
B,0.05,evaluation,1019,78,0.019353394191707507
B,0.05,evaluation,1019,79,0.04345268367737454
B,0.05,evaluation,1019,80,0.023557786221624633
B,0.05,evaluation,1019,81,0.026227306842889292
B,0.05,evaluation,1019,82,0.04787213311766417
B,0.05,evaluation,1019,83,0.039424043193456645
B,0.05,evaluation,1019,84,0.01566737265865829
B,0.05,evaluation,1019,85,0.01838943938983545
B,0.05,evaluation,1019,86,0.01783902940586357
B,0.05,evaluation,1019,87,0.02067752051648101
B,0.05,evaluation,1019,88,0.0235049142372305
B,0.05,evaluation,1019,89,0.03451225571232196
B,0.05,evaluation,1019,90,0.03756149794308177
B,0.05,evaluation,1019,91,0.022679609680171284
B,0.05,evaluation,1019,92,0.020659776717274668
B,0.05,evaluation,1019,93,0.020858196248582414
B,0.05,evaluation,1019,94,0.0262042653763363
B,0.05,evaluation,1019,95,0.01797146678805478
B,0.05,evaluation,1019,96,0.020978208649740857
B,0.05,evaluation,1019,97,0.03415916356050416
B,0.05,evaluation,1019,98,0.03628094593264683
B,0.05,evaluation,1019,99,0.03186168780776652
B,0.05,evaluation,1019,100,0.029713249818080503
B,0.05,evaluation,1019,101,0.022157593673101626
B,0.05,evaluation,1019,102,0.01990362721089758
B,0.05,evaluation,1019,103,0.04301375743228861
B,0.05,evaluation,1019,104,0.024123696786862003
B,0.05,evaluation,1019,105,0.0329198481474915
B,0.05,evaluation,1019,106,0.03038694704064944
B,0.05,evaluation,1019,107,0.03795203487582838
B,0.05,evaluation,1019,108,0.05806964070924436
B,0.05,evaluation,1019,109,0.038964173622989616
B,0.05,evaluation,1019,110,0.020365636934587095
B,0.05,evaluation,1019,111,0.02614833647831847
B,0.05,evaluation,1019,112,0.03182249935004315
B,0.05,evaluation,1019,113,0.025779875494798956
B,0.05,evaluation,1019,114,0.036268143247079554
B,0.05,evaluation,1019,115,0.049383940606087806
B,0.05,evaluation,1019,116,0.049383940606087806
B,0.05,evaluation,1019,117,0.031005455251082274
B,0.05,evaluation,1019,118,0.029851137324084696
B,0.05,evaluation,1019,119,0.024195928536315928
B,0.05,evaluation,1019,120,0.022911760137860143
B,0.05,evaluation,1019,121,0.01963787737531062
B,0.05,evaluation,1019,122,0.023229392840271396
B,0.05,evaluation,1019,123,0.026456779867377225
B,0.05,evaluation,1019,124,0.03734636132598691
B,0.05,evaluation,1019,125,0.052201904313515346
B,0.05,evaluation,1019,126,0.09497688909363936
B,0.05,evaluation,1019,127,0.04929171695150791
